opt,unit,seed,lr_used,knob_used,primary,best_val_primary,diverged,fail_reason,steps_run,wall_s,sec_per_step,mean_step_size,clip_freq,peak_mem_mb,hess_norm,hess_cv,n_params,steps_to_best_val,steps_to_90pct_best,frac_budget_to_90pct_best,wallclock_to_90pct_best_s,train_loss_at_25pct,train_loss_at_50pct,train_loss_at_75pct,final_train_loss,gen_gap_loss,auc_val_curve,update_weight_ratio,update_cos_sim_sampled,grad_norm_mean,grad_norm_p95,weight_norm_start,weight_norm_end,weight_norm_growth,throughput_samples_per_s,flops_per_step_est,total_flops_est,hess_trace,hess_top_eig,eviekf_cos_mean,eviekf_cos_min,eviekf_b_simple_mean,eviekf_tr_sigma_mean,eviekf_eff_rank_mean,eviekf_gain_lo_min,eviekf_gain_hi_max,eviekf_n_active_steps,rmse,dir_acc,test_loss,mae,r2,sign_sharpe
EvieKF,AAPL,42,0.09999,10.0,0.00018183985557505695,0.00039701586692971955,False,,10000,90.79823446273804,0.009079823446273803,0.015817465688889174,0.0008,18.5302734375,nan,nan,2497,2750,500,0.05,4.63864541053772,0.0003560978434924449,0.0003646140876938666,0.0003225854484864453,0.00020199445862090215,-2.0154603045845204e-05,0.00043596666211750463,0.015445743184561336,0.01849736429419016,0.018952832370497708,0.02956559704616666,7.192625308173382,25.05342540949167,3.48321014039506,3524.2976021887544,460800.0,4608000000.0,nan,nan,0.9030246750694779,0.8318615716630875,93.88917159871266,0.003146899347996701,2.458842287460963,0.9942964911460876,1.0,9980,0.01348480090973007,0.5596816976127321,0.00018183985557505695,0.009949419864271053,-0.001123039631720335,0.8184087983404611
EvieKF,AAPL,43,0.09999,10.0,0.0001821462163534114,0.00039783701182044155,False,,10000,90.87765049934387,0.009087765049934388,0.01581875645806898,0.0015,18.5302734375,nan,nan,2497,4750,3000,0.3,26.58408761024475,0.0004124076200912725,0.00035196446690853524,0.0003524940851972045,0.00011650004307739437,6.564617327601703e-05,0.000431690841157169,0.015447312685865642,-0.1078186728279328,0.017920341827070297,0.02581599205732345,7.239556148304201,25.1006051482693,3.467146967863338,3521.217793832713,460800.0,4608000000.0,nan,nan,0.9261621215028489,0.8402028947255181,44.774645601876685,0.0021640377204536964,3.230125223596891,0.9973434805870056,1.0,9980,0.013496155613855799,0.4403183023872679,0.0001821462163534114,0.009974380649586834,-0.0028097151555224187,-0.8184087983404611
EvieKF,AAPL,44,0.09999,10.0,0.00018293432221210823,0.00039753203208629903,False,,10000,90.08544206619263,0.009008544206619262,0.01581440378553526,0.0006,18.5302734375,nan,nan,2497,1250,1250,0.125,11.288407325744629,0.00038025525133441424,0.00036176001884304456,0.0003350434765155687,0.00032507587457075715,-0.00014214155235864893,0.0004343520564902585,0.015000285367057326,-0.13378301571423865,0.01698617359397076,0.027712954860180612,7.383611064693213,22.45366916026405,3.041014615143057,3552.183268023169,460800.0,4608000000.0,nan,nan,0.917485523726311,0.8377625801357207,21.945750400175775,0.001962438904033026,2.976694827278455,0.9982106685638428,1.0,9980,0.01352532151973136,0.5596816976127321,0.00018293432221210823,0.009912534365578303,-0.007148648060605334,0.8184087983404611
EvieKF,AAPL,45,0.09999,10.0,0.00018163612752995163,0.00039797633965388534,False,,10000,90.61272764205933,0.009061272764205933,0.015813008895297593,0.0002,18.5302734375,nan,nan,2497,250,nan,nan,nan,0.00035272150001797767,0.00035644510911502766,0.0003084154056885979,0.0002488791215000674,-6.724299397011579e-05,0.0004271191070333254,0.014694679188200346,-0.11210424041084703,0.013489193182112513,0.02241364289075136,7.37746317188219,24.009926302563986,3.254496260187824,3531.512717110471,460800.0,4608000000.0,nan,nan,0.9295648747180877,0.8390425046122278,160.09242169181965,0.0035130233152204315,1.5735038201014202,0.9954758286476135,1.0,9980,0.013477244804853536,0.5596816976127321,0.00018163612752995163,0.009908411237928603,-1.4107174810540357e-06,0.8184087983404611
EvieKF,AAPL,46,0.09999,10.0,0.00018186305486966693,0.00039777475895869005,False,,10000,92.2910623550415,0.00922910623550415,0.015818445046121735,0.0004,18.5302734375,nan,nan,2497,3750,3750,0.375,34.86560893058777,0.0003860604076001156,0.000377211925691569,0.0003421732417111869,0.00022737331892130896,-4.551026405164203e-05,0.00043461779386488213,0.015300611880716774,-0.17352179687801803,0.02080983732236855,0.03684126418083906,7.301230860173851,22.27927163157567,3.0514405116406875,3467.2913263146506,460800.0,4608000000.0,nan,nan,0.9240301015234451,0.8323784825560141,66.22300409835889,0.0020375209023386783,2.8534436881542207,0.9974654316902161,1.0,9980,0.013485661083894512,0.5596816976127321,0.00018186305486966693,0.00994831544381601,-0.001250763822128409,0.8184087983404611
EvieKF,ACN,42,0.09999,10.0,0.00020608680431174223,0.0003743574853284922,False,,10000,90.2178282737732,0.00902178282737732,0.015812431582360526,0.0004,18.5302734375,nan,nan,2497,9500,1750,0.175,15.885236501693726,0.00023598332550667654,0.00023469017232875247,0.000255439638794509,0.00015720084047643468,4.888596383530755e-05,0.00040463560910028055,0.014959745934978211,-0.007541862145652533,0.01611446519248584,0.02112607983872294,7.192625308173382,25.152430968603888,3.4969750113385962,3546.9707719956914,460800.0,4608000000.0,nan,nan,0.9157338880229444,0.8235624660713703,225.1024614448448,0.0018712211368125508,3.152769287427266,0.884666919708252,1.0,9980,0.014355723747402713,0.47619047619047616,0.00020608680431174223,0.010049174071619751,-0.008933142077728773,-0.454156146275745
EvieKF,ACN,43,0.09999,10.0,0.0002043448861629244,,False,,,,,,,,,,,,,,,,,,,,,,,,,,,,,,,,,,,,,,,,,,,,,,
EvieKF,ACN,44,0.09999,10.0,0.0002057516858691261,,False,,,,,,,,,,,,,,,,,,,,,,,,,,,,,,,,,,,,,,,,,,,,,,
EvieKF,ACN,45,0.09999,10.0,0.00020570020196299072,,False,,,,,,,,,,,,,,,,,,,,,,,,,,,,,,,,,,,,,,,,,,,,,,
EvieKF,ACN,46,0.09999,10.0,0.00020485611819716357,,False,,,,,,,,,,,,,,,,,,,,,,,,,,,,,,,,,,,,,,,,,,,,,,
EvieKF,ADBE,42,0.09999,10.0,0.0004694267476677264,,False,,,,,,,,,,,,,,,,,,,,,,,,,,,,,,,,,,,,,,,,,,,,,,
EvieKF,ADBE,43,0.09999,10.0,0.0004695419754300799,,False,,,,,,,,,,,,,,,,,,,,,,,,,,,,,,,,,,,,,,,,,,,,,,
EvieKF,ADBE,44,0.09999,10.0,0.0004701414909312334,0.0007138963719577941,False,,10000,89.14280843734741,0.008914280843734742,0.015815464159228493,0.0008,18.5302734375,nan,nan,2497,1500,1500,0.15,13.387319564819336,0.0004372050417128513,0.00040924125561945585,0.0003732564994979313,0.0002292478093295358,0.0002408936816016976,0.000758978044841595,0.015089082856807273,-0.09544090018547126,0.020700021944574293,0.028258395381271825,7.383611064693213,23.089056039815492,3.1270682918581976,3589.7455510940836,460800.0,4608000000.0,nan,nan,0.9123103852396796,0.8389955606111845,74.98094403480256,0.002915990517737654,5.6517833759387335,0.9981943964958191,1.0,9980,0.02168274638811314,0.5052910052910053,0.0004701414909312334,0.013995364860252098,-0.0018359761612070091,0.18390016530866893
EvieKF,ADBE,45,0.09999,10.0,0.0004701452753531239,0.0007151888599446344,False,,10000,89.87267637252808,0.008987267637252808,0.015811065309835313,0.0002,18.5302734375,nan,nan,2497,500,500,0.05,4.40178370475769,0.0004569679388722487,0.00042069994737960724,0.00037166782033271674,0.00027555284032132477,0.00019459243503179915,0.0007566388017148751,0.014430984888540032,-0.14296776255158938,0.016767729448347927,0.030353808868676408,7.37746317188219,21.723017488381107,2.9445104614245032,3560.59275094445,460800.0,4608000000.0,nan,nan,0.9444396941399777,0.805715285731891,277.75578040095445,0.003338163795474092,2.9274902423222864,0.9958570599555969,1.0,9980,0.021682833655985185,0.4947089947089947,0.0004701452753531239,0.014004550913654308,-0.0018440404781669972,-0.18390016530866893
EvieKF,ADBE,46,0.09999,10.0,0.0004694741317834804,0.0007175336782116472,False,,10000,89.97213172912598,0.008997213172912598,0.015815937171811827,0.0003,18.5302734375,nan,nan,2497,1250,750,0.075,6.636321306228638,0.0004710934840707978,0.000415529092944534,0.0003823615337978582,0.0005306086168275215,-6.113448504404108e-05,0.0007509515555968846,0.015170302174773739,-0.18081300764408745,0.01792033983226238,0.031850040331482886,7.301230860173851,22.498406990406025,3.0814539933435707,3556.6568652992014,460800.0,4608000000.0,nan,nan,0.9360269343306815,0.8123705323725461,356.8787415209043,0.0023675852637457416,3.042644789814949,0.9987765550613403,1.0,9980,0.02166735174827511,0.4947089947089947,0.0004694741317834804,0.013975880133411871,-0.0004138842673071519,-0.18390016530866893
EvieKF,ADI,42,0.09999,10.0,0.00034005872944675426,0.00045717410762999354,False,,10000,89.49374985694885,0.008949374985694885,0.015808136902287197,0.0015,18.5302734375,nan,nan,2497,250,nan,nan,nan,0.0003678920704072239,0.0003682737924932996,0.00033778369123188453,0.0001807595617719926,0.00015929916767476167,0.00047954025245771715,0.015233917521010837,-0.11101049522629851,0.017390165569633426,0.023046993929892776,7.192625308173382,23.482136083227793,3.2647517529578147,3575.6686976632836,460800.0,4608000000.0,nan,nan,0.9085379200182933,0.8337956550835738,128.66983970930454,0.0034413141471300477,3.5078268587589263,0.9795999526977539,1.0,9980,0.01844068137154249,0.48148148148148145,0.00034005872944675426,0.0140809937128945,-0.0023631231478005166,-0.2572895384050634
EvieKF,ADI,43,0.09999,10.0,0.0003392572598482566,0.00045745596487262836,False,,10000,89.84587502479553,0.008984587502479553,0.01581691028972553,0.0011,18.5302734375,nan,nan,2497,3250,3000,0.3,27.012065649032593,0.000363943076613923,0.00036825800197115696,0.00035540435420630136,0.000252097102929838,8.71601569184186e-05,0.00047173584554662906,0.015615361846464856,-0.12715735685519594,0.017968689850243028,0.024230031762272106,7.239556148304201,22.35582875951018,3.0880109638692184,3561.6548885709763,460800.0,4608000000.0,nan,nan,0.9086473240539983,0.8412509491724295,104.61757805836923,0.0020019800906445175,4.137131084998449,0.9273766279220581,1.0,9980,0.018418937533100452,0.5185185185185185,0.0003392572598482566,0.014027823846806925,-6.971893045104594e-07,0.2572895384050634
EvieKF,ADI,44,0.09999,10.0,0.000339257851164177,0.0004574517356305919,False,,10000,89.5357301235199,0.00895357301235199,0.015813368150438125,0.0007,18.5302734375,nan,nan,2497,5500,1500,0.15,13.176268100738525,0.00039432972965312585,0.0003379867294283359,0.0003484807141811325,0.00014281390394899063,0.00019644394721518636,0.0004872937939413987,0.01496460242431096,-0.22724323694522505,0.016057441321559965,0.025227949302643535,7.383611064693213,22.96538528632206,3.1103189327153795,3573.9921879068934,460800.0,4608000000.0,nan,nan,0.9338835325920801,0.8382392197715763,199.17591041289612,0.002721231485458231,4.885865324735642,0.9994739294052124,1.0,9980,0.018418953584940077,0.5185185185185185,0.000339257851164177,0.014026407211545914,-2.4401625660086523e-06,0.2572895384050634
EvieKF,ADI,45,0.09999,10.0,0.00033925828479585194,0.00045745888976899004,False,,10000,91.11763286590576,0.009111763286590576,0.015811814852132035,0.001,18.5302734375,nan,nan,2497,9000,4750,0.475,42.79460573196411,0.0003713890702251153,0.0003736258523191441,0.00032568219319611773,0.0003537683078320697,-1.4510023036217758e-05,0.0004893013724686945,0.014506842388705402,-0.0541019178496189,0.01992761153026222,0.027122916281223295,7.37746317188219,25.31942582355721,3.4319962341604673,3511.943736191341,460800.0,4608000000.0,nan,nan,0.9271528903183632,0.8340057192487382,268.6790149697469,0.0028110167701736353,4.249231372276942,0.9968343377113342,1.0,9980,0.018418965356280247,0.5185185185185185,0.00033925828479585194,0.014028386464194647,-3.7183429575371463e-06,0.2572895384050634
EvieKF,ADI,46,0.09999,10.0,0.00033925848190115873,0.00045745940360213464,False,,10000,89.98405838012695,0.008998405838012695,0.015811940024536234,0.0004,18.5302734375,nan,nan,2497,4750,750,0.075,6.853544235229492,0.00038657942724324026,0.0003628514596852818,0.0003550570070923189,0.0004106238193344325,-7.136533743327375e-05,0.0004831905459203113,0.015042716670115922,-0.06033135738026299,0.016127968040174166,0.025052652880549427,7.301230860173851,21.671366284953994,2.968179845286795,3556.18545951993,460800.0,4608000000.0,nan,nan,0.9341048852860542,0.8374108097391683,250.6379118519541,0.0028460971695001723,3.166827416419983,0.9979211688041687,1.0,9980,0.018418970706886927,0.5185185185185185,0.00033925848190115873,0.014028477290320017,-4.2993340447772255e-06,0.2572895384050634
EvieKF,ADSK,42,0.09999,10.0,0.00028978043763095107,0.0007618948698676233,False,,10000,89.41491651535034,0.008941491651535034,0.015814155643791298,0.001,18.5302734375,nan,nan,2497,8000,500,0.05,4.408470630645752,0.0005832705670413801,0.0005677546208228143,0.0005690013974299583,0.00016385760682169348,0.0001259228308092576,0.000799465412948599,0.015227315326260909,0.006175885476065631,0.02316460502287755,0.032175017893314346,7.192625308173382,23.478155424602047,3.264198316840237,3578.8212131816267,460800.0,4608000000.0,nan,nan,0.9407833607863625,0.8402981373657926,181.71371449696503,0.003008858213341714,3.2035050481557845,0.9965015649795532,1.0,9980,0.017022938572142914,0.4444444444444444,0.00028978043763095107,0.01253308064092404,-0.010260996661394906,-0.910808831292842
EvieKF,ADSK,43,0.09999,10.0,0.0003013409398220204,0.0007593636487459946,False,,10000,89.34420251846313,0.008934420251846313,0.01581902451285637,0.0011,18.5302734375,nan,nan,2497,750,750,0.075,6.583009481430054,0.0005669785039069836,0.0005980176219638973,0.0005261501255080455,0.0003381143105798401,-3.677337075781972e-05,0.0008104023250813209,0.015565937600844602,-0.10886181964420139,0.01817584700731968,0.028719229064881766,7.239556148304201,22.160469545506047,3.061025992691131,3581.6537724859254,460800.0,4608000000.0,nan,nan,0.9088423200567991,0.8411703168279784,55.75384121893164,0.0032395993833816026,5.3234177509943645,0.9966462254524231,1.0,9980,0.017359174514418027,0.4444444444444444,0.0003013409398220204,0.012958259178847863,-0.05056435378562485,-0.910808831292842
EvieKF,ADSK,44,0.09999,10.0,0.00031053424669951987,0.0007417061284619238,False,,10000,89.87652635574341,0.00898765263557434,0.01581577916715349,0.0007,18.5302734375,nan,nan,2497,250,nan,nan,nan,0.0005465989397288369,0.0005378486444601719,0.0005349067721759022,0.00023316292208619416,7.737132461332571e-05,0.000800646459951714,0.015006589979712427,-0.03430507473207525,0.019303411587807205,0.026536644157022237,7.383611064693213,22.437436118553116,3.038816091741878,3560.440228112476,460800.0,4608000000.0,nan,nan,0.9043048031997923,0.840764263695912,70.11846513267565,0.0048125546714544495,3.8667908519506455,0.9874421954154968,1.0,9980,0.0176219819174666,0.47354497354497355,0.00031053424669951987,0.013410020757604528,-0.08261496232430399,0.14075171393243038
EvieKF,ADSK,45,0.09999,10.0,0.00028899028187706356,0.00076114087901634,False,,10000,89.7266275882721,0.008972662758827209,0.015815097668512457,0.0006,18.5302734375,nan,nan,2497,9250,6750,0.675,60.46531295776367,0.0006689122823462197,0.000604755252707279,0.0005427412012867194,0.0014176812837831676,-0.001128691001906104,0.0008489341749785296,0.014866694789456689,-0.15635425144334464,0.020424894006392243,0.03936553858220577,7.37746317188219,23.802007296023103,3.22631326534302,3566.3883576275884,460800.0,4608000000.0,nan,nan,0.9295346619418409,0.8271911665400103,176.9769621759611,0.004533827620945075,3.4955088923374817,0.9974937438964844,1.0,9980,0.016999714170451912,0.4444444444444444,0.00028899028187706356,0.012498526346115839,-0.007506278137376476,-0.910808831292842
EvieKF,ADSK,46,0.09999,10.0,0.00029378567659665665,,False,,,,,,,,,,,,,,,,,,,,,,,,,,,,,,,,,,,,,,,,,,,,,,
EvieKF,AMD,42,0.09999,10.0,0.0008358025834673927,0.0013434452150481448,False,,10000,88.38360571861267,0.008838360571861267,0.015813528702647833,0.0009,18.5302734375,nan,nan,2497,9500,2500,0.25,22.142426013946533,0.001418966665754001,0.0013134619733721606,0.0012745712671143987,0.006607083661947399,-0.005771281078480007,0.0014360273791634045,0.015272196683095282,-0.09766173415825985,0.026482410238921512,0.04929192960262298,7.192625308173382,25.63300702062119,3.563790121458568,3620.580959536609,460800.0,4608000000.0,nan,nan,0.9440437045308082,0.8170560461792146,475.0365334496488,0.006841218327468757,3.7172477543354034,0.9863145351409912,1.0,9980,0.028910250491259892,0.5092838196286472,0.0008358025834673927,0.02112851067194863,-0.0010932643132917086,-0.08512321927901365
EvieKF,AMD,43,0.09999,10.0,0.000834030133706552,0.0013418681425504406,False,,10000,88.57555651664734,0.008857555651664734,0.015815645201054458,0.0015,18.5302734375,nan,nan,2497,2750,2750,0.275,24.284287691116333,0.001280287675709072,0.0013076280496480642,0.001201855866062912,0.0025045376387424767,-0.0016705075050359247,0.0013791813231289634,0.015269049242575434,-0.1524898078877082,0.026047374857174146,0.03512458689510821,7.239556148304201,22.248628159834237,3.0732033434184736,3612.7348512888834,460800.0,4608000000.0,nan,nan,0.9276379216977239,0.8050479717111394,368.65567463903574,0.006637653098617325,5.461176904042562,0.9987480044364929,1.0,9980,0.028879579874135152,0.519893899204244,0.000834030133706552,0.021094175873610076,0.0010297101211137472,0.26309158135232913
EvieKF,AMD,44,0.09999,10.0,0.0008363302737947494,0.0013435544638798155,False,,10000,88.88977670669556,0.008888977670669556,0.015815934726148655,0.0007,18.5302734375,nan,nan,2497,3750,1250,0.125,11.109309434890747,0.0013686259173431843,0.0014697242138927338,0.0011783362212909002,0.000557514897082001,0.0002788153767127484,0.0014102626907365758,0.015056634598533519,-0.15501595043703822,0.026105945240528672,0.04289607200771567,7.383611064693213,25.549058558763335,3.460238944726281,3599.9640437379594,460800.0,4608000000.0,nan,nan,0.9365882380370959,0.8213096620446476,188.50898235901076,0.009313610498529157,2.6653255263964337,0.9979567527770996,1.0,9980,0.028919375404644364,0.5092838196286472,0.0008363302737947494,0.021130676622743958,-0.0017253121710150143,-0.08512321927901365
EvieKF,AMD,45,0.09999,10.0,0.0008349983149735386,0.0013437103529507664,False,,10000,87.80472946166992,0.008780472946166993,0.015812377559280347,0.0006,18.5302734375,nan,nan,2497,4000,4000,0.4,35.082125186920166,0.0013777266347661866,0.00131527494924993,0.0012585813486769236,0.000833669793792069,1.3285211814696024e-06,0.001421670502062226,0.014922318376945808,-0.12831821008672778,0.029447662782672704,0.0408166969195008,7.37746317188219,23.789272645056535,3.224587109526329,3644.450611737174,460800.0,4608000000.0,nan,nan,0.956264910603959,0.8227521736487987,107.42351743323418,0.007459588763240532,2.9965925534566247,0.997227668762207,1.0,9980,0.028896337397212445,0.5092838196286472,0.0008349983149735386,0.021131240501605645,-0.00012994140926747555,-0.08512321927901365
EvieKF,AMD,46,0.09999,10.0,0.0008357539378776752,0.0013434472703807235,False,,10000,87.84638094902039,0.008784638094902038,0.015813713883961123,0.0014,18.5302734375,nan,nan,2497,4500,500,0.05,4.422065734863281,0.0013246114901592112,0.0012713681474014805,0.0013360866566117836,0.001306233461946249,-0.0004704795240685738,0.0014012310161628197,0.015075250963289943,-0.12799593740752968,0.031011891848180675,0.041129335388541216,7.301230860173851,21.793281275581297,2.9848777134904037,3642.722631746259,460800.0,4608000000.0,nan,nan,0.9138469466259966,0.835143374860324,193.77527065793456,0.011187168481892096,4.95912230014801,0.9970681667327881,1.0,9980,0.028909409158225204,0.5092838196286472,0.0008357539378776752,0.021128397139291915,-0.0010349984342816754,-0.08512321927901365
EvieKF,AMZN,42,0.09999,10.0,0.0003368328645746544,0.0008164978628133273,False,,10000,86.81698799133301,0.008681698799133301,0.015810704077410247,0.0005,18.5302734375,nan,nan,2497,500,500,0.05,4.343240976333618,0.0004520282860849838,0.0004328211110012656,0.0004079708362865274,0.0003992026031482965,-6.236973857364208e-05,0.0008730108232179694,0.01499213807745276,-0.016238074825753845,0.0164745329646792,0.026799240428954357,7.192625308173382,20.47774209296338,2.847046970414735,3685.9145589333943,460800.0,4608000000.0,nan,nan,0.9324619256427692,0.8438482038332974,60.16325351730865,0.0013630999320757731,5.607236458857854,0.9985372424125671,1.0,9980,0.018353006962747397,0.4826666666666667,0.0003368328645746544,0.013779371503799681,-0.024769663424327293,0.4521983092731114
EvieKF,AMZN,43,0.09999,10.0,0.00036020971164501533,0.0008278846424517644,False,,10000,86.773996591568,0.0086773996591568,0.015815136839899865,0.0014,18.5302734375,nan,nan,2497,1750,1750,0.175,15.155373811721802,0.00042350287739301683,0.00039398461454814333,0.0004512014269724656,0.00018882834410760552,0.0001713813675374098,0.0008879510347173302,0.015589848804873126,-0.1288493328490338,0.019446001184903434,0.028572797775268523,7.239556148304201,20.883933539318438,2.8846980548952996,3687.74071230338,460800.0,4608000000.0,nan,nan,0.911222631026434,0.843835976211972,75.05153464212556,0.0032873275875570317,6.97031820913156,0.9961234331130981,1.0,9980,0.018979191543504043,0.49066666666666664,0.00036020971164501533,0.014226376064239986,-0.09589064425399418,-0.07909017931195904
EvieKF,AMZN,44,0.09999,10.0,0.00033285389974634485,0.0008306969698291243,False,,10000,86.46121621131897,0.008646121621131897,0.01581357069779402,0.0009,18.5302734375,nan,nan,2497,5750,3250,0.325,28.12086009979248,0.0004896528944828954,0.0004222603407112535,0.0004086066827767115,0.0003517489676596597,-1.889506791331484e-05,0.0008770071863438948,0.014940376914606415,-0.20835493257728444,0.025555666584613574,0.030426186509430398,7.383611064693213,26.030609296074527,3.525457810277564,3701.081409934037,460800.0,4608000000.0,nan,nan,0.9284434357904509,0.8320386772711703,144.23422792563437,0.0038543711439140925,5.764235365390777,0.9965326189994812,1.0,9980,0.01824428402942535,0.4693333333333333,0.00033285389974634485,0.013469443750129175,-0.012664186564065982,-1.2042107154628319
EvieKF,AMZN,45,0.09999,10.0,0.00033500636853869,0.0008274318368744787,False,,10000,86.468989610672,0.0086468989610672,0.015815546084338626,0.0008,18.5302734375,nan,nan,2497,500,500,0.05,4.286734580993652,0.0005124427659765534,0.0004147714876120052,0.00040297971596454154,0.00029670303047169,3.8303338067000015e-05,0.0008825349475723996,0.015024253563677592,-0.12507558432447435,0.017993851581506102,0.03182469606399536,7.37746317188219,22.05272786882441,2.989202027178424,3700.7486896840715,460800.0,4608000000.0,nan,nan,0.91275006828076,0.8091277775496792,217.45149380197586,0.0035686526547150975,4.290625233451525,0.9984408617019653,1.0,9980,0.018303179192115507,0.4693333333333333,0.00033500636853869,0.013519910277512969,-0.01921278960091155,-1.2042107154628319
EvieKF,AMZN,46,0.09999,10.0,0.00033519507715941736,0.0008318015529875414,False,,10000,86.0541877746582,0.008605418777465821,0.015817215922751218,0.0011,18.5302734375,nan,nan,2497,10000,750,0.075,6.397998332977295,0.0004273574791212822,0.00043920351185953386,0.000403051994101534,0.00038363345083780587,-4.843837367838851e-05,0.0008799296442784395,0.015136998009361122,-0.18228843740294443,0.02276107147822222,0.03269816990941761,7.301230860173851,27.390103294320667,3.7514364110476133,3718.587186459224,460800.0,4608000000.0,nan,nan,0.9107166407870381,0.8219569877322559,99.74216673717078,0.004438748641866841,6.922244898478189,0.9918785691261292,1.0,9980,0.018308333544028995,0.4693333333333333,0.00033519507715941736,0.013524642066350059,-0.0197869107455102,-1.2042107154628319
EvieKF,APH,42,0.09999,10.0,0.00023426905905128155,0.000281663349673982,False,,10000,86.06227111816406,0.008606227111816406,0.015795467923177854,0.0014,18.5302734375,nan,nan,2497,8250,750,0.075,6.38808012008667,0.0002934369136515567,0.000258240094418263,0.00026707087492205695,0.00011748932956834324,0.00011677972948293832,0.0003360561709282212,0.015085964347439052,-0.03872215353851057,0.017660225545750655,0.024904416408389807,7.192625308173382,22.197749580445482,3.086181836167795,3718.237920547529,460800.0,4608000000.0,nan,nan,0.8986026195667428,0.8378817077640752,109.77924719264277,0.0019121827797987795,4.06956005692482,0.9948290586471558,1.0,9980,0.01530585048441548,0.4601063829787234,0.00023426905905128155,0.010684285845075334,-0.0314580786612082,-1.4047444824252193
EvieKF,APH,43,0.09999,10.0,0.00022967684048193473,0.0002830828927872352,False,,10000,86.45227479934692,0.008645227479934693,0.015818110801722015,0.0011,18.5302734375,nan,nan,2497,3250,3250,0.325,28.15211033821106,0.000272411079988141,0.00027895867269664605,0.0002576098544677149,0.0001313106477027759,9.836619277915883e-05,0.00030255750518935493,0.015699296225593497,-0.0937207205871659,0.027411066322492843,0.023848501965403553,7.239556148304201,22.697256225177664,3.1351723448535287,3701.464197937072,460800.0,4608000000.0,nan,nan,0.9134694879987204,0.8415381767434141,54.321006667212984,0.0015492090786047518,4.734630971153577,0.9881560802459717,1.0,9980,0.01515509288925458,0.4601063829787234,0.00022967684048193473,0.010491457565751656,-0.01123910069837808,-1.4047444824252193
EvieKF,APH,44,0.09999,10.0,0.00023054520762155926,0.00028084931939603166,False,,10000,86.13727474212646,0.008613727474212646,0.0158133244039976,0.0007,18.5302734375,nan,nan,2497,9500,500,0.05,4.254016637802124,0.0003400572312646409,0.0002915923068569343,0.0002665661543717453,0.00044739191798726097,-0.0002168467103657017,0.0003348454019208186,0.014929659598619355,-0.0772607636352083,0.021214362325721412,0.030493074562400576,7.383611064693213,23.6324688546548,3.2006654532035164,3715.0002824909457,460800.0,4608000000.0,nan,nan,0.9324627361263232,0.843516164883582,71.47329049975905,0.0017278472648404985,4.411288417379061,0.9928485751152039,1.0,9980,0.015183715211421717,0.4601063829787234,0.00023054520762155926,0.010531950879980016,-0.015062415245492788,-1.4047444824252193
EvieKF,APH,45,0.09999,10.0,0.00022854332728360695,0.0002830643552684025,False,,10000,86.20416617393494,0.008620416617393495,0.015810920685749488,0.0002,18.5302734375,nan,nan,2497,8000,4250,0.425,36.51426720619202,0.00030070579458153123,0.00027572776321011964,0.00024617767663682414,0.00047018422628752887,-0.00024164089900392192,0.00030393582383426754,0.014448624251205983,-0.04388100980503319,0.01439797863943304,0.02427303576841949,7.37746317188219,21.344829404058814,2.8932478423491976,3712.117571607074,460800.0,4608000000.0,nan,nan,0.9382742481648666,0.8155111481882218,141.14777697806375,0.0027917725916635438,2.7116392960151035,0.9986220598220825,1.0,9980,0.015117649529063934,0.5398936170212766,0.00022854332728360695,0.010455484112734517,-0.006248380411119081,1.4047444824252193
EvieKF,APH,46,0.09999,10.0,0.0002305950555536482,,False,,,,,,,,,,,,,,,,,,,,,,,,,,,,,,,,,,,,,,,,,,,,,,
EvieKF,AVGO,42,0.09999,10.0,0.0008631954117426796,0.0004991304415922898,False,,10000,86.14636158943176,0.008614636158943176,0.01581103934537326,0.0005,18.5302734375,nan,nan,2497,1250,750,0.075,6.354939222335815,0.0005445672483382162,0.0005130833119438211,0.0005131823993369096,0.000187531240953831,0.0006756641707888486,0.0005229162369618925,0.015010483913308647,-0.049287823833049575,0.01383486132449998,0.025525652430951576,7.192625308173382,23.687536304557057,3.2933088114070928,3714.6084186944568,460800.0,4608000000.0,nan,nan,0.9193470791249301,0.8366432438439233,362.7310946510549,0.005731945482979839,3.42524222334226,0.9976228475570679,1.0,9980,0.02938018740142206,0.5238095238095238,0.0008631954117426796,0.0201798746825526,-0.003349108524954403,1.4391859399277436
EvieKF,AVGO,43,0.09999,10.0,0.0008647832920942357,0.0004991594534021474,False,,10000,86.18882536888123,0.008618882536888122,0.015813669865717313,0.0016,18.5302734375,nan,nan,2497,750,750,0.075,6.341433525085449,0.0005713455713683402,0.0005325935583020101,0.0005435513844326496,0.000449360377388075,0.0004154229147061607,0.0005297406277534613,0.015225640685150966,-0.013220364426636507,0.03219485037472332,0.027937790006399146,7.239556148304201,24.340534621052033,3.3621584144704197,3712.778293826674,460800.0,4608000000.0,nan,nan,0.9229754437910918,0.8361981775276393,96.37309166795477,0.003730166553132719,5.326932511727015,0.9986775517463684,1.0,9980,0.02940719796400595,0.5238095238095238,0.0008647832920942357,0.020174965025886657,-0.005194806861049006,1.4391859399277436
EvieKF,AVGO,44,0.09999,10.0,0.0008634789280159763,0.0004991088210745895,False,,10000,86.14921736717224,0.008614921736717225,0.015814302998842577,0.0006,18.5302734375,nan,nan,2497,5250,1000,0.1,8.628525495529175,0.0005284145763085622,0.0005279766241866478,0.0005327791952330049,0.00043195649050176144,0.0004315224375142149,0.0005577191703377764,0.015038613302296073,-0.060829575849083425,0.019581230840957867,0.029971328377723688,7.383611064693213,22.882899274237218,3.0991474325697026,3714.485282392574,460800.0,4608000000.0,nan,nan,0.9362045464193116,0.842484247696191,224.459113936185,0.0040425452566734245,4.237337863445282,0.9975969195365906,1.0,9980,0.029385011962154726,0.5238095238095238,0.0008634789280159763,0.020178146463222604,-0.003678658237794341,1.4391859399277436
EvieKF,AVGO,45,0.09999,10.0,0.000863429099794418,0.0004991115878684451,False,,10000,85.95707392692566,0.008595707392692565,0.015813056262538844,0.0004,18.5302734375,nan,nan,2497,7000,3000,0.3,25.74855065345764,0.0005579884523892017,0.0005471920099559957,0.0004956043210646715,0.0005372676969273016,0.00032616140286711645,0.0005396779960802134,0.014744836986599966,-0.1911428312512386,0.016286349921723557,0.029328582063317277,7.37746317188219,21.854269059244274,2.9623013426265143,3722.788426605125,460800.0,4608000000.0,nan,nan,0.920579151382638,0.8383723028832456,114.11424509297808,0.004216242141612403,2.819575108091036,0.999369204044342,1.0,9980,0.02938416409895674,0.5238095238095238,0.000863429099794418,0.020178444171077992,-0.0036207396008325343,1.4391859399277436
EvieKF,AVGO,46,0.09999,10.0,0.0008632625063891133,0.0004991239198639159,False,,10000,85.9828531742096,0.00859828531742096,0.01581479638061884,0.0005,18.5302734375,nan,nan,2497,8000,1750,0.175,15.21889066696167,0.0006062494055356703,0.0005492931614690533,0.0005490327318687047,0.0004883408691966906,0.0003749216371924227,0.0005549760619604708,0.01510259312775199,-0.18679169101817084,0.020646672999298607,0.036319164186716046,7.301230860173851,23.719178442172602,3.2486547674521584,3721.672265883629,460800.0,4608000000.0,nan,nan,0.9393249384872278,0.8350993791247824,84.37824100352255,0.002424071391037197,3.7341238796710967,0.9967883825302124,1.0,9980,0.029381329214130412,0.5238095238095238,0.0008632625063891133,0.020179458396144646,-0.003427097069344409,1.4391859399277436
EvieKF,CDNS,42,0.09999,10.0,0.0003914078549733238,0.0005603359137669166,False,,10000,86.33042502403259,0.00863304250240326,0.01580931037548169,0.001,18.5302734375,nan,nan,2497,4750,4750,0.475,40.51848292350769,0.0004341237948409287,0.0003766046638418664,0.0003955905504396618,0.00021270044817356393,0.00017870740679975985,0.000604652787567539,0.014987222946721682,0.028573011223233885,0.01986154172778306,0.02949538724496959,7.192625308173382,24.027004320824883,3.340505488798597,3706.688573708732,460800.0,4608000000.0,nan,nan,0.9477638124310935,0.8424938877643805,454.5570671447326,0.0019323138734437418,3.64695690770944,0.9985883235931396,1.0,9980,0.019784030301567064,0.5211640211640212,0.0003914078549733238,0.01443756446636543,-0.00119995942322082,0.5255742308309481
EvieKF,CDNS,43,0.09999,10.0,0.00039101664036039324,0.0005602663881898875,False,,10000,86.1806173324585,0.00861806173324585,0.015814331224367942,0.0026,18.5302734375,nan,nan,2497,9500,750,0.075,6.423821926116943,0.00039683571340665195,0.0003996964441664653,0.0003680288160131322,0.00032567356538493186,6.534307497546137e-05,0.000600807237509991,0.015213994385193311,-0.13257672083721386,0.034628198041807626,0.030414626095443962,7.239556148304201,24.715539464124383,3.4139578391023004,3713.1319072076003,460800.0,4608000000.0,nan,nan,0.9076508649230274,0.8424839273242714,52.10912581553919,0.00201248115808319,5.4110275387763975,0.994239091873169,1.0,9980,0.01977414069840693,0.5211640211640212,0.00039101664036039324,0.014424781950693282,-0.00019925376641038994,0.5255742308309481
EvieKF,CDNS,44,0.09999,10.0,0.0003909405577119696,0.000560128404227745,False,,10000,86.05236339569092,0.008605236339569092,0.01581365767877901,0.0009,18.5302734375,nan,nan,2497,5750,500,0.05,4.284337759017944,0.00035696724365105774,0.0003744979770136864,0.0003447148529911211,0.0002474473731126636,0.00014349318459930596,0.0005936012911503067,0.014857326236538649,-0.32369578619928807,0.018154002814071146,0.028151755314320317,7.383611064693213,23.192290269225783,3.1410498286029935,3718.6660234833716,460800.0,4608000000.0,nan,nan,0.9301128052515486,0.8387715656121084,79.6252849054932,0.003370107795119387,2.7749265869458517,0.9964667558670044,1.0,9980,0.01977221681329561,0.5211640211640212,0.0003909405577119696,0.014424109585070736,-4.6384986107650406e-06,0.5255742308309481
EvieKF,CDNS,45,0.09999,10.0,0.0003909390202905766,0.0005601316453291188,False,,10000,86.16716599464417,0.008616716599464417,0.015818787250202405,0.0003,18.5302734375,nan,nan,2497,1250,500,0.05,4.244839191436768,0.00041561312395945973,0.00040757254919885185,0.0003405396242900612,0.0008367850023205392,-0.0004458459820299626,0.000610244884354269,0.014945301347459538,-0.14348233651310396,0.017006728172710973,0.0313850536942482,7.37746317188219,21.964948483736347,2.977303711586336,3713.711554815323,460800.0,4608000000.0,nan,nan,0.9358980081236872,0.8247734510649493,774.8656669301997,0.003007163750099373,1.8013929883639015,0.9954743385314941,1.0,9980,0.01977217793493111,0.5211640211640212,0.0003909390202905766,0.014424109585070736,-7.05858484328914e-07,0.5255742308309481
EvieKF,CDNS,46,0.09999,10.0,0.00039096129319024465,0.000560128483278998,False,,10000,86.01025819778442,0.008601025819778443,0.01581274063566455,0.0004,18.5302734375,nan,nan,2497,10000,750,0.075,6.357091903686523,0.0004128171234023243,0.00038253599525524636,0.00037428467950889393,0.00032922237005550414,6.173892313474051e-05,0.0005952311480952584,0.014897704912430313,-0.182842863540884,0.01980116562085732,0.030798022449016534,7.301230860173851,21.943657513932536,3.005473725482231,3720.486447839114,460800.0,4608000000.0,nan,nan,0.9250116482531858,0.8352819244509665,1047.8391040803024,0.003051667321359819,2.7854799369970955,0.9991621375083923,1.0,9980,0.019772741165307472,0.5211640211640212,0.00039096129319024465,0.014424293760269408,-5.767872185558076e-05,0.5255742308309481
EvieKF,CRM,42,0.09999,10.0,0.0004500136488959903,0.0007316500976167876,False,,10000,85.83559703826904,0.008583559703826904,0.015803257953141997,0.0008,18.5302734375,nan,nan,2497,5000,500,0.05,4.269879341125488,0.0006656362427190744,0.0005045340603852829,0.0005495044693801857,0.0002014325000345707,0.0002485811488614196,0.0008052853040287205,0.01449681643600502,-0.21442558720379246,0.03390008228761086,0.03741453140974045,7.192625308173382,52.67425816178519,7.323370244509816,3728.057018783604,460800.0,4608000000.0,nan,nan,0.9890987854464779,0.8762464839771373,1219.9365469710833,0.0028962762625645475,1.7218288828474577,0.9978101849555969,1.0,9980,0.021213525140720727,0.47619047619047616,0.0004500136488959903,0.013143991036389871,-0.006347655087790338,-0.9214713153438326
EvieKF,CRM,43,0.09999,10.0,0.00045170567969165783,0.0007298387962563917,False,,10000,86.13063979148865,0.008613063979148865,0.015819355495823917,0.0011,18.5302734375,nan,nan,2497,9500,1750,0.175,15.13049030303955,0.0005353580268989959,0.0005604565027694551,0.0005328487230434302,0.00017106629820773378,0.00028063938148392405,0.0007737957471683302,0.015671997532527265,-0.13928587722078684,0.01830177773941141,0.028706390131264917,7.239556148304201,26.10582387982805,3.6059978464208884,3715.2864622238894,460800.0,4608000000.0,nan,nan,0.9086896239683856,0.8418910752383802,115.74928327483649,0.002878501346238327,5.165675015250843,0.9786003232002258,1.0,9980,0.021253368666911555,0.47619047619047616,0.00045170567969165783,0.013197992213819393,-0.01013147637350853,-0.9214713153438326
EvieKF,CRM,44,0.09999,10.0,0.00045202633060475506,0.0007303191116697276,False,,10000,85.69999194145203,0.008569999194145203,0.01581194713357395,0.0006,18.5302734375,nan,nan,2497,6500,2750,0.275,23.625523328781128,0.0005526663812985378,0.0005334183658887171,0.0005408034740623098,0.0005071092891739681,-5.508295856921307e-05,0.0008025833352410062,0.014768001381413301,-0.15248201145777948,0.02219351787560536,0.03548307679593562,7.383611064693213,23.085343891776258,3.1265655367690264,3733.9560103881404,460800.0,4608000000.0,nan,nan,0.9490864915981703,0.8313047565685904,97.91138307096989,0.004668218295795223,3.07626678844293,0.9648826122283936,1.0,9980,0.02126091086018553,0.47619047619047616,0.00045202633060475506,0.013208014624459403,-0.010848535278919158,-0.9214713153438326
EvieKF,CRM,45,0.09999,10.0,0.00045023677210328443,0.0007319553145046892,False,,10000,85.50240564346313,0.008550240564346313,0.015812009666179936,0.0006,18.5302734375,nan,nan,2497,250,nan,nan,nan,0.0006549954378652127,0.0005315761250930947,0.0005072991878904673,0.00028758311236742884,0.0001626536597358556,0.000780570718258293,0.014612422280401632,-0.15679402154038052,0.019340544870940085,0.0328751344233751,7.37746317188219,23.930916287363043,3.2437866146958507,3742.5847564379583,460800.0,4608000000.0,nan,nan,0.9438629129470588,0.8390476195776352,283.87164541726673,0.003757292955688821,2.2919307609399158,0.9992771744728088,1.0,9980,0.021218783473688694,0.47619047619047616,0.00045023677210328443,0.013151091873330413,-0.006846616657082638,-0.9214713153438326
EvieKF,CRM,46,0.09999,10.0,0.00045039260355883803,0.0007292499434726624,False,,10000,85.67226696014404,0.008567226696014405,0.01581344389994018,0.0006,18.5302734375,nan,nan,2497,1000,1000,0.1,8.506287574768066,0.0005592060047745685,0.0005659848892639167,0.0005203167004798192,0.00034493167186155915,0.00010546093169727888,0.0007759335048667495,0.01491671519359063,-0.22838614937762344,0.01899444759352136,0.02886797599494456,7.301230860173851,23.698509226245754,3.2458238453346846,3735.1643811277754,460800.0,4608000000.0,nan,nan,0.9340141193778357,0.8405745657008379,112.22490473466421,0.0027661280307848396,4.938111608227095,0.9996036291122437,1.0,9980,0.021222455172737156,0.47619047619047616,0.00045039260355883803,0.01315597756199105,-0.007195096353798558,-0.9214713153438326
EvieKF,CSCO,42,0.09999,10.0,0.00014692177335736613,0.0002840712706037162,False,,10000,85.59900236129761,0.00855990023612976,0.015802025562966306,0.0004,18.5302734375,nan,nan,2497,9750,750,0.075,6.4029741287231445,0.00035238982230349856,0.0002774070618315808,0.00031209952054145546,0.00018141084001399577,-3.448906665662964e-05,0.00030095672897073773,0.014976462192547543,-0.08776299541080926,0.0137847657419464,0.02125017149373889,7.192625308173382,24.959736407064366,3.470184437204204,3738.361326331106,460800.0,4608000000.0,nan,nan,0.9259246530836649,0.8327289104974385,477.26624123130784,0.003297494783520824,2.065696765979131,0.9963244795799255,1.0,9980,0.012121129211313858,0.45478723404255317,0.00014692177335736613,0.008122244839945798,-0.00978146295285054,-0.6309806781005214
EvieKF,CSCO,43,0.09999,10.0,0.0001462155844641741,,False,,,,,,,,,,,,,,,,,,,,,,,,,,,,,,,,,,,,,,,,,,,,,,
EvieKF,CSCO,44,0.09999,10.0,0.00014589770288063735,0.0002849091150716382,False,,10000,85.6887264251709,0.00856887264251709,0.015813806556754732,0.0004,18.5302734375,nan,nan,2497,250,nan,nan,nan,0.00035635355279146864,0.0002906776076609551,0.00029785714986092044,0.0004828444361919537,-0.00033694673331131637,0.00031962098368437024,0.014953808652161199,-0.12219540537866938,0.014406812366586837,0.024780843313783406,7.383611064693213,21.055382859630278,2.8516375896764714,3734.446914430982,460800.0,4608000000.0,nan,nan,0.9395544025609398,0.8337575641209526,66.04938763645802,0.0026497232018274,2.238605965177218,0.9987710118293762,1.0,9980,0.012078812146922285,0.45478723404255317,0.00014589770288063735,0.00805635931630614,-0.002743109409140354,-0.6291071939184284
EvieKF,CSCO,45,0.09999,10.0,0.0001462143229902106,0.0002842891160942199,False,,10000,85.64863324165344,0.008564863324165345,0.015816306446549445,0.0005,18.5302734375,nan,nan,2497,8750,2000,0.2,17.42525815963745,0.0003465788938898657,0.0002904377029541249,0.00027875097653303274,0.00025779992938623764,-0.00011158560639602704,0.0003075838035274945,0.014706842135223424,-0.13825863323180704,0.0141566668206729,0.024909720756113522,7.37746317188219,26.26426860550591,3.560067735154168,3736.1950551754353,460800.0,4608000000.0,nan,nan,0.9144303304115666,0.8322715123529355,306.77193073476093,0.00235075931416313,2.1775436083475745,0.9864877462387085,1.0,9980,0.012091911469664778,0.45478723404255317,0.0001462143229902106,0.008079695323156931,-0.0049192138090476956,-0.6309806781005214
EvieKF,CSCO,46,0.09999,10.0,0.00015841958620560863,0.0002837889390535633,False,,10000,85.91247034072876,0.008591247034072876,0.01582982313689373,0.0004,18.5302734375,nan,nan,2497,250,nan,nan,nan,0.0003256268957200079,0.0003119806795483231,0.00029030841548989073,0.00026461033849045634,-0.00010619075228484771,0.00032534132744717386,0.01570647557736961,0.08562786138322649,0.01750713982283396,0.027604753151535988,7.301230860173851,19.52126776911593,2.6736954553236942,3724.7212043941977,460800.0,4608000000.0,nan,nan,0.8951336472693292,0.8045654673945742,103.65758971419059,0.0031462406231571372,3.5414508144060775,0.9955298900604248,1.0,9980,0.012586484267086208,0.45478723404255317,0.00015841958620560863,0.008726198206502925,-0.08880500053577944,-0.5734628829390094
EvieKF,CTSH,42,0.09999,10.0,0.00016983868504958177,,False,,,,,,,,,,,,,,,,,,,,,,,,,,,,,,,,,,,,,,,,,,,,,,
EvieKF,CTSH,43,0.09999,10.0,0.00017080629471117857,,False,,,,,,,,,,,,,,,,,,,,,,,,,,,,,,,,,,,,,,,,,,,,,,
EvieKF,CTSH,44,0.09999,10.0,0.0001693624983388911,,False,,,,,,,,,,,,,,,,,,,,,,,,,,,,,,,,,,,,,,,,,,,,,,
EvieKF,CTSH,45,0.09999,10.0,0.00016965547566691403,,False,,,,,,,,,,,,,,,,,,,,,,,,,,,,,,,,,,,,,,,,,,,,,,
EvieKF,CTSH,46,0.09999,10.0,0.00017178551387534571,,False,,,,,,,,,,,,,,,,,,,,,,,,,,,,,,,,,,,,,,,,,,,,,,
EvieKF,FICO,42,0.09999,10.0,0.00034429361580540896,,False,,,,,,,,,,,,,,,,,,,,,,,,,,,,,,,,,,,,,,,,,,,,,,
EvieKF,FICO,43,0.09999,10.0,0.00034554326345050145,,False,,,,,,,,,,,,,,,,,,,,,,,,,,,,,,,,,,,,,,,,,,,,,,
EvieKF,FICO,44,0.09999,10.0,0.0003481079188604204,,False,,,,,,,,,,,,,,,,,,,,,,,,,,,,,,,,,,,,,,,,,,,,,,
EvieKF,FICO,45,0.09999,10.0,0.00034465017930540456,,False,,,,,,,,,,,,,,,,,,,,,,,,,,,,,,,,,,,,,,,,,,,,,,
EvieKF,FICO,46,0.09999,10.0,0.00034446864531784463,,False,,,,,,,,,,,,,,,,,,,,,,,,,,,,,,,,,,,,,,,,,,,,,,
EvieKF,FTNT,42,0.09999,10.0,0.000714683974230731,,False,,,,,,,,,,,,,,,,,,,,,,,,,,,,,,,,,,,,,,,,,,,,,,
EvieKF,FTNT,43,0.09999,10.0,0.000790677373371427,,False,,,,,,,,,,,,,,,,,,,,,,,,,,,,,,,,,,,,,,,,,,,,,,
EvieKF,FTNT,44,0.09999,10.0,0.0007139009142678881,,False,,,,,,,,,,,,,,,,,,,,,,,,,,,,,,,,,,,,,,,,,,,,,,
EvieKF,FTNT,45,0.09999,10.0,0.0007146555910665522,,False,,,,,,,,,,,,,,,,,,,,,,,,,,,,,,,,,,,,,,,,,,,,,,
EvieKF,FTNT,46,0.09999,10.0,0.0007146233446383602,,False,,,,,,,,,,,,,,,,,,,,,,,,,,,,,,,,,,,,,,,,,,,,,,
EvieKF,GLW,42,0.09999,10.0,0.0002850438591349062,,False,,,,,,,,,,,,,,,,,,,,,,,,,,,,,,,,,,,,,,,,,,,,,,
EvieKF,GLW,43,0.09999,10.0,0.0002383193957111823,,False,,,,,,,,,,,,,,,,,,,,,,,,,,,,,,,,,,,,,,,,,,,,,,
EvieKF,GLW,44,0.09999,10.0,0.0002342382514918292,,False,,,,,,,,,,,,,,,,,,,,,,,,,,,,,,,,,,,,,,,,,,,,,,
EvieKF,GLW,45,0.09999,10.0,0.0002343278358537684,,False,,,,,,,,,,,,,,,,,,,,,,,,,,,,,,,,,,,,,,,,,,,,,,
EvieKF,GLW,46,0.09999,10.0,0.0002333246092632334,,False,,,,,,,,,,,,,,,,,,,,,,,,,,,,,,,,,,,,,,,,,,,,,,
EvieKF,GOOGL,42,0.09999,10.0,0.00030820197844631456,,False,,,,,,,,,,,,,,,,,,,,,,,,,,,,,,,,,,,,,,,,,,,,,,
EvieKF,GOOGL,43,0.09999,10.0,0.0003079522066015415,,False,,,,,,,,,,,,,,,,,,,,,,,,,,,,,,,,,,,,,,,,,,,,,,
EvieKF,GOOGL,44,0.09999,10.0,0.00030958108485691134,,False,,,,,,,,,,,,,,,,,,,,,,,,,,,,,,,,,,,,,,,,,,,,,,
EvieKF,GOOGL,45,0.09999,10.0,0.00030958252372565093,,False,,,,,,,,,,,,,,,,,,,,,,,,,,,,,,,,,,,,,,,,,,,,,,
EvieKF,GOOGL,46,0.09999,10.0,0.0003095070323931477,,False,,,,,,,,,,,,,,,,,,,,,,,,,,,,,,,,,,,,,,,,,,,,,,
EvieKF,GPN,42,0.09999,10.0,0.00033543933005560013,,False,,,,,,,,,,,,,,,,,,,,,,,,,,,,,,,,,,,,,,,,,,,,,,
EvieKF,GPN,43,0.09999,10.0,0.0003310713187727348,,False,,,,,,,,,,,,,,,,,,,,,,,,,,,,,,,,,,,,,,,,,,,,,,
EvieKF,GPN,44,0.09999,10.0,0.00032929989395948946,,False,,,,,,,,,,,,,,,,,,,,,,,,,,,,,,,,,,,,,,,,,,,,,,
EvieKF,GPN,45,0.09999,10.0,0.0003352685185967299,,False,,,,,,,,,,,,,,,,,,,,,,,,,,,,,,,,,,,,,,,,,,,,,,
EvieKF,GPN,46,0.09999,10.0,0.0003263983264486626,,False,,,,,,,,,,,,,,,,,,,,,,,,,,,,,,,,,,,,,,,,,,,,,,
EvieKF,GRMN,42,0.09999,10.0,0.0003321992341803495,,False,,,,,,,,,,,,,,,,,,,,,,,,,,,,,,,,,,,,,,,,,,,,,,
EvieKF,GRMN,43,0.09999,10.0,0.00032775855017086816,,False,,,,,,,,,,,,,,,,,,,,,,,,,,,,,,,,,,,,,,,,,,,,,,
EvieKF,GRMN,44,0.09999,10.0,0.00033607775414431536,,False,,,,,,,,,,,,,,,,,,,,,,,,,,,,,,,,,,,,,,,,,,,,,,
EvieKF,GRMN,45,0.09999,10.0,0.0003305784372425584,,False,,,,,,,,,,,,,,,,,,,,,,,,,,,,,,,,,,,,,,,,,,,,,,
EvieKF,GRMN,46,0.09999,10.0,0.00033211104926608856,,False,,,,,,,,,,,,,,,,,,,,,,,,,,,,,,,,,,,,,,,,,,,,,,
EvieKF,HPE,42,0.09999,10.0,0.0005698101273898421,,False,,,,,,,,,,,,,,,,,,,,,,,,,,,,,,,,,,,,,,,,,,,,,,
EvieKF,HPE,43,0.09999,10.0,0.0008080364044370322,,False,,,,,,,,,,,,,,,,,,,,,,,,,,,,,,,,,,,,,,,,,,,,,,
EvieKF,HPE,44,0.09999,10.0,0.017378013709495807,,False,,,,,,,,,,,,,,,,,,,,,,,,,,,,,,,,,,,,,,,,,,,,,,
EvieKF,HPE,45,0.09999,10.0,0.000575210256823178,,False,,,,,,,,,,,,,,,,,,,,,,,,,,,,,,,,,,,,,,,,,,,,,,
EvieKF,HPE,46,0.09999,10.0,0.0005883727351139331,,False,,,,,,,,,,,,,,,,,,,,,,,,,,,,,,,,,,,,,,,,,,,,,,
EvieKF,HPQ,42,0.09999,10.0,0.0003403193026623398,,False,,,,,,,,,,,,,,,,,,,,,,,,,,,,,,,,,,,,,,,,,,,,,,
EvieKF,HPQ,43,0.09999,10.0,0.00034266434333942553,,False,,,,,,,,,,,,,,,,,,,,,,,,,,,,,,,,,,,,,,,,,,,,,,
EvieKF,HPQ,44,0.09999,10.0,0.0003407609762338103,,False,,,,,,,,,,,,,,,,,,,,,,,,,,,,,,,,,,,,,,,,,,,,,,
EvieKF,HPQ,45,0.09999,10.0,0.00034057033598107635,,False,,,,,,,,,,,,,,,,,,,,,,,,,,,,,,,,,,,,,,,,,,,,,,
EvieKF,HPQ,46,0.09999,10.0,0.00034048222990893816,,False,,,,,,,,,,,,,,,,,,,,,,,,,,,,,,,,,,,,,,,,,,,,,,
EvieKF,IBM,42,0.09999,10.0,1.0271934226707176,,True,diverged (reconstructed from log; the sweep line does not carry the original reason string),,,,,,,,,,,,,,,,,,,,,,,,,,,,,,,,,,,,,,,,,,,,,
EvieKF,IBM,43,0.09999,10.0,0.00017410106759853464,,False,,,,,,,,,,,,,,,,,,,,,,,,,,,,,,,,,,,,,,,,,,,,,,
EvieKF,IBM,44,0.09999,10.0,0.00018245813550141752,,False,,,,,,,,,,,,,,,,,,,,,,,,,,,,,,,,,,,,,,,,,,,,,,
EvieKF,IBM,45,0.09999,10.0,0.00017267631159888374,,False,,,,,,,,,,,,,,,,,,,,,,,,,,,,,,,,,,,,,,,,,,,,,,
EvieKF,IBM,46,0.09999,10.0,0.08696474347795759,,True,primary 0.08696 is >50.0x off the task peer median 0.000423,,,,,,,,,,,,,,,,,,,,,,,,,,,,,,,,,,,,,,,,,,,,,
EvieKF,INTC,42,0.09999,10.0,0.0009640217931182296,,False,,,,,,,,,,,,,,,,,,,,,,,,,,,,,,,,,,,,,,,,,,,,,,
EvieKF,INTC,43,0.09999,10.0,0.0009521695356520395,,False,,,,,,,,,,,,,,,,,,,,,,,,,,,,,,,,,,,,,,,,,,,,,,
EvieKF,INTC,44,0.09999,10.0,0.0009475563253675188,,False,,,,,,,,,,,,,,,,,,,,,,,,,,,,,,,,,,,,,,,,,,,,,,
EvieKF,INTC,45,0.09999,10.0,0.0009642746398057887,,False,,,,,,,,,,,,,,,,,,,,,,,,,,,,,,,,,,,,,,,,,,,,,,
EvieKF,INTC,46,0.09999,10.0,0.000946807167517445,,False,,,,,,,,,,,,,,,,,,,,,,,,,,,,,,,,,,,,,,,,,,,,,,
EvieKF,INTU,42,0.09999,10.0,0.0002874750151205315,,False,,,,,,,,,,,,,,,,,,,,,,,,,,,,,,,,,,,,,,,,,,,,,,
EvieKF,INTU,43,0.09999,10.0,0.0002880854108346202,,False,,,,,,,,,,,,,,,,,,,,,,,,,,,,,,,,,,,,,,,,,,,,,,
EvieKF,INTU,44,0.09999,10.0,0.000285074390746929,,False,,,,,,,,,,,,,,,,,,,,,,,,,,,,,,,,,,,,,,,,,,,,,,
EvieKF,INTU,45,0.09999,10.0,0.00028983728280143134,,False,,,,,,,,,,,,,,,,,,,,,,,,,,,,,,,,,,,,,,,,,,,,,,
EvieKF,INTU,46,0.09999,10.0,0.0002882341070780678,,False,,,,,,,,,,,,,,,,,,,,,,,,,,,,,,,,,,,,,,,,,,,,,,
EvieKF,KEYS,42,0.09999,10.0,0.000375450870325399,,False,,,,,,,,,,,,,,,,,,,,,,,,,,,,,,,,,,,,,,,,,,,,,,
EvieKF,KEYS,43,0.09999,10.0,0.00037791037051252617,,False,,,,,,,,,,,,,,,,,,,,,,,,,,,,,,,,,,,,,,,,,,,,,,
EvieKF,KEYS,44,0.09999,10.0,0.00037635169750036197,,False,,,,,,,,,,,,,,,,,,,,,,,,,,,,,,,,,,,,,,,,,,,,,,
EvieKF,KEYS,45,0.09999,10.0,0.0003785301548566005,,False,,,,,,,,,,,,,,,,,,,,,,,,,,,,,,,,,,,,,,,,,,,,,,
EvieKF,KEYS,46,0.09999,10.0,0.0003781168497810068,,False,,,,,,,,,,,,,,,,,,,,,,,,,,,,,,,,,,,,,,,,,,,,,,
EvieKF,KLAC,42,0.09999,10.0,0.0006319387722267675,,False,,,,,,,,,,,,,,,,,,,,,,,,,,,,,,,,,,,,,,,,,,,,,,
EvieKF,KLAC,43,0.09999,10.0,0.0007475904686741097,,False,,,,,,,,,,,,,,,,,,,,,,,,,,,,,,,,,,,,,,,,,,,,,,
EvieKF,KLAC,44,0.09999,10.0,0.0006369080729585476,,False,,,,,,,,,,,,,,,,,,,,,,,,,,,,,,,,,,,,,,,,,,,,,,
EvieKF,KLAC,45,0.09999,10.0,0.0006324521527088508,,False,,,,,,,,,,,,,,,,,,,,,,,,,,,,,,,,,,,,,,,,,,,,,,
EvieKF,KLAC,46,0.09999,10.0,0.0006319293111720413,,False,,,,,,,,,,,,,,,,,,,,,,,,,,,,,,,,,,,,,,,,,,,,,,
EvieKF,LRCX,42,0.09999,10.0,0.0006491107048180999,,False,,,,,,,,,,,,,,,,,,,,,,,,,,,,,,,,,,,,,,,,,,,,,,
EvieKF,LRCX,43,0.09999,10.0,0.0006866231954917706,,False,,,,,,,,,,,,,,,,,,,,,,,,,,,,,,,,,,,,,,,,,,,,,,
EvieKF,LRCX,44,0.09999,10.0,0.0006500707653464464,,False,,,,,,,,,,,,,,,,,,,,,,,,,,,,,,,,,,,,,,,,,,,,,,
EvieKF,LRCX,45,0.09999,10.0,0.0006489808124209207,,False,,,,,,,,,,,,,,,,,,,,,,,,,,,,,,,,,,,,,,,,,,,,,,
EvieKF,LRCX,46,0.09999,10.0,0.0006495934551355069,,False,,,,,,,,,,,,,,,,,,,,,,,,,,,,,,,,,,,,,,,,,,,,,,
EvieKF,MCHP,42,0.09999,10.0,0.0005263647547474613,,False,,,,,,,,,,,,,,,,,,,,,,,,,,,,,,,,,,,,,,,,,,,,,,
EvieKF,MCHP,43,0.09999,10.0,0.0005225964560710564,,False,,,,,,,,,,,,,,,,,,,,,,,,,,,,,,,,,,,,,,,,,,,,,,
EvieKF,MCHP,44,0.09999,10.0,0.000524518075128081,,False,,,,,,,,,,,,,,,,,,,,,,,,,,,,,,,,,,,,,,,,,,,,,,
EvieKF,MCHP,45,0.09999,10.0,0.0005244128997363742,,False,,,,,,,,,,,,,,,,,,,,,,,,,,,,,,,,,,,,,,,,,,,,,,
EvieKF,MCHP,46,0.09999,10.0,0.000524984268599717,,False,,,,,,,,,,,,,,,,,,,,,,,,,,,,,,,,,,,,,,,,,,,,,,
EvieKF,META,42,0.09999,10.0,0.0004612732233491334,,False,,,,,,,,,,,,,,,,,,,,,,,,,,,,,,,,,,,,,,,,,,,,,,
EvieKF,META,43,0.09999,10.0,0.0004587079275329158,,False,,,,,,,,,,,,,,,,,,,,,,,,,,,,,,,,,,,,,,,,,,,,,,
EvieKF,META,44,0.09999,10.0,0.00046013178502988514,,False,,,,,,,,,,,,,,,,,,,,,,,,,,,,,,,,,,,,,,,,,,,,,,
EvieKF,META,45,0.09999,10.0,0.0004762066235332369,,False,,,,,,,,,,,,,,,,,,,,,,,,,,,,,,,,,,,,,,,,,,,,,,
EvieKF,META,46,0.09999,10.0,0.00046258429123920467,,False,,,,,,,,,,,,,,,,,,,,,,,,,,,,,,,,,,,,,,,,,,,,,,
EvieKF,MRVL,42,0.09999,10.0,0.0010349302695541786,,False,,,,,,,,,,,,,,,,,,,,,,,,,,,,,,,,,,,,,,,,,,,,,,
EvieKF,MRVL,43,0.09999,10.0,0.001047875515367619,,False,,,,,,,,,,,,,,,,,,,,,,,,,,,,,,,,,,,,,,,,,,,,,,
EvieKF,MRVL,44,0.09999,10.0,0.0010400953746977307,,False,,,,,,,,,,,,,,,,,,,,,,,,,,,,,,,,,,,,,,,,,,,,,,
EvieKF,MRVL,45,0.09999,10.0,0.00103714352562314,,False,,,,,,,,,,,,,,,,,,,,,,,,,,,,,,,,,,,,,,,,,,,,,,
EvieKF,MRVL,46,0.09999,10.0,0.0010351682939226665,,False,,,,,,,,,,,,,,,,,,,,,,,,,,,,,,,,,,,,,,,,,,,,,,
EvieKF,MSFT,42,0.09999,10.0,0.00016554724917840707,,False,,,,,,,,,,,,,,,,,,,,,,,,,,,,,,,,,,,,,,,,,,,,,,
EvieKF,MSFT,43,0.09999,10.0,0.0001777606232771798,,False,,,,,,,,,,,,,,,,,,,,,,,,,,,,,,,,,,,,,,,,,,,,,,
EvieKF,MSFT,44,0.09999,10.0,0.00016546040458023233,,False,,,,,,,,,,,,,,,,,,,,,,,,,,,,,,,,,,,,,,,,,,,,,,
EvieKF,MSFT,45,0.09999,10.0,0.00016547644895220558,,False,,,,,,,,,,,,,,,,,,,,,,,,,,,,,,,,,,,,,,,,,,,,,,
EvieKF,MSFT,46,0.09999,10.0,0.00016562226745817397,,False,,,,,,,,,,,,,,,,,,,,,,,,,,,,,,,,,,,,,,,,,,,,,,
EvieKF,MSI,42,0.09999,10.0,0.00012008337274430291,,False,,,,,,,,,,,,,,,,,,,,,,,,,,,,,,,,,,,,,,,,,,,,,,
EvieKF,MSI,43,0.09999,10.0,0.00012624437216097716,,False,,,,,,,,,,,,,,,,,,,,,,,,,,,,,,,,,,,,,,,,,,,,,,
EvieKF,MSI,44,0.09999,10.0,0.00012043054417642966,,False,,,,,,,,,,,,,,,,,,,,,,,,,,,,,,,,,,,,,,,,,,,,,,
EvieKF,MSI,45,0.09999,10.0,0.00012023802156801578,,False,,,,,,,,,,,,,,,,,,,,,,,,,,,,,,,,,,,,,,,,,,,,,,
EvieKF,MSI,46,0.09999,10.0,0.00012102139689934948,,False,,,,,,,,,,,,,,,,,,,,,,,,,,,,,,,,,,,,,,,,,,,,,,
EvieKF,MU,42,0.09999,10.0,0.0008350661191990767,,False,,,,,,,,,,,,,,,,,,,,,,,,,,,,,,,,,,,,,,,,,,,,,,
EvieKF,MU,43,0.09999,10.0,0.0008365984946962386,0.0008080758213680682,False,,10000,86.25533270835876,0.008625533270835876,0.015816569038769438,0.0023,18.5302734375,nan,nan,2497,3000,1250,0.125,10.675859689712524,0.0009777033424953811,0.0009609978092626295,0.0009270949360668838,0.0007589920423924923,7.760645230374635e-05,0.0008651948079344188,0.01568491905811323,-0.01861883157525885,0.02978947358945152,0.03819543179124593,7.239556148304201,22.27917409230671,3.0774226535317917,3709.9155490126545,460800.0,4608000000.0,nan,nan,0.9101799673735649,0.8426746518905955,32.07699948888446,0.00430791008858229,5.846127614378929,0.9877761006355286,1.0,9980,0.02892401242387091,0.47619047619047616,0.0008365984946962386,0.020649965477998924,-0.0060150085099799355,-0.43193267581776207
EvieKF,MU,44,0.09999,10.0,0.0008336840956299393,0.0008032025487732824,False,,10000,86.07542634010315,0.008607542634010316,0.01582061779912864,0.0006,18.5302734375,nan,nan,2497,250,nan,nan,nan,0.0010139288307575488,0.0009742356659392427,0.0009194758657299012,0.0005412451573647559,0.00029243893826518344,0.0008932918356785375,0.015411476049678224,-0.10494868292165527,0.024555343790262488,0.042473046667873854,7.383611064693213,22.772308799066934,3.0841696020473037,3717.6696486591754,460800.0,4608000000.0,nan,nan,0.9284308895053831,0.8152333864102055,115.20157014059455,0.006382920550410986,5.864386833707492,0.998142421245575,1.0,9980,0.02887358820150241,0.4656084656084656,0.0008336840956299393,0.02058982596826301,-0.0025104251045924286,-0.3650338362648821
EvieKF,MU,45,0.09999,10.0,0.0008348568722053811,0.0008075578775582959,False,,10000,85.64240860939026,0.008564240860939026,0.01581630959864236,0.0002,18.5302734375,nan,nan,2497,4750,750,0.075,6.4218056201934814,0.0009649266052926672,0.0009378668806820279,0.0009397228218760337,0.0008340965141542256,7.603580511554965e-07,0.0008558671877658717,0.014913945206319171,-0.03308490212889575,0.017581395489604437,0.032766396366059776,7.37746317188219,21.944594811102995,2.9745448130111556,3736.4666080271077,460800.0,4608000000.0,nan,nan,0.9195154094229523,0.832772752496726,1229.947817508326,0.00923642137537133,2.5112142841021217,0.9961210489273071,1.0,9980,0.02889388987667429,0.47619047619047616,0.0008348568722053811,0.020615541115008965,-0.003920696392436085,-0.43193267581776207
EvieKF,MU,46,0.09999,10.0,0.0008344733841204769,0.0008076016719524676,False,,10000,85.5002179145813,0.00855002179145813,0.015822193417145178,0.0008,18.5302734375,nan,nan,2497,5500,1250,0.125,10.747984886169434,0.0009898229619097827,0.0009754235910804721,0.0009780451828503324,0.0009850351489149034,-0.00015056176479442648,0.0008785480787046571,0.015672652276324684,-0.15074284704851354,0.021755943776031926,0.03826299365609884,7.301230860173851,21.474349864893387,2.9411958443924697,3742.6805194776803,460800.0,4608000000.0,nan,nan,0.9299137317456575,0.8365231415917613,59.98472151602169,0.004497598608951358,4.826181061069171,0.9946030378341675,1.0,9980,0.028887252969440985,0.47619047619047616,0.0008344733841204769,0.02060842135595897,-0.003459549532330408,-0.43193267581776207
EvieKF,NOW,42,0.09999,10.0,0.0004215702177986266,0.0006925720413019702,False,,10000,85.83880233764648,0.008583880233764649,0.01581252080988423,0.0004,18.5302734375,nan,nan,2497,6750,1250,0.125,10.622352123260498,0.0007315360411431995,0.0007278661129410767,0.0007293992311142101,0.000409850588766858,1.1719629031768609e-05,0.0007456043297396014,0.015153843656995094,-0.012239725995316472,0.0193598766786994,0.03653246015310286,7.192625308173382,25.283561201972084,3.515206217296063,3727.917809725276,460800.0,4608000000.0,nan,nan,0.9242758945130909,0.7897941493523557,751.5097648554095,0.004404433685269016,3.754690784215927,0.9979186058044434,1.0,9980,0.020532175184296148,0.5936507936507937,0.0004215702177986266,0.014194812471904452,-0.0011765798924485704,1.5694227407315364
EvieKF,NOW,43,0.09999,10.0,0.0004585800662873283,0.0006863272683635638,False,,10000,85.97713327407837,0.008597713327407837,0.015817508890174824,0.0026,18.5302734375,nan,nan,2497,4000,4000,0.4,34.308977365493774,0.0007652240651728713,0.0007491042657256743,0.0007130796082603888,0.0006455930997617543,-0.00018701303347442596,0.0007406177168653309,0.015349205249275095,-0.020238591429181583,0.04128312533895805,0.039034295268356785,7.239556148304201,23.059645136942866,3.185229130703596,3721.919861876556,460800.0,4608000000.0,nan,nan,0.8934547076974504,0.8312272643016261,57.29023963853143,0.005850396187256024,7.92682392001152,0.9881764650344849,1.0,9980,0.021414482629457297,0.4158730158730159,0.0004585800662873283,0.015307499113537017,-0.08907034460320795,-1.258089129868734
EvieKF,NOW,44,0.09999,10.0,0.0004248831007215712,0.0006897332751826875,False,,10000,85.95317912101746,0.008595317912101746,0.01581574334988665,0.0006,18.5302734375,nan,nan,2497,5250,3250,0.325,27.839017152786255,0.0007228637290837558,0.0007049263392439475,0.0006882541223450339,0.00041778356535360217,7.0995353679690265e-06,0.0007314578692848417,0.015167961133873248,0.016151570695004287,0.014918047103772552,0.02831668918952345,7.383611064693213,22.68306011445991,3.072082198766571,3722.957117728679,460800.0,4608000000.0,nan,nan,0.9173470297727058,0.8170321983312698,200.727284161298,0.005956048756152921,4.89215587079525,0.9977508187294006,1.0,9980,0.020612692709143343,0.5936507936507937,0.0004248831007215712,0.014387578812856523,-0.00904426279400039,1.5694227407315364
EvieKF,NOW,45,0.09999,10.0,0.00042355249798487106,0.0006919139699571451,False,,10000,85.58787107467651,0.008558787107467651,0.01581385337350747,0.0005,18.5302734375,nan,nan,2497,7250,7250,0.725,61.9168438911438,0.000762661952141189,0.0007827786667561793,0.0007126241516396987,0.0007124435505829751,-0.0002888910525981041,0.000749975079057576,0.014895020664845793,-0.014854292500309549,0.021581248072667404,0.03588523846119642,7.37746317188219,25.366967277542628,3.4384403807292516,3738.8475257293862,460800.0,4608000000.0,nan,nan,0.9505232061887036,0.8410464801565141,171.93105096574118,0.004804445373996496,2.8515311340490976,0.9993432760238647,1.0,9980,0.020580391103787874,0.5936507936507937,0.00042355249798487106,0.014314032357836527,-0.005884247591595004,1.5694227407315364
EvieKF,NOW,46,0.09999,10.0,0.00042349260950845383,0.0006914738162307982,False,,10000,85.3242666721344,0.00853242666721344,0.0158151049830894,0.0006,18.5302734375,nan,nan,2497,8250,1500,0.15,12.821194410324097,0.0007880338651395383,0.0007821148826556106,0.0007012371930786856,0.0003322733100503683,9.121929945808552e-05,0.0007400570013555031,0.015057173398101453,-0.08898025374504473,0.021631607266513312,0.039717295952141275,7.301230860173851,24.985245809136952,3.4220594154095854,3750.3984795981505,460800.0,4608000000.0,nan,nan,0.9259073788032562,0.8368905439449901,75.778391038671,0.004569831813825786,3.7502058078845337,0.9991790652275085,1.0,9980,0.02057893606356883,0.5936507936507937,0.00042349260950845383,0.014310694497729105,-0.005742019944899646,1.5694227407315364
EvieKF,NVDA,42,0.09999,10.0,0.0008906249804471536,0.0014726035790987293,False,,10000,85.78412938117981,0.008578412938117981,0.01581467992311687,0.0005,18.5302734375,nan,nan,2497,1250,1250,0.125,10.65838360786438,0.000787049019824445,0.0007713143538219897,0.0007276903462509776,0.0018696164806897286,-0.000978991500242575,0.0015133299211705614,0.015093889677177957,0.05558577027313674,0.019807166664344823,0.030312359053641554,7.192625308173382,23.99762065891407,3.3364202402764165,3730.2937304182146,460800.0,4608000000.0,nan,nan,0.9449004522328888,0.8333207112193558,587.5055103787138,0.005446338012512387,2.3641745865345003,0.9976494312286377,1.0,9980,0.029843340638191856,0.5596816976127321,0.0008906249804471536,0.022297601851205977,-0.004886768744926773,1.721271964199027
EvieKF,NVDA,43,0.09999,10.0,0.0008933905255857599,0.001472874408691568,False,,10000,86.01254916191101,0.008601254916191101,0.015817883511951285,0.0019,18.5302734375,nan,nan,2497,9500,1000,0.1,8.588332176208496,0.0008359312982244305,0.0008536553849892702,0.0007096853181367828,0.0004952885210514069,0.00039810200453435304,0.0015341976317614751,0.015305995994314495,-0.008339049277166671,0.03535095268112636,0.03783455174416304,7.239556148304201,26.24801702343056,3.6256389874921977,3720.387351822678,460800.0,4608000000.0,nan,nan,0.9179225136668105,0.8244536734278863,71.94426790925131,0.003522025623210201,5.3711653778950375,0.9947103261947632,1.0,9980,0.029889639100962057,0.5570291777188329,0.0008933905255857599,0.022345434420953984,-0.008007116567146033,1.6280204639536195
EvieKF,NVDA,44,0.09999,10.0,0.0008910632638073472,0.0014715183634973015,False,,10000,85.70447826385498,0.008570447826385498,0.015823177660617884,0.0009,18.5302734375,nan,nan,2497,2000,2000,0.2,17.069025993347168,0.0008113735034608485,0.000733933355768384,0.000756287085615334,0.00032701040618121624,0.0005640528576261309,0.001525552862397361,0.015202524902123829,-0.08938006804577024,0.027731542436384187,0.03791266623884436,7.383611064693213,25.225979295624835,3.4164826769180547,3733.760551167801,460800.0,4608000000.0,nan,nan,0.9380955049438271,0.8072401402612875,89.83267763521891,0.00516606359881826,4.20195142130057,0.9883946180343628,1.0,9980,0.029850682803033955,0.5570291777188329,0.0008910632638073472,0.02230007938607029,-0.005381281204478894,1.6280204639536195
EvieKF,NVDA,45,0.09999,10.0,0.0008901211792829806,0.0014726351995999363,False,,10000,85.4505078792572,0.00854505078792572,0.015819832256614853,0.0011,18.5302734375,nan,nan,2497,6000,750,0.075,6.354700088500977,0.0008239049557627662,0.0007788538326880744,0.0007237358932370582,0.0005110221682116389,0.0003790990110713417,0.0015204076899773878,0.015169097821316544,-0.09279355694972757,0.01740051701558441,0.03215753678232431,7.37746317188219,24.27900296364798,3.2909690496569093,3744.8577889339713,460800.0,4608000000.0,nan,nan,0.9257733706054504,0.8363642228903976,143.3448617834078,0.006925008275480815,3.891549822688103,0.9970835447311401,1.0,9980,0.029834898680622005,0.5570291777188329,0.0008901211792829806,0.02228016323513455,-0.004318332944146075,1.6280204639536195
EvieKF,NVDA,46,0.09999,10.0,0.0008915117966434943,0.0014726238162195019,False,,10000,85.96524858474731,0.008596524858474732,0.015812507270870246,0.0008,18.5302734375,nan,nan,2497,4000,4000,0.4,34.30348801612854,0.0007839774681362945,0.0007537603660887363,0.0007649061689987762,0.0007797182770445943,0.00011179351959890004,0.0015033107221284659,0.014818325334346658,-0.22659162436372263,0.022221098674539825,0.032660564407706254,7.301230860173851,23.667210835175435,3.241537117292562,3722.434417025313,460800.0,4608000000.0,nan,nan,0.932634156858704,0.8322182150458746,500.66739838948126,0.0036455450359950347,4.117154952883721,0.9991161823272705,1.0,9980,0.029858194798806813,0.5570291777188329,0.0008915117966434943,0.022309273008316283,-0.005887358085643335,1.6280204639536195
EvieKF,NXPI,42,0.09999,10.0,0.0004586388585324458,0.0006674046509832309,False,,10000,85.70509219169617,0.008570509219169617,0.015807083658322455,0.003,18.5302734375,nan,nan,2497,750,750,0.075,6.428494215011597,0.0009004245969033105,0.0007984091070158785,0.0007659168155995076,0.000670742621878162,-0.00021210376334571623,0.000711561816705322,0.015504370298357512,-0.10924639572451192,0.03515707503030535,0.03905758000910282,7.192625308173382,20.95090774039269,2.912831802399744,3733.733805270958,460800.0,4608000000.0,nan,nan,0.9214818185926289,0.8381788842997926,79.12007584470253,0.004007491133448937,6.4183077345291775,0.9984371066093445,1.0,9980,0.021415855307048696,0.5344352617079889,0.0004586388585324458,0.01669695357645839,-0.0006112384586760555,0.02440675184091521
EvieKF,NXPI,43,0.09999,10.0,0.0004593012007800016,0.0006680614958151928,False,,10000,86.61907172203064,0.008661907172203064,0.01581512445239987,0.0005,18.5302734375,nan,nan,2497,6500,1250,0.125,10.700847625732422,0.0008214572087990233,0.0007749585203238618,0.0007726333374501358,0.0007306266343221068,-0.00027132543354210526,0.0007206208551127608,0.015408019130893106,0.053649520999213766,0.02082344596326766,0.037349426187574836,7.239556148304201,20.611356421489564,2.8470469734967914,3694.336520101628,460800.0,4608000000.0,nan,nan,0.9262188899325198,0.8126130286107766,159.1188137745014,0.00427305716179891,3.0405138661464055,0.9974905848503113,1.0,9980,0.021431313557036154,0.5344352617079889,0.0004593012007800016,0.01668594297298715,-0.0020562688661101003,0.02440675184091521
EvieKF,NXPI,44,0.09999,10.0,0.0004587723532327279,0.0006682212099185965,False,,10000,86.6377604007721,0.008663776040077209,0.01581345582004791,0.0012,18.5302734375,nan,nan,2497,1000,1000,0.1,8.659079313278198,0.0007672566403298163,0.000796604892683096,0.0008150024563273201,0.00042913269135169685,2.9639661881031027e-05,0.0007016500947596686,0.014967546621295267,-0.1241409415162572,0.02310849047421798,0.03151392601430416,7.383611064693213,22.795164320255733,3.087265041526516,3693.539612747749,460800.0,4608000000.0,nan,nan,0.9396076503351296,0.846780073323863,190.34074749046113,0.00949343455063265,3.762262596686681,0.9949660897254944,1.0,9980,0.021418971806151852,0.465564738292011,0.0004587723532327279,0.016776280626449376,-0.0009024835088760064,-0.02440675184091521
EvieKF,NXPI,45,0.09999,10.0,0.0004584091425598817,0.0006674871013309416,False,,10000,87.15335750579834,0.008715335750579834,0.01582130096045309,0.0003,18.5302734375,nan,nan,2497,2500,2000,0.2,17.56851291656494,0.0008808291352125785,0.0008085799817642666,0.0007527136821672502,0.0005112547514727339,-5.28456089128522e-05,0.0007524689334126873,0.014976299150684973,-0.021986779621971386,0.022919657339603328,0.038789092376828184,7.37746317188219,24.83505555742717,3.3663408381462756,3671.688723853356,460800.0,4608000000.0,nan,nan,0.9495990492514977,0.8596495137046759,116.60095316301476,0.002509015185528951,3.371234433849653,0.9952444434165955,1.0,9980,0.021410491413320753,0.5344352617079889,0.0004584091425598817,0.016712242578343584,-0.00011006770193588977,0.02440675184091521
EvieKF,NXPI,46,0.09999,10.0,0.0004583751120843178,0.000667601494499333,False,,10000,86.948397397995,0.008694839739799499,0.015821132274762097,0.0011,18.5302734375,nan,nan,2497,9500,9500,0.95,82.63999557495117,0.0008648433604182747,0.0007897019435282752,0.0007681755648839244,0.001886469777673483,-0.0014280946655891651,0.0007224573757336386,0.015364730721399605,-0.01536040752471378,0.021209001107138466,0.03416131474077701,7.301230860173851,25.23740142548961,3.456595457507377,3680.343854243127,460800.0,4608000000.0,nan,nan,0.9183863199102682,0.8384783579870223,348.0289565820357,0.005609587180010145,4.160967867573102,0.997606635093689,1.0,9980,0.021409696683613193,0.465564738292011,0.0004583751120843178,0.016736331393239254,-3.5823499409559645e-05,-0.02440675184091521
EvieKF,ORCL,42,0.09999,10.0,0.0005477639260115447,0.00032086996485130854,False,,10000,87.13270139694214,0.008713270139694213,0.015814052914655256,0.0019,18.5302734375,nan,nan,2497,6000,750,0.075,6.482578754425049,0.00029459165164726395,0.00025895425244234344,0.00027996892629308717,0.00012351698023849167,0.00042424694577305306,0.00036559273440489386,0.015510525074760296,-0.13749462589846706,0.02415027501780896,0.03517172597348689,7.192625308173382,24.11401175571742,3.3526022450127244,3672.5591525299615,460800.0,4608000000.0,nan,nan,0.8969737247233052,0.7956000846624424,90.99934279181548,0.006551687351162761,3.8144941161076233,0.9906818270683289,1.0,9980,0.023404356987782097,0.45478723404255317,0.0005477639260115447,0.01475660763089619,-0.25407319434916564,-0.26462147301510686
EvieKF,ORCL,43,0.09999,10.0,0.0004367946632324703,0.00032123261247452755,False,,10000,86.94485855102539,0.00869448585510254,0.015821004632925382,0.0015,18.5302734375,nan,nan,2497,4000,4000,0.4,34.79902482032776,0.0002957251234241218,0.00031915564792267564,0.00026602686775724745,0.00018783860286930576,0.00024895606036316455,0.0003513843915677027,0.015650213255647864,-0.21652319558889957,0.018006473375172936,0.023302967660129063,7.239556148304201,24.385577296342095,3.368380159887867,3680.4936523325455,460800.0,4608000000.0,nan,nan,0.8940105001196169,0.80097737524623,43.105876046292764,0.0017616875755668282,3.49222927192847,0.9981521964073181,1.0,9980,0.020899633088465222,0.5558510638297872,0.0004367946632324703,0.012921540194718296,-1.561362963364843e-05,0.7129394529647527
EvieKF,ORCL,44,0.09999,10.0,0.00043678827702053007,0.000321241584791745,False,,10000,87.65723395347595,0.008765723395347595,0.015819560431907034,0.0005,18.5302734375,nan,nan,2497,6500,750,0.075,6.607419490814209,0.0003090544878531737,0.0002932223536998431,0.00024201495903316989,0.00012975196295883507,0.000307036314061695,0.00036323983137367423,0.015100211288802146,-0.19491644556431714,0.01674065638783195,0.027336084935814124,7.383611064693213,25.226040196642746,3.4164909250526567,3650.5829076222035,460800.0,4608000000.0,nan,nan,0.9113227505700753,0.7418943556355592,84.95091330915952,0.003247921330474757,3.5281572987635927,0.9975468516349792,1.0,9980,0.02089948030503462,0.5558510638297872,0.00043678827702053007,0.012918343619694786,-9.927741384530009e-07,0.7129394529647527
EvieKF,ORCL,45,0.09999,10.0,0.00043683976092666544,0.0003212574938564149,False,,10000,88.77862811088562,0.008877862811088561,0.0158152006533459,0.0004,18.5302734375,nan,nan,2497,2750,2750,0.275,23.786257028579712,0.0003514183176117115,0.00029793855239205677,0.00025812472154531583,0.0003124988725176081,0.00012434088840905733,0.00034824559543721896,0.014732824588915608,-0.08975870385547745,0.01526988126568549,0.027381522394716692,7.37746317188219,23.94410956007488,3.24557493574937,3604.471107621938,460800.0,4608000000.0,nan,nan,0.9215975514550465,0.810463301519731,162.6594655107609,0.0038500648063637885,2.896409688393275,0.990372896194458,1.0,9980,0.020900711971764633,0.5558510638297872,0.00043683976092666544,0.012931350677732437,-0.00011886214004386275,0.7129394529647527
EvieKF,ORCL,46,0.09999,10.0,0.00043679726502252004,0.00032123476662117225,False,,10000,86.27897620201111,0.008627897620201112,0.01581553418545501,0.0003,18.5302734375,nan,nan,2497,5000,500,0.05,4.2449469566345215,0.0003222485505674644,0.00030538600234233124,0.00026885405384008876,0.0003669063444249332,6.989092059758685e-05,0.0003755638261988788,0.015105617085373349,-0.09355998410105702,0.017648080061545807,0.028037989046424613,7.301230860173851,22.87026744611563,3.1323851942371075,3708.8989008256335,460800.0,4608000000.0,nan,nan,0.9294054746316253,0.7791842733716076,66.29128846037108,0.001983781954591618,1.955977937579155,0.9967482089996338,1.0,9980,0.020899695333246367,0.5558510638297872,0.00043679726502252004,0.012922423226492745,-2.157027446503257e-05,0.7129394529647527
EvieKF,PANW,42,0.09999,10.0,0.0007957940458492109,0.0006491961284948233,False,,10000,86.97544074058533,0.008697544074058533,0.01581346681458007,0.0007,18.5302734375,nan,nan,2497,4500,4500,0.45,39.08398485183716,0.0006673233351966241,0.0006166006228027259,0.0006104921326325357,0.00034073510323651135,0.00045505894261269953,0.0006816865107424674,0.015031691795357663,-0.13998783691870698,0.01812714671205613,0.030625019688159213,7.192625308173382,24.029833953742685,3.3408988963231883,3679.199522017236,460800.0,4608000000.0,nan,nan,0.9138815116122476,0.8451992434206518,113.71763829697906,0.004000612130211545,3.090820648272832,0.9973304271697998,1.0,9980,0.028209821797544395,0.5700636942675159,0.0007957940458492109,0.017077895486430756,-2.9816803175375384e-06,0.7691128136741022
EvieKF,PANW,43,0.09999,10.0,0.0007959356543364799,0.0006490494020449848,False,,10000,86.99957489967346,0.008699957489967346,0.01581504886806334,0.0022,18.5302734375,nan,nan,2497,500,500,0.05,4.361764430999756,0.000674298034645374,0.0006579646258145946,0.0006235989868525498,0.000535568964551203,0.0002603666897852769,0.0006788341456523269,0.015231694338590177,-0.03719528981053679,0.03244179178706036,0.033093203045427795,7.239556148304201,23.798440107077568,3.287278891075682,3678.1788918971038,460800.0,4608000000.0,nan,nan,0.9366899301087684,0.8397130263068092,59.618719140435346,0.004197726335846141,4.100227049986522,0.9971011281013489,1.0,9980,0.028212331600498387,0.5700636942675159,0.0007959356543364799,0.0171251631086799,-0.0001809283616716062,0.7691128136741022
EvieKF,PANW,44,0.09999,10.0,0.0008926002462958074,0.0006429076004333008,False,,10000,86.50656604766846,0.008650656604766846,0.015817652484669768,0.0002,18.5302734375,nan,nan,2497,500,500,0.05,4.248632431030273,0.0006270541804248658,0.0005950227789927896,0.000636691036035605,0.0013040539342910051,-0.0004114536879951977,0.0006693660794218899,0.015315448698203846,0.07666683578274845,0.014640139449317212,0.027977726422250253,7.383611064693213,23.006149084000892,3.1158397811622534,3699.1411706675267,460800.0,4608000000.0,nan,nan,0.9084295658913236,0.8375095779495092,205.66896792742764,0.0040504797250310535,2.7542699476083117,0.9952702522277832,1.0,9980,0.02987641622242881,0.445859872611465,0.0008926002462958074,0.020048771694207646,-0.12165064868244313,-0.27211453356527643
EvieKF,PANW,45,0.09999,10.0,0.0007961818556876699,0.0006491121487876478,False,,10000,86.91854572296143,0.008691854572296143,0.01581620542388029,0.0008,18.5302734375,nan,nan,2497,8250,8250,0.825,71.78556966781616,0.0007158591336273911,0.0006836586232273244,0.000660211875797099,0.0005033999041188508,0.00029278195156881906,0.000696070674763193,0.014997124070520437,0.03812825443670883,0.022568803386522996,0.03208290431648493,7.37746317188219,28.096418495118638,3.8084118945117664,3681.6078471900278,460800.0,4608000000.0,nan,nan,0.9188971006219546,0.8275174199168116,34.558895632544,0.005043347767881024,5.293003689249356,0.9982340335845947,1.0,9980,0.02821669462725338,0.5700636942675159,0.0007961818556876699,0.01715495176376051,-0.0004903075114250921,0.7691128136741022
EvieKF,PANW,46,0.09999,10.0,0.0007958044386973047,0.0006487445709423516,False,,10000,86.51205945014954,0.008651205945014954,0.01581673965957443,0.0004,18.5302734375,nan,nan,2497,6250,6250,0.625,54.15511918067932,0.0007349652298123836,0.0006848269709450232,0.0006522100771333757,0.000314811899443157,0.0004809925392541477,0.0007015378243792132,0.015248999460556533,-0.028081375504812617,0.019291309334577816,0.032962471805512907,7.301230860173851,24.30332162940771,3.3286608922305763,3698.906280047491,460800.0,4608000000.0,nan,nan,0.9125807517998725,0.8444502994853087,94.92970380880544,0.0028895918632688587,3.1439597964286805,0.9505831003189087,1.0,9980,0.028210006003141948,0.5700636942675159,0.0007958044386973047,0.017071617636710976,-1.6041440108693905e-05,0.7691128136741022
EvieKF,PTC,42,0.09999,10.0,0.00017518035712696256,0.0004543877881148766,False,,10000,86.61951732635498,0.008661951732635498,0.01581344290383735,0.0005,18.5302734375,nan,nan,2497,7250,5750,0.575,49.77786350250244,0.0005388035494810468,0.0005388266529299622,0.0004771377412617947,0.00026896182680502534,-9.378146967806277e-05,0.0005043855368065394,0.014999497940249459,-0.14331220311138756,0.018750461162345165,0.033102520741522305,7.192625308173382,22.811473494420575,3.171508665757776,3694.3175150046272,460800.0,4608000000.0,nan,nan,0.9397399506064069,0.8413676625821759,183.8394056878098,0.0031023324774974714,4.7845771024624515,0.9992327690124512,1.0,9980,0.01323557165848769,0.5358090185676393,0.00017518035712696256,0.01014893269412732,-0.0005614305434877842,0.8123563159323363
EvieKF,PTC,43,0.09999,10.0,0.0001751757645733142,0.00045452118710434406,False,,10000,86.1237313747406,0.00861237313747406,0.015816193235840718,0.0004,18.5302734375,nan,nan,2497,2750,2750,0.275,23.72960591316223,0.0005603014480405315,0.0005174233704425479,0.0004992395507507641,0.00040317882667295635,-0.00022800306209964214,0.0004946844749715647,0.015483703994220149,-0.02982940155564174,0.020166743942935956,0.029134369175881147,7.239556148304201,21.53998465755662,2.9753184057564304,3715.584483998024,460800.0,4608000000.0,nan,nan,0.928356103940805,0.8247282216420739,120.97556078532212,0.006865793158577366,4.35237435499827,0.9975141286849976,1.0,9980,0.013235398164517537,0.53315649867374,0.0001751757645733142,0.010145392367448757,-0.0005351996799158876,0.7311280312401582
EvieKF,PTC,44,0.09999,10.0,0.0001756442838875705,0.0004494742784323047,False,,10000,86.58132362365723,0.008658132362365723,0.015818549251838034,0.0008,18.5302734375,nan,nan,2497,1500,1000,0.1,8.571313858032227,0.0005113700031829866,0.0004971516942977733,0.0005264067775738926,0.00024544518964830786,-6.980090576073737e-05,0.0004992184256368986,0.015343780163629176,-0.0628262612859884,0.018997131963532955,0.029373730439692724,7.383611064693213,21.66327302590332,2.933967246662311,3695.947192848922,460800.0,4608000000.0,nan,nan,0.9161149893967062,0.8291218012893571,151.67507502907924,0.003906030384693637,4.034075596928597,0.9988766312599182,1.0,9980,0.013253085825103922,0.53315649867374,0.0001756442838875705,0.010141503243219285,-0.0032111980794955475,0.7311280312401582
EvieKF,PTC,45,0.09999,10.0,0.00017510261879396188,0.00045468537655686195,False,,10000,86.58045244216919,0.008658045244216919,0.015813469562998887,0.0002,18.5302734375,nan,nan,2497,10000,6500,0.65,56.193371534347534,0.0005787094056066158,0.0004982218556758118,0.0004991187800657356,0.00041249288187827915,-0.00023739026308431727,0.0005246909163091116,0.014598569555038122,-0.024120355726750847,0.019059694828023204,0.03432299438863992,7.37746317188219,21.218557875639682,2.8761319956852125,3695.9843818527256,460800.0,4608000000.0,nan,nan,0.9697799778093481,0.8492152979731592,183.33624724209352,0.005156746024407899,2.885436461369197,0.9626911878585815,1.0,9980,0.013232634612727803,0.5358090185676393,0.00017510261879396188,0.010131932440258208,-0.00011741970259837586,0.8123563159323363
EvieKF,PTC,46,0.09999,10.0,0.0001753960888852518,0.000454407629979384,False,,10000,86.31684064865112,0.008631684064865112,0.015815102021225096,0.0005,18.5302734375,nan,nan,2497,8750,2500,0.25,21.486241102218628,0.0005400580879180843,0.0004767486270144607,0.0005154470800934326,0.000541121102287434,-0.00036572501340218226,0.0005156927665609782,0.01513917637174815,-0.16658111172541304,0.017880678226977215,0.03385425955057144,7.301230860173851,23.213500065016085,3.179395434766919,3707.2719250991336,460800.0,4608000000.0,nan,nan,0.9364515357095936,0.8388200996843774,193.05110796749577,0.0037612787829677695,4.7191759516795475,0.9883266687393188,1.0,9980,0.013243718846504248,0.5358090185676393,0.0001753960888852518,0.01016200030291522,-0.001793605658481301,0.8123563159323363
EvieKF,PYPL,42,0.09999,10.0,0.00045316551501552264,0.0005506242648894046,False,,10000,86.50553393363953,0.008650553393363953,0.015816528520630056,0.0017,18.5302734375,nan,nan,2497,9250,750,0.075,6.441873073577881,0.0006972522088384943,0.0007254060717356071,0.0006421421613907074,0.0003781089617405087,7.505655327501396e-05,0.0006058697043513717,0.01592401662638736,-0.13167027110991025,0.028541628593614587,0.03341886140406131,7.192625308173382,27.263346781093723,3.7904583671434766,3699.185305826558,460800.0,4608000000.0,nan,nan,0.9113239592595253,0.8351945236985087,42.34353535336648,0.004207002193248144,6.424953769644101,0.9668793678283691,1.0,9980,0.021287684585588978,0.44583333333333336,0.00045316551501552264,0.015560713410377503,-0.015543697927453692,-1.1027246283571
EvieKF,PYPL,43,0.09999,10.0,0.0004519204298655192,0.0005505837562705288,False,,10000,86.3382556438446,0.00863382556438446,0.015820715441297057,0.0016,18.5302734375,nan,nan,2497,7750,5750,0.575,49.67483115196228,0.0006689714575682348,0.0006741435845252856,0.0005775832222357125,0.0031720134284114465,-0.0027200929985459273,0.0005948996057774429,0.015579398006011663,-0.016226815643289563,0.026515522032909574,0.03252571001648901,7.239556148304201,26.790869120567294,3.700623155860571,3706.352388216382,460800.0,4608000000.0,nan,nan,0.9193331377103432,0.835686772628303,228.8332231778275,0.004227821566969547,4.584197666247685,0.9985278844833374,1.0,9980,0.02125842021095451,0.4583333333333333,0.0004519204298655192,0.015499820311864218,-0.012753462714110597,-0.9941912295175683
EvieKF,PYPL,44,0.09999,10.0,0.0004565725103020668,0.0005496118624671167,False,,10000,86.16934752464294,0.008616934752464294,0.015821240474280913,0.0004,18.5302734375,nan,nan,2497,750,750,0.075,6.560717821121216,0.000681890648025045,0.0007392564404709974,0.0006399485444311053,0.0002874550555134192,0.0001691174547886476,0.0006056528861950091,0.015369814774429233,-0.17175657229253213,0.018445732564899665,0.03740526773035526,7.383611064693213,23.13007572003279,3.13262379577869,3713.6175356148024,460800.0,4608000000.0,nan,nan,0.9200495139568169,0.7987040418583882,53.660720153684835,0.0025993761103082547,4.965350909034411,0.9987100958824158,1.0,9980,0.021367557424798626,0.4708333333333333,0.0004565725103020668,0.015689358115196228,-0.02317877270140234,-0.732140088390326
EvieKF,PYPL,45,0.09999,10.0,0.0004541863997777303,0.0005502651969925696,False,,10000,86.37849354743958,0.008637849354743958,0.015827272161626476,0.0005,18.5302734375,nan,nan,2497,4500,750,0.075,6.411881446838379,0.0006956473851085104,0.0006092628706968821,0.0006101780508071514,0.0003184765300829895,0.00013570986969474084,0.0005803160374212358,0.01530593574104508,-0.11825312976224747,0.020526580092236874,0.02850933345034718,7.37746317188219,26.857677040932327,3.640503031353013,3704.6258490749683,460800.0,4608000000.0,nan,nan,0.904504274485108,0.8214076201249579,160.75688937622954,0.005162019006237606,3.9179890722036363,0.98175448179245,1.0,9980,0.021311649391300765,0.4583333333333333,0.0004541863997777303,0.015583219130833943,-0.017831500181194393,-0.9941912295175683
EvieKF,PYPL,46,0.09999,10.0,0.0004677547141909599,0.000547540413231409,False,,10000,86.5590615272522,0.00865590615272522,0.015824911941682493,0.001,18.5302734375,nan,nan,2497,1500,750,0.075,6.4283835887908936,0.0006776277039793999,0.0006591674385254863,0.0006107133681929877,0.0005993314553052187,-0.00013157674111425878,0.0006010825016315681,0.015394884757661991,-0.14259824153093006,0.022585327590347516,0.028608894534409044,7.301230860173851,21.02869431720043,2.880157430975921,3696.897752285027,460800.0,4608000000.0,nan,nan,0.8960378717437489,0.8338776395345908,83.06926258062951,0.005994571532199444,4.513643091917038,0.9263202548027039,1.0,9980,0.02162763773949804,0.44583333333333336,0.0004677547141909599,0.016072057684262595,-0.048238086157582405,-1.1372136410462734
EvieKF,QCOM,42,0.09999,10.0,0.0005163449064764397,0.00071723407396271,False,,10000,86.89401745796204,0.008689401745796204,0.015820644728313626,0.0008,18.5302734375,nan,nan,2497,250,nan,nan,nan,0.00046040569696712046,0.0004042763626039001,0.00043483662822954485,0.00020082473929505795,0.0003155201671813817,0.0007613479547870976,0.015282655650605543,0.08791285581343569,0.017906946670380557,0.026247075013816346,7.192625308173382,24.58799710788296,3.4185010416074704,3682.6470839009253,460800.0,4608000000.0,nan,nan,0.8897035576130211,0.7387027577346803,145.3981886818504,0.003313470235695935,3.2029304246107744,0.9969124794006348,1.0,9980,0.022723223945480087,0.47883597883597884,0.0005163449064764397,0.016646660194195136,-0.029890509944527688,0.22392256710555142
EvieKF,QCOM,43,0.09999,10.0,0.0005048234311361161,0.000728344490420597,False,,10000,86.499103307724,0.0086499103307724,0.015819941228791882,0.0008,18.5302734375,nan,nan,2497,5000,500,0.05,4.361093282699585,0.00047086497237561995,0.0004630572928072341,0.0004307754897639519,0.00032032195304054767,0.00018450147809556845,0.0007514352398097721,0.015417398699795937,-0.08712045158378492,0.017229027355852303,0.02917668502777813,7.239556148304201,24.821969702840242,3.428659049582005,3699.460315346707,460800.0,4608000000.0,nan,nan,0.898821013698232,0.811612851248036,69.07550639715848,0.0019867975946161963,4.261072991291682,0.9977155923843384,1.0,9980,0.022468276105124668,0.4576719576719577,0.0005048234311361161,0.01633016142264876,-0.0069100215834974055,-0.5393494505252394
EvieKF,QCOM,44,0.09999,10.0,0.0005083187389626074,0.0007274255986555186,False,,10000,86.8865008354187,0.00868865008354187,0.01582395630855526,0.0008,18.5302734375,nan,nan,2497,1000,1000,0.1,8.627954483032227,0.0004571784766262939,0.00043825453825879464,0.00042937432613439526,0.00017039609519997612,0.00033792264376263125,0.0007826126982693379,0.015270259790189356,-0.3007315971071111,0.020597698269826287,0.02919697500765323,7.383611064693213,25.53882483027842,3.4588529388281843,3682.9656727245497,460800.0,4608000000.0,nan,nan,0.9245596075945702,0.8002394173768846,95.02744514502463,0.004411177624097229,3.312981386979421,0.9934248328208923,1.0,9980,0.022545925107713086,0.4603174603174603,0.0005083187389626074,0.01645120237239454,-0.013881687837365098,-0.4519295225032177
EvieKF,QCOM,45,0.09999,10.0,0.0005058647778929857,0.0007279787202728838,False,,10000,86.46428990364075,0.008646428990364075,0.015827653698766982,0.0003,18.5302734375,nan,nan,2497,500,500,0.05,4.256835222244263,0.0004280676879127828,0.00046248464366967977,0.00040604713983098824,0.00017032746472978033,0.00033553731316320534,0.000755631489096341,0.015189772090950768,-0.08705828687815094,0.014979704976369202,0.026847728993743637,7.37746317188219,25.255663207555703,3.4233533423539004,3700.949841334738,460800.0,4608000000.0,nan,nan,0.8970316929012322,0.8032061068650992,86.69352196486501,0.002989431091959671,2.692671574155489,0.9037817120552063,1.0,9980,0.02249143787962401,0.4576719576719577,0.0005058647778929857,0.016367868140891747,-0.008987069558619387,-0.5393494505252394
EvieKF,QCOM,46,0.09999,10.0,0.0005045068800134003,0.0007280395106864545,False,,10000,86.85722947120667,0.008685722947120667,0.015825610762353823,0.0006,18.5302734375,nan,nan,2497,1500,1000,0.1,8.570854425430298,0.0004783017377340834,0.0004402863860442672,0.00039890120813108323,0.0004577456275001168,4.6761252513283485e-05,0.0007760193991205412,0.015656475335736837,-0.1505404454324678,0.019543787322446222,0.033570358715951425,7.301230860173851,21.251678135683015,2.9106980100581272,3684.206852419586,460800.0,4608000000.0,nan,nan,0.9047245703301193,0.8328664797819114,137.82056634704426,0.0032604321031399763,4.384741385777791,0.9985100626945496,1.0,9980,0.02246123059882072,0.4603174603174603,0.0005045068800134003,0.01632163512012946,-0.0062786354826407376,-0.4519295225032177
EvieKF,ROP,42,0.09999,10.0,0.00011064508368098546,0.0002175913407252385,False,,10000,86.5543110370636,0.00865543110370636,0.015808762058020044,0.0007,18.5302734375,nan,nan,2497,9000,9000,0.9,77.90447330474854,0.0002385200531299335,0.00022070737512842938,0.0002272220338347062,0.00017344445950584486,-6.27993758248594e-05,0.00024158113697455186,0.014911009407973843,-0.03256040148327981,0.014287895687817218,0.020966407842934128,7.192625308173382,24.790126635364256,3.4466033712605393,3697.100654674175,460800.0,4608000000.0,nan,nan,0.9433807104069128,0.8335732257696066,325.21782480265597,0.0023066508864698076,3.8901863743861513,0.9989449381828308,1.0,9980,0.01051879668407872,0.47214854111405835,0.00011064508368098546,0.007445476042530524,-0.001569931817962944,-0.3450198414898484
EvieKF,ROP,43,0.09999,10.0,0.00011066003411850601,0.00021781134036238692,False,,10000,86.67083668708801,0.008667083668708801,0.015816422636623986,0.0012,18.5302734375,nan,nan,2497,8500,750,0.075,6.432368040084839,0.00025784104617246074,0.0002712300922927061,0.00022550019848043427,0.00017199182912008837,-6.133179500158236e-05,0.0002438555844242148,0.015717428308276375,-0.006066357583454953,0.01703021360935163,0.02465436020866036,7.239556148304201,23.091589741939195,3.1896416394737384,3692.130043180635,460800.0,4608000000.0,nan,nan,0.8871581250764645,0.8349459312916739,36.54533095306689,0.0018305966165522492,5.187146788835525,0.9981114864349365,1.0,9980,0.010519507313486977,0.5278514588859416,0.00011066003411850601,0.007415747516369694,-0.0017052646153177253,0.3450198414898484
EvieKF,ROP,44,0.09999,10.0,0.00011059405311705574,0.0002178266170170326,False,,10000,86.52611184120178,0.008652611184120178,0.015814792236306545,0.0009,18.5302734375,nan,nan,2497,9000,2750,0.275,23.817577838897705,0.0002633469839865838,0.00024580194709365483,0.00023091067053368592,6.954493619559798e-05,4.104911692145775e-05,0.000249727295881014,0.015009260979614239,-0.08872807362938945,0.015242801351810522,0.024001658055931324,7.383611064693213,23.081739096499206,3.1260773210104404,3698.305554134737,460800.0,4608000000.0,nan,nan,0.9092875846432371,0.8419768179768689,118.04102457296014,0.0020518588055422615,4.614204036196073,0.9985237717628479,1.0,9980,0.010516370719837511,0.47214854111405835,0.00011059405311705574,0.007439865637077856,-0.0011079982486132955,-0.3450198414898484
EvieKF,ROP,45,0.09999,10.0,0.00011162616549030183,0.0002169382983240588,False,,10000,86.2868320941925,0.008628683209419251,0.015857338483500655,0.0002,18.5302734375,nan,nan,2497,250,nan,nan,nan,0.00027014190692202766,0.00025224133947937365,0.0002278531091513643,0.0002696542796911672,-0.00015802811420086534,0.0002669977257424112,0.01472615681053267,-0.13897018488362206,0.01466290847761511,0.023194096982479095,7.37746317188219,21.819456980393444,2.957582636746218,3708.5612280988753,460800.0,4608000000.0,nan,nan,0.9518197628532118,0.838426775229823,453.20302551854263,0.002957555623257147,2.2633820841709773,0.4600048363208771,1.0,9980,0.010565328461070287,0.47214854111405835,0.00011162616549030183,0.007518029717541246,-0.01045077864978361,-0.3450198414898484
EvieKF,ROP,46,0.09999,10.0,0.00011071403111730303,0.0002178280992280267,False,,10000,86.9588508605957,0.00869588508605957,0.015816010827053587,0.0004,18.5302734375,nan,nan,2497,3250,3250,0.325,28.14559507369995,0.00027387334241821737,0.000255918310272258,0.0002258057384499185,0.00018239914788864553,-7.16851167713425e-05,0.00026569104957587056,0.015298399040795076,-0.14285340854643222,0.015786081245969398,0.027369967848062508,7.301230860173851,20.992317805750947,2.875175187276724,3679.901434219664,460800.0,4608000000.0,nan,nan,0.9294069177588165,0.83741474551269,70.53691070092093,0.0015747857132884847,5.993750206629435,0.9993491768836975,1.0,9980,0.010522073517957524,0.47214854111405835,0.00011071403111730303,0.007452114549263445,-0.002194050638196332,-0.3450198414898484
EvieKF,SNOW,42,0.09999,10.0,0.002366860798739512,0.0007933140775867711,False,,10000,86.33817911148071,0.008633817911148072,0.01584930404953327,0.0013,18.5302734375,nan,nan,2497,1000,1000,0.1,8.555597305297852,0.0015817493498381575,0.0016083147455362033,0.0016406402553716113,0.001919794944114983,0.0004470658546245291,0.0009011890638325958,0.016203575175139782,-0.1579863390709621,0.022552540826682524,0.031812014803290364,7.192625308173382,21.098052746469786,2.9332895629214675,3706.355673621664,460800.0,4608000000.0,nan,nan,0.891406761585125,0.8312887304846699,88.04086033062512,0.012204903363743825,11.075750696659089,0.9596700072288513,1.0,9980,0.04865039361340782,0.6055045871559633,0.002366860798739512,0.0346527580821186,-0.6011899653298254,1.6652867334299566
EvieKF,SNOW,43,0.09999,10.0,0.0015124783876839035,0.0007129324791587401,False,,10000,86.58992886543274,0.008658992886543274,0.015851238098071013,0.0007,18.5302734375,nan,nan,2497,1750,1750,0.175,15.12113356590271,0.00189812906024198,0.0017416955725032585,0.0016317839900907164,0.0012642770307138562,0.00024820135697004725,0.0009069625889043741,0.01692469423660424,-0.17970911135709497,0.02558753017844283,0.04789764508605003,7.239556148304201,19.009685985490677,2.6258082120053063,3695.579892406472,460800.0,4608000000.0,nan,nan,0.886303067347271,0.8153587479893147,14.995630210052923,0.006364357745150784,7.695305652419725,0.9876689910888672,1.0,9980,0.038890595105808085,0.6146788990825688,0.0015124783876839035,0.022334391917657414,-0.02319714722024524,1.889148730833778
EvieKF,SNOW,44,0.09999,10.0,0.0015105039154717681,0.0008133911640844613,False,,10000,86.6298475265503,0.008662984752655029,0.015843311550568215,0.0004,18.5302734375,nan,nan,2497,3250,3250,0.325,28.002466678619385,0.0017225202111456402,0.0016727451883033337,0.0017110639458324,0.0013360405573621392,0.0001744633581096289,0.0009105680762593077,0.015854045075819535,-0.1775128357547521,0.02026776418416307,0.03698326628655195,7.383611064693213,23.261438678398946,3.1504149493504574,3693.876985087922,460800.0,4608000000.0,nan,nan,0.8691069607275861,0.8167664424647424,85.12594423236524,0.013191207690230832,5.7428522845109296,0.9559558629989624,1.0,9980,0.03886520185811169,0.42201834862385323,0.0015105039154717681,0.022174249001599235,-0.021861409565298473,-0.6779454056483954
EvieKF,SNOW,45,0.09999,10.0,0.0015336858843444684,0.0008321428828150313,False,,10000,86.3243579864502,0.008632435798645019,0.015830364132717645,0.0013,18.5302734375,nan,nan,2497,5750,4500,0.45,38.92206692695618,0.0017955575054361518,0.0017384005073633295,0.0017581017549698425,0.0015987802762538195,-6.509439190935102e-05,0.0009474493384632652,0.014902690235792335,-0.05503021747171756,0.11060181344959129,0.04848493449389933,7.37746317188219,60.870618441424206,8.250887469478817,3706.949086725075,460800.0,4608000000.0,nan,nan,0.9540914967234576,0.8421495364809092,1583.5059071846135,0.005364876371607652,3.355007992188136,0.27409622073173523,1.0,9980,0.039162301826430844,0.42201834862385323,0.0015336858843444684,0.02266594685545755,-0.0375440960821074,-0.6779454056483954
EvieKF,SNOW,46,0.09999,10.0,0.0015762278793054983,0.0007042103560171395,False,,10000,87.00293684005737,0.008700293684005737,0.01584709464422852,0.0005,18.5302734375,nan,nan,2497,250,nan,nan,nan,0.0019283632297488295,0.001698048596768773,0.001675196922935632,0.0006573335558641702,0.0009188943234413282,0.000982095318469903,0.016127351889758633,-0.16978892854781472,0.028124264922909786,0.05611344594508408,7.301230860173851,22.26135742527467,3.048986924479279,3678.036760854118,460800.0,4608000000.0,nan,nan,0.9018060773407264,0.814517481143124,59.64514443444699,0.010423469206426362,5.473130694031715,0.9890632629394531,1.0,9980,0.03970173647720586,0.5779816513761468,0.0015762278793054983,0.02332963855988389,-0.06632391087856271,1.1718113251746334
EvieKF,TEL,42,0.09999,10.0,0.00016470194335967776,0.0003610368353618551,False,,10000,87.14428162574768,0.008714428162574768,0.015772799403923694,0.0007,18.5302734375,nan,nan,2497,7250,5000,0.5,43.29501676559448,0.00030460380370202607,0.000309584348615899,0.0003137747414935772,0.00012288512516533956,4.18168181943382e-05,0.00037654889602446436,0.015155165753925531,-0.12450704157910301,0.03282909289590653,0.023629562836140393,7.192625308173382,25.945449825210755,3.607229448714295,3672.071121938685,460800.0,4608000000.0,nan,nan,0.9124842027089664,0.8383817692396388,465.4960148280553,0.0032084915977802463,2.9532777885595958,0.998986542224884,1.0,9980,0.012833625495536238,0.5,0.00016470194335967776,0.009687364416778404,-0.0007744708815295986,-0.15036013081822847
EvieKF,TEL,43,0.09999,10.0,0.00016474090122356618,0.00036103047173598716,False,,10000,87.1091935634613,0.00871091935634613,0.01581681007383263,0.0014,18.5302734375,nan,nan,2497,10000,10000,1.0,87.10578942298889,0.0003279955705507999,0.00033138024458010166,0.00028515510833552267,0.00019448690727585927,-2.974600605229309e-05,0.00038659137363361844,0.015519429431445884,-0.20496670679377468,0.01625198867174113,0.02289043273776769,7.239556148304201,25.522885209901638,3.5254765191482265,3673.550252383771,460800.0,4608000000.0,nan,nan,0.9101246978331948,0.837850718031832,58.53416785397771,0.0022262888637100573,2.577090194821358,0.990691602230072,1.0,9980,0.012835143210091821,0.5,0.00016474090122356618,0.009688980995662629,-0.0010111896161377754,-0.15036013081822847
EvieKF,TEL,44,0.09999,10.0,0.00016458447845209214,0.0003611481000004776,False,,10000,86.45560622215271,0.00864556062221527,0.015815139281542354,0.0007,18.5302734375,nan,nan,2497,500,500,0.05,4.298319339752197,0.00034237532539644743,0.0003159694066358483,0.00030501195443925967,0.00017363653023494408,-9.05205178285194e-06,0.000399008879756908,0.015128153013276385,-0.14820591964918603,0.01805625729243875,0.029956402443349302,7.383611064693213,24.00194811862657,3.2507059091179045,3701.321568178487,460800.0,4608000000.0,nan,nan,0.9279597325630379,0.8372327051908192,88.31228708115766,0.00210487599447057,2.688563162088394,0.9063283801078796,1.0,9980,0.012829048228613537,0.5,0.00016458447845209214,0.009683969790342624,-6.07216789507703e-05,0.15036013081822847
EvieKF,TEL,45,0.09999,10.0,0.00016467849768343426,0.00036104335709022904,False,,10000,86.60251784324646,0.008660251784324646,0.0158130875233178,0.0002,18.5302734375,nan,nan,2497,8500,2250,0.225,19.466578722000122,0.00033995650683635314,0.00035688362894367064,0.0002770051186166137,0.00035737900907406583,-0.00019270051139063158,0.0003857070617243472,0.014619156186318288,-0.3028557701961226,0.014219316396412296,0.02400197964161634,7.37746317188219,21.443199279673184,2.9065816772084876,3695.042684315611,460800.0,4608000000.0,nan,nan,0.9155391468350347,0.8231544755730111,239.25854335957888,0.003033576571862734,2.585652799407641,0.9990344643592834,1.0,9980,0.012832712015915975,0.5,0.00016467849768343426,0.009686273872536956,-0.0006320084809141591,-0.15036013081822847
EvieKF,TEL,46,0.09999,10.0,0.00016500368201858784,0.00036096280386340395,False,,10000,86.15766763687134,0.008615766763687133,0.015817929775288547,0.0005,18.5302734375,nan,nan,2497,750,500,0.05,4.287367343902588,0.0003280428443744496,0.0005907697874513595,0.0003129574988178035,0.00032844005909282714,-0.0001634363770742393,0.0003812203745870195,0.015127193713564848,-0.08108593649668722,0.02185377654315614,0.023815258033573622,7.301230860173851,20.970772608443458,2.872224287939324,3714.1209688811887,460800.0,4608000000.0,nan,nan,0.9344083258681823,0.8425661334829885,217.02013346571576,0.002276432439814008,4.139325473985325,0.8454653024673462,1.0,9980,0.01284537590024472,0.5,0.00016500368201858784,0.009696846916562035,-0.0026079182626317365,-0.15036013081822847
EvieKF,TSLA,42,0.09999,10.0,0.0013559069789823939,0.0015627247013457835,False,,10000,86.18969821929932,0.008618969821929931,0.015826792345847576,0.0015,18.5302734375,nan,nan,2497,1250,1250,0.125,11.065476894378662,0.0013023935740980074,0.0013715192489851967,0.0012457327328014042,0.0012861692521255463,6.973772685684755e-05,0.0016929113492238804,0.015524250935359734,0.024115611451815868,0.03999220465176622,0.041957473941147315,7.192625308173382,24.799649180370928,3.4479273030098896,3712.740694204527,460800.0,4608000000.0,nan,nan,0.8987678654625949,0.8378408806287677,64.92742281697319,0.006082293656665083,4.768216050664583,0.9961591362953186,1.0,9980,0.03682264220533874,0.48633879781420764,0.0013559069789823939,0.02657841333274633,-0.0008684080508061243,-0.07920778251047339
EvieKF,TSLA,43,0.09999,10.0,0.0013560962155868446,0.0015747109504595195,False,,10000,85.60332298278809,0.008560332298278808,0.015819282678464237,0.0021,18.5302734375,nan,nan,2497,1750,1750,0.175,14.912817239761353,0.001373354544907261,0.0013770679421924753,0.0012990588334542289,0.001126030518207699,0.00023006569737914553,0.001697645829692823,0.01565603972026528,-0.129092127460108,0.030941315423273774,0.04307923540472984,7.239556148304201,22.957517647939383,3.1711222591065846,3738.1726415496873,460800.0,4608000000.0,nan,nan,0.9057421835836456,0.8368436507913404,65.88909290213337,0.007365480845281269,5.477311528722445,0.9901378750801086,1.0,9980,0.03682521168420956,0.5,0.0013560962155868446,0.026628207639266883,-0.0010080938419243513,0.3440430390046791
EvieKF,TSLA,44,0.09999,10.0,0.0013548498922358444,0.0015689593471892892,False,,10000,85.33338332176208,0.008533338332176208,0.015832668625254367,0.0008,18.5302734375,nan,nan,2497,250,nan,nan,nan,0.0013896789657360865,0.0013840686664397784,0.0012759106351748256,0.002005111426115036,-0.0006502615338791916,0.0017110101038588113,0.015166465461727235,-0.10774390488663695,0.022309665408846286,0.04982880111783742,7.383611064693213,23.991950486736904,3.249351878982505,3749.997803244164,460800.0,4608000000.0,nan,nan,0.9412055794726735,0.8417586451846196,99.63224096355933,0.007483541208556477,2.5626153498888016,0.9570680856704712,1.0,9980,0.036808285646520465,0.4972677595628415,0.0013548498922358444,0.02658697034491867,-8.811504723715835e-05,0.3845774534987678
EvieKF,TSLA,45,0.09999,10.0,0.001356646825707024,0.001569121341182761,False,,10000,85.27112650871277,0.008527112650871277,0.01582461571431297,0.0005,18.5302734375,nan,nan,2497,7500,1500,0.15,12.79594349861145,0.0013684243906835166,0.0013813729624437198,0.001293557194496038,0.002723304263781756,-0.0013666574380747322,0.0016738136337228018,0.015294547765302455,-0.11368048543051629,0.022140762538988747,0.045500022172927854,7.37746317188219,27.57142259028271,3.737249776503933,3752.7356926298294,460800.0,4608000000.0,nan,nan,0.9226807801113379,0.8078482990742254,194.20085610263098,0.005967159696904012,2.7090762317180634,0.9895057082176208,1.0,9980,0.03683268691946087,0.5027322404371585,0.001356646825707024,0.026583218183673797,-0.0014145290052376414,-0.3845774534987678
EvieKF,TSLA,46,0.09999,10.0,0.001353999548922471,0.0015690860682970858,False,,10000,85.671875,0.0085671875,0.015821940312402,0.001,18.5302734375,nan,nan,2497,4000,4000,0.4,34.22171878814697,0.0013486312595667425,0.0013026353662042385,0.0013271840177382492,0.0005441131361294538,0.0008098864127930173,0.0016714186052041678,0.01536006038237768,-0.15983793263218976,0.028817685104859266,0.048078894801437844,7.301230860173851,24.00737129424896,3.288126584957391,3735.181469998176,460800.0,4608000000.0,nan,nan,0.9367303452360328,0.8386821265441581,286.65344203883035,0.013399084780491127,3.7297693371772764,0.9960821866989136,1.0,9980,0.03679673285663377,0.4972677595628415,0.001353999548922471,0.02658575089251409,0.0005395694263625739,0.3845774534987678
EvieKF,TXN,42,0.09999,10.0,0.00026504561383888206,0.0003522879565109941,False,,10000,85.80433082580566,0.008580433082580566,0.015806962588061083,0.0006,18.5302734375,nan,nan,2497,9500,1500,0.15,12.864629030227661,0.0003152410094995435,0.0003050580177645015,0.0003064048352139568,0.0001087249256670475,0.00015632068817183456,0.0003778683632918299,0.015112952528358536,-0.21327457156723953,0.015870963712520097,0.02420409405604003,7.192625308173382,24.452721686899274,3.3996935248541695,3729.4154842794946,460800.0,4608000000.0,nan,nan,0.8940288624522863,0.8347655079019004,128.62986120340034,0.0030723453051805906,2.8187984198331835,0.9964911937713623,1.0,9980,0.016280221553740662,0.5,0.00026504561383888206,0.012445097877865746,-0.00015909538024660996,0.21894925911594168
EvieKF,TXN,43,0.09999,10.0,0.0002649725469016524,0.00035231206714316453,False,,10000,85.63670516014099,0.008563670516014098,0.01581606761606371,0.0017,18.5302734375,nan,nan,2497,4750,500,0.05,4.225284576416016,0.00031341764861243354,0.0003177134835803833,0.00031504888957805684,0.00025398118305020034,1.0991363851452077e-05,0.000374323805947535,0.015565638414308799,-0.1124621451887776,0.02076581929283202,0.027646883949637394,7.239556148304201,23.6314098301377,3.2642069964017253,3736.715458652907,460800.0,4608000000.0,nan,nan,0.8990486336173567,0.8389344720646291,40.69769733384982,0.002652139255198316,5.464378461241722,0.996036946773529,1.0,9980,0.016277977359047173,0.5026455026455027,0.0002649725469016524,0.012444655100504557,0.00011662531847900226,0.31880506448898893
EvieKF,TXN,44,0.09999,10.0,0.0002651455856504894,0.000352296573097573,False,,10000,85.7748031616211,0.008577480316162109,0.015813131708745334,0.0006,18.5302734375,nan,nan,2497,9000,9000,0.9,77.18567562103271,0.00029834278209477734,0.0002976903850357211,0.00030709017551271833,8.872191756381653e-05,0.00017642366808667289,0.000371698810277014,0.014906799614130096,-0.20459453022912724,0.015302179714070644,0.02028010496869683,7.383611064693213,22.62620104503549,3.0643814858056317,3730.699322002993,460800.0,4608000000.0,nan,nan,0.9108183900935852,0.8330510149788807,131.73063194700094,0.002634656597279228,2.9731414069732027,0.9990713000297546,1.0,9980,0.016283291609821688,0.5,0.0002651455856504894,0.012446337906771866,-0.0005363425838977864,-0.21894925911594168
EvieKF,TXN,45,0.09999,10.0,0.0002646212461133483,0.00035233143470015386,False,,10000,85.89883637428284,0.008589883637428283,0.015815935132327263,0.0006,18.5302734375,nan,nan,2497,7750,2000,0.2,17.222212076187134,0.00030963719128868105,0.00032404533989695825,0.0002916740581407469,0.0002611909294500947,3.4303166632535746e-06,0.00037620072086141324,0.014739950639558833,-0.17697632545756942,0.01398317574224011,0.023132120538502922,7.37746317188219,23.344423318214005,3.1642886957656224,3725.312396615939,460800.0,4608000000.0,nan,nan,0.9115649018175491,0.8342396271452382,556.6224856555743,0.003109703345160625,2.1302796890338263,0.9924144148826599,1.0,9980,0.016267183103209612,0.5026455026455027,0.0002646212461133483,0.012435725126316938,0.0014422713970827505,0.31880506448898893
EvieKF,TXN,46,0.09999,10.0,0.0002640394700898065,0.00035211416233123455,False,,10000,85.66916275024414,0.008566916275024414,0.015814543616462038,0.0003,18.5302734375,nan,nan,2497,9000,750,0.075,6.357567071914673,0.00032256782374207515,0.0003196067543677344,0.0003172299622950671,0.0002931526323664002,-2.9113162276593737e-05,0.0003814816653286609,0.01512948150294354,-0.14435315637513563,0.016039492001992495,0.02683844659477468,7.301230860173851,22.309086291079485,3.0555240230478455,3735.2997242766687,460800.0,4608000000.0,nan,nan,0.9283207404269049,0.8341651693511364,170.18654458625335,0.0017688571458683612,2.542321449518204,0.9973914623260498,1.0,9980,0.016249291371927776,0.5079365079365079,0.0002640394700898065,0.012431235540480841,0.0036376240120225,0.2934451814448382
EvieKF,TYL,42,0.09999,10.0,0.00022634986058744805,0.0005630363440956298,False,,10000,85.95672965049744,0.008595672965049744,0.015799816703233032,0.0009,18.5302734375,nan,nan,2497,8250,500,0.05,4.305685043334961,0.00034050901099631076,0.00030822194618567843,0.00032553704156734265,0.00013217024752520956,9.417961306223849e-05,0.0005978832421299228,0.01489663724888353,-0.05780806879100315,0.016096686279997812,0.025450988765805958,7.192625308173382,23.845953269626158,3.315333726967352,3722.803337227106,460800.0,4608000000.0,nan,nan,0.9644682999131771,0.8437084951861753,473.7341030994568,0.0025631231247835286,3.395014877120654,0.9996230602264404,1.0,9980,0.015044928068536852,0.4894179894179894,0.00022634986058744805,0.010222205409297237,-0.008837661298299881,-0.9111216109985153
EvieKF,TYL,43,0.09999,10.0,0.00022646023955925432,0.0005607822371414549,False,,10000,86.72434568405151,0.00867243456840515,0.015815240582167732,0.0017,18.5302734375,nan,nan,2497,750,750,0.075,6.484875679016113,0.0003841737285701365,0.00036204894581486486,0.0003100986766763444,0.00020443142420845106,2.2028815350803258e-05,0.0006126435441256688,0.015405484998711222,-0.10367392429757079,0.023581340091813036,0.02995570143684744,7.239556148304201,22.141521818535917,3.0584087428788522,3689.8519957222065,460800.0,4608000000.0,nan,nan,0.919470681469225,0.8400843351817521,36.50233400891057,0.0021543370006782856,4.2292541096607845,0.9840413331985474,1.0,9980,0.015048595933151183,0.4947089947089947,0.00022646023955925432,0.010201649691062,-0.009329618587270883,-1.0976589057394215
EvieKF,TYL,44,0.09999,10.0,0.00022913022804512548,0.0005580258780512316,False,,10000,86.65339803695679,0.008665339803695679,0.01581705417296393,0.0007,18.5302734375,nan,nan,2497,500,500,0.05,4.326805830001831,0.000343188710218674,0.0003652724338007851,0.00031642457808621344,0.000559039028303232,-0.0003299088002581066,0.0006053840638520498,0.015090826885755781,-0.09076078628578589,0.02202142021292202,0.024865444190800175,7.383611064693213,24.218043386620902,3.2799727903364526,3692.8730695999166,460800.0,4608000000.0,nan,nan,0.9258525433163969,0.8408279866970377,71.7126202202751,0.003301434531263059,5.106318480769793,0.9987363219261169,1.0,9980,0.015137048194582902,0.4894179894179894,0.00022913022804512548,0.010270436604817709,-0.02122971400941509,-0.9111216109985153
EvieKF,TYL,45,0.09999,10.0,0.00022661646522542157,0.0005625624713594148,False,,10000,86.74855899810791,0.00867485589981079,0.01581103782949113,0.0005,18.5302734375,nan,nan,2497,750,500,0.05,4.3284430503845215,0.0003886731815523125,0.0003404653915109611,0.00030779339789106856,0.00020735675934702158,1.925970587839999e-05,0.0006011362407172301,0.014329835406003261,0.01427604110447737,0.015824353469326525,0.029305482748895873,7.37746317188219,25.588409275251976,3.468456389288038,3688.822081839764,460800.0,4608000000.0,nan,nan,0.9543720673341232,0.8350599313419546,1233.338911691666,0.0036894592064006916,3.9831289937098817,0.9914446473121643,1.0,9980,0.015053785743972231,0.4894179894179894,0.00022661646522542157,0.010226630029224214,-0.010025913850196577,-0.9111216109985153
EvieKF,TYL,46,0.09999,10.0,0.0002268530704357006,0.0005630210476781709,False,,10000,86.46214747428894,0.008646214747428894,0.01581474192277932,0.0011,18.5302734375,nan,nan,2497,7250,750,0.075,6.448032379150391,0.0003692650510861219,0.0003420357875487962,0.000313808159636644,0.00026132843049708754,-3.447536006138694e-05,0.0006019830721977949,0.014974639598042455,-0.3294928395655029,0.021973805891869074,0.026438249088823793,7.301230860173851,39.2006981636342,5.369053371187442,3701.0415464774073,460800.0,4608000000.0,nan,nan,0.9432126876372461,0.8404105311178912,132.76537310761842,0.002315437672459936,2.6774083608914663,0.9980807900428772,1.0,9980,0.015061642355191567,0.4894179894179894,0.0002268530704357006,0.010230577811992988,-0.011080459438912227,-0.9111216109985153
EvieKF,UBER,42,0.09999,10.0,0.0007060300296461078,0.0004505436919944387,False,,10000,86.94696426391602,0.008694696426391601,0.01582858286743164,0.0009,18.5302734375,nan,nan,2497,7500,5000,0.5,43.39025282859802,0.0014068709649562136,0.0012999317691910805,0.0012218138583584164,0.0006985403306316584,7.48969901444936e-06,0.0005324474549672371,0.015872568600117393,0.1371203420119961,0.021478898851945996,0.042980253323912594,7.192625308173382,31.136608166014074,4.328962907414599,3680.4045168119073,460800.0,4608000000.0,nan,nan,0.8738226535490471,0.8186134054962316,59.287735448810054,0.009988689526671734,7.808264347910881,0.9963813424110413,1.0,9980,0.026571225595484072,0.46099290780141844,0.0007060300296461078,0.017572298855848715,-0.013457135839896273,-0.5863408748457569
EvieKF,UBER,43,0.09999,10.0,0.0007084020951264341,0.0004507448052016782,False,,10000,86.85188102722168,0.008685188102722168,0.01583645284622146,0.0005,18.5302734375,nan,nan,2497,10000,6500,0.65,56.12112808227539,0.0014010972327464484,0.001302078277544173,0.0012968485605283236,0.0009346838342025876,-0.00022628173907615352,0.0005213949289852292,0.016357696271370764,0.2297631888915897,0.02259302038324131,0.04285655636340378,7.239556148304201,31.045318031365493,4.288290248102789,3684.4337303380166,460800.0,4608000000.0,nan,nan,0.9173979027858893,0.8122609450427277,65.05754087443643,0.007255256421601075,5.8682405889034275,0.9943908452987671,1.0,9980,0.026615824148923776,0.46099290780141844,0.0007084020951264341,0.01763594990045252,-0.01686207130548989,-0.5863408748457569
EvieKF,UBER,44,0.09999,10.0,0.0007035298876359429,0.00045065592292328955,False,,10000,86.5218563079834,0.00865218563079834,0.0158505149041808,0.0006,18.5302734375,nan,nan,2497,7250,7250,0.725,62.723593950271606,0.0015367331418787266,0.0013500643799119374,0.0012680823780645374,0.0011339863413013518,-0.0004304564536654089,0.0005541380996650718,0.016123629154432717,0.1449268534184308,0.02457474444965883,0.05335689615458248,7.383611064693213,26.826740863850137,3.6332819576764614,3698.487453400529,460800.0,4608000000.0,nan,nan,0.9134644565077128,0.8140194330767297,31.615939516502028,0.005449426736042351,6.045659556984901,0.9963216185569763,1.0,9980,0.026524137830209352,0.46099290780141844,0.0007035298876359429,0.01749795591327506,-0.009868355399374806,-0.5863408748457569
EvieKF,UBER,45,0.09999,10.0,0.0007049319085101007,0.00045071358621959955,False,,10000,86.99886846542358,0.00869988684654236,0.015837977774942395,0.001,18.5302734375,nan,nan,2497,10000,5500,0.55,48.06206750869751,0.0013170348082911598,0.0012354559806281229,0.0011744693671952961,0.0012312625767663121,-0.0005263306682562114,0.0004983604036381892,0.01563307349695513,0.06684156844833969,0.020956333650249872,0.04147799015045165,7.37746317188219,30.607660496169732,4.148805596593834,3678.2087588550567,460800.0,4608000000.0,nan,nan,0.8867780069898817,0.8128695642665424,32.268954672267874,0.006195844102800718,9.124867180983227,0.9925071001052856,1.0,9980,0.026550553826805587,0.46099290780141844,0.0007049319085101007,0.017542086856465945,-0.01188085911713288,-0.5863408748457569
EvieKF,UBER,46,0.09999,10.0,0.0007041085668852632,0.0004505924880504608,False,,10000,87.07619786262512,0.008707619786262511,0.01583066130958641,0.0003,18.5302734375,nan,nan,2497,9000,4500,0.45,39.1745080947876,0.0013461453636716718,0.001276223113295514,0.001200112358688848,0.001271032087970525,-0.0005669235210852618,0.0004928105370517929,0.01590279651531399,0.10215836825074708,0.020423838444950524,0.04107183292508125,7.301230860173851,27.456352236870927,3.760510078737212,3674.9422672869196,460800.0,4608000000.0,nan,nan,0.8752889309321261,0.8025360997772407,55.291623809096635,0.005813471139830639,6.48234057823817,0.9977331757545471,1.0,9980,0.026535044128195136,0.46099290780141844,0.0007041085668852632,0.017516230193661973,-0.010699009323372977,-0.5863408748457569
EvieKF,WDAY,42,0.09999,10.0,0.0004142714398247855,0.000642548215117439,False,,10000,86.3335371017456,0.008633353710174561,0.01582125734418927,0.0003,18.5302734375,nan,nan,2497,9000,5000,0.5,43.405582904815674,0.0007062859125916769,0.000684226180771485,0.0005998790385614426,0.0012751678295899183,-0.0008608963897651328,0.000721991110702291,0.015503960142838488,-0.06789421053942295,0.019327579370181047,0.03382006287574768,7.192625308173382,25.095284189169803,3.4890298206765515,3706.5549581603996,460800.0,4608000000.0,nan,nan,0.9280603030257929,0.8431765289340082,29.517909069233184,0.003492675536768031,3.8324794123570123,0.997374415397644,1.0,9980,0.020353659126181353,0.5162337662337663,0.0004142714398247855,0.012881595592994195,-0.00019985784512122073,0.39259644049279185
EvieKF,WDAY,43,0.09999,10.0,0.00041554408607544837,0.0006387503605323816,False,,10000,85.70371317863464,0.008570371317863465,0.015815593190984658,0.0006,18.5302734375,nan,nan,2497,9500,2750,0.275,23.70841360092163,0.0006919132580289518,0.0006772285332901555,0.0006274251144552355,0.0003472493845038116,6.829470157163677e-05,0.0006916565052212246,0.015595329648337111,-0.2800093675706306,0.01770270360753311,0.031575379334390155,7.239556148304201,21.28450631798144,2.940029178856101,3733.7938828042966,460800.0,4608000000.0,nan,nan,0.9478305195716817,0.8048279375733861,124.72245756111128,0.0051491495181031745,3.5713630974292756,0.9983968138694763,1.0,9980,0.020384898480871775,0.5162337662337663,0.00041554408607544837,0.012939679158198368,-0.003272482401471377,0.39259644049279185
EvieKF,WDAY,44,0.09999,10.0,0.00041496608551446493,0.0006369589691441689,False,,10000,86.23871922492981,0.008623871922492981,0.01581353124844965,0.0006,18.5302734375,nan,nan,2497,5000,500,0.05,4.25422477722168,0.0006791386881164016,0.0006639287012631739,0.0006347440645949402,0.0005092329520266503,-9.426686651218538e-05,0.0006807438265676937,0.015074774376236413,-0.12249214883403141,0.017569163332166498,0.0331124562770128,7.383611064693213,21.426708701944424,2.9019281370875807,3710.6302467847263,460800.0,4608000000.0,nan,nan,0.9318755026074163,0.7976886609193059,202.96707577562444,0.0043516792052169075,4.681315677364667,0.9977448582649231,1.0,9980,0.020370716372147175,0.5162337662337663,0.00041496608551446493,0.01293700004552866,-0.0018769817143504675,0.39259644049279185
EvieKF,WDAY,45,0.09999,10.0,0.0004142441532828591,0.0006363224905554557,False,,10000,85.87405467033386,0.008587405467033387,0.015824854238679197,0.001,18.5302734375,nan,nan,2497,9500,1750,0.175,15.064727544784546,0.000626265435805493,0.0006597913870396094,0.0006183999089797871,0.0004106394189875573,3.604734295301797e-06,0.0006977859073978393,0.015301055679107316,-0.1790056180538119,0.022652355044881188,0.030823329742997868,7.37746317188219,26.112186485036815,3.539453315681533,3726.3874546097045,460800.0,4608000000.0,nan,nan,0.9197525392626436,0.8333217650941467,84.8949433944827,0.0033807268679515562,3.946177937587102,0.9946451187133789,1.0,9980,0.02035298880466599,0.5162337662337663,0.0004142441532828591,0.012883786257211264,-0.00013397834503448003,0.39259644049279185
EvieKF,WDAY,46,0.09999,10.0,0.00041717803710466855,0.0006329495860233369,False,,10000,85.78205466270447,0.008578205466270446,0.015812148515290485,0.0009,18.5302734375,nan,nan,2497,9000,1000,0.1,8.703263282775879,0.0008035796223156897,0.0006795901638549813,0.0006193524691537116,0.000665239174850285,-0.0002480611377456165,0.0007087303130915218,0.014903367428536887,-0.10816108521554899,0.023835638682188257,0.04058462455868721,7.301230860173851,24.63153238798337,3.373613690582147,3730.383951028474,460800.0,4608000000.0,nan,nan,0.9158200762482211,0.8277975378119731,79.90640260713292,0.005387576971124286,3.9388406356175736,0.9919116497039795,1.0,9980,0.020424936648730848,0.5162337662337663,0.00041717803710466855,0.012998121125357491,-0.007217426295849094,0.39259644049279185
AdamW,AAPL,42,0.01,,0.00018996893176956783,0.00039678357482272685,False,,10000,17.90083146095276,0.0017900831460952759,0.0015885178716707003,0.0001,17.501953125,nan,nan,2497,1500,1500,0.15,2.7343294620513916,0.0003291884173109887,0.00031792979034593865,0.00031200153446956725,0.00019778337446041405,-7.814442690846224e-06,0.00042707454645008586,0.0027685161614340163,-0.02226874493080564,0.007557976207562751,0.016764707677066327,7.192625308173382,6.9942977024536805,0.9724262564470957,17876.264613630872,460800.0,4608000000.0,nan,nan,nan,nan,nan,nan,nan,nan,nan,0,0.013782921742851471,0.44297082228116713,0.00018996893176956783,0.01028134646239104,-0.0458778346875679,-0.8917768795491037
AdamW,AAPL,43,0.01,,0.0001820209165098806,0.0003976137710819194,False,,10000,18.142935276031494,0.0018142935276031493,0.0015870235629843188,0.0001,17.501953125,nan,nan,2497,9750,500,0.05,0.8951418399810791,0.0003406624301799698,0.00031866830238984817,0.00032138549670802653,0.00015402819553855807,2.7992720971322532e-05,0.00043483497147364555,0.002556579833602652,-0.06229703454382475,0.00787572995030314,0.01700586341321468,7.239556148304201,6.5746192876050005,0.9081522613986555,17637.719317818974,460800.0,4608000000.0,nan,nan,nan,nan,nan,nan,nan,nan,nan,0,0.013491512758392981,0.5384615384615384,0.0001820209165098806,0.00995517029333367,-0.0021198743072428083,0.33470659434648803
AdamW,AAPL,44,0.01,,0.0002013487869469577,0.0003962659472179666,False,,10000,17.86061668395996,0.0017860616683959961,0.0015914897945834248,0.0001,17.501953125,nan,nan,2497,6750,6750,0.675,12.04616117477417,0.00033820574177021345,0.00033066679266917826,0.0003189422996782446,0.00016264794976450503,3.870083718245267e-05,0.00044469434357756444,0.0028553756176973467,0.021816948722959487,0.009170556024607503,0.019148920197039836,7.383611064693213,6.977626537064276,0.9450154505604629,17916.514623337815,460800.0,4608000000.0,nan,nan,nan,nan,nan,nan,nan,nan,nan,0,0.014189742314325434,0.4403183023872679,0.0002013487869469577,0.010861449771457247,-0.10852985984304797,-0.8184087983404611
AdamW,AAPL,45,0.01,,0.00019679904457122561,0.00039608195542656773,False,,10000,17.93148422241211,0.001793148422241211,0.0015859651696051853,0.0,17.501953125,nan,nan,2497,3500,1500,0.15,2.6315343379974365,0.000319633544130142,0.0003363113789882231,0.0002962949619282987,0.00021840367116965353,-2.160462659842792e-05,0.0004064241188696061,0.002506506088151633,-0.01233901654626501,0.0075343329164359605,0.01668112641200423,7.37746317188219,7.0074693003902055,0.9498480896655443,17845.70624667199,460800.0,4608000000.0,nan,nan,nan,nan,nan,nan,nan,nan,nan,0,0.0140285082803278,0.4403183023872679,0.00019679904457122561,0.010659333890077298,-0.0834811602478478,-0.8184087983404611
AdamW,AAPL,46,0.01,,0.00019075260275886174,0.000396238714061302,False,,10000,17.864623546600342,0.0017864623546600341,0.0015872967533758528,0.0002,17.501953125,nan,nan,2497,2750,1750,0.175,3.250640630722046,0.0003169546409743351,0.0003272073429201243,0.0003329954267572692,0.00023210872313939035,-4.135612038052861e-05,0.000428451987170025,0.0025021304746358397,-0.15986902286706864,0.008331668476115738,0.020382605120539656,7.301230860173851,7.030265180745485,0.9628876713231455,17912.496122029752,460800.0,4608000000.0,nan,nan,nan,nan,nan,nan,nan,nan,nan,0,0.013811321542809063,0.4403183023872679,0.00019075260275886174,0.01041579940331676,-0.05019235132855404,-0.8184087983404611
AdamW,ACN,42,0.01,,0.00020846097715317258,0.0003736093442699321,False,,10000,17.968332529067993,0.0017968332529067993,0.0015858534408755452,0.0007,17.501953125,nan,nan,2497,3250,3250,0.325,5.905050277709961,0.00022838700098807362,0.00023015852786606195,0.00022738484430110206,0.00013443155330605805,7.402942384711453e-05,0.00039230675946398913,0.002551076491523813,-0.15209100270254466,0.008994050232168229,0.019016230851411815,7.192625308173382,7.26779102366586,1.010450386649095,17809.10941414986,460800.0,4608000000.0,nan,nan,nan,nan,nan,nan,nan,nan,nan,0,0.014438177764287729,0.47883597883597884,0.00020846097715317258,0.010064533147862348,-0.020556310638858433,-0.5047443052979553
AdamW,ACN,43,0.01,,0.00024199458184065643,0.0003640318106593124,False,,10000,18.029749155044556,0.0018029749155044556,0.0016075605460309935,0.0007,17.501953125,nan,nan,2497,1000,500,0.05,0.9615635871887207,0.0002428536796324801,0.00023773910258321395,0.00021160215875641234,0.00014285571523942053,9.913886660123589e-05,0.0004269020855001128,0.0028655691550401887,-0.07856042276827355,0.010735307990017463,0.017695112805813543,7.239556148304201,7.51060289713018,1.0374396915050474,17748.444376469153,460800.0,4608000000.0,nan,nan,nan,nan,nan,nan,nan,nan,nan,0,0.015556175038892318,0.4947089947089947,0.00024199458184065643,0.011319309315353474,-0.184725798615182,0.48161673198256016
AdamW,ACN,44,0.01,,0.00020897745218857256,0.00037054460624168657,False,,10000,18.052847146987915,0.0018052847146987916,0.001586931379960724,0.0005,17.501953125,nan,nan,2497,250,nan,nan,nan,0.00024095977628860947,0.0002381891903477505,0.0002174503716563646,0.0001401412591803819,6.883619300819066e-05,0.00042112976452497237,0.0025038287148615936,0.010524342907280762,0.00823525394381577,0.01864863084629178,7.383611064693213,7.333318531994806,0.9931886265056816,17725.73585731553,460800.0,4608000000.0,nan,nan,nan,nan,nan,nan,nan,nan,nan,0,0.014456052441402271,0.49206349206349204,0.00020897745218857256,0.010156422065048621,-0.02308480236840449,-0.35817770362648677
AdamW,ACN,45,0.01,,0.0002061704163828855,0.00037029784775539167,False,,10000,17.759684562683105,0.0017759684562683106,0.001601355987030253,0.0006,17.501953125,nan,nan,2497,1250,750,0.075,1.3093602657318115,0.0002409195192521818,0.0002366631419874265,0.0002164412253887997,0.0001822054764488712,2.396493993401429e-05,0.0004015195353910209,0.0025885705187173582,-0.18524412220918857,0.009337670167158649,0.01727675711736083,7.37746317188219,7.689903952543817,1.0423507069276112,18018.33804370537,460800.0,4608000000.0,nan,nan,nan,nan,nan,nan,nan,nan,nan,0,0.014358635603109562,0.4576719576719577,0.0002061704163828855,0.010108543451500949,-0.009342479249683677,-0.3894251285267383
AdamW,ACN,46,0.01,,0.00020607034601862468,0.00037148855725397165,False,,10000,18.0133216381073,0.00180133216381073,0.001608865439169996,0.0002,17.501953125,nan,nan,2497,3500,1250,0.125,2.320647954940796,0.0002292584616633271,0.00023331326490598072,0.00022882152135270464,0.00032647597254253924,-0.00012040562652391456,0.00040229357282928744,0.002610020702636194,0.021882977078510602,0.00835861627417471,0.017206928692758073,7.301230860173851,8.039931040906763,1.1011747464064332,17764.630334642883,460800.0,4608000000.0,nan,nan,nan,nan,nan,nan,nan,nan,nan,0,0.01435515050491024,0.48412698412698413,0.00020607034601862468,0.010022608691422397,-0.008852567693338642,-0.29029356070653956
AdamW,ADBE,42,0.01,,0.0004701293492443347,0.0007155287012813579,False,,10000,18.239763736724854,0.0018239763736724853,0.0015885491673096862,0.0002,17.501953125,nan,nan,2497,8250,8250,0.825,15.080808877944946,0.0003940157119359726,0.00035973987808895277,0.0003703942734241671,0.0008092770003713667,-0.00033914765112703205,0.0007296837889109551,0.0027258306433662937,-0.07818580145688656,0.008315996108123364,0.018523232080042352,7.192625308173382,6.871883592975158,0.9554068644680063,17544.086898214366,460800.0,4608000000.0,nan,nan,nan,nan,nan,nan,nan,nan,nan,0,0.02168246640131917,0.5052910052910053,0.0004701293492443347,0.014020962689919446,-0.001810103144294084,0.18390016530866893
AdamW,ADBE,43,0.01,,0.0004674542360204868,0.0007167238771757334,False,,10000,17.9132878780365,0.0017913287878036498,0.0015879326022301217,0.0,17.501953125,nan,nan,2497,8000,750,0.075,1.3567535877227783,0.00035743089911358295,0.00039438954332138987,0.0003485913870424013,0.0003022366145160049,0.00016521762150448189,0.0007299161600692008,0.0027328347473235845,-0.01445606532076678,0.007937799335322779,0.01685360567644238,7.239556148304201,6.5578810316362,0.9058402058491284,17863.833941526296,460800.0,4608000000.0,nan,nan,nan,nan,nan,nan,nan,nan,nan,0,0.021620689998713888,0.5052910052910053,0.0004674542360204868,0.013927217513795883,0.003890360906745105,0.18390016530866893
AdamW,ADBE,44,0.01,,0.0004684053085468434,0.0007207448982117346,False,,10000,17.899665117263794,0.0017899665117263794,0.0015942472081465933,0.0004,17.501953125,nan,nan,2497,2500,1750,0.175,3.1976442337036133,0.0003899127199705998,0.00037555786306218254,0.00037126357176574834,0.0001973738253582269,0.0002710314831886165,0.0007475228139123876,0.002850230380696748,-0.0512706990991945,0.010722747103720757,0.021683781687170268,7.383611064693213,7.34384180815792,0.9946138473184943,17877.429432541045,460800.0,4608000000.0,nan,nan,nan,nan,nan,nan,nan,nan,nan,0,0.02164267332255522,0.4973544973544973,0.0004684053085468434,0.014021028286565549,0.0018636972507567462,1.4032244172917303
AdamW,ADBE,45,0.01,,0.0004672993506704058,0.0007162612692430734,False,,10000,18.211795568466187,0.0018211795568466188,0.0015880885893442057,0.0,17.501953125,nan,nan,2497,6000,1500,0.15,2.697507381439209,0.00038228616055767866,0.00036630648958102047,0.00036089091217618614,0.0002503704163245857,0.00021692893434582014,0.0007321310798983861,0.0026869634783203257,0.004455877091435275,0.008260892465267533,0.01803815262392163,7.37746317188219,7.008702583292383,0.950015258633175,17571.02965476296,460800.0,4608000000.0,nan,nan,nan,nan,nan,nan,nan,nan,nan,0,0.021617107823906644,0.5079365079365079,0.0004672993506704058,0.013905494932144408,0.004220409878989861,0.48544854554104844
AdamW,ADBE,46,0.01,,0.0004672947384062267,0.0007176406345569803,False,,10000,17.691205739974976,0.0017691205739974976,0.0016337217858200645,0.0002,17.501953125,nan,nan,2497,6500,750,0.075,1.3639843463897705,0.00040502413917345204,0.000382372104976991,0.0003725619249651114,0.0006185940001159906,-0.00015129926170976392,0.0007413754337605656,0.0030915232049158426,-0.19482479788733792,0.011380196315397917,0.02251013340428471,7.301230860173851,8.044933889979268,1.1018599526638866,18088.08312465268,460800.0,4608000000.0,nan,nan,nan,nan,nan,nan,nan,nan,nan,0,0.02161700114276323,0.5158730158730159,0.0004672947384062267,0.013913217675748957,0.004230238265284791,1.3728973452469653
AdamW,ADI,42,0.01,,0.0003406170893598486,0.0004548462458567531,False,,10000,18.275729417800903,0.0018275729417800903,0.0016095185836325205,0.0,17.501953125,nan,nan,2497,3750,2250,0.225,4.1124961376190186,0.0003361232704968476,0.0003285193655233263,0.0003256209416372865,0.0001249700435437262,0.0002156470458161224,0.0004783304059683024,0.003815218425914957,-0.02752210893478229,0.006978598220521963,0.015144178504124283,7.192625308173382,6.549703231654602,0.9106137121047871,17509.561051408105,460800.0,4608000000.0,nan,nan,nan,nan,nan,nan,nan,nan,nan,0,0.018455814513584835,0.5,0.0003406170893598486,0.014109303711583374,-0.004008954699427747,0.19666745919369585
AdamW,ADI,43,0.01,,0.0003317063920712345,0.00045593916895535013,False,,10000,18.05780267715454,0.001805780267715454,0.0015898421956239835,0.0,17.501953125,nan,nan,2497,10000,1000,0.1,1.7779345512390137,0.0003451427262207274,0.00033616585962098743,0.0003190728333268552,0.0002834665938280523,4.823979824318222e-05,0.0004699992207631784,0.002777889459387835,-0.06364167982707872,0.00752035897223177,0.018526924494653933,7.239556148304201,6.587287415106817,0.9099021100416257,17720.871454910815,460800.0,4608000000.0,nan,nan,nan,nan,nan,nan,nan,nan,nan,0,0.01821280846193784,0.5291005291005291,0.0003317063920712345,0.01387004499082212,0.022256374169415172,1.0681465361157916
AdamW,ADI,44,0.01,,0.00033431299149043974,0.0004563478639334519,False,,10000,17.83793568611145,0.001783793568611145,0.0015882192345974663,0.0001,17.501953125,nan,nan,2497,5250,2000,0.2,3.6891543865203857,0.00034251970720244537,0.0003329151714305461,0.00032415763288571936,9.481109736952931e-05,0.00023950189412091043,0.0004869229619797984,0.0026399401611785856,-0.1572119595349267,0.008259180369283421,0.019541111029684543,7.383611064693213,6.992578147615687,0.9470404232222688,17939.295534580877,460800.0,4608000000.0,nan,nan,nan,nan,nan,nan,nan,nan,nan,0,0.018284227943515682,0.5555555555555556,0.00033431299149043974,0.013922267489963107,0.01457311563674768,2.1447679800648336
AdamW,ADI,45,0.01,,0.00033673793865890097,0.0004553252964500407,False,,10000,18.00072407722473,0.0018000724077224732,0.0015928987493341918,0.0,17.501953125,nan,nan,2497,3750,1250,0.125,2.1783180236816406,0.0003363595654279376,0.00034742672875103485,0.00030883388405037696,0.0003430612268857658,-6.32328822686482e-06,0.000475549149787289,0.0029957712179213723,-0.033354825955648745,0.007227996226846881,0.017611869890242816,7.37746317188219,6.920357804255135,0.9380403050510335,17777.062668544393,460800.0,4608000000.0,nan,nan,nan,nan,nan,nan,nan,nan,nan,0,0.01835042066708284,0.5582010582010583,0.00033673793865890097,0.01395687981257363,0.007425298489980969,1.9291994955261738
AdamW,ADI,46,0.01,,0.00033681544046553353,0.0004560745837517695,False,,10000,18.074053049087524,0.0018074053049087525,0.0015946342931082594,0.0,17.501953125,nan,nan,2497,8500,500,0.05,0.9318606853485107,0.00033390127640267885,0.0003326366084693395,0.00034849187917537734,0.0004052725271321833,-6.845708666664978e-05,0.0004944121945855375,0.003042159982052375,-0.11486894126830255,0.007738623535501392,0.017808913253247734,7.301230860173851,6.360192028738468,0.8711123029175145,17704.938628370095,460800.0,4608000000.0,nan,nan,nan,nan,nan,nan,nan,nan,nan,0,0.01835253226302936,0.5291005291005291,0.00033681544046553353,0.0140013404624172,0.007196852794520647,0.7026687062998925
AdamW,ADSK,42,0.01,,0.00029448181311920204,0.000758176536079427,False,,10000,18.080137968063354,0.0018080137968063353,0.0015970251395328974,0.0,17.501953125,nan,nan,2497,9250,750,0.075,1.3773260116577148,0.0005211390264783074,0.0005130379956998434,0.0005438879795890321,0.00015854317462071776,0.00013593863849848428,0.0007708750516713367,0.003187478497504169,-0.14984279604600767,0.008307027753646253,0.019897860381752248,7.192625308173382,6.303283984140084,0.8763537253883237,17698.9799837394,460800.0,4608000000.0,nan,nan,nan,nan,nan,nan,nan,nan,nan,0,0.017160472403730673,0.455026455026455,0.00029448181311920204,0.012766343575936777,-0.026651393215660457,-0.5117186306477768
AdamW,ADSK,43,0.01,,0.0002948250325899275,0.0007575675252261782,False,,10000,18.033369064331055,0.0018033369064331054,0.0015911099484932378,0.0,17.501953125,nan,nan,2497,8500,8500,0.85,15.270457029342651,0.0005305050864791983,0.0005509867426425949,0.0004990442836143565,0.00034612108720466495,-5.129605461473742e-05,0.0007782165172156336,0.002925809024041907,-0.05485401951102634,0.009476748736951413,0.02204721430316567,7.239556148304201,6.436975448969348,0.8891395158910606,17744.881661238844,460800.0,4608000000.0,nan,nan,nan,nan,nan,nan,nan,nan,nan,0,0.01717046978361185,0.4470899470899471,0.0002948250325899275,0.012788654004455243,-0.027847958613254065,-0.7321258387421913
AdamW,ADSK,44,0.01,,0.00029641868812697273,0.0007550872921627459,False,,10000,19.152837991714478,0.0019152837991714478,0.0015903415489409954,0.0002,17.501953125,nan,nan,2497,5000,5000,0.5,9.331506490707397,0.0005390012455786562,0.0005145589703290009,0.0005291504870335203,0.00021619275503326207,8.022593309371065e-05,0.0008014144580769456,0.002773429705440633,-0.05687662959219861,0.010069421389087802,0.02195300078019498,7.383611064693213,6.937799929999762,0.9396215306050963,16707.706718891062,460800.0,4608000000.0,nan,nan,nan,nan,nan,nan,nan,nan,nan,0,0.017216814110832836,0.46825396825396826,0.00029641868812697273,0.01285326291644384,-0.033403916925528465,-0.4831376118774634
AdamW,ADSK,45,0.01,,0.00029560627918394784,0.0007564289500289633,False,,10000,19.438741207122803,0.0019438741207122802,0.001584909513943437,0.0002,17.501953125,nan,nan,2497,8250,3000,0.3,5.855846881866455,0.0005392220095631814,0.0005433083056794124,0.0005252229127354672,0.0013726619072258472,-0.0010770556280418995,0.0007738765568049889,0.0024033774611310456,-0.0038415440614349926,0.009598655006597255,0.021328032668679952,7.37746317188219,6.971777773021009,0.9450101763425436,16461.97130721328,460800.0,4608000000.0,nan,nan,nan,nan,nan,nan,nan,nan,nan,0,0.017193204447802854,0.4523809523809524,0.00029560627918394784,0.012830239755135996,-0.03057161714992329,-0.6324433093688004
AdamW,ADSK,46,0.01,,0.0003267949811680607,0.0007523344113276555,False,,10000,17.968247175216675,0.0017968247175216675,0.001589485287498938,0.0,17.501953125,nan,nan,2497,1250,1250,0.125,2.3616979122161865,0.0005374335974427024,0.0005421067331614339,0.000496940789826088,0.0012380925472825766,-0.0009112975661145159,0.0007819309997889393,0.002761062059481515,-0.06051616517498685,0.009437633312898106,0.02048895023763179,7.301230860173851,7.032164585620499,0.9631478199078689,17809.19401205539,460800.0,4608000000.0,nan,nan,nan,nan,nan,nan,nan,nan,nan,0,0.018077471647552395,0.4444444444444444,0.0003267949811680607,0.013821841547728846,-0.13930473042920166,-0.910808831292842
AdamW,AMD,42,0.01,,0.0008581202654611497,0.0013284931448473538,False,,10000,17.998666048049927,0.0017998666048049928,0.0016055014424676943,0.0001,17.501953125,nan,nan,2497,7250,1500,0.15,2.6784133911132812,0.0012537952621805137,0.001226542731779632,0.001229238853025053,0.006669823545962572,-0.005811703280501422,0.001367748782949805,0.003627259160406731,-0.06616069597800861,0.011731829249703151,0.02754701813682913,7.192625308173382,6.197583688131639,0.8616580765147015,17779.095358829138,460800.0,4608000000.0,nan,nan,nan,nan,nan,nan,nan,nan,nan,0,0.029293689857393345,0.5092838196286472,0.0008581202654611497,0.021672909852688906,-0.027824554166869797,-0.08512321927901365
AdamW,AMD,43,0.01,,0.000838623081565534,0.0013351570073742449,False,,10000,17.878880500793457,0.0017878880500793457,0.001590965036684403,0.0001,17.501953125,nan,nan,2497,4500,1500,0.15,2.775886058807373,0.001253613868820616,0.0012572138449959077,0.0011824413816752379,0.002559261629357934,-0.0017206385477924,0.001389913090165761,0.0029032985995048593,-0.05503104398700865,0.011292452178661188,0.028703355416655536,7.239556148304201,6.773176902486105,0.9355790277381382,17898.212362110622,460800.0,4608000000.0,nan,nan,nan,nan,nan,nan,nan,nan,nan,0,0.028958989650288803,0.5225464190981433,0.000838623081565534,0.021228235234659186,-0.004471552085918429,0.24107242256230413
AdamW,AMD,44,0.01,,0.0008462572854662699,0.0013353144774702562,False,,10000,17.829447269439697,0.0017829447269439697,0.0015963790955385725,0.0001,17.501953125,nan,nan,2497,1000,1000,0.1,1.8230209350585938,0.0012668993419338186,0.001379323214745334,0.001163412142748582,0.0005456098588183522,0.00030064742664791765,0.0013938922971428263,0.0030744524366925576,0.011834478570546801,0.01365115246406931,0.032757079228758805,7.383611064693213,7.1476804778937355,0.9680467206719968,17947.836248883123,460800.0,4608000000.0,nan,nan,nan,nan,nan,nan,nan,nan,nan,0,0.029090501636552607,0.4854111405835544,0.0008462572854662699,0.021440014006599548,-0.013615517723970516,-0.19880395585745375
AdamW,AMD,45,0.01,,0.0012497769461737738,0.0013318286334171852,False,,10000,17.95138692855835,0.001795138692855835,0.0015960038416775557,0.0,17.501953125,nan,nan,2497,250,nan,nan,nan,0.0012826226673301818,0.0012349666897149127,0.00124127069605615,0.0008427251596003771,0.00040705178657339676,0.0013663842975140624,0.003212143990592013,-0.02551009867213189,0.012625772802813299,0.030644547659903765,7.37746317188219,7.078755753392846,0.9595108221444181,17825.920708718117,460800.0,4608000000.0,nan,nan,nan,nan,nan,nan,nan,nan,nan,0,0.03535218446113018,0.5119363395225465,0.0012497769461737738,0.027884311776943307,-0.49693636686086107,0.021201309079885777
AdamW,AMD,46,0.01,,0.0008561071895417713,0.0013314675272934,False,,10000,18.114064931869507,0.0018114064931869507,0.0015933402392452217,0.0003,17.501953125,nan,nan,2497,1500,750,0.075,1.3226547241210938,0.0012593093133194302,0.0012245385562269081,0.001296602623115172,0.001304947305470705,-0.0004488401159289337,0.0013989896374738582,0.0029433933290087793,-0.03453948628035821,0.013366576135721698,0.029514471068978303,7.301230860173851,7.09058801044852,0.9711496795869956,17665.830458463173,460800.0,4608000000.0,nan,nan,nan,nan,nan,nan,nan,nan,nan,0,0.029259309450870016,0.5172413793103449,0.0008561071895417713,0.021582275471359335,-0.02541336666481575,0.20735087968605595
AdamW,AMZN,42,0.01,,0.00033476530874847736,0.0008299203703194777,False,,10000,17.65548038482666,0.001765548038482666,0.00159143664488226,0.0,17.501953125,nan,nan,2497,7250,2500,0.25,4.371547222137451,0.0004161233821895469,0.0003825268352624295,0.00039970217026176003,0.0003805109881795943,-4.574567943111692e-05,0.0008447693982254379,0.003004756922913077,-0.11838297731660205,0.0077105019209331655,0.019212559517472975,7.192625308173382,6.182068323626818,0.8595009553190249,18124.683838963225,460800.0,4608000000.0,nan,nan,nan,nan,nan,nan,nan,nan,nan,0,0.01829659281802154,0.5013333333333333,0.00033476530874847736,0.013458837277044064,-0.018479396912542745,-0.4720111895438386
AdamW,AMZN,43,0.01,,0.00034344275161702796,0.0008292157865013304,False,,10000,17.942495822906494,0.0017942495822906494,0.001590214466231699,0.0,17.501953125,nan,nan,2497,6000,5250,0.525,9.436207294464111,0.0003968678136830372,0.00036679029985592875,0.00038966882426590013,0.00020127114839851856,0.0001421716032185094,0.0008421806298185674,0.00284839669518443,-0.1355474811773404,0.007972265904005326,0.018700678739696733,7.239556148304201,6.321374554269408,0.8731715625619025,17834.754047509283,460800.0,4608000000.0,nan,nan,nan,nan,nan,nan,nan,nan,nan,0,0.018532208492703397,0.4693333333333333,0.00034344275161702796,0.013666291716237547,-0.04487937489277205,-1.2042107154628319
AdamW,AMZN,44,0.01,,0.0003460611379335797,0.000827161718742917,False,,10000,18.036836624145508,0.0018036836624145509,0.001590260891920109,0.0001,17.501953125,nan,nan,2497,4000,3250,0.325,5.818907022476196,0.0004049698083180221,0.00040302134502765807,0.0003910929879892982,0.0001781979954103008,0.0001678631425232789,0.0008579924665145678,0.002775597118446901,-0.024723921643050647,0.009729800422885454,0.021716878842562418,7.383611064693213,6.949675032838634,0.941229836180082,17741.470229409475,460800.0,4608000000.0,nan,nan,nan,nan,nan,nan,nan,nan,nan,0,0.018602718562983737,0.49866666666666665,0.0003460611379335797,0.013695701720222594,-0.052845470682492346,-1.235172161874923
AdamW,AMZN,45,0.01,,0.0003510406881413132,0.0008287912812726251,False,,10000,18.285032749176025,0.0018285032749176026,0.0015877041659338711,0.0,17.501953125,nan,nan,2497,6000,1250,0.125,2.235980987548828,0.000397852195992445,0.00037323284787830704,0.00039060974369123694,0.0003007476916536689,5.029299648764431e-05,0.0008456809686283136,0.0027093437956092876,-0.16002229677282792,0.007553480698989006,0.020125392265617846,7.37746317188219,6.613258859291448,0.8964136729948904,17500.65227607646,460800.0,4608000000.0,nan,nan,nan,nan,nan,nan,nan,nan,nan,0,0.01873607984988624,0.4693333333333333,0.0003510406881413132,0.013878235741267128,-0.06799509688309313,-1.2042107154628319
AdamW,AMZN,46,0.01,,0.00034633625752080686,0.0008312996565821316,False,,10000,17.938676595687866,0.0017938676595687867,0.001588434103033707,0.0002,17.501953125,nan,nan,2497,7000,1750,0.175,3.154726266860962,0.00039320126241117995,0.0003951317931487183,0.00039373543101475366,0.00038449274143204093,-3.8156483911234074e-05,0.000852945469669977,0.002653465428146313,-0.15681729192436633,0.009477913823563722,0.01944213416427374,7.301230860173851,6.921153621263779,0.947943402120965,17838.551149136732,460800.0,4608000000.0,nan,nan,nan,nan,nan,nan,nan,nan,nan,0,0.018610111700922347,0.4693333333333333,0.00034633625752080686,0.013688990678736773,-0.05368248582102475,-1.2042107154628319
AdamW,APH,42,0.01,,0.00022867318025972477,0.00028291654918807254,False,,10000,18.122679948806763,0.0018122679948806763,0.0015908229396710697,0.0,17.501953125,nan,nan,2497,8000,750,0.075,1.3620102405548096,0.0002579032745490027,0.0002382563062659156,0.0002531038847901066,0.00010235390800517052,0.00012631927225455425,0.00029518259361731894,0.0030254450581721436,-0.048235511867055034,0.006695073014504305,0.015610062750056374,7.192625308173382,5.893509648880138,0.8193822695286258,17657.432615040445,460800.0,4608000000.0,nan,nan,nan,nan,nan,nan,nan,nan,nan,0,0.015121943666728982,0.48404255319148937,0.00022867318025972477,0.010478936175189952,-0.006820107218736604,0.24358902542806996
AdamW,APH,43,0.01,,0.0002347669667667813,0.0002814508006174305,False,,10000,18.005311489105225,0.0018005311489105225,0.0015854634572607363,0.0001,17.501953125,nan,nan,2497,3750,3750,0.375,6.730702638626099,0.0002688564106836606,0.00026130334730657245,0.00024708416184371026,0.00013676151866093278,9.800544810584851e-05,0.00029759730079308145,0.0024917087281397807,-0.022606735874076293,0.007296592559222335,0.015227812854573126,7.239556148304201,6.808043010198261,0.9403950837224989,17772.533410134434,460800.0,4608000000.0,nan,nan,nan,nan,nan,nan,nan,nan,nan,0,0.015322107125548408,0.4920212765957447,0.0002347669667667813,0.010804225528050982,-0.033650305571837125,-0.25684354744750326
AdamW,APH,44,0.01,,0.00022567662770155245,0.0002832943746518709,False,,10000,17.86584997177124,0.001786584997177124,0.0015857075056163665,0.0001,17.501953125,nan,nan,2497,6250,3250,0.325,5.98089861869812,0.00026694523372066564,0.0002670642739458776,0.00024935335207238276,0.0004166285216342658,-0.00019095189393271333,0.0003147604793871632,0.0024662182062652714,-0.20069828421218786,0.007916969841337414,0.019376052450388658,7.383611064693213,6.976495122444743,0.9448622173240939,17911.26649477147,460800.0,4608000000.0,nan,nan,nan,nan,nan,nan,nan,nan,nan,0,0.01502253732568345,0.5372340425531915,0.00022567662770155245,0.01037888173703794,0.006373348019341529,1.3352282203993975
AdamW,APH,45,0.01,,0.0002334855457462331,0.0002823370046893861,False,,10000,17.854907035827637,0.0017854907035827637,0.001586306413392938,0.0,17.501953125,nan,nan,2497,9750,750,0.075,1.3602125644683838,0.00026089758904577,0.00024550278893960834,0.0002390961400923128,0.00045165757182985544,-0.00021817202608362233,0.0002948293855244924,0.0025199131753737324,0.03554938821626111,0.006213603449048242,0.014046149747446179,7.37746317188219,6.841243322970572,0.927316499395711,17922.24397236504,460800.0,4608000000.0,nan,nan,nan,nan,nan,nan,nan,nan,nan,0,0.015280233824985568,0.4601063829787234,0.0002334855457462331,0.010689558806242767,-0.028008365192841556,-1.4047444824252193
AdamW,APH,46,0.01,,0.00024243422522746697,0.00028263000815869645,False,,10000,17.787927865982056,0.0017787927865982056,0.0015880323650789094,0.0,17.501953125,nan,nan,2497,6250,1750,0.175,3.1088223457336426,0.000254205831965696,0.0002598239169711117,0.0002561264725187843,0.0004120832891203463,-0.00016964906389287934,0.0003044450689657751,0.002622693013139465,-0.026312288603736744,0.00719150480557073,0.01645359322428703,7.301230860173851,6.811675444171469,0.9329489197947748,17989.728899900343,460800.0,4608000000.0,nan,nan,nan,nan,nan,nan,nan,nan,nan,0,0.015570299458503262,0.4601063829787234,0.00024243422522746697,0.01106112343924386,-0.06740830892270466,-1.4047444824252193
AdamW,AVGO,42,0.01,,0.000869956754502796,0.0004989243154500461,False,,10000,18.33209466934204,0.0018332094669342041,0.0015951382033944767,0.0,17.501953125,nan,nan,2497,9250,4500,0.45,8.216302871704102,0.0005142642925489681,0.0004939271217344941,0.0004977837434883707,0.00015330857422668487,0.0007166481802761112,0.0005191778565867129,0.0031122493930114303,-0.1064976413299393,0.007944861791867515,0.0188623429276049,7.192625308173382,6.142251352676215,0.8539651503459288,17455.72482424264,460800.0,4608000000.0,nan,nan,nan,nan,nan,nan,nan,nan,nan,0,0.02949502931856139,0.5158730158730159,0.000869956754502796,0.020448447535277674,-0.011208264329661821,1.2312577020042812
AdamW,AVGO,43,0.01,,0.0008871943231612917,0.0004999405193075894,False,,10000,17.926981925964355,0.0017926981925964354,0.001588678565071477,0.0004,17.501953125,nan,nan,2497,9000,750,0.075,1.3859679698944092,0.0005527016861270661,0.0005216365590755188,0.0004906678075312515,0.0004943350795656443,0.0003928592435956474,0.0005967739240041454,0.0027068819381054062,-0.08534668322321373,0.013068280550399504,0.024907114543020716,7.239556148304201,7.016608792268002,0.9692042783467572,17850.188131027866,460800.0,4608000000.0,nan,nan,nan,nan,nan,nan,nan,nan,nan,0,0.029785807411606146,0.4894179894179894,0.0008871943231612917,0.02032973778941644,-0.031244630268774554,0.07014019434105717
AdamW,AVGO,44,0.01,,0.0008819705594784368,0.0005003430878135822,False,,10000,17.802993535995483,0.0017802993535995482,0.0015896216893206655,0.0003,17.501953125,nan,nan,2497,9500,2500,0.25,4.513565301895142,0.0005101900962879525,0.0005022615445400211,0.0005171694015974603,0.0003644217213150114,0.0005175488381634254,0.000568493424889377,0.00266526538854009,-0.1056520570349356,0.011167101391928736,0.02699004765599966,7.383611064693213,7.017929741736301,0.95047391855382,17974.50520627326,460800.0,4608000000.0,nan,nan,nan,nan,nan,nan,nan,nan,nan,0,0.029697989148735927,0.5105820105820106,0.0008819705594784368,0.02035719250875806,-0.025172704302722337,-0.5218911155850967
AdamW,AVGO,45,0.01,,0.0008637786857665531,0.0004987296912651163,False,,10000,17.823052406311035,0.0017823052406311035,0.001586967872154477,0.0,17.501953125,nan,nan,2497,6250,2500,0.25,4.334327220916748,0.0004971410206678683,0.0005277324286663532,0.00048422382859896287,0.0005316472379490733,0.00033213144781747976,0.0005159128908558719,0.0025751124513912703,-0.13016868301929055,0.008509692438913044,0.01968295471742747,7.37746317188219,6.870551051215748,0.931289101842156,17954.275884117917,460800.0,4608000000.0,nan,nan,nan,nan,nan,nan,nan,nan,nan,0,0.02939011204072814,0.5185185185185185,0.0008637786857665531,0.02034816918549714,-0.004027086493694654,1.284161801982846
AdamW,AVGO,46,0.01,,0.0008534322340021689,0.0004990357777168011,False,,10000,17.865012884140015,0.0017865012884140015,0.0016710250769822346,0.0003,17.501953125,nan,nan,2497,8500,1000,0.1,1.7704617977142334,0.0005107316104344573,0.0005108412597370077,0.0005153210375521038,0.0004063235246576369,0.000447108709344532,0.0005503847905221395,0.0032314948278775674,-0.08909773040844715,0.01025889251008266,0.02161529557779431,7.301230860173851,7.119551533207575,0.9751166165752566,17912.105749673752,460800.0,4608000000.0,nan,nan,nan,nan,nan,nan,nan,nan,nan,0,0.029213562501039972,0.5529100529100529,0.0008534322340021689,0.020148533361929434,0.007999278583053493,2.0464662787600694
AdamW,CDNS,42,0.01,,0.00039290033635639007,0.0005586096320291413,False,,10000,17.77471423149109,0.001777471423149109,0.0015884848894888563,0.0001,17.501953125,nan,nan,2497,6750,2250,0.225,4.038290977478027,0.0003499290979671687,0.00032865165943781144,0.0003671255060353433,0.00021401634148787707,0.000178883994868513,0.0005821307617766853,0.002756332169569673,0.0056306035096644015,0.007526930386067397,0.01681107459589839,7.192625308173382,6.685919927314967,0.9295520954938918,18003.102375230468,460800.0,4608000000.0,nan,nan,nan,nan,nan,nan,nan,nan,nan,0,0.01982171375931935,0.4656084656084656,0.00039290033635639007,0.014505451949185165,-0.005017645453736952,-0.9146953107273974
AdamW,CDNS,43,0.01,,0.00039029097746288966,0.0005602456767615969,False,,10000,17.942414045333862,0.0017942414045333862,0.0015849442735138307,0.0002,17.501953125,nan,nan,2497,8500,750,0.075,1.394134283065796,0.00036686278413373,0.0003474868900196342,0.000344637293475128,0.00032348715467378497,6.680382278910469e-05,0.00057990672267603,0.0024261262923443673,-0.03725269903622512,0.009253738231120951,0.0170897320844233,7.239556148304201,6.810842480245916,0.9407817745624215,17834.835334391348,460800.0,4608000000.0,nan,nan,nan,nan,nan,nan,nan,nan,nan,0,0.01975578339279133,0.5026455026455027,0.00039029097746288966,0.014430718447165515,0.001656952373307985,0.3850501452585191
AdamW,CDNS,44,0.01,,0.00039251018611211627,0.0005588440189943389,False,,10000,17.914352416992188,0.0017914352416992187,0.0015928581158460126,0.0001,17.501953125,nan,nan,2497,3250,1750,0.175,3.1434240341186523,0.0003579304947190241,0.000355204735624089,0.0003357733371560925,0.00017258418665733188,0.0002199259994547844,0.0006477094850742532,0.0026761728222257594,-0.052628011466624665,0.009274705486827588,0.023156575020402664,7.383611064693213,7.230395804145091,0.9792492780015508,17862.77240457056,460800.0,4608000000.0,nan,nan,nan,nan,nan,nan,nan,nan,nan,0,0.01981186982876973,0.47883597883597884,0.00039251018611211627,0.014547032653970062,-0.004019662393937251,-0.5255742308309481
AdamW,CDNS,45,0.01,,0.0003938439583021497,0.0005591894729700265,False,,10000,17.740376710891724,0.0017740376710891723,0.0015849394697510294,0.0,17.501953125,nan,nan,2497,4250,2500,0.25,4.360717296600342,0.00037166088957921883,0.0003546102921060371,0.0003265024194540932,0.0008521992131136358,-0.00045835525481148606,0.0005755158030913005,0.0024241029446413266,0.00196297162991177,0.0078599256517904,0.017891789600253092,7.37746317188219,6.954842914331205,0.9427146909846026,18037.948416480674,460800.0,4608000000.0,nan,nan,nan,nan,nan,nan,nan,nan,nan,0,0.01984550221844108,0.4894179894179894,0.0003938439583021497,0.014559282827629614,-0.0074313789590845225,-0.19651363985715492
AdamW,CDNS,46,0.01,,0.0004068039870135999,0.0005606996285820513,False,,10000,18.309385776519775,0.0018309385776519775,0.0016048944335606268,0.0003,17.501953125,nan,nan,2497,7000,1250,0.125,2.253951072692871,0.00036797473393629024,0.00034704030019616096,0.00036111975379407005,0.0003357940586283803,7.100992838521958e-05,0.0006039164697386931,0.0028543501196836105,-0.04028418916360082,0.008975297310522,0.01916074287146328,7.301230860173851,7.22313727266263,0.9893040517404813,17477.374932498973,460800.0,4608000000.0,nan,nan,nan,nan,nan,nan,nan,nan,nan,0,0.020169382415274887,0.47883597883597884,0.0004068039870135999,0.014969602463737366,-0.04058242601947648,-0.5255742308309481
AdamW,CRM,42,0.01,,0.00044763415421127643,0.0007276931871469836,False,,10000,17.86571431159973,0.0017865714311599732,0.001588350795377524,0.0001,17.501953125,nan,nan,2497,8250,2750,0.275,4.969649076461792,0.0005576847883322292,0.00047388059606315785,0.000524888249066729,0.0002319604391232133,0.00021567371508806314,0.0007414578011122997,0.0027712565722435496,-0.09893904983031448,0.010097952258480654,0.022623235359787934,7.192625308173382,6.870371451409722,0.9551966294702623,17911.4025008355,460800.0,4608000000.0,nan,nan,nan,nan,nan,nan,nan,nan,nan,0,0.021157366429007094,0.48412698412698413,0.00044763415421127643,0.013195199310464202,-0.0010264856029751357,-0.5324355442734775
AdamW,CRM,43,0.01,,0.00045104774217756967,0.000727556981838034,False,,10000,17.776844024658203,0.0017776844024658203,0.001589099887691969,0.0,17.501953125,nan,nan,2497,4500,1000,0.1,1.8096959590911865,0.0004996300737245912,0.0005128158228560063,0.0005145983731503604,0.0002057389065157622,0.00024530883566180746,0.0007449648217798812,0.002700821772549758,-0.10033164635594458,0.008361184756924194,0.020750297885388132,7.239556148304201,6.710875986541227,0.9269734012786388,18000.945474693315,460800.0,4608000000.0,nan,nan,nan,nan,nan,nan,nan,nan,nan,0,0.02123788459751982,0.49206349206349204,0.00045104774217756967,0.013280392954589198,-0.008660156834376265,-0.35176520445451304
AdamW,CRM,44,0.01,,0.0004677135083410475,0.0007279374555188086,False,,10000,17.828810691833496,0.0017828810691833496,0.001590977863301399,0.0001,17.501953125,nan,nan,2497,5000,500,0.05,0.9208569526672363,0.000542537898654972,0.0004998394485650363,0.0005222700537813443,0.00047284585889428854,-5.132350553241035e-06,0.000751159190807279,0.00285439160384137,-0.09204489767915927,0.010050752040522639,0.0287310080602765,7.383611064693213,6.843876944928768,0.9269010630387435,17948.477076296305,460800.0,4608000000.0,nan,nan,nan,nan,nan,nan,nan,nan,nan,0,0.021626685098300374,0.48412698412698413,0.0004677135083410475,0.013622531184443721,-0.04592914798609504,-0.5055427147490306
AdamW,CRM,45,0.01,,0.00045182039498021365,0.0007282889173897255,False,,10000,17.67240595817566,0.0017672405958175659,0.0015895012332534054,0.0001,17.501953125,nan,nan,2497,8750,2000,0.2,3.481116771697998,0.0005320262502068698,0.0004986752840995553,0.00048773827823106675,0.0002822029928211123,0.00016961740215910138,0.0007439507188614085,0.0027090236879092964,-0.036479098866853174,0.009290842424006405,0.02209208803251384,7.37746317188219,6.6487664097389185,0.9012266486235321,18107.32510091308,460800.0,4608000000.0,nan,nan,nan,nan,nan,nan,nan,nan,nan,0,0.021256067251027733,0.48677248677248675,0.00045182039498021365,0.013300556354421787,-0.010388009618498062,-0.46916190682080544
AdamW,CRM,46,0.01,,0.0005396330955798033,0.0007253297127842587,False,,10000,18.11774730682373,0.001811774730682373,0.0015970279028017054,0.0003,17.501953125,nan,nan,2497,8500,1750,0.175,3.0458731651306152,0.0005242902335445379,0.0005342425380665745,0.0005040616131501412,0.00035053404280915856,0.0001890990527706447,0.0007763269459934516,0.0030325645922697386,-0.17936486225735315,0.011268996095479815,0.025774315092712635,7.301230860173851,7.51432915890815,1.0291866265860308,17662.239934181973,460800.0,4608000000.0,nan,nan,nan,nan,nan,nan,nan,nan,nan,0,0.023230004209638087,0.47619047619047616,0.0005396330955798033,0.015535601863154658,-0.20676006533751878,-0.7122575266544485
AdamW,CSCO,42,0.01,,0.00014849884248284437,0.00028344767479428565,False,,10000,17.78121590614319,0.0017781215906143189,0.00158560272323906,0.0002,17.501953125,nan,nan,2497,4250,3250,0.325,5.856928586959839,0.0003206597065336451,0.00026524049014622583,0.0003052496687759529,0.00018277786148246378,-3.427901899961941e-05,0.00030073959063423136,0.0026058835314266694,-0.03202818720633164,0.008628586079629895,0.017214423418045032,7.192625308173382,7.248963931988085,1.0078328317409613,17996.519568127173,460800.0,4608000000.0,nan,nan,nan,nan,nan,nan,nan,nan,nan,0,0.012186010113357217,0.4574468085106383,0.00014849884248284437,0.00822275403946165,-0.020620531474230708,-0.7939619257061791
AdamW,CSCO,43,0.01,,0.00014661750189526372,0.00028537016174205103,False,,10000,17.75467562675476,0.001775467562675476,0.0015862407503846375,0.0002,17.501953125,nan,nan,2497,2500,1500,0.15,2.7248458862304688,0.00030957998333956433,0.0002972240316940562,0.0002616795726090822,0.0002399724326096475,-9.335493071438379e-05,0.00030083436117823786,0.002509006556618798,-0.1858587863373035,0.009206621223782713,0.021594963222742077,7.239556148304201,7.194432084466704,0.9937670123812677,18023.421363879366,460800.0,4608000000.0,nan,nan,nan,nan,nan,nan,nan,nan,nan,0,0.012108571422561115,0.48936170212765956,0.00014661750189526372,0.00810590181401167,-0.007690229808058113,0.1043001658824245
AdamW,CSCO,44,0.01,,0.00015144834600428424,0.00028243973179268266,False,,10000,17.75308918952942,0.001775308918952942,0.0015890371361386595,0.0,17.501953125,nan,nan,2497,5000,5000,0.5,8.895257711410522,0.00031407578346143524,0.00028520575711395683,0.00028636721457502424,0.00037802138831466436,-0.00022657304231038012,0.0003013653639002916,0.0026235054119607927,-0.03672340962562422,0.008003862004783877,0.018726285826414817,7.383611064693213,7.193543675693421,0.9742582068131065,18025.03195831025,460800.0,4608000000.0,nan,nan,nan,nan,nan,nan,nan,nan,nan,0,0.012306435146064202,0.44680851063829785,0.00015144834600428424,0.008394897930205815,-0.040892230575082955,-0.673278299837167
AdamW,CSCO,45,0.01,,0.00014672367266876989,0.00028445617115465966,False,,10000,17.46697497367859,0.0017466974973678589,0.001586988960515807,0.0001,17.501953125,nan,nan,2497,4250,3750,0.375,6.564975261688232,0.0002941373766077796,0.0002706192629981851,0.00027507658102536207,0.00024399091489613056,-9.726724222736068e-05,0.0002921370493346539,0.002499810550801515,0.028269654678992524,0.006853392971005815,0.014726580074056982,7.37746317188219,7.036933001779904,0.9538418339517908,18320.287312612276,460800.0,4608000000.0,nan,nan,nan,nan,nan,nan,nan,nan,nan,0,0.012112954745592418,0.48138297872340424,0.00014672367266876989,0.008106419649073687,-0.008419932945612274,0.44630438999940664
AdamW,CSCO,46,0.01,,0.00014923207422412892,0.00028326478972042906,False,,10000,17.696391820907593,0.0017696391820907593,0.0015912781026623266,0.0,17.501953125,nan,nan,2497,500,500,0.05,0.9062564373016357,0.0002885149213742767,0.00029676413358266075,0.000280382539175277,0.00021846711752004921,-6.92350432959203e-05,0.00030116239068687006,0.002806192633337734,-0.057861639337911816,0.008333224740835431,0.021711880527436726,7.301230860173851,7.345122787602086,1.0060115791801152,18082.782255190155,460800.0,4608000000.0,nan,nan,nan,nan,nan,nan,nan,nan,nan,0,0.012216058047673518,0.5372340425531915,0.00014923207422412892,0.008259047906865519,-0.025659973916821288,1.5220018567088442
AdamW,CTSH,42,0.01,,0.00016773395516254282,0.0004089821713040299,False,,10000,17.912294149398804,0.0017912294149398803,0.0015916837336378328,0.0003,17.501953125,nan,nan,2497,2250,2250,0.225,3.994107484817505,0.0003466978995060635,0.00035103548002191136,0.0003580090235928789,0.00013246889284346253,3.52650623190803e-05,0.0004196460241931868,0.0028449216624519863,-0.1616227741440334,0.00919330512880042,0.0205549000762403,7.192625308173382,6.981216651112174,0.9706075809592121,17864.8249817146,460800.0,4608000000.0,nan,nan,nan,nan,nan,nan,nan,nan,nan,0,0.012951214428096804,0.4947089947089947,0.00016773395516254282,0.00957118897210984,0.008608698286065808,0.5811563133653252
AdamW,CTSH,43,0.01,,0.00017274066648155292,0.00040632363813941614,False,,10000,17.614585161209106,0.0017614585161209106,0.0015882810447593707,0.0004,17.501953125,nan,nan,2497,500,500,0.05,0.9205553531646729,0.0003639213902018614,0.0003697415328678453,0.00033368523959330517,0.00024334588670171797,-7.060522022016505e-05,0.0004230490199994013,0.0025153874741625872,-0.08739525316422526,0.008188938934509133,0.017537040635943406,7.239556148304201,6.97088210438574,0.9628880502596286,18166.76334250011,460800.0,4608000000.0,nan,nan,nan,nan,nan,nan,nan,nan,nan,0,0.013143084359523563,0.47619047619047616,0.00017274066648155292,0.00983621392931257,-0.020983461792967173,0.43911700387923486
AdamW,CTSH,44,0.01,,0.00016893099540125125,0.0004081529236598736,False,,10000,17.713555335998535,0.0017713555335998536,0.001587218396458433,0.0001,17.501953125,nan,nan,2497,5000,1250,0.125,2.186838388442993,0.0003931998685447048,0.00033914685434314606,0.00034278394457725836,0.0002860183303710073,-0.00011708733496975607,0.0004282400928200049,0.0025842788648005985,-0.09627905078370219,0.009325474120445142,0.02139152996242046,7.383611064693213,6.955428658000501,0.9420090788990518,18065.260978391903,460800.0,4608000000.0,nan,nan,nan,nan,nan,nan,nan,nan,nan,0,0.012997345705999024,0.4973544973544973,0.00016893099540125125,0.009630518615561188,0.0015335936699069075,0.4453284366126996
AdamW,CTSH,45,0.01,,0.00017806065697518607,0.0004078625288819128,False,,10000,17.650736808776855,0.0017650736808776856,0.001590499884928642,0.0001,17.501953125,nan,nan,2497,4250,500,0.05,0.9130661487579346,0.00037335691926547915,0.0003666657962112297,0.000323457498924021,0.00018986986833624542,-1.1809211361059346e-05,0.00043401174185949467,0.002649916096924121,0.2716219408452636,0.009323544262377255,0.020390168577432626,7.37746317188219,7.138430553103964,0.9675996188379152,18129.554786680605,460800.0,4608000000.0,nan,nan,nan,nan,nan,nan,nan,nan,nan,0,0.013343937086751648,0.4708994708994709,0.00017806065697518607,0.009967379469089406,-0.05242725798484571,-0.6068268288485892
AdamW,CTSH,46,0.01,,0.00017090025481092866,0.00040737276684384133,False,,10000,17.859315872192383,0.0017859315872192382,0.0015923019634059362,0.0001,17.501953125,nan,nan,2497,6500,2250,0.225,4.005697011947632,0.0003583191080082302,0.0003469225314185632,0.00036356350538533673,0.0002881281543523073,-0.00011722789954137866,0.0004208325318136256,0.0028391960927299305,-0.025067199099882684,0.007950796944004105,0.02076303400099275,7.301230860173851,6.98388941148401,0.956535897197711,17917.8196012677,460800.0,4608000000.0,nan,nan,nan,nan,nan,nan,nan,nan,nan,0,0.013072882421674595,0.4708994708994709,0.00017090025481092866,0.009713107315951553,-0.010105711250081528,-0.47794193327653095
AdamW,FICO,42,0.01,,0.0003954358596019644,0.0007007860378498108,False,,10000,17.74942970275879,0.001774942970275879,0.001595520765345484,0.0001,17.501953125,nan,nan,2497,6500,1500,0.15,2.662877082824707,0.0004553066644974048,0.00043079868461622594,0.00044843523184630833,0.00020402153313625604,0.00019141432646570836,0.0007420875304881824,0.003077567878624474,-0.03819391111125546,0.009163126023141377,0.020955773722380392,7.192625308173382,6.666394248773579,0.9268374151505129,18028.748267346444,460800.0,4608000000.0,nan,nan,nan,nan,nan,nan,nan,nan,nan,0,0.019885569129445713,0.3968253968253968,0.0003954358596019644,0.01533515869625031,-0.1496844782845943,-2.0359688915627197
AdamW,FICO,43,0.01,,0.0005779325489013914,0.0007007266703587944,False,,10000,17.787039518356323,0.0017787039518356324,0.0015924114861944813,0.0001,17.501953125,nan,nan,2497,5750,4500,0.45,7.9422712326049805,0.000509667371195195,0.0004299219099080482,0.00043760936280385525,0.00046310335164889693,0.0001148291972524945,0.0007785069444248776,0.002870820287869413,-0.07937401264381426,0.009378426182131807,0.020246294792741534,7.239556148304201,6.797043311530232,0.9388756951795141,17990.62737055024,460800.0,4608000000.0,nan,nan,nan,nan,nan,nan,nan,nan,nan,0,0.024040227721496138,0.3968253968253968,0.0005779325489013914,0.019528801479036847,-0.6802727037355447,-2.0359688915627197
AdamW,FICO,44,0.01,,0.00047017909862377027,0.0007005670658789516,False,,10000,17.690008401870728,0.0017690008401870726,0.0015912342764106717,0.0001,17.501953125,nan,nan,2497,5750,4000,0.4,7.094318866729736,0.0004340501342990247,0.0004762927860215153,0.00042131329623134033,0.00018780224490910769,0.0002823768537146626,0.0007839254801316966,0.0028092088088063063,-0.06163581397251831,0.009835525113715266,0.02310001226142049,7.383611064693213,6.753694907774346,0.9146872510754276,18089.307406216936,460800.0,4608000000.0,nan,nan,nan,nan,nan,nan,nan,nan,nan,0,0.021683613596994628,0.3968253968253968,0.00047017909862377027,0.01726563014681377,-0.36699188648622205,-2.0359688915627197
AdamW,FICO,45,0.01,,0.0007939214901949362,0.0007021019250075444,False,,10000,17.83340048789978,0.001783340048789978,0.001588042005118128,0.0,17.501953125,nan,nan,2497,4500,1750,0.175,3.110718011856079,0.0004667441209459756,0.0004841652315655392,0.0004178189379763189,0.0004257212858647108,0.00036820020433022543,0.0007464740997203019,0.0026688049602224964,-0.10063322069940363,0.007798467963220174,0.019564123172312972,7.37746317188219,6.878757090474062,0.9324014136310633,17943.857662879527,460800.0,4608000000.0,nan,nan,nan,nan,nan,nan,nan,nan,nan,0,0.028176612468409617,0.3994708994708995,0.0007939214901949362,0.02272776447275959,-1.3082358164797014,-2.186369866315449
AdamW,FICO,46,0.01,,0.0004117088343100573,0.0006971021704079302,False,,10000,17.68922519683838,0.0017689225196838379,0.0015964949980557786,0.0,17.501953125,nan,nan,2497,8000,2000,0.2,3.54353928565979,0.0004689566090760108,0.0004297708818625952,0.0004732827911593711,0.00040149776032194495,1.0211073988112337e-05,0.0007357914812798517,0.003084039786311283,-0.011964442490161202,0.008849029087560484,0.020452121831476686,7.301230860173851,6.615115088921577,0.9060273829999211,18090.10832521902,460800.0,4608000000.0,nan,nan,nan,nan,nan,nan,nan,nan,nan,0,0.020290609510560723,0.3968253968253968,0.0004117088343100573,0.01576104618254162,-0.19699628874165298,-2.0359688915627197
AdamW,FTNT,42,0.01,,0.0007294570958172833,0.0009404803460725739,False,,10000,17.63456416130066,0.001763456416130066,0.0015911096779169752,0.0004,17.501953125,nan,nan,2497,1250,750,0.075,1.3236064910888672,0.0006687232335574811,0.0006371961587755923,0.0006499312701650777,0.0005413804319687188,0.00018807666384856457,0.0009726130010919053,0.0029110509502256925,0.021377821685865685,0.01031686655647427,0.022654166724532833,7.192625308173382,7.095089622220255,0.9864394874230008,18146.1813897417,460800.0,4608000000.0,nan,nan,nan,nan,nan,nan,nan,nan,nan,0,0.02700846341088814,0.47619047619047616,0.0007294570958172833,0.015418431115528894,-0.02100582071457535,-0.12281838427367227
AdamW,FTNT,43,0.01,,0.0008559212798164005,0.0009452114054631808,False,,10000,17.588669776916504,0.0017588669776916503,0.001585890949604841,0.0003,17.501953125,nan,nan,2497,1750,1750,0.175,3.045083999633789,0.0006931332690503715,0.000599990926214724,0.0006770321915248192,0.0003530672984197736,0.0005028539813966269,0.0010067035651146973,0.002473859177207727,-0.046304413242361675,0.009371725311533373,0.02198941204696891,7.239556148304201,6.939542797557114,0.9585591513345245,18193.530497682677,460800.0,4608000000.0,nan,nan,nan,nan,nan,nan,nan,nan,nan,0,0.029256132345482723,0.5105820105820106,0.0008559212798164005,0.01803672124469091,-0.1980150906433995,1.3831038982158812
AdamW,FTNT,44,0.01,,0.0007245710917881557,0.0009385897563054011,False,,10000,17.851382970809937,0.0017851382970809936,0.0015929587411707513,0.0002,17.501953125,nan,nan,2497,3250,500,0.05,0.9070632457733154,0.0006628719994757977,0.0006703088382664377,0.0006440791777900479,0.0003747869632206857,0.00034978412856746994,0.00100682962247241,0.002914189664627295,-0.0654557130838172,0.011110083703505734,0.027353889122605324,7.383611064693213,7.025227430719799,0.9514622816893586,17925.78202614636,460800.0,4608000000.0,nan,nan,nan,nan,nan,nan,nan,nan,nan,0,0.026917858231816208,0.48677248677248675,0.0007245710917881557,0.015370110355357014,-0.0141669831977711,0.9429890836223224
AdamW,FTNT,45,0.01,,0.0007845106579008556,0.0009418917271439529,False,,10000,17.446557998657227,0.0017446557998657226,0.0015905042136151262,0.0001,17.501953125,nan,nan,2497,250,nan,nan,nan,0.0006686616851346078,0.0007278155020163952,0.0006136520659294252,0.0003922416071873158,0.0003922690507135398,0.0009949838276794149,0.0027474837934710916,-0.06018592386863309,0.009647784418830997,0.023829638585448246,7.37746317188219,7.212790570575148,0.9776789666758812,18341.726776400756,460800.0,4608000000.0,nan,nan,nan,nan,nan,nan,nan,nan,nan,0,0.02800911740667413,0.5211640211640212,0.0007845106579008556,0.016361284508276237,-0.09806313863047134,-0.2757683516954159
AdamW,FTNT,46,0.01,,0.0010009158856023556,0.0009366704709333829,False,,10000,17.79519820213318,0.0017795198202133179,0.001592593065382868,0.0004,17.501953125,nan,nan,2497,500,500,0.05,0.9032082557678223,0.0006778198553954386,0.0006751585740579246,0.0006671138839327296,0.0006618391489610076,0.00033907673664134797,0.0010036659862592513,0.0028235567504141263,-0.16625742243004404,0.011015760298510577,0.025083829089999166,7.301230860173851,7.1772524178430075,0.9830195148317922,17982.379087052843,460800.0,4608000000.0,nan,nan,nan,nan,nan,nan,nan,nan,nan,0,0.031637254710267695,0.48677248677248675,0.0010009158856023556,0.020129107924365494,-0.4009610038829041,0.7687397671552197
AdamW,GLW,42,0.01,,0.00024815828160003377,0.0003470199019586376,False,,10000,17.78722882270813,0.001778722882270813,0.0015939483344935747,0.0,17.501953125,nan,nan,2497,8750,2000,0.2,3.6066949367523193,0.0003765328389068308,0.00037215493865142777,0.00036060232958497554,0.00012522490578703582,0.00012293337581299795,0.0003595536772729523,0.00321115815439582,-0.07154956171605191,0.007133205217793147,0.015481860702857373,7.192625308173382,5.937407122417241,0.8254853920543078,17990.435901486286,460800.0,4608000000.0,nan,nan,nan,nan,nan,nan,nan,nan,nan,0,0.015753040392255516,0.4601063829787234,0.00024815828160003377,0.010957127525692894,-0.0638865812913314,-0.6724292348639411
AdamW,GLW,43,0.01,,0.00024022067350054543,0.0003474751581247669,False,,10000,17.867111921310425,0.0017867111921310425,0.0015880078137426024,0.0,17.501953125,nan,nan,2497,6750,4000,0.4,7.084178686141968,0.00039753782669652097,0.0003876708925041447,0.0003676359931221131,0.00029726969660259783,-5.7049023102052405e-05,0.000356047143581359,0.0027992912417338007,-0.07995229851046516,0.00766463315025976,0.01829343726858495,7.239556148304201,6.318930401923295,0.8728339517614551,17910.001426606068,460800.0,4608000000.0,nan,nan,nan,nan,nan,nan,nan,nan,nan,0,0.015499053955017559,0.47074468085106386,0.00024022067350054543,0.01066382473738736,-0.029857030916680793,-0.2074130305134812
AdamW,GLW,44,0.01,,0.00024510575113473115,0.0003473185971181652,False,,10000,17.948294639587402,0.0017948294639587403,0.0015864992660275577,0.0001,17.501953125,nan,nan,2497,3250,750,0.075,1.329270362854004,0.0003801414698953333,0.00037032811838495446,0.00036810200872329583,0.00014564873708877712,9.945701404595402e-05,0.0003787467483840799,0.0024630959965956565,-0.04110590397378265,0.009112369930130081,0.02295892424881458,7.383611064693213,7.036093154832858,0.952933881969744,17828.991914039372,460800.0,4608000000.0,nan,nan,nan,nan,nan,nan,nan,nan,nan,0,0.015655853574134217,0.4521276595744681,0.00024510575113473115,0.01082936544266958,-0.05079998921759721,-0.9967400418942051
AdamW,GLW,45,0.01,,0.00023921378075130402,0.00034787167920990395,False,,10000,17.647265434265137,0.0017647265434265137,0.0015865991622892503,0.0,17.501953125,nan,nan,2497,6000,750,0.075,1.304006814956665,0.0003714062708586973,0.00039128367262272393,0.0003527965507623791,0.00027976458659395576,-4.055080584265173e-05,0.00036563620854014324,0.0025307457837746507,-0.038780756415941725,0.008529193995414243,0.019629773311316965,7.37746317188219,6.886471659008902,0.9334471075715282,18133.121031809616,460800.0,4608000000.0,nan,nan,nan,nan,nan,nan,nan,nan,nan,0,0.01546653745190901,0.44148936170212766,0.00023921378075130402,0.010647251492454893,-0.025540351748004175,-1.415218132708017
AdamW,GLW,46,0.01,,0.0002671962298413433,0.00034716262899596115,False,,10000,17.771364450454712,0.001777136445045471,0.0015877485449710064,0.0,17.501953125,nan,nan,2497,3750,500,0.05,0.9007160663604736,0.0003583730231200391,0.00037887168863640617,0.00037674171599872135,0.0003349483013153076,-6.77520714739643e-05,0.0003600728382693256,0.002714616284946356,0.011575587065451231,0.008025869095580129,0.01838544989004731,7.301230860173851,6.876609262751398,0.9418424638866518,18006.495837285707,460800.0,4608000000.0,nan,nan,nan,nan,nan,nan,nan,nan,nan,0,0.016346138071157458,0.4521276595744681,0.0002671962298413433,0.011450068660514064,-0.14550472249804947,-1.0507169091053683
AdamW,GOOGL,42,0.01,,0.0003459256477456875,0.0005357369029553563,False,,10000,17.848702430725098,0.0017848702430725099,0.0015906078954796292,0.0001,17.501953125,nan,nan,2497,2750,500,0.05,0.8926193714141846,0.00027334545670335594,0.00026269194816953546,0.00025868624966391183,0.0002429765445413068,0.00010294910320438072,0.0005585832907327672,0.0029805797123043753,-0.05985064729182525,0.006383594611933222,0.013445287430658929,7.192625308173382,6.905135742264284,0.9600299537941441,17928.474142139647,460800.0,4608000000.0,nan,nan,nan,nan,nan,nan,nan,nan,nan,0,0.018599076529378752,0.41909814323607425,0.0003459256477456875,0.013891546814529985,-0.1300471044624969,-1.1073815342933746
AdamW,GOOGL,43,0.01,,0.00031770817028782354,0.0005372657541887197,False,,10000,17.59858751296997,0.001759858751296997,0.0015885798373089463,0.0001,17.501953125,nan,nan,2497,4750,1000,0.1,1.7819554805755615,0.0002825046502574325,0.0002684706272035331,0.00027910403229455604,0.00017996103269979358,0.00013774713758802997,0.0005559293313925748,0.00274570056866523,-0.11192407819783938,0.007870498264879098,0.01790446704253554,7.239556148304201,6.715925063108718,0.9276708303010898,18183.277479750202,460800.0,4608000000.0,nan,nan,nan,nan,nan,nan,nan,nan,nan,0,0.017824370123171913,0.41909814323607425,0.00031770817028782354,0.013035175030824369,-0.03786810905034632,-1.1073815342933746
AdamW,GOOGL,44,0.01,,0.00034455142954669933,0.0005353274965159773,False,,10000,17.840080499649048,0.0017840080499649047,0.0015857018582581897,0.0001,17.501953125,nan,nan,2497,3500,1500,0.15,2.729224681854248,0.00027543128760024887,0.00027954169414356556,0.00026003415999060954,8.644173794891685e-05,0.0002581096915977825,0.000558527900634603,0.0024234370151463855,-0.10840162000482365,0.007596135016285552,0.016306909546256056,7.383611064693213,7.05791204513482,0.9558889252555822,17937.1387929721,460800.0,4608000000.0,nan,nan,nan,nan,nan,nan,nan,nan,nan,0,0.018562096582732765,0.41909814323607425,0.00034455142954669933,0.013908754580866092,-0.12555789903125358,-1.1073815342933746
AdamW,GOOGL,45,0.01,,0.0003900147146648831,0.0005349175367178272,False,,10000,17.56980609893799,0.0017569806098937989,0.0015857974328155058,0.0,17.501953125,nan,nan,2497,2250,2250,0.225,4.032368183135986,0.00027852219280333034,0.0002682595818630329,0.00025233359168101564,0.0002006630675168708,0.0001893516471480123,0.0005573487716378513,0.0024722205200499283,-0.1063907811656997,0.007510522329193918,0.017602732684463256,7.37746317188219,7.013610639167273,0.9506805355394151,18213.06383223788,460800.0,4608000000.0,nan,nan,nan,nan,nan,nan,nan,nan,nan,0,0.01974879020762748,0.4217506631299735,0.0003900147146648831,0.01499162653766612,-0.27407436215550884,-1.1753647513801488
AdamW,GOOGL,46,0.01,,0.0003936518594701454,0.0005369851222405067,False,,10000,18.029646158218384,0.0018029646158218384,0.0015862280656863481,0.0003,17.501953125,nan,nan,2497,1750,1750,0.175,3.1901016235351562,0.0002908001325648292,0.0002662323381302797,0.000283644087506893,0.00034653369220905006,4.7118167261095347e-05,0.0005777685524922264,0.0024936925855047905,-0.09314253673458367,0.0082049939330489,0.017221418675035228,7.301230860173851,7.03736952336518,0.9638607048781377,17748.545766891584,460800.0,4608000000.0,nan,nan,nan,nan,nan,nan,nan,nan,nan,0,0.019840661769964865,0.4217506631299735,0.0003936518594701454,0.015231026543511285,-0.285955947063949,-1.156702867485292
AdamW,GPN,42,0.01,,0.00032962785747946887,0.0005786839862717241,False,,10000,17.729015350341797,0.0017729015350341796,0.0015949891121818417,0.0,17.501953125,nan,nan,2497,10000,1250,0.125,2.2828047275543213,0.00034794288760216544,0.00034193125303917015,0.00034343176640216206,0.0001637013047002256,0.00016592655277924327,0.00058881587135478,0.0031872092662173666,0.00957998341071801,0.00779052188065034,0.0178233434446156,7.192625308173382,5.595506228397471,0.7779504685221104,18049.507751925474,460800.0,4608000000.0,nan,nan,nan,nan,nan,nan,nan,nan,nan,0,0.018155656349453986,0.4960212201591512,0.00032962785747946887,0.012757511996718311,-0.006828711884288685,-0.32842959592167353
AdamW,GPN,43,0.01,,0.00032830409823902067,0.0005786871878474713,False,,10000,17.863545179367065,0.0017863545179367065,0.0015979166952884538,0.0003,17.501953125,nan,nan,2497,5000,750,0.075,1.3214170932769775,0.0003695386974115641,0.00035131718960124803,0.0003541183176343581,0.0002770362771116197,5.126782112740096e-05,0.0006019177530595561,0.002668623405112551,-0.062191612187571486,0.008233038850722369,0.017496977001428604,7.239556148304201,6.940203489276156,0.9586504126916446,17913.577444280752,460800.0,4608000000.0,nan,nan,nan,nan,nan,nan,nan,nan,nan,0,0.018119163839400005,0.506631299734748,0.00032830409823902067,0.012722184418370483,-0.002785367911189107,0.7629493287388461
AdamW,GPN,44,0.01,,0.00034185258484391306,0.0005798947352629441,False,,10000,17.474539756774902,0.0017474539756774901,0.001593531593722821,0.0001,17.501953125,nan,nan,2497,500,500,0.05,0.9258089065551758,0.00037301039622593467,0.0003407713347900236,0.00033267659734345797,0.00016204180428758264,0.00017981078055633043,0.0006105473202596285,0.002871976179839749,-0.08282844652843276,0.009027234036622395,0.02065497804433107,7.383611064693213,7.232394927810417,0.9795200294872143,18312.35640274506,460800.0,4608000000.0,nan,nan,nan,nan,nan,nan,nan,nan,nan,0,0.01848925592996952,0.5358090185676393,0.00034185258484391306,0.012738583579895988,-0.04416841551126938,0.9779757554108073
AdamW,GPN,45,0.01,,0.00038830636354981275,0.0005713712710600633,False,,10000,17.467644214630127,0.0017467644214630128,0.0015865950090253465,0.0,17.501953125,nan,nan,2497,250,nan,nan,nan,0.00036188507028215027,0.00035856716169443086,0.0003365465552799417,0.000305644643958658,8.266171959115477e-05,0.0005883685223409078,0.0025614599298990634,-0.06516171867400268,0.0070125411182751125,0.017256531585007905,7.37746317188219,7.068363067285929,0.9581021148605203,18319.585404194466,460800.0,4608000000.0,nan,nan,nan,nan,nan,nan,nan,nan,nan,0,0.01970549069548416,0.4854111405835544,0.00038830636354981275,0.013572107547174686,-0.18605872337013074,-0.5476303852814929
AdamW,GPN,46,0.01,,0.00032729964959558357,0.0005788868317869677,False,,10000,17.86852741241455,0.0017868527412414552,0.0015907482945234435,0.0,17.501953125,nan,nan,2497,7750,1000,0.1,1.7793774604797363,0.00033623118672683667,0.0003538410019900684,0.0003658407344753097,0.0002496978850103915,7.760176458519209e-05,0.000594937749369683,0.002814633260201436,-0.037187997452870526,0.008375313501153869,0.019301921036094422,7.301230860173851,6.700913091568693,0.9177785526712049,17908.582650055036,460800.0,4608000000.0,nan,nan,nan,nan,nan,nan,nan,nan,nan,0,0.01809142475305866,0.4907161803713528,0.00032729964959558357,0.012705524131734536,0.00028266080931660387,0.3704434851395181
AdamW,GRMN,42,0.01,,0.0003797291290192377,0.00031535262217256057,False,,10000,17.73996925354004,0.0017739969253540038,0.0015886311333940207,0.0001,17.501953125,nan,nan,2497,750,750,0.075,1.3380484580993652,0.0003225957469658127,0.00028840674041469543,0.0003077093313759553,0.00010246981400996447,0.00027725931500927325,0.00032670039711197663,0.002820142224173884,-0.08781726684963966,0.007612478024462325,0.017166296578943724,7.192625308173382,7.009953192568218,0.9746028594875387,18038.36271791415,460800.0,4608000000.0,nan,nan,nan,nan,nan,nan,nan,nan,nan,0,0.019486639757003713,0.4584450402144772,0.0003797291290192377,0.011270649218685412,-0.16647695935641726,-0.8346271074995713
AdamW,GRMN,43,0.01,,0.0003448618704049045,0.0003194957971572876,False,,10000,17.709266662597656,0.0017709266662597656,0.0015854205908658297,0.0001,17.501953125,nan,nan,2497,7750,1250,0.125,2.230149745941162,0.0003178629589486117,0.0003321182022767961,0.0002732016256390439,0.0003255678457207978,1.9294024684106696e-05,0.00033796902046409226,0.0024429737256372905,-0.037711817989454555,0.00810760634802573,0.01755656180903315,7.239556148304201,6.986791259533254,0.9650855821002017,18069.635863344174,460800.0,4608000000.0,nan,nan,nan,nan,nan,nan,nan,nan,nan,0,0.018570456925043725,0.4477211796246649,0.0003448618704049045,0.010201791606882893,-0.05936941689690589,-1.2173131128352688
AdamW,GRMN,44,0.01,,0.0003791809397399741,0.0003140169129131327,False,,10000,17.692347526550293,0.0017692347526550294,0.0016161756932814443,0.0001,17.501953125,nan,nan,2497,1750,1750,0.175,3.1151676177978516,0.00030617963988309216,0.0003059182320118854,0.0003201602427182322,0.0006919993902556598,-0.0003128184505156857,0.0003378452882773696,0.0029365855075634936,-0.12440330704845036,0.008195368819199212,0.01794682098552583,7.383611064693213,7.150310871903265,0.9684029683110562,18086.915799036113,460800.0,4608000000.0,nan,nan,nan,nan,nan,nan,nan,nan,nan,0,0.01947256890448649,0.4450402144772118,0.0003791809397399741,0.011457841863077153,-0.1647929954074867,-1.654706844715586
AdamW,GRMN,45,0.01,,0.00042921367776456963,0.00031170462423673673,False,,10000,17.814276218414307,0.0017814276218414307,0.0015845838492513234,0.0,17.501953125,nan,nan,2497,1250,1250,0.125,2.3244287967681885,0.00030662790264561317,0.0003220462680688277,0.0003066504516848551,0.00027741515077650547,0.00015179852698806416,0.0003261936172647378,0.0023513445722970288,-0.027401293530065936,0.007452816776280088,0.01722749574109912,7.37746317188219,7.057621603982588,0.9566461315430732,17963.12104272985,460800.0,4608000000.0,nan,nan,nan,nan,nan,nan,nan,nan,nan,0,0.02071747276490474,0.4477211796246649,0.00042921367776456963,0.013102955288357206,-0.3184868567921626,-1.6167899363808245
AdamW,GRMN,46,0.01,,0.0003452943194480169,0.00031539477625323225,False,,10000,17.68502402305603,0.001768502402305603,0.0015863482770740868,0.0001,17.501953125,nan,nan,2497,6500,4750,0.475,8.242550134658813,0.00030147730884669965,0.00029939067499036657,0.00032941698511591215,0.0010982591193169355,-0.0007529647998689186,0.0003346907378909199,0.002549133290383277,0.03609583921486175,0.007964845031729784,0.018255860824137923,7.301230860173851,6.910793494487342,0.9465244459237367,18094.405728983733,460800.0,4608000000.0,nan,nan,nan,nan,nan,nan,nan,nan,nan,0,0.0185820967452012,0.4450402144772118,0.0003452943194480169,0.010217537955632286,-0.06069784236215603,-1.654706844715586
AdamW,HPE,42,0.01,,0.0005851686000823975,0.0003786877249226426,False,,10000,17.606414556503296,0.0017606414556503296,0.0015981497709170775,0.0,17.427734375,nan,nan,2497,7500,4000,0.4,6.942681789398193,0.0005206547868648769,0.0005058997528599878,0.000505328790322654,0.0007680827984586358,-0.00018291419837623835,0.00040741929905781644,0.003353952071951622,-0.09485219253431482,0.010522286605664703,0.022576878871768697,7.192625308173382,5.8036277029238,0.8068858663232203,18175.193988136634,460800.0,4608000000.0,nan,nan,nan,nan,nan,nan,nan,nan,nan,0,0.024190258371551088,0.4778761061946903,0.0005851686000823975,0.016519426271833223,-0.02681570189588034,-0.9210708329602321
AdamW,HPE,43,0.01,,0.0006934255361557007,0.0003750241357526738,False,,10000,17.672561645507812,0.0017672561645507812,0.0015904518485725463,0.0001,17.427734375,nan,nan,2497,6750,6750,0.675,11.973281383514404,0.0005325663549432034,0.0005226602043487863,0.0004953937489846805,0.0005712700658477843,0.0001221554703079164,0.00041002061853584535,0.0029175938410645214,-0.13157136985210263,0.009562038575262704,0.020697129331529136,7.239556148304201,6.56019158625145,0.9061593627929958,18107.16558351012,460800.0,4608000000.0,nan,nan,nan,nan,nan,nan,nan,nan,nan,0,0.02633297431274524,0.47345132743362833,0.0006934255361557007,0.018913758212122423,-0.21677791412591785,-1.1649124685521386
AdamW,HPE,44,0.01,,0.0006492274717010301,0.0003742358901283958,False,,10000,17.71807837486267,0.001771807837486267,0.0015884308767082477,0.0001,17.427734375,nan,nan,2497,3500,750,0.075,1.2885522842407227,0.0005210179126099487,0.0005144605067775749,0.0005096281680950652,0.00035138390376232564,0.0002978435679387044,0.0003989229113349826,0.0026722032651132037,-0.0796481296506417,0.00909404735690914,0.021321017574518916,7.383611064693213,6.959989488203203,0.9426267753300721,18060.649311383364,460800.0,4608000000.0,nan,nan,nan,nan,nan,nan,nan,nan,nan,0,0.025479942537239564,0.4911504424778761,0.0006492274717010301,0.01844982854251204,-0.1392220326772693,-0.5778868726506293
AdamW,HPE,45,0.01,,0.0005880239708670255,0.0003763461138778951,False,,10000,17.628764152526855,0.0017628764152526856,0.0015864160037205748,0.0001,17.427734375,nan,nan,2497,3250,2250,0.225,4.009943723678589,0.0005178716484525947,0.0005134649015616898,0.0005152207336643112,0.0005102662253193557,7.775774554766974e-05,0.00040970627209801217,0.0024926497355672,-0.13620511521484188,0.009188004504828132,0.02185862911865115,7.37746317188219,6.944405098091234,0.9412998664037423,18152.151633053196,460800.0,4608000000.0,nan,nan,nan,nan,nan,nan,nan,nan,nan,0,0.024249205571874422,0.504424778761062,0.0005880239708670255,0.016474499784666915,-0.03182612035643673,-0.29107512590830115
AdamW,HPE,46,0.01,,0.0006309584553899436,0.0003758473442746447,False,,10000,17.720253705978394,0.0017720253705978393,0.001593829271163913,0.0,17.427734375,nan,nan,2497,3500,500,0.05,0.8971867561340332,0.0005240538018982352,0.0005308878350344522,0.0005119973531699665,0.0003926224017050117,0.00023833605368493184,0.00040668737524118657,0.0029162408773266237,-0.05520686653779963,0.008954353183193597,0.024010374955832955,7.301230860173851,6.8066632611105575,0.9322624351243268,18058.432193441993,460800.0,4608000000.0,nan,nan,nan,nan,nan,nan,nan,nan,nan,0,0.02511888642814294,0.47345132743362833,0.0006309584553899436,0.017453592399071002,-0.10716475413605231,-1.1649124685521386
AdamW,HPQ,42,0.01,,0.000338729254152409,0.0005557544588726458,False,,10000,17.78377604484558,0.0017783776044845582,0.0015969917828736503,0.0001,17.501953125,nan,nan,2497,10000,1000,0.1,1.7588353157043457,0.00047460262414579675,0.0004899468273940102,0.000468151186541341,0.000870733056217432,-0.000532003802065023,0.0005807422503341519,0.0032507542237435808,-0.016959556992691416,0.008647131495586654,0.01844809213653206,7.192625308173382,6.601699239283747,0.917842784300451,17993.92880303102,460800.0,4608000000.0,nan,nan,nan,nan,nan,nan,nan,nan,nan,0,0.01840459872293903,0.49066666666666664,0.000338729254152409,0.012470665432157971,0.0039036570846959773,-0.000901251990084208
AdamW,HPQ,43,0.01,,0.00034055752413613457,0.0005609197072704528,False,,10000,17.875964641571045,0.0017875964641571045,0.0015949724721690739,0.0,17.501953125,nan,nan,2497,3750,750,0.075,1.3318328857421875,0.0004951703697253662,0.00048302546856557327,0.00044941252491768793,0.0015971194952726364,-0.0012565619711365017,0.0005947828560404768,0.003127675679779289,-0.08329831551815833,0.008496422575100587,0.019478396978229267,7.239556148304201,6.851882044168168,0.9464505701462316,17901.131850296417,460800.0,4608000000.0,nan,nan,nan,nan,nan,nan,nan,nan,nan,0,0.018454200717888992,0.5226666666666666,0.00034055752413613457,0.01246713708948206,-0.0014727106849194982,-0.5179606210069219
AdamW,HPQ,44,0.01,,0.0003439129660369227,0.0005570945357138029,False,,10000,17.855503797531128,0.0017855503797531128,0.001594541431463578,0.0001,17.501953125,nan,nan,2497,1250,750,0.075,1.3854308128356934,0.0004651509331031188,0.0004764333813334315,0.00046108206082535303,0.00026598310796543956,7.792985807148314e-05,0.0005835337046335435,0.002956491356176087,-0.04724188031081903,0.009288062630566129,0.022225375846028312,7.383611064693213,7.190966758333353,0.9739092017886692,17921.644980089906,460800.0,4608000000.0,nan,nan,nan,nan,nan,nan,nan,nan,nan,0,0.018544890564166798,0.488,0.0003439129660369227,0.012803895132882255,-0.011340011383831117,0.5434875116216602
AdamW,HPQ,45,0.01,,0.00033549656943669394,0.0005544431962132138,False,,10000,17.909292936325073,0.0017909292936325073,0.0015889792826180023,0.0,17.501953125,nan,nan,2497,5000,5000,0.5,8.96068787574768,0.0004853329587842467,0.0005050796972527945,0.0004679152552148986,0.0002706543600652367,6.484220937145725e-05,0.0005829648700594245,0.0027076865339885374,0.07411821068755504,0.008420056169423333,0.019014801457524298,7.37746317188219,7.103913936921219,0.9629209623162129,17867.81874291364,460800.0,4608000000.0,nan,nan,nan,nan,nan,nan,nan,nan,nan,0,0.018316565437785925,0.49066666666666664,0.00033549656943669394,0.012451093663614262,0.013409967459863892,0.49961244263968096
AdamW,HPQ,46,0.01,,0.000341227997547735,0.0005578519652945926,False,,10000,17.56040072441101,0.001756040072441101,0.0015908435476558321,0.0,17.501953125,nan,nan,2497,5500,1750,0.175,3.0246219635009766,0.00046229015265846217,0.0004490584214405887,0.0004674480705054823,0.00038020825013518333,-3.8980252587448336e-05,0.000598542399348219,0.002892448968921038,-0.032019407214067985,0.008722003609815147,0.020189924351871,7.301230860173851,6.909398045044726,0.9463333206916573,18222.818774013656,460800.0,4608000000.0,nan,nan,nan,nan,nan,nan,nan,nan,nan,0,0.018472357660778847,0.488,0.000341227997547735,0.012677035003742844,-0.0034443623953341884,0.47542857012022866
AdamW,IBM,42,0.01,,0.0007737386163580354,0.0001866895735105722,False,,10000,17.959870100021362,0.0017959870100021362,0.0015873657044074947,0.0,17.501953125,nan,nan,2497,2250,2250,0.225,4.096418857574463,0.00020768328633815974,0.000207096427307783,0.00019626330822928946,0.0001709617063170299,0.0006027769100410055,0.00020068369733349187,0.002761129658810314,-0.08654922646295192,0.0059500902870844585,0.014187731780111788,7.192625308173382,6.795143790622108,0.9447376304866605,17817.500806958473,460800.0,4608000000.0,nan,nan,nan,nan,nan,nan,nan,nan,nan,0,0.027816157469320514,0.41909814323607425,0.0007737386163580354,0.02252382450002842,-3.517114364955326,-1.7774495433568487
AdamW,IBM,43,0.01,,0.0002944073073132328,0.0001891195299770851,False,,10000,17.62414526939392,0.001762414526939392,0.0015872172037522416,0.0001,17.501953125,nan,nan,2497,6000,2250,0.225,3.989919424057007,0.00021258426940968476,0.0002055732392961109,0.0002004430499031379,0.00030536792473867536,-1.096061742544255e-05,0.00020421168077180946,0.002599782465880347,0.029396596807653986,0.006614689185807219,0.014233329240232705,7.239556148304201,6.765078268182249,0.9344603632595495,18156.908894510292,460800.0,4608000000.0,nan,nan,nan,nan,nan,nan,nan,nan,nan,0,0.01715830141107309,0.4244031830238727,0.0002944073073132328,0.01295497177769898,-0.718760636857039,-1.6118116989578584
AdamW,IBM,44,0.01,,0.0003153997123556793,0.00018726413778031851,False,,10000,17.8187518119812,0.0017818751811981201,0.0015895623297682551,0.0,17.501953125,nan,nan,2497,6500,6500,0.65,11.655263185501099,0.00020491394291226314,0.00020628572413600922,0.00019380793087895874,9.910637163557112e-05,0.00021629334072010816,0.0002043892813200757,0.0027612344919754864,-0.03514678319319881,0.006640021902864101,0.015115888044238081,7.383611064693213,6.934993753382401,0.9392414758334171,17958.609187475988,460800.0,4608000000.0,nan,nan,nan,nan,nan,nan,nan,nan,nan,0,0.017759496399269863,0.4270557029177719,0.0003153997123556793,0.013732433319091797,-0.841315065920609,-1.6491134301970671
AdamW,IBM,45,0.01,,0.00027194256505007466,0.00018606896188594303,False,,10000,17.513678789138794,0.0017513678789138794,0.0015877511231050803,0.0,17.501953125,nan,nan,2497,2250,1000,0.1,1.7446811199188232,0.0002208772002148743,0.00020527291063255747,0.0001999956100185628,0.00016917428001761436,0.0001027682850324603,0.00020963188086222168,0.002590785800021695,0.014647788420576627,0.006117958911559981,0.014347805408760904,7.37746317188219,6.976161610895361,0.9456043965741078,18271.432510138864,460800.0,4608000000.0,nan,nan,nan,nan,nan,nan,nan,nan,nan,0,0.016490681157856235,0.4297082228116711,0.00027194256505007466,0.012197227074355676,-0.5876106492041357,-1.5481684009162227
AdamW,IBM,46,0.01,,0.001137275702108151,0.00018864933312413547,False,,10000,17.736506938934326,0.0017736506938934326,0.0015864258836325652,0.0001,17.501953125,nan,nan,2497,1750,1750,0.175,3.1066346168518066,0.00021554667917089755,0.00020716041965265197,0.0002000133836556077,0.00010957362246699631,0.0010277020796411547,0.000203994861680748,0.0025558225926015847,0.12774934132936644,0.006554485178069444,0.01567997289821504,7.301230860173851,7.009602924903736,0.9600577024812539,18041.883957294398,460800.0,4608000000.0,nan,nan,nan,nan,nan,nan,nan,nan,nan,0,0.0337235185309622,0.4827586206896552,0.001137275702108151,0.022594098691587097,-5.639457178818412,-0.01706205259342828
AdamW,INTC,42,0.01,,0.0009631369479749568,0.0006022955283562131,False,,10000,17.589793920516968,0.0017589793920516968,0.0016103420983034924,0.0,17.501953125,nan,nan,2497,250,nan,nan,nan,0.0003459700436217581,0.00032576538077904013,0.00032215250492180925,0.00035651447251439095,0.0006066224754605659,0.0006188721707229962,0.003846388199696528,0.006031584580592947,0.007233642120986042,0.01875289957970378,7.192625308173382,6.891770453097768,0.9581717603537979,18192.367769968456,460800.0,4608000000.0,nan,nan,nan,nan,nan,nan,nan,nan,nan,0,0.031034447763331585,0.47480106100795755,0.0009631369479749568,0.02063521380146975,-0.026074478639778187,1.2538942756371907
AdamW,INTC,43,0.01,,0.0009395674107566713,0.0006080484042433275,False,,10000,17.782678604125977,0.0017782678604125975,0.0015932011897505241,0.0,17.501953125,nan,nan,2497,5250,4500,0.45,7.949946165084839,0.00034851148143224495,0.0003290326676385021,0.00031732367655956455,0.0004358955193310976,0.0005036718914255737,0.0006223189381201364,0.003009647891742699,0.005371236032305664,0.008187182063108776,0.018221675790846346,7.239556148304201,6.878070572802443,0.9500679920016322,17995.039280851248,460800.0,4608000000.0,nan,nan,nan,nan,nan,nan,nan,nan,nan,0,0.030652363868985233,0.5172413793103449,0.0009395674107566713,0.020238796869913738,-0.0009647570535784578,0.5638710878718309
AdamW,INTC,44,0.01,,0.0009382285138286611,0.0006085211702620002,False,,10000,17.926603317260742,0.0017926603317260743,0.0015938024647174074,0.0,17.501953125,nan,nan,2497,3250,3250,0.325,5.882484674453735,0.00033918181138479093,0.0003433011066192512,0.00031846255013936005,0.00013784463226329535,0.0008003838815653657,0.000632571625172796,0.0029821911925025702,-0.050969419096500504,0.008782307762636629,0.020291152037680144,7.383611064693213,7.0531488461853815,0.9552438209959314,17850.565125847683,460800.0,4608000000.0,nan,nan,nan,nan,nan,nan,nan,nan,nan,0,0.03063051605553947,0.4854111405835544,0.0009382285138286611,0.020253833639558662,0.0004616319664345614,0.11228095474417386
AdamW,INTC,45,0.01,,0.0009453381022448262,0.0006133934942417499,False,,10000,17.816592931747437,0.0017816592931747437,0.0015906106656455215,0.0,17.501953125,nan,nan,2497,6250,6250,0.625,11.107652187347412,0.00035325252432959143,0.0003290101034594364,0.0003061528759437723,0.00019340029393788427,0.0007519378083069419,0.0006345089899717703,0.002801283181461573,0.10678088269504528,0.0075180241181427845,0.015740215405821798,7.37746317188219,7.19834642823076,0.975721092809504,17960.78527616754,460800.0,4608000000.0,nan,nan,nan,nan,nan,nan,nan,nan,nan,0,0.03074635103951079,0.4960212201591512,0.0009453381022448262,0.02036015444962436,-0.0071125424464546505,0.5026006418645382
AdamW,INTC,46,0.01,,0.0009676679259254819,0.0006071050856410666,False,,10000,17.44018793106079,0.001744018793106079,0.0015970070254592988,0.0,17.501953125,nan,nan,2497,5750,5750,0.575,9.965676307678223,0.0003160432562987295,0.0003449036330142538,0.0003352855638162379,0.00026220642030239105,0.0007054615056230908,0.0006234267948112106,0.0031839897291681568,0.05421898699614271,0.007321080825781974,0.017978341411799194,7.301230860173851,6.766789984126369,0.9268012632003316,18348.42613307414,460800.0,4608000000.0,nan,nan,nan,nan,nan,nan,nan,nan,nan,0,0.031107361281945498,0.46419098143236076,0.0009676679259254819,0.02066343801992911,-0.03090153968035847,-0.05133579934547856
AdamW,INTU,42,0.01,,0.0002893339941110561,0.0007579559830835074,False,,10000,17.579413890838623,0.0017579413890838624,0.0015872816202428088,0.0001,17.501953125,nan,nan,2497,2250,750,0.075,1.3669674396514893,0.00030938196547027893,0.0002758019284090229,0.00029827547632069765,0.00015216678730212152,0.00013716720680893456,0.0007777232009116091,0.002696660507885703,-0.10833450167468936,0.007879509984690959,0.019183295872062443,7.192625308173382,7.012117609605284,0.9749037811877984,18203.109727495837,460800.0,4608000000.0,nan,nan,nan,nan,nan,nan,nan,nan,nan,0,0.017009820519660285,0.4350132625994695,0.0002893339941110561,0.01252542980133541,-0.014435386641607373,-1.177359574123207
AdamW,INTU,43,0.01,,0.00029089893140490095,0.0007606006427532166,False,,10000,17.709181547164917,0.0017709181547164918,0.0015862729116882,0.0,17.501953125,nan,nan,2497,5500,1750,0.175,3.0546932220458984,0.00030386987702262777,0.00029895950095501066,0.0002907312969723525,0.00016926437092479318,0.00012163456048010777,0.000784185977320375,0.0025755733862783204,-0.0009129502633547248,0.007660331635759212,0.01609387435019016,7.239556148304201,6.795562922569978,0.9386712090300972,18069.72271122429,460800.0,4608000000.0,nan,nan,nan,nan,nan,nan,nan,nan,nan,0,0.017055759478982486,0.4482758620689655,0.00029089893140490095,0.012588227236712421,-0.01992222123782872,-0.7927949596474838
AdamW,INTU,44,0.01,,0.0003812622140955042,0.000750591726454879,False,,10000,17.85115361213684,0.001785115361213684,0.0015872733962757932,0.0001,17.501953125,nan,nan,2497,1000,1000,0.1,1.865633487701416,0.00030367101351667334,0.000290815263800377,0.00028314701803176475,0.00014379213098436594,0.00023747008311113824,0.0007876121488256713,0.002587330558421262,-0.10521768165386078,0.007098939227170922,0.017325467895716425,7.383611064693213,7.157529093760684,0.9693805688095352,17926.0123436748,460800.0,4608000000.0,nan,nan,nan,nan,nan,nan,nan,nan,nan,0,0.01952593695819753,0.4562334217506631,0.0003812622140955042,0.015302436061637111,-0.33674538574736035,-0.8491199130190652
AdamW,INTU,45,0.01,,0.0003144425098542814,0.0007595157433568008,False,,10000,17.6482937335968,0.00176482937335968,0.0015864887935403236,0.0001,17.501953125,nan,nan,2497,1500,1500,0.15,2.6406819820404053,0.0003198335262645275,0.00029423654740950376,0.00027797826805910764,0.0002057465462712571,0.00010869596358302431,0.0007746853605789416,0.0025338253269844855,0.10745075888817994,0.007684884399612929,0.01732808807864785,7.37746317188219,7.075059630090148,0.9590098202123738,18132.064483424856,460800.0,4608000000.0,nan,nan,nan,nan,nan,nan,nan,nan,nan,0,0.01773252688858194,0.4588859416445623,0.0003144425098542814,0.013441895681714255,-0.10246848124645047,-0.5623530983479944
AdamW,INTU,46,0.01,,0.0003050595088295205,0.0007574569325232063,False,,10000,18.175397157669067,0.0018175397157669066,0.0015873683715652998,0.0003,17.501953125,nan,nan,2497,2750,2750,0.275,5.032899618148804,0.00030505951053345345,0.0002924573842468171,0.00031457204034500603,0.00021521031158044934,8.984919724907116e-05,0.0008041909509132259,0.002574274894314545,-0.09623626367468094,0.007714170949492836,0.017520079948008062,7.301230860173851,6.988044009205314,0.9571049242290253,17606.21774721312,460800.0,4608000000.0,nan,nan,nan,nan,nan,nan,nan,nan,nan,0,0.01746595284630989,0.46153846153846156,0.0003050595088295205,0.01309752968884019,-0.06957069368555158,-0.6322654948690479
AdamW,KEYS,42,0.01,,0.00037802894448125084,0.000349546957295388,False,,10000,17.736530780792236,0.0017736530780792237,0.0016129054550384442,0.0008,17.44140625,nan,nan,2497,3750,1750,0.175,3.12600040435791,0.0003787960155511305,0.00037757498941632636,0.00038951376143651933,0.00029959960374981165,7.842934073143919e-05,0.00036585883935913444,0.0029077983331339584,-0.10079655336250523,0.012476491005592106,0.019246709253638965,7.192625308173382,8.537626899761731,1.1869973109901817,18041.859704973635,460800.0,4608000000.0,nan,nan,nan,nan,nan,nan,nan,nan,nan,0,0.019442966452711142,0.4980544747081712,0.00037802894448125084,0.01322708203811054,-0.0008936624286515205,0.09051298491835899
AdamW,KEYS,43,0.01,,0.00037511773118677064,0.00034847273491322994,False,,10000,17.731346607208252,0.0017731346607208253,0.0015865902573593204,0.0004,17.44140625,nan,nan,2497,500,500,0.05,0.8883481025695801,0.0003844250515754379,0.00039617803019991555,0.0003806346927891803,0.0003665856202133,8.532110973470653e-06,0.00036889470991296455,0.002498692538358678,-0.09924690893375235,0.012674775550395133,0.020353105757385474,7.239556148304201,7.565133952750624,1.0449720670406963,18047.134664318823,460800.0,4608000000.0,nan,nan,nan,nan,nan,nan,nan,nan,nan,0,0.01936795629865915,0.5019455252918288,0.00037511773118677064,0.013297442317933075,0.00681425247829226,1.6504860260107859
AdamW,KEYS,44,0.01,,0.00037667724166729654,0.00034864223562180996,False,,10000,17.760551691055298,0.0017760551691055298,0.001588020193513867,0.0003,17.44140625,nan,nan,2497,500,500,0.05,0.8993239402770996,0.00038615232301252207,0.0003961518227191113,0.0003775863906561818,0.00030429675825871527,7.238048340858127e-05,0.0003699396206334663,0.0026457187618589358,-0.16052667220882433,0.009886137109457923,0.018052822351455687,7.383611064693213,7.2738762896907145,0.985138061303469,18017.458329358135,460800.0,4608000000.0,nan,nan,nan,nan,nan,nan,nan,nan,nan,0,0.019408174609357176,0.490272373540856,0.00037667724166729654,0.01321240358574446,0.0026851925763015094,0.4380329728347819
AdamW,KEYS,45,0.01,,0.00037541032530540643,0.0003520040772855282,False,,10000,18.07079839706421,0.001807079839706421,0.001765908670028081,0.0004,17.44140625,nan,nan,2497,8750,6250,0.625,11.276211023330688,0.000381231365661046,0.00037114113039814244,0.0003704033305147028,0.0006576511077582836,-0.0002822407824528772,0.00037820026157602953,0.003558144074967825,0.1482679659999055,0.010354108066989283,0.01953334594145417,7.37746317188219,8.963300638317687,1.214957015641856,17708.127386999535,460800.0,4608000000.0,nan,nan,nan,nan,nan,nan,nan,nan,nan,0,0.01937550838830833,0.5408560311284046,0.00037541032530540643,0.013155391974042552,0.006039561536548832,1.9298270679639427
AdamW,KEYS,46,0.01,,0.00037432993336241374,0.00034907920053228736,False,,10000,17.64750838279724,0.001764750838279724,0.0015874433101378857,0.0005,17.44140625,nan,nan,2497,500,500,0.05,0.8790626525878906,0.00036993940683628364,0.0003723764147106839,0.00037648012096030736,0.0001662937575019896,0.00020803617586042414,0.00036464365518604143,0.002583276423873913,-0.07078914797802148,0.009848811044115427,0.018581490125507114,7.301230860173851,7.300443053388445,0.9998920994554901,18132.87139797794,460800.0,4608000000.0,nan,nan,nan,nan,nan,nan,nan,nan,nan,0,0.01934760794936712,0.47470817120622566,0.00037432993336241374,0.013252657513285792,0.00890007649040847,0.9838498885702498
AdamW,KLAC,42,0.01,,0.0007591219963850799,0.0008031855527538836,False,,10000,17.57777190208435,0.001757777190208435,0.001598107366967891,0.0001,17.501953125,nan,nan,2497,3000,1500,0.15,2.6932623386383057,0.0004898559897759201,0.0004528111386754156,0.0004875720576547055,0.0001925185788422823,0.0005666034175427976,0.0008398876651196239,0.0031533466520670497,-0.124444962854065,0.00825304265396444,0.019186670146882533,7.192625308173382,6.987095375800891,0.9714249076566054,18204.81013080246,460800.0,4608000000.0,nan,nan,nan,nan,nan,nan,nan,nan,nan,0,0.027552168633069155,0.4497354497354497,0.0007591219963850799,0.02080011115503059,-0.20129804424988662,-0.46054431575672167
AdamW,KLAC,43,0.01,,0.0006336118020708599,0.0008028355138055209,False,,10000,17.99064540863037,0.001799064540863037,0.0015893453912119223,0.0001,17.501953125,nan,nan,2497,5000,500,0.05,0.9135358333587646,0.00048560716899507346,0.0004693596192403247,0.0004580325020284284,0.000429847976192832,0.0002037638258780279,0.0008252946345617858,0.0027708183094486212,-0.10504589453701807,0.00887013053978808,0.020895785000175224,7.239556148304201,6.786112549399476,0.9373658288414629,17787.021684418916,460800.0,4608000000.0,nan,nan,nan,nan,nan,nan,nan,nan,nan,0,0.025171646789013624,0.46296296296296297,0.0006336118020708599,0.018064642709399028,-0.0026802309325499873,-0.46031482313546956
AdamW,KLAC,44,0.01,,0.0006318269740967523,0.0008027380436105501,False,,10000,17.66914939880371,0.001766914939880371,0.0015878104307670685,0.0001,17.501953125,nan,nan,2497,5750,4250,0.425,7.543156385421753,0.0004824468881601555,0.0004694922207158646,0.0004538244578439659,0.00022512293071486056,0.00040670404338189175,0.0008378237666284634,0.002640188082298126,-0.07901215343652036,0.01041810895317467,0.0257945256307721,7.383611064693213,6.986962424230152,0.9462798572422447,18110.662419418197,460800.0,4608000000.0,nan,nan,nan,nan,nan,nan,nan,nan,nan,0,0.02513616864394318,0.4894179894179894,0.0006318269740967523,0.017885191730721287,0.0001442299114620127,-0.07094657046260697
AdamW,KLAC,45,0.01,,0.0007107191615634494,0.0008017668989672269,False,,10000,17.77263855934143,0.001777263855934143,0.0015861785261280282,0.0,17.501953125,nan,nan,2497,750,750,0.075,1.3301365375518799,0.0004783617433721182,0.0004910682666786772,0.00045118863908860803,0.00047523449757136405,0.00023548466399208538,0.0008183900285381724,0.0025057510237245866,0.19173741931644211,0.008525791791245138,0.019317135494202362,7.37746317188219,7.074640626026434,0.9589530250710153,18005.204963322998,460800.0,4608000000.0,nan,nan,nan,nan,nan,nan,nan,nan,nan,0,0.026659316599707678,0.47354497354497355,0.0007107191615634494,0.019093367157789764,-0.12470135612299016,-1.0079195365601648
AdamW,KLAC,46,0.01,,0.0006658242493079452,0.0008001133839078544,False,,10000,17.860690116882324,0.0017860690116882324,0.0015943733094084995,0.0001,17.501953125,nan,nan,2497,3250,1250,0.125,2.3001911640167236,0.0004899383641297968,0.0004717343768354173,0.00048603724279460065,0.0004987680003978312,0.00016705624891011404,0.0008580111459202648,0.003062054453124924,-0.032324580760953014,0.008899233337915211,0.02206654893234371,7.301230860173851,7.0080400307105,0.9598436434789888,17916.440960897075,460800.0,4608000000.0,nan,nan,nan,nan,nan,nan,nan,nan,nan,0,0.025803570475962146,0.4470899470899471,0.0006658242493079452,0.018677386026533824,-0.05365589762471057,-0.5813292481069939
AdamW,LRCX,42,0.01,,0.0007899506066842054,0.0009582339926803143,False,,10000,17.732869148254395,0.0017732869148254394,0.0015940339619913643,0.0002,17.501953125,nan,nan,2497,2250,1500,0.15,2.71282958984375,0.0005490837816538182,0.000524864731659677,0.0005528428787372053,0.00021870085038244724,0.0005712497563017581,0.0009910338159516531,0.0031384600578651086,-0.009122630378267145,0.008662183150338388,0.01968010002747177,7.192625308173382,7.045353233712348,0.9795245729964994,18045.58514049039,460800.0,4608000000.0,nan,nan,nan,nan,nan,nan,nan,nan,nan,0,0.028106059963719662,0.4880636604774536,0.0007899506066842054,0.021597186093607907,-0.2172504717432706,-0.2179367264438608
AdamW,LRCX,43,0.01,,0.0006515584373600269,0.0009627613369918945,False,,10000,17.800554752349854,0.0017800554752349853,0.001590674328088133,0.0001,17.501953125,nan,nan,2497,4500,1500,0.15,2.7223806381225586,0.000586178761020275,0.0005357985273659972,0.0005445437243755826,0.00034082832280546427,0.0003107301145545626,0.0009956854227521116,0.0028745931807066414,-0.020190176522447745,0.010436834809063293,0.02367662033066153,7.239556148304201,6.832766021217003,0.9438100736075532,17976.967822183,460800.0,4608000000.0,nan,nan,nan,nan,nan,nan,nan,nan,nan,0,0.02552564274136945,0.4986737400530504,0.0006515584373600269,0.018708312322222996,-0.0039992482237036775,-0.02625560603586109
AdamW,LRCX,44,0.01,,0.0007033191976093111,0.0009637726396717507,False,,10000,17.68385672569275,0.001768385672569275,0.0015938053820462824,0.0001,17.501953125,nan,nan,2497,4250,2500,0.25,4.341046333312988,0.0005528366919791811,0.0005549023258784141,0.0005251116782477717,0.0002001963439397514,0.0005031228536695597,0.0010050236266672648,0.0029932578507352076,-0.15790571161690659,0.009998613248414768,0.0247240126132965,7.383611064693213,7.055724304698961,0.9555926284413688,18095.600126361252,460800.0,4608000000.0,nan,nan,nan,nan,nan,nan,nan,nan,nan,0,0.026520165866926834,0.4880636604774536,0.0007033191976093111,0.019884984960000983,-0.08375842468119976,-0.2179367264438608
AdamW,LRCX,45,0.01,,0.0006856770111770226,0.0009628784909488668,False,,10000,17.79411482810974,0.0017794114828109742,0.0015902172878449856,0.0,17.501953125,nan,nan,2497,7500,750,0.075,1.3343701362609863,0.000541398550448469,0.0005695912720002469,0.0005359121588521309,0.00041445388342253864,0.000271223127754484,0.0009868433526087188,0.002821750442034033,-0.10466413943302573,0.00875928577730665,0.019615611992776383,7.37746317188219,6.871077323937691,0.9313604370301037,17983.47392332712,460800.0,4608000000.0,nan,nan,nan,nan,nan,nan,nan,nan,nan,0,0.026185435096194653,0.4880636604774536,0.0006856770111770226,0.0194250225390076,-0.056573231612703445,-0.2179367264438608
AdamW,LRCX,46,0.01,,0.0006854631913402093,0.0009618441053031294,False,,10000,17.737619400024414,0.0017737619400024413,0.0015909631742274325,0.0001,17.501953125,nan,nan,2497,5500,500,0.05,0.9269356727600098,0.0005361435589585319,0.0005589597645193894,0.0005650656571802392,0.00042578839929774404,0.00025967479204246525,0.00099096646935147,0.0028772081705584285,-0.026851673207546944,0.009558559322092333,0.021731711737811563,7.301230860173851,6.89045647169581,0.9437390220437079,18040.75241345857,460800.0,4608000000.0,nan,nan,nan,nan,nan,nan,nan,nan,nan,0,0.026181351976935975,0.4880636604774536,0.0006854631913402093,0.019497533323903565,-0.05624375240852708,-0.2179367264438608
AdamW,MCHP,42,0.01,,0.0005254154955899274,0.0007181796850513084,False,,10000,17.91801881790161,0.001791801881790161,0.001591999929172005,0.0,17.501953125,nan,nan,2497,1500,750,0.075,1.3717329502105713,0.00042827658994209176,0.0003985713587739541,0.0004154848674259679,0.00015174972941167653,0.00037366576617825086,0.0007394530268775309,0.003049244420229459,0.05067955337684404,0.007947252134066366,0.01908071925863621,7.192625308173382,6.928273311086257,0.9632467999150842,17859.117308231256,460800.0,4608000000.0,nan,nan,nan,nan,nan,nan,nan,nan,nan,0,0.022921943538668953,0.4946808510638298,0.0005254154955899274,0.017394714254550834,-0.004007277686935096,0.6454567856669202
AdamW,MCHP,43,0.01,,0.0005179154021399361,0.0007202318555796494,False,,10000,18.014982223510742,0.0018014982223510743,0.001587101164461452,0.0003,17.501953125,nan,nan,2497,6750,750,0.075,1.3172597885131836,0.00043081179245572996,0.0004313871848662505,0.00041391952319232194,0.0003203152446076274,0.00019760015753230874,0.0007384347301887378,0.002581300770530502,-0.10646719956572645,0.01110150040329536,0.02275135992094874,7.239556148304201,7.287230707514341,1.0065852875830388,17762.992826181024,460800.0,4608000000.0,nan,nan,nan,nan,nan,nan,nan,nan,nan,0,0.022757754769307453,0.5,0.0005179154021399361,0.017205908184959776,0.010324519662643472,0.6453942155699037
AdamW,MCHP,44,0.01,,0.0005215640578951154,0.0007184566015906295,False,,10000,17.94718885421753,0.001794718885421753,0.0015875028284046862,0.0,17.501953125,nan,nan,2497,5750,750,0.075,1.3536458015441895,0.00042608987194820016,0.00042731655140220787,0.0003912086793273824,8.975336095318198e-05,0.00043181069694193345,0.000753956892689353,0.0026394842461618774,-0.15581558708482723,0.009928539360820287,0.022066867351531978,7.383611064693213,6.803032621183221,0.921369308537094,17830.090416906773,460800.0,4608000000.0,nan,nan,nan,nan,nan,nan,nan,nan,nan,0,0.022837776991097784,0.4920212765957447,0.0005215640578951154,0.0173608764769539,0.0033523672181077213,1.0438990292137864
AdamW,MCHP,45,0.01,,0.0005337478464873379,0.0007176064053644236,False,,10000,17.777185440063477,0.0017777185440063477,0.0015879422120905528,0.0,17.501953125,nan,nan,2497,750,750,0.075,1.3524811267852783,0.0004185514808360168,0.0004261817003015055,0.00040159593832633046,0.0005044792778789997,2.9268568608338194e-05,0.000733420221382182,0.0026931811622938223,-0.06687756359789461,0.007991754563973517,0.01841069729998706,7.37746317188219,7.014649958853574,0.950821413190999,18000.599761919195,460800.0,4608000000.0,nan,nan,nan,nan,nan,nan,nan,nan,nan,0,0.02310298349753421,0.5345744680851063,0.0005337478464873379,0.017446444778846056,-0.019929421231347666,1.737472422176545
AdamW,MCHP,46,0.01,,0.0005193996051001171,0.0007182596849193624,False,,10000,17.804184913635254,0.0017804184913635254,0.0015890192080415047,0.0,17.501953125,nan,nan,2497,4750,1250,0.125,2.2713186740875244,0.0004147102895068485,0.00041911924554715934,0.00043743776812865345,0.00042737287003546953,9.202673506464754e-05,0.0007325279263098337,0.0027452721840422406,-0.011843613581833131,0.008439417201188189,0.018219050019979473,7.301230860173851,6.805594235758007,0.9321160179827485,17973.302431549644,460800.0,4608000000.0,nan,nan,nan,nan,nan,nan,nan,nan,nan,0,0.02279034017078545,0.5212765957446809,0.0005193996051001171,0.01724959933568561,0.007488382194118848,1.2696155019016342
AdamW,META,42,0.01,,0.0006318112495560316,0.0011026195547182102,False,,10000,17.7627592086792,0.00177627592086792,0.0015972494644328058,0.0004,17.4716796875,nan,nan,2497,2500,750,0.075,1.3376245498657227,0.000555694375934222,0.0006032030854491516,0.0006590352824356853,0.00018561838078312576,0.0004461928687729058,0.001153674557314503,0.0028469681844537275,-0.14674797314905502,0.012282496085092135,0.027866893913596827,7.192625308173382,7.35534715278592,1.0226234285313913,18015.219158273696,460800.0,4608000000.0,nan,nan,nan,nan,nan,nan,nan,nan,nan,0,0.025135855854854665,0.5078864353312302,0.0006318112495560316,0.01823142039700874,-0.3809738358158936,-0.577729020648537
AdamW,META,43,0.01,,0.0005511259601551032,0.0010943941137392063,False,,10000,17.702274322509766,0.0017702274322509766,0.0015954195112902313,0.0,17.4716796875,nan,nan,2497,2250,1000,0.1,1.8183670043945312,0.0006119031579222287,0.0006332020071738586,0.0005935929012888112,0.00043193588498979807,0.00011919007516530511,0.0011127160622986217,0.003239898286614783,-0.08396918388298238,0.008994407093471091,0.02055619293823838,7.239556148304201,6.7833120847658135,0.93697900061936,18076.773310031473,460800.0,4608000000.0,nan,nan,nan,nan,nan,nan,nan,nan,nan,0,0.023476072076799883,0.4605678233438486,0.0005511259601551032,0.016603751752361562,-0.20461693543431214,-1.6245658710427648
AdamW,META,44,0.01,,0.0005923020858434762,0.001099520771285337,False,,10000,18.04033136367798,0.001804033136367798,0.00159302913884417,0.0001,17.4716796875,nan,nan,2497,4500,1500,0.15,2.6544651985168457,0.0006671841377815482,0.0005492136475346188,0.0005995529358751748,0.0006762766279280186,-8.397454208454241e-05,0.0011256786213524371,0.0029400826794798328,-0.21480434836110904,0.00973601799546159,0.021663090307265518,7.383611064693213,7.086438358253505,0.959752388927862,17738.033384701637,460800.0,4608000000.0,nan,nan,nan,nan,nan,nan,nan,nan,nan,0,0.02433725715530565,0.501577287066246,0.0005923020858434762,0.01762028160335133,-0.2946171566647302,-0.4198856601547683
AdamW,META,45,0.01,,0.000456757515481433,0.0010927608148532711,False,,10000,17.97238802909851,0.001797238802909851,0.001590842944539597,0.0,17.4716796875,nan,nan,2497,5250,3000,0.3,5.396342515945435,0.0006524628921966329,0.0005761291392656512,0.0006158386814493405,0.002906053327023983,-0.00244929581154255,0.0011168067811868593,0.0028239727533082375,-0.12257356445198762,0.009895125061746512,0.0217926925048232,7.37746317188219,6.868737740585605,0.9310433113057757,17805.09075821746,460800.0,4608000000.0,nan,nan,nan,nan,nan,nan,nan,nan,nan,0,0.02137188610023535,0.5488958990536278,0.000456757515481433,0.014448479286529732,0.0016477569284041316,1.2835752094681367
AdamW,META,46,0.01,,0.00047494124316569395,0.00109654787211012,False,,10000,17.888611793518066,0.0017888611793518067,0.0015979272951697015,0.0001,17.4716796875,nan,nan,2497,4750,4250,0.425,7.678814172744751,0.0006110414594629363,0.0006084841382508005,0.000577363494307171,0.00021655813907273114,0.0002583831040929628,0.0011141174415993207,0.003106538008479911,0.07704294052187034,0.010475770314098918,0.026234022900462135,7.301230860173851,6.944828096513003,0.9511859341957088,17888.475846736856,460800.0,4608000000.0,nan,nan,nan,nan,nan,nan,nan,nan,nan,0,0.021793146701788935,0.5141955835962145,0.00047494124316569395,0.014587693244406263,-0.038097107043566725,-0.23780681185981284
AdamW,MRVL,42,0.01,,0.0010619696485933174,0.0015834764397112697,False,,10000,17.941023588180542,0.0017941023588180542,0.001596188692903334,0.0001,17.501953125,nan,nan,2497,1500,500,0.05,0.9265623092651367,0.00057591520594741,0.0005686278693672718,0.0005884278466020248,0.0008234919514507055,0.00023847769714261183,0.0016440430389150814,0.0032496348171007377,-0.02613814789731495,0.010127935396695101,0.023499993514269575,7.192625308173382,6.966484084533875,0.9685592931717811,17836.217561790312,460800.0,4608000000.0,nan,nan,nan,nan,nan,nan,nan,nan,nan,0,0.03258787579136323,0.47214854111405835,0.0010619696485933174,0.023596940217194735,-0.03139096411548947,-0.645861517819615
AdamW,MRVL,43,0.01,,0.001044169304862855,0.001581630909158317,False,,10000,17.933415412902832,0.0017933415412902832,0.0015887453927476696,0.0001,17.501953125,nan,nan,2497,6750,4500,0.45,8.10148000717163,0.0006109792426175183,0.0005737378664953674,0.0005659233939319645,0.001189171220175922,-0.00014500191531306695,0.0016402375217295826,0.0027531447195006105,-0.07845813869979695,0.009511971074670146,0.02331444853916762,7.239556148304201,6.480819487360306,0.8951956935755485,17843.784501292746,460800.0,4608000000.0,nan,nan,nan,nan,nan,nan,nan,nan,nan,0,0.032313608663577874,0.4854111405835544,0.001044169304862855,0.023378200631923775,-0.014103169020717177,-0.9988353416160192
AdamW,MRVL,44,0.01,,0.0010444094579686563,0.0015936560276648727,False,,10000,17.93541669845581,0.001793541669845581,0.001591114167370481,0.0002,17.501953125,nan,nan,2497,5000,2750,0.275,5.008694887161255,0.000585438355286006,0.0005890156282972062,0.0005515688195574809,0.00022207986330613494,0.0008223295946625214,0.0016670939160684075,0.002849176617408518,-0.09304644786914999,0.010037211964702874,0.023884268291294565,7.383611064693213,6.936576349118309,0.9394558148231121,17841.793440324756,460800.0,4608000000.0,nan,nan,nan,nan,nan,nan,nan,nan,nan,0,0.03231732442465893,0.4907161803713528,0.0010444094579686563,0.023322357702507544,-0.014336407083269886,-0.16986081315298326
AdamW,MRVL,45,0.01,,0.001036716516686495,0.001584893828677878,False,,10000,17.858709573745728,0.0017858709573745728,0.0015899885076374,0.0,17.501953125,nan,nan,2497,7000,2750,0.275,4.864091873168945,0.000600435255247768,0.0005865624444373086,0.0005457145617316393,0.00045482651330530643,0.0005818900033811886,0.0016240192551779226,0.002776598334031913,-0.047443317568868486,0.008377041468820972,0.018873077817261216,7.37746317188219,6.71388215235863,0.9100529539676085,17918.42790648409,460800.0,4608000000.0,nan,nan,nan,nan,nan,nan,nan,nan,nan,0,0.03219808250015046,0.47745358090185674,0.001036716516686495,0.02333550730710307,-0.006864978745932726,-0.7123967443746368
AdamW,MRVL,46,0.01,,0.0010564388736845954,0.0015779113896013256,False,,10000,17.67873764038086,0.001767873764038086,0.0015906856598389997,0.0002,17.501953125,nan,nan,2497,4750,1750,0.175,3.1163272857666016,0.000570472286759977,0.000584007859033144,0.0005943614769356524,0.0004844485083594918,0.0005719903653251036,0.0016742615681768704,0.0028501094447617994,-0.06818441455974358,0.00979972232775981,0.022915371041744938,7.301230860173851,6.85356661615906,0.9386864690915784,18100.83991908294,460800.0,4608000000.0,nan,nan,nan,nan,nan,nan,nan,nan,nan,0,0.03250290561910728,0.46153846153846156,0.0010564388736845954,0.023601996204840443,-0.02601944406030876,-1.7448860780946651
AdamW,MSFT,42,0.01,,0.000172762998512813,0.00043366671557135546,False,,10000,17.607612133026123,0.0017607612133026123,0.0015989469477329008,0.0,17.501953125,nan,nan,2497,8000,750,0.075,1.3537929058074951,0.00027573008224404774,0.00023838349930486763,0.00026508707848033877,0.0003400248824618757,-0.00016726188394906267,0.00045882172019580733,0.0031678971060546896,-0.04722493040167918,0.006920768683803181,0.01811519628390669,7.192625308173382,6.147806350888214,0.8547374689325353,18173.95780770208,460800.0,4608000000.0,nan,nan,nan,nan,nan,nan,nan,nan,nan,0,0.013143933905525127,0.4470899470899471,0.000172762998512813,0.010171593181670659,-0.045158486209200266,-0.7335835718058848
AdamW,MSFT,43,0.01,,0.00016827495009810836,0.0004343199160750412,False,,10000,17.944198846817017,0.0017944198846817016,0.001587429155199828,0.0001,17.501953125,nan,nan,2497,4750,1250,0.125,2.1735570430755615,0.00026557434423346105,0.00025213796547418914,0.00025034635630173793,0.0006499318988062441,-0.00048165694870813577,0.0004582042392034932,0.002678428939723515,-0.07050504441849388,0.007650569550339424,0.017015655525028702,7.239556148304201,6.804880175229592,0.939958201280554,17833.0614106387,460800.0,4608000000.0,nan,nan,nan,nan,nan,nan,nan,nan,nan,0,0.012972083491024423,0.455026455026455,0.00016827495009810836,0.009936410283285475,-0.018007291060208708,-0.5276496956284361
AdamW,MSFT,44,0.01,,0.00016870948845747286,0.0004341028413342544,False,,10000,17.66770362854004,0.001766770362854004,0.001589537430582987,0.0001,17.501953125,nan,nan,2497,7250,500,0.05,0.9279797077178955,0.0002709888598345782,0.0002634816765950772,0.000246368697939232,9.589928959030658e-05,7.281019886716628e-05,0.0004620917832122517,0.0027171587281565436,-0.11571181769650939,0.008168076045711495,0.017915589455515146,7.383611064693213,6.849926004139903,0.9277203178936018,18112.1444375532,460800.0,4608000000.0,nan,nan,nan,nan,nan,nan,nan,nan,nan,0,0.012988821673172392,0.4576719576719577,0.00016870948845747286,0.009953821777666688,-0.020636103119404003,-0.2807902596076439
AdamW,MSFT,45,0.01,,0.00017744685133928975,0.00043210980114317065,False,,10000,17.8530490398407,0.0017853049039840698,0.0015857592030351169,0.0,17.501953125,nan,nan,2497,1250,500,0.05,0.9230713844299316,0.00026557005995209106,0.00026772128341434614,0.00024093328638485323,0.000131321168737486,4.6125682601803745e-05,0.0004458405766115459,0.0024867709486761625,-0.010381837188934642,0.006425361698784399,0.015662173833698032,7.37746317188219,7.0887344063415085,0.9608634080829958,17924.109169581676,460800.0,4608000000.0,nan,nan,nan,nan,nan,nan,nan,nan,nan,0,0.013320917811445641,0.544973544973545,0.00017744685133928975,0.01001444695487855,-0.0734942327051955,0.709294700012589
AdamW,MSFT,46,0.01,,0.0001764610488578756,0.00043216675757097,False,,10000,17.805347681045532,0.0017805347681045531,0.0015874603088710457,0.0002,17.501953125,nan,nan,2497,2000,1750,0.175,3.163970708847046,0.00025325972460178524,0.00025770006427571016,0.00026072146205624206,0.0002103615552186966,-3.390050636082099e-05,0.00048367574578895385,0.002583951100346812,-0.13096572704378837,0.007508305504906457,0.016109556052833793,7.301230860173851,6.990080906515365,0.9573839042187091,17972.128695956446,460800.0,4608000000.0,nan,nan,nan,nan,nan,nan,nan,nan,nan,0,0.01328386422912684,0.4417989417989418,0.0001764610488578756,0.010314166230499428,-0.06753045667650115,-0.7803306254772494
AdamW,MSI,42,0.01,,0.0001197419075108079,0.00029442983059415137,False,,10000,17.675761222839355,0.0017675761222839355,0.001587059815444027,0.0002,17.501953125,nan,nan,2497,10000,500,0.05,0.8729038238525391,0.00028772543947899916,0.00024107836365354511,0.00025600737146185237,0.00010429513349663466,1.5446774014173245e-05,0.00031358747660915095,0.0026963323342796943,-0.12563155341582816,0.007064616540072894,0.015941723622381682,7.192625308173382,6.673385350623565,0.9278093970834578,18103.887915532534,460800.0,4608000000.0,nan,nan,nan,nan,nan,nan,nan,nan,nan,0,0.010942664552603626,0.5687830687830688,0.0001197419075108079,0.007554452886026373,-0.002602300547229097,1.8005553913559031
AdamW,MSI,43,0.01,,0.00013233134867968383,0.0002935697331985049,False,,10000,17.742388248443604,0.0017742388248443604,0.0015866838839493518,0.0,17.501953125,nan,nan,2497,7500,1750,0.175,3.181443691253662,0.00025896820286159644,0.0002522387423427435,0.00026042608295088896,0.00024046809994615614,-0.00010813675126647231,0.00031457448648423763,0.0026137912690490086,0.05877711688925821,0.006915910868652645,0.016560574434697627,7.239556148304201,6.6160969213766405,0.9138815675773714,18035.90336988996,460800.0,4608000000.0,nan,nan,nan,nan,nan,nan,nan,nan,nan,0,0.011503536355385844,0.43386243386243384,0.00013233134867968383,0.008194761301474597,-0.10801403935203902,-1.7645861292902725
AdamW,MSI,44,0.01,,0.0001440238325841843,0.00029408856633487366,False,,10000,17.457972288131714,0.0017457972288131714,0.0015898982186911559,0.0,17.501953125,nan,nan,2497,4750,4000,0.4,6.9825966358184814,0.00027433449370945027,0.0002614460898057036,0.000262233602781793,0.00013535964535549283,8.664187228691478e-06,0.0003206873458153227,0.0027268653927176928,0.039749353277525865,0.007338023355707992,0.016468950454145658,7.383611064693213,7.035019847817978,0.952788518541812,18329.734674716063,460800.0,4608000000.0,nan,nan,nan,nan,nan,nan,nan,nan,nan,0,0.012000992983257023,0.5687830687830688,0.0001440238325841843,0.008581596707540846,-0.20591553019563125,1.267156737700835
AdamW,MSI,45,0.01,,0.0001247499000143122,0.00029367631405038605,False,,10000,17.663368701934814,0.0017663368701934814,0.0015855573389654944,0.0,17.501953125,nan,nan,2497,4750,1750,0.175,3.1088526248931885,0.0002769038685483087,0.0002716605693948625,0.00024233108287506324,0.0002936117525678128,-0.0001688618525535006,0.0003181400965454059,0.002427498307308102,-0.1533639885812175,0.007161871633102419,0.017537479940801855,7.37746317188219,6.905017152775685,0.9359609112103543,18116.589502258863,460800.0,4608000000.0,nan,nan,nan,nan,nan,nan,nan,nan,nan,0,0.011169149475869333,0.4365079365079365,0.0001247499000143122,0.007829589187783538,-0.04453436017041046,-1.5945755549596219
AdamW,MSI,46,0.01,,0.00014760999610184363,0.0002935337253527553,False,,10000,17.694731950759888,0.0017694731950759887,0.0015879631188320453,0.0001,17.501953125,nan,nan,2497,4000,2000,0.2,3.566579818725586,0.00026695642291830926,0.0002577527939318212,0.0002689226895213023,0.0001973467878997326,-4.973679179788896e-05,0.0003253445034326116,0.002633704517684345,0.03171888634183289,0.0071868315853549575,0.017415918409824368,7.301230860173851,6.969440130191978,0.9545568772805558,18084.47852674354,460800.0,4608000000.0,nan,nan,nan,nan,nan,nan,nan,nan,nan,0,0.012149485425393276,0.43386243386243384,0.00014760999610184363,0.008854492000801854,-0.23594257642937566,-1.5696440953027342
AdamW,MU,42,0.01,,0.0008341348360455226,0.0008030144067911002,False,,10000,17.64773917198181,0.0017647739171981812,0.0016026875903483438,0.0,17.501953125,nan,nan,2497,2000,2000,0.2,3.5722274780273438,0.0009187025966771358,0.0009083454252586409,0.0009250907735330907,0.0006679396610707045,0.0001661951749748181,0.0008285293834578996,0.003400772282728959,-0.009681624727335426,0.010616410889752296,0.026040121819823948,7.192625308173382,6.839002014819149,0.9508352961258261,18132.634264452616,460800.0,4608000000.0,nan,nan,nan,nan,nan,nan,nan,nan,nan,0,0.028881392557242154,0.47619047619047616,0.0008341348360455226,0.02066628895108662,-0.0030524433198932943,-0.43193267581776207
AdamW,MU,43,0.01,,0.0008359588485546212,0.0008055469717840301,False,,10000,17.697356462478638,0.0017697356462478637,0.0016026917415692058,0.0,17.501953125,nan,nan,2497,8500,8500,0.85,15.015206575393677,0.0009349469158988755,0.0009402593291230247,0.0008923386424060938,0.0008199043804779649,1.6054468076656366e-05,0.0008261765110843776,0.0035060315889944805,0.014344445497691222,0.01143595098219339,0.02852090708911418,7.239556148304201,5.239886951208129,0.7237856636329182,18081.796604959258,460800.0,4608000000.0,nan,nan,nan,nan,nan,nan,nan,nan,nan,0,0.028912952954594957,0.47619047619047616,0.0008359588485546212,0.02063799913598116,-0.0052458299581630286,-0.43193267581776207
AdamW,MU,44,0.01,,0.0008424974623180571,0.0008031261062116142,False,,10000,17.824397563934326,0.0017824397563934325,0.0015873016947784877,0.0,17.501953125,nan,nan,2497,4500,750,0.075,1.4036483764648438,0.0009644622269537769,0.0009037108697561462,0.000891433003510539,0.0005264724604785442,0.00031602500183951286,0.0008294094022760453,0.002606516904371826,-0.15059152889579366,0.012019628289072716,0.02892368528991937,7.383611064693213,6.928459550221522,0.9383565154659724,17952.920924939655,460800.0,4608000000.0,nan,nan,nan,nan,nan,nan,nan,nan,nan,0,0.029025806833196853,0.47619047619047616,0.0008424974623180571,0.020787760063453956,-0.01310855457764104,-0.43193267581776207
AdamW,MU,45,0.01,,0.0009670898554817079,0.0007971126773945533,False,,10000,17.59259819984436,0.001759259819984436,0.0015911770932253177,0.0,17.501953125,nan,nan,2497,1250,1000,0.1,1.7583732604980469,0.0009183185247715688,0.0009203700768911403,0.0009128024746129597,0.0008387530688196421,0.00012833678666206584,0.0008365376108496852,0.0028600250274210155,-0.03075847346539117,0.011443063527916093,0.026344655826687807,7.37746317188219,6.996267557674094,0.9483297164178398,18189.46788671789,460800.0,4608000000.0,nan,nan,nan,nan,nan,nan,nan,nan,nan,0,0.031098068356116716,0.47883597883597884,0.0009670898554817079,0.022688941350058903,-0.16293169944753383,-0.32055491621973947
AdamW,MU,46,0.01,,0.0008466855558768782,0.0008030649995930315,False,,10000,17.614472150802612,0.0017614472150802613,0.0015951664144040274,0.0,17.501953125,nan,nan,2497,3000,1250,0.125,2.2164270877838135,0.000948103095651054,0.0009153262520137531,0.0009302339726211652,0.0010597128421068192,-0.00021302728622994097,0.0008323661927778623,0.0032177756207683295,-0.09004204121812664,0.011260519238830603,0.02687936145812272,7.301230860173851,6.7569483551431455,0.9254533221241349,18166.879896280007,460800.0,4608000000.0,nan,nan,nan,nan,nan,nan,nan,nan,nan,0,0.029097861706264227,0.47619047619047616,0.0008466855558768782,0.020873410361153737,-0.018144763707742095,-0.43193267581776207
AdamW,NOW,42,0.01,,0.0005716988018580845,0.000689062675473037,False,,10000,17.396532773971558,0.0017396532773971557,0.0015964666498382723,0.0002,17.470703125,nan,nan,2497,1250,1000,0.1,1.7535269260406494,0.0006750790151018092,0.000685089068131745,0.0006865187581980142,0.00043986825039610267,0.00013183055146198186,0.0007028229943477073,0.002949863149036127,-0.12129515270182761,0.01178852791697427,0.025230633933097123,7.192625308173382,7.154904666697477,0.9947556504252986,18394.46998765061,460800.0,4608000000.0,nan,nan,nan,nan,nan,nan,nan,nan,nan,0,0.023910223793559202,0.4126984126984127,0.0005716988018580845,0.01841530270046658,-0.35771320412936514,-1.3520246751747738
AdamW,NOW,43,0.01,,0.0005957570340898302,0.0006882405964432249,False,,10000,17.77362561225891,0.001777362561225891,0.0016421089065334247,0.0008,17.470703125,nan,nan,2497,2250,1750,0.175,3.0927765369415283,0.0007280688315733225,0.0007051101714704833,0.0006911335594147039,0.0008005710551515222,-0.000204814021061692,0.0007578602001964121,0.0030907134195892593,0.04413134409846497,0.017669477097599882,0.03270467743277549,7.239556148304201,9.028457936661015,1.2471010310177437,18004.205049716365,460800.0,4608000000.0,nan,nan,nan,nan,nan,nan,nan,nan,nan,0,0.02440813458848976,0.4126984126984127,0.0005957570340898302,0.018985777052621992,-0.4148484989085208,-1.4382468103023338
AdamW,NOW,44,0.01,,0.000481619674061972,0.0006874837218576176,False,,10000,17.985345125198364,0.0017985345125198363,0.0015908237316650555,0.0001,17.470703125,nan,nan,2497,1000,500,0.05,0.9082620143890381,0.0006815961993266979,0.000685858708457093,0.0006798064885693363,0.000403206970077008,7.8412703984964e-05,0.0007107832424784337,0.0028098735665070752,-0.0006396602930289136,0.011105848685855745,0.024296558648347847,7.383611064693213,7.373150573292944,0.9985832824469467,17792.263521908404,460800.0,4608000000.0,nan,nan,nan,nan,nan,nan,nan,nan,nan,0,0.02194583500489266,0.40634920634920635,0.000481619674061972,0.016234279814220612,-0.14378653360330373,-1.5694227407315364
AdamW,NOW,45,0.01,,0.0005808674153827486,0.0006879967204324759,False,,10000,18.154980421066284,0.0018154980421066283,0.0015886951216016788,0.0,17.470703125,nan,nan,2497,2000,1750,0.175,3.144646644592285,0.0007167765506346095,0.00072112243430205,0.0007006082350974536,0.0005989850033074617,-1.8117587924713148e-05,0.0007016205171218364,0.002669493716446698,-0.04902672886815177,0.010615366405232635,0.025662496779113992,7.37746317188219,7.391128911796023,1.0018523630136058,17626.01735602454,460800.0,4608000000.0,nan,nan,nan,nan,nan,nan,nan,nan,nan,0,0.024101191161076427,0.4222222222222222,0.0005808674153827486,0.018597203209286643,-0.3794875153672703,-1.0974525027934752
AdamW,NOW,46,0.01,,0.0005090405543645223,0.0006902942042441884,False,,10000,17.94269824028015,0.0017942698240280151,0.0015926372316467294,0.0005,17.470703125,nan,nan,2497,6750,750,0.075,1.3797013759613037,0.000701672679410893,0.0007111256391601882,0.0006938459880030506,0.0003447040216997266,0.0001643365326647957,0.0007185351049395804,0.0027300880344610927,0.04405075798951581,0.011804244634970382,0.026241133082658047,7.301230860173851,7.079035871700569,0.969567461606331,17834.552847888925,460800.0,4608000000.0,nan,nan,nan,nan,nan,nan,nan,nan,nan,0,0.022561927097757457,0.40634920634920635,0.0005090405543645223,0.0169582276117234,-0.2089076972905859,-1.5694227407315364
AdamW,NVDA,42,0.01,,0.0010627164411797095,0.0014730862660496558,False,,10000,17.71635913848877,0.001771635913848877,0.0016029358066598953,0.0001,17.501953125,nan,nan,2497,4250,750,0.075,1.3256618976593018,0.0007333071064195561,0.0007183821789791388,0.0007138234913108728,0.0018544927006587386,-0.0007917762594790291,0.0015224458846495865,0.0035699427357763582,-0.06900591774594583,0.009448617612075395,0.02213668217882514,7.192625308173382,6.549448983896964,0.9105783637101822,18062.401958470145,460800.0,4608000000.0,nan,nan,nan,nan,nan,nan,nan,nan,nan,0,0.03259933191308849,0.4509283819628647,0.0010627164411797095,0.024739003055310124,-0.19905652111062921,-1.3744424319501176
AdamW,NVDA,43,0.01,,0.0009470388845161155,0.0014726783615840841,False,,10000,18.199217081069946,0.0018199217081069947,0.001592207586735946,0.0004,17.501953125,nan,nan,2497,8250,3750,0.375,6.770213842391968,0.0007695683889395807,0.0007523340166428989,0.0006807294973493968,0.0005749671836383641,0.0003720717008777514,0.0015195229503805682,0.0029166708454223663,-0.08778045225697696,0.011089027663737943,0.025059338938444854,7.239556148304201,6.749008239619534,0.9322406099717075,17583.173967019186,460800.0,4608000000.0,nan,nan,nan,nan,nan,nan,nan,nan,nan,0,0.030773996888868945,0.48010610079575594,0.0009470388845161155,0.02323620912259218,-0.06853823486895516,-1.1402396029849737
AdamW,NVDA,44,0.01,,0.0009138245115835199,0.0014741174105940193,False,,10000,17.792158365249634,0.0017792158365249635,0.0015974486420580732,0.0001,17.501953125,nan,nan,2497,7000,2250,0.225,4.027427434921265,0.0007465153120589145,0.0007268634584720828,0.0007329562423530329,0.0003144993679597974,0.0005993251436237226,0.0015300686956303286,0.003181174720559684,-0.07391862724403116,0.012599305885860668,0.028605815768241876,7.383611064693213,6.5522332281425735,0.8874022711561687,17985.451423645205,460800.0,4608000000.0,nan,nan,nan,nan,nan,nan,nan,nan,nan,0,0.030229530455888987,0.44562334217506633,0.0009138245115835199,0.02268393077547588,-0.03106265914979267,-1.6664645122002304
AdamW,NVDA,45,0.01,,0.0009247797822195386,0.0014728487960855904,False,,10000,17.713424921035767,0.0017713424921035766,0.0015925488385147538,0.0001,17.501953125,nan,nan,2497,7500,6000,0.6,10.550069332122803,0.0007312915256573038,0.0007347168580054438,0.0007038778978721934,0.0005123339360579848,0.0004124458461615538,0.0015124331232172238,0.0028905645157012707,-0.049234318089022754,0.00941063444444153,0.02266540927812457,7.37746317188219,6.566693164513492,0.8901017885851609,18065.393983745096,460800.0,4608000000.0,nan,nan,nan,nan,nan,nan,nan,nan,nan,0,0.030410192077978373,0.4854111405835544,0.0009247797822195386,0.022869586944580078,-0.04342342462554627,-1.1252407655406282
AdamW,NVDA,46,0.01,,0.0011867494494826704,0.001473768004055681,False,,10000,17.929110288619995,0.0017929110288619995,0.0015915805108511006,0.0002,17.501953125,nan,nan,2497,8250,3000,0.3,5.371566295623779,0.0007396128079406699,0.0007154292932310392,0.0007332339510310393,0.0007390719838440418,0.0004476774656386286,0.0015239651463578722,0.0028471851911362135,-0.11401660740320971,0.0103280740304137,0.02346699284389613,7.301230860173851,6.690769853514116,0.9163893022490732,17848.06913721263,460800.0,4608000000.0,nan,nan,nan,nan,nan,nan,nan,nan,nan,0,0.03444923002742834,0.44297082228116713,0.0011867494494826704,0.026446857149638826,-0.3390022128075969,-1.6280204639536195
AdamW,NXPI,42,0.01,,0.000557795249069361,0.0006585486274397834,False,,10000,17.9741632938385,0.00179741632938385,0.0015949197459352144,0.0002,17.4951171875,nan,nan,2497,1000,1000,0.1,1.8058216571807861,0.0007586495930545126,0.0007287670523158986,0.0007430113018957743,0.0006534837884828448,-9.568853941348385e-05,0.00067661696563937,0.0031561787264346346,0.028438745154282918,0.010448248364715255,0.02507814886048436,7.192625308173382,7.055501915479667,0.9809355573495682,17803.33219236387,460800.0,4608000000.0,nan,nan,nan,nan,nan,nan,nan,nan,nan,0,0.023617689325362907,0.4820936639118457,0.000557795249069361,0.01904028900398696,-0.21694048507704955,0.4434558183331923
AdamW,NXPI,43,0.01,,0.0005757541039101677,0.0006595854518821885,False,,10000,17.87899661064148,0.001787899661064148,0.001592669309902831,0.0002,17.4951171875,nan,nan,2497,250,nan,nan,nan,0.0007445312138292521,0.0007261385369421331,0.0007545225961098439,0.0007206897716969252,-0.00014493566778675743,0.000681982386895796,0.0029944735346673092,-0.11018217825915994,0.010543329955197987,0.025292843766510482,7.239556148304201,7.0012309528996965,0.9670801371627831,17898.096127471592,460800.0,4608000000.0,nan,nan,nan,nan,nan,nan,nan,nan,nan,0,0.023994876617940083,0.4765840220385675,0.0005757541039101677,0.0194087225543566,-0.2561212732925513,0.20703028623237285
AdamW,NXPI,44,0.01,,0.000618618792410396,0.0006614705722634964,False,,10000,17.796152114868164,0.0017796152114868164,0.0015979197788356426,0.0003,17.4951171875,nan,nan,2497,9250,500,0.05,0.9581906795501709,0.0007650556071067551,0.0007712643723379095,0.0007982578469665868,0.0004820219473913312,0.00013659684501906482,0.0007100738695819885,0.0030586528954896367,-0.12221361917902801,0.01310194382170448,0.030388041771948333,7.383611064693213,7.18724888719326,0.9734056715908408,17981.415192144224,460800.0,4608000000.0,nan,nan,nan,nan,nan,nan,nan,nan,nan,0,0.02487204841605122,0.4793388429752066,0.000618618792410396,0.02001026773584119,-0.3496390558537612,0.35308438920676477
AdamW,NXPI,45,0.01,,0.00045990369208259686,0.0006641593262635541,False,,10000,17.775317192077637,0.0017775317192077636,0.0015872455514666837,0.0002,17.4951171875,nan,nan,2497,9250,6250,0.625,11.077373027801514,0.0008033302420964644,0.0007493824767450934,0.0007406047283420271,0.00046238963841460645,-2.4859463320095953e-06,0.0006926646465357783,0.002617775736926387,-0.08600903555316804,0.011221435335020942,0.02484850138425827,7.37746317188219,6.988379469313293,0.9472605022208967,18002.491687890793,460800.0,4608000000.0,nan,nan,nan,nan,nan,nan,nan,nan,nan,0,0.021445365282097596,0.465564738292011,0.00045990369208259686,0.016932519014216652,-0.0033707226181962646,-0.14247459912964044
AdamW,NXPI,46,0.01,,0.0004753899804159958,0.0006625294191402625,False,,10000,17.785650491714478,0.0017785650491714477,0.0015909378135253113,0.0002,17.4951171875,nan,nan,2497,3750,3750,0.375,6.61338996887207,0.0007579267958591225,0.000738097693738154,0.0007480426461426309,0.0017910473980009556,-0.0013156574175849597,0.0006851071402386204,0.002825269268733394,-0.07861036171484248,0.010265518565080128,0.023802602384239435,7.301230860173851,7.01719735250773,0.9610978596478241,17992.0324055099,460800.0,4608000000.0,nan,nan,nan,nan,nan,nan,nan,nan,nan,0,0.021803439646441013,0.46831955922865015,0.0004753899804159958,0.01729640225076807,-0.03715711873385419,0.1004020493908497
AdamW,ORCL,42,0.01,,0.000445714309102013,0.00032385867533696425,False,,10000,17.657125234603882,0.0017657125234603881,0.001602167686614894,0.0,17.501953125,nan,nan,2497,4500,4500,0.45,8.027804136276245,0.0002820900441499964,0.00025356062071885203,0.00027075253052397894,0.00010540088987909257,0.00034031341922292045,0.00036750830994214704,0.0034141885943096764,-0.018726096414203093,0.007220649062983284,0.018841720093041657,7.192625308173382,6.686324367221303,0.9296083252971983,18122.995433756907,460800.0,4608000000.0,nan,nan,nan,nan,nan,nan,nan,nan,nan,0,0.021111947070367836,0.48936170212765956,0.000445714309102013,0.013216640583421818,-0.02043661665100638,0.31700819655416823
AdamW,ORCL,43,0.01,,0.00043734466588055647,0.00032114741498658766,False,,10000,17.856873750686646,0.0017856873750686645,0.0015868174731978944,0.0,17.501953125,nan,nan,2497,6750,3000,0.3,5.2859625816345215,0.00026681171158093056,0.00027798490504868037,0.0002500382678632444,0.00020375144958961755,0.00023359321629093892,0.00033849094014650036,0.0025938823728380448,0.07658714224938805,0.007205774587523774,0.016641797870397566,7.239556148304201,6.632654323998095,0.9161686418513009,17920.270057780697,460800.0,4608000000.0,nan,nan,nan,nan,nan,nan,nan,nan,nan,0,0.020912787138030083,0.5558510638297872,0.00043734466588055647,0.012898245816508298,-0.001274812246103707,0.7129394529647527
AdamW,ORCL,44,0.01,,0.00045516164529891244,0.00032428086831651887,False,,10000,17.69203805923462,0.0017692038059234619,0.0015876163128179116,0.0,17.501953125,nan,nan,2497,5750,1250,0.125,2.2483484745025635,0.00028976940761811347,0.0002605772893954307,0.0002511598417344609,0.00011953565990552306,0.0003356259853933894,0.0003595800925531915,0.0026361492108677993,-0.1067147844094042,0.007348863711669401,0.016375809349119645,7.383611064693213,7.061185910067179,0.9563323214344538,18087.232173512723,460800.0,4608000000.0,nan,nan,nan,nan,nan,nan,nan,nan,nan,0,0.021334517695483824,0.5106382978723404,0.00045516164529891244,0.013391653696695963,-0.04206573554681059,0.343404572374707
AdamW,ORCL,45,0.01,,0.0009206426206719939,0.0003393403098817213,False,,10000,18.049869537353516,0.0018049869537353515,0.001589859965768523,0.0002,17.501953125,nan,nan,2497,4000,4000,0.4,7.167576551437378,0.0002817508742619201,0.00027299975962762936,0.00025029835959777054,0.00031894523999653757,0.0006016973806754563,0.0004125638614542134,0.0027410101690250035,-0.11040242203297687,0.007487010924272181,0.016359749902039766,7.37746317188219,7.103446660436378,0.9628576239471891,17728.659996005634,460800.0,4608000000.0,nan,nan,nan,nan,nan,nan,nan,nan,nan,0,0.03034209321506995,0.4574468085106383,0.0009206426206719939,0.021322714588629506,-1.107756968529872,-0.4293864305808473
AdamW,ORCL,46,0.01,,0.0004498110640616644,0.00032209541737558987,False,,10000,17.73912525177002,0.001773912525177002,0.0015884582839772283,0.0002,17.501953125,nan,nan,2497,6500,6500,0.65,11.601303339004517,0.0002722582013488798,0.00028524483837503024,0.0002638217567432758,0.00034611811861395836,0.00010369294544770603,0.0003585283622517599,0.00266501573616613,-0.013415924633750461,0.008294522092457918,0.019202002789825187,7.301230860173851,6.9017257022395215,0.9452824920091876,18039.220956967438,460800.0,4608000000.0,nan,nan,nan,nan,nan,nan,nan,nan,nan,0,0.021208749705290606,0.5159574468085106,0.0004498110640616644,0.013313896441585803,-0.029815895451136054,0.1851632858368121
AdamW,PANW,42,0.01,,0.0008586612856312163,0.0006354098407605204,False,,10000,17.63448929786682,0.001763448929786682,0.0015949247907611711,0.0001,17.4697265625,nan,nan,2497,3250,3250,0.325,5.744591474533081,0.0006034242160601656,0.0005914736245531219,0.00059901573101463,0.0003511363174766302,0.0005075249681545861,0.0007285248807707651,0.0031344309611726464,-0.11558515554167098,0.01058309421826998,0.02382332608103752,7.192625308173382,6.931586472700689,0.9637074330597952,18146.25842545433,460800.0,4608000000.0,nan,nan,nan,nan,nan,nan,nan,nan,nan,0,0.02930292281720744,0.4426751592356688,0.0008586612856312163,0.01891001774247285,-0.07900260169497786,-1.4253068237210356
AdamW,PANW,43,0.01,,0.0011441042278982272,0.0006344210796843702,False,,10000,17.774590492248535,0.0017774590492248535,0.00159645561843918,0.0,17.4697265625,nan,nan,2497,3250,1750,0.175,3.1088953018188477,0.0006286545696054488,0.0006207938260525726,0.0006057456735714681,0.0005194317200221121,0.000624672507876115,0.0006970599729500933,0.0030485305937241747,-0.01416534852143179,0.011068212461928488,0.02494416506960988,7.239556148304201,6.825371274484192,0.9427886371297738,18003.227705276888,460800.0,4608000000.0,nan,nan,nan,nan,nan,nan,nan,nan,nan,0,0.033824609796688374,0.44904458598726116,0.0011441042278982272,0.024660692093478646,-0.4376931383425722,-0.1282169023385943
AdamW,PANW,44,0.01,,0.0008034204032011093,0.0006350799680898745,False,,10000,17.985134601593018,0.0017985134601593018,0.0015989887666822784,0.0,17.4697265625,nan,nan,2497,5000,3250,0.325,5.864003658294678,0.0006002678828267479,0.0005822507288005575,0.0006078013091284951,0.001401211484335363,-0.0005977910811342536,0.000684213172484159,0.0032687536783684128,-0.11048068357573303,0.010033419132983544,0.02260480998083949,7.383611064693213,6.720041271959355,0.9101293680125025,17792.47178787621,460800.0,4608000000.0,nan,nan,nan,nan,nan,nan,nan,nan,nan,0,0.028344671513374595,0.43630573248407645,0.0008034204032011093,0.01761643598034124,-0.00958634075549103,-1.5744929007170607
AdamW,PANW,45,0.01,,0.0008224256479056778,0.0006298156211170526,False,,10000,17.86306643486023,0.001786306643486023,0.001588103211925478,0.0,17.4697265625,nan,nan,2497,9250,1750,0.175,3.112597942352295,0.0006487365273675699,0.0006336646337039013,0.0006386740959566837,0.0004845237417612225,0.0003379019061444553,0.0006633645607621036,0.002648520582774216,-0.14966997645594915,0.009632436661682004,0.022037636209279298,7.37746317188219,6.5495261232303,0.8877748313529485,17914.05754252315,460800.0,4608000000.0,nan,nan,nan,nan,nan,nan,nan,nan,nan,0,0.02867796450073955,0.4426751592356688,0.0008224256479056778,0.017898895178630855,-0.03346852669450673,-1.3752483109589213
AdamW,PANW,46,0.01,,0.0008606737016872236,0.0006472010867664227,False,,10000,17.985318899154663,0.0017985318899154663,0.0015938069839704378,0.0001,17.4697265625,nan,nan,2497,5250,3250,0.325,5.7490832805633545,0.0006388127095774204,0.0006340262854352525,0.0006279347432266816,0.00031105923699215055,0.000549614464695073,0.0007082851445087981,0.0030459012983008677,-0.22341456982518296,0.010214413684299506,0.02434270111843943,7.301230860173851,6.7911873183313975,0.9301428003564993,17792.289466440347,460800.0,4608000000.0,nan,nan,nan,nan,nan,nan,nan,nan,nan,0,0.029337240866980377,0.4394904458598726,0.0008606737016872236,0.01872999956653376,-0.08153142440593597,-1.4422547823890104
AdamW,PTC,42,0.01,,0.0001922854118876987,0.0004581326040728339,False,,10000,17.772631645202637,0.0017772631645202636,0.00159134607063103,0.0,17.501953125,nan,nan,2497,8750,4250,0.425,7.548934698104858,0.00046315783363631147,0.0004705014269119915,0.0004562580348929512,0.00027111981762573123,-7.883440573803254e-05,0.00047806162055978835,0.0029326876473836595,0.006942168228397228,0.008464445205009542,0.020878680143505326,7.192625308173382,6.560450488844007,0.9121079171730245,18005.211967940468,460800.0,4608000000.0,nan,nan,nan,nan,nan,nan,nan,nan,nan,0,0.013866701550393976,0.46419098143236076,0.0001922854118876987,0.010824595809613586,-0.09825878852137415,-0.8123563159323363
AdamW,PTC,43,0.01,,0.0002835793864159357,0.0004598387672667162,False,,10000,17.719688892364502,0.0017719688892364502,0.0015856832569679626,0.0007,17.501953125,nan,nan,2497,2000,2000,0.2,3.621189832687378,0.0004914132070144982,0.00047598885242078684,0.0004802537487541284,0.0004008307005278766,-0.0001172513141119409,0.0004853931504764062,0.0024710511344092144,-0.028581995822607096,0.01134236615261907,0.020813022460788484,7.239556148304201,7.537325405266839,1.0411308719571692,18059.00780447051,460800.0,4608000000.0,nan,nan,nan,nan,nan,nan,nan,nan,nan,0,0.0168398155101514,0.47480106100795755,0.0002835793864159357,0.013920723445831782,-0.6196941323697187,-0.2751299748971367
AdamW,PTC,44,0.01,,0.00019612512181675624,0.0004579122487050469,False,,10000,17.623266220092773,0.0017623266220092772,0.001589140360715938,0.0001,17.501953125,nan,nan,2497,6500,6500,0.65,11.434335947036743,0.0004576112084350723,0.0004812129740931981,0.0005166444897989468,0.00021878811821807176,-2.2662996401315522e-05,0.0004862491042688737,0.002697350307222583,-0.15272041656618265,0.01017566795396706,0.025130687933415174,7.383611064693213,7.039535286904868,0.9534000674231558,18157.814561931722,460800.0,4608000000.0,nan,nan,nan,nan,nan,nan,nan,nan,nan,0,0.014004467923372035,0.46419098143236076,0.00019612512181675624,0.010980303325350322,-0.12018970430724285,-0.8123563159323363
AdamW,PTC,45,0.01,,0.0001783573398829768,0.0004578175848295581,False,,10000,17.812414169311523,0.0017812414169311524,0.0015866055107126025,0.0,17.501953125,nan,nan,2497,5000,2000,0.2,3.4800922870635986,0.0004926081078255155,0.0004518861633950005,0.0004800694921010527,0.00038033147575333714,-0.00020197413587036035,0.00047321426714795514,0.0025219244832350263,-0.1207985649886815,0.00868566390786873,0.01889604497700929,7.37746317188219,6.982292818036768,0.9464354691255472,17964.99884621583,460800.0,4608000000.0,nan,nan,nan,nan,nan,nan,nan,nan,nan,0,0.013355049228025212,0.47745358090185674,0.0001783573398829768,0.010303827820631562,-0.018707108879248535,-0.548407182734689
AdamW,PTC,46,0.01,,0.00018562404093918977,0.0004550421743873576,False,,10000,17.798723697662354,0.0017798723697662353,0.0016124870423906337,0.0,17.501953125,nan,nan,2497,6500,750,0.075,1.3829755783081055,0.00047309212786727747,0.00045465005675667826,0.0004898225437930018,0.0005693079438060522,-0.00038368390286686244,0.00047212561028332707,0.003077533765909849,0.052570354899745673,0.009035325987018587,0.0230469080619514,7.301230860173851,6.687465062850092,0.9159366675183936,17978.81721384484,460800.0,4608000000.0,nan,nan,nan,nan,nan,nan,nan,nan,nan,0,0.013624391397019896,0.46684350132625996,0.00018562404093918977,0.010586773907696759,-0.060211652672744975,-0.7306674413455602
AdamW,PYPL,42,0.01,,0.0004651874614258607,0.0005430268640277767,False,,10000,17.653720140457153,0.0017653720140457154,0.0016172006541899215,0.0,17.431640625,nan,nan,2497,750,750,0.075,1.294609785079956,0.0005997434561286214,0.0006446608743334185,0.0006208061086344432,0.00036361257662065327,0.00010157488480520745,0.0005561289893440378,0.004261966997798448,-0.07221617074021006,0.008704805615803344,0.017810636851936578,7.192625308173382,6.82355936357689,0.9486882843490955,18126.491042907935,460800.0,4608000000.0,nan,nan,nan,nan,nan,nan,nan,nan,nan,0,0.021568204872586424,0.4583333333333333,0.0004651874614258607,0.015883830189704896,-0.04248487396425382,-0.9941912295175683
AdamW,PYPL,43,0.01,,0.000452489343782266,0.0005436842681980934,False,,10000,17.812689542770386,0.0017812689542770386,0.001590966231569174,0.0001,17.431640625,nan,nan,2497,5250,500,0.05,0.930455207824707,0.0005779861962978265,0.0006083090854084738,0.0005797144435328831,0.003040716517716646,-0.00258822717393438,0.0005757755643461984,0.0028377852671941863,-0.12674489127130556,0.009479442395281512,0.02233523344621061,7.239556148304201,7.128131122511068,0.9846088595059472,17964.721118146812,460800.0,4608000000.0,nan,nan,nan,nan,nan,nan,nan,nan,nan,0,0.02127179691004655,0.5041666666666667,0.000452489343782266,0.015421263376871745,-0.014028398523812768,1.0789681651051066
AdamW,PYPL,44,0.01,,0.0004638064342240492,0.0005416380507605416,False,,10000,17.82668375968933,0.0017826683759689331,0.0015891666493408716,0.0001,17.431640625,nan,nan,2497,1250,500,0.05,0.9025588035583496,0.0006321789010792581,0.0006322872636123394,0.0006091268056537713,0.00030411838088184595,0.00015968805334220327,0.0005840618926706665,0.0026513875453832094,-0.06417808441197084,0.011392488487955415,0.02823676550760865,7.383611064693213,7.28849373746248,0.9871177766004547,17950.618539809486,460800.0,4608000000.0,nan,nan,nan,nan,nan,nan,nan,nan,nan,0,0.02153616572707522,0.45416666666666666,0.0004638064342240492,0.01567575931549072,-0.03938999267917187,-1.045926092852288
AdamW,PYPL,45,0.01,,0.0004637977729241053,0.0005409910398371079,False,,10000,17.908550024032593,0.0017908550024032593,0.0015936455276062815,0.0003,17.431640625,nan,nan,2497,9000,500,0.05,0.9128012657165527,0.0006334132544977603,0.0005911698347470764,0.0005984858754956416,0.000326014356687665,0.00013778341623644033,0.0006091980228673741,0.0027913456537908723,-0.06976612031607636,0.009850656387044,0.022460061591118574,7.37746317188219,7.300618110810678,0.9895838095994308,17868.559965523295,460800.0,4608000000.0,nan,nan,nan,nan,nan,nan,nan,nan,nan,0,0.02153596463881071,0.49583333333333335,0.0004637977729241053,0.015557736158370972,-0.039370582710225754,-0.4660397611540128
AdamW,PYPL,46,0.01,,0.00047012989719708763,0.0005400666669637215,False,,10000,17.75186014175415,0.001775186014175415,0.0015922502079488072,0.0002,17.431640625,nan,nan,2497,250,nan,nan,nan,0.0006200935179643301,0.0006295877578070491,0.0006070785520243557,0.0005867392173968256,-0.00011660932019973792,0.0005573704814672008,0.0029384675694785235,-0.10930389131028265,0.008990914774639532,0.019166086520999662,7.301230860173851,7.177518497339981,0.9830559579332457,18026.279919101435,460800.0,4608000000.0,nan,nan,nan,nan,nan,nan,nan,nan,nan,0,0.021682479037164724,0.5541666666666667,0.00047012989719708763,0.015536222855250041,-0.05356087011481869,0.5922950741725252
AdamW,QCOM,42,0.01,,0.0005087311621065493,0.000724645445138137,False,,10000,17.716941356658936,0.0017716941356658935,0.001591600958440798,0.0001,17.501953125,nan,nan,2497,6500,5750,0.575,10.271623849868774,0.00044337151512101,0.00038503583197261904,0.0004204331982137194,0.00015519425505772233,0.000353536907048827,0.0007564332735244168,0.0029131788426825663,-0.05795008158065162,0.00857997736269681,0.019030726328492165,7.192625308173382,6.555428575841123,0.9114097141125679,18061.808387694844,460800.0,4608000000.0,nan,nan,nan,nan,nan,nan,nan,nan,nan,0,0.02255506954337648,0.4576719576719577,0.0005087311621065493,0.01645631134194672,-0.014704298221818624,-0.4880296792682918
AdamW,QCOM,43,0.01,,0.000583925102122877,0.000721098099210218,False,,10000,17.969748735427856,0.0017969748735427856,0.0015860388204246424,0.0003,17.501953125,nan,nan,2497,750,750,0.075,1.4212150573730469,0.00040625569064997005,0.0004268571744120407,0.0004217649390286857,0.00034614180913195014,0.00023778329299092686,0.0007520430841503002,0.002542223811621689,-0.11066539130707143,0.009440786615160323,0.020834695734083645,7.239556148304201,7.020824879644073,0.9697866465596287,17807.705867868433,460800.0,4608000000.0,nan,nan,nan,nan,nan,nan,nan,nan,nan,0,0.024164542249396678,0.455026455026455,0.000583925102122877,0.01822937607134461,-0.16468452317768834,-0.4469971981016378
AdamW,QCOM,44,0.01,,0.0005825049189663437,0.0007232937477627863,False,,10000,17.605757474899292,0.0017605757474899292,0.001590373813534762,0.0001,17.501953125,nan,nan,2497,1750,1750,0.175,3.1806528568267822,0.00041977692557993546,0.0004033663546057584,0.00041670349252793005,0.00014018954243510962,0.0004423153765312341,0.0007641136642216841,0.002787415903603734,-0.08276458747703212,0.008901909840365988,0.02065258007496595,7.383611064693213,7.2040106080838875,0.9756757967022214,18175.872322234773,460800.0,4608000000.0,nan,nan,nan,nan,nan,nan,nan,nan,nan,0,0.024135138677172412,0.4894179894179894,0.0005825049189663437,0.017928037693891577,-0.16185185622009657,0.14885358454011122
AdamW,QCOM,45,0.01,,0.000520884478218341,0.0007198753344285394,False,,10000,17.653669118881226,0.0017653669118881225,0.0015897464420060543,0.0001,17.501953125,nan,nan,2497,8750,750,0.075,1.329087734222412,0.00040123641035192466,0.00044457336661948144,0.0003950269857437669,0.00017917450168170035,0.00034170997653664066,0.0007562971807114811,0.002780593829304309,-0.051298044314437886,0.00851572455655696,0.01988805690780282,7.37746317188219,7.102041297034652,0.9626671298208229,18126.543431005437,460800.0,4608000000.0,nan,nan,nan,nan,nan,nan,nan,nan,nan,0,0.0228228937301636,0.49206349206349204,0.000520884478218341,0.01665151939190254,-0.03894504267556731,-0.05427135651121235
AdamW,QCOM,46,0.01,,0.0005051519662614852,0.000723114064264677,False,,10000,18.241485118865967,0.0018241485118865967,0.001591575237526361,0.0001,17.501953125,nan,nan,2497,7000,1500,0.15,2.729558229446411,0.0004000518882640598,0.00040263643562687246,0.00040602523059253505,0.0005109881749376655,-5.836208676180234e-06,0.0007599293060678289,0.0029146961633203803,-0.09269342976478016,0.009103501142745517,0.01894272761419415,7.301230860173851,6.837981333384168,0.9365518587671872,17542.43132698911,460800.0,4608000000.0,nan,nan,nan,nan,nan,nan,nan,nan,nan,0,0.02247558600485169,0.47619047619047616,0.0005051519662614852,0.01641754876999628,-0.007565310719803708,-0.4242212931887953
AdamW,ROP,42,0.01,,0.00013984865927822376,0.00021581110650727855,False,,10000,17.82738971710205,0.001782738971710205,0.0015975338095643198,0.0,17.501953125,nan,nan,2497,2500,2500,0.25,4.433305501937866,0.00022196246475667265,0.00020870438060407114,0.0002230820955718302,0.00015851616626605392,-1.8667506987830152e-05,0.00023485862424541784,0.0031184396345168867,-0.08545175380262524,0.0064296878011729855,0.014801366208121178,7.192625308173382,6.826467156796344,0.9490925586015231,17949.907702585297,460800.0,4608000000.0,nan,nan,nan,nan,nan,nan,nan,nan,nan,0,0.011825762524176772,0.47745358090185674,0.00013984865927822376,0.008097974080888052,-0.26592350494281414,-0.3147077671282733
AdamW,ROP,43,0.01,,0.00011256064174982606,0.00021760493754075755,False,,10000,18.23598599433899,0.0018235985994338988,0.0015855994629298221,0.0,17.501953125,nan,nan,2497,6750,1000,0.1,1.8823344707489014,0.00022557358938385305,0.0002223083058453831,0.00021030216891957686,0.00024870221386663616,-0.0001361415721168101,0.0002243875279553381,0.002527461509935771,-0.08689622559533161,0.006211826302591362,0.013093133410438891,7.239556148304201,6.460432178672175,0.8923795943188411,17547.721307712007,460800.0,4608000000.0,nan,nan,nan,nan,nan,nan,nan,nan,nan,0,0.010609460012169614,0.4854111405835544,0.00011256064174982606,0.007580847336501672,-0.018909747565526214,-0.13256600514942304
AdamW,ROP,44,0.01,,0.00012712178643418368,0.00021610051314457658,False,,10000,17.843867540359497,0.0017843867540359498,0.0015875399195838906,0.0,17.501953125,nan,nan,2497,4000,2500,0.25,4.458316087722778,0.00023593289280578376,0.0002190062139283338,0.00021220485856729955,5.399194560595788e-05,7.31298408282258e-05,0.00024459667066518184,0.0025779600141574203,-0.181419410763636,0.007256622310291277,0.01674207551404833,7.383611064693213,6.972901720733115,0.9443755446540218,17933.331957111863,460800.0,4608000000.0,nan,nan,nan,nan,nan,nan,nan,nan,nan,0,0.011274829774066821,0.47480106100795755,0.00012712178643418368,0.00818302517845517,-0.1507186287513591,-0.3241123721183404
AdamW,ROP,45,0.01,,0.00011443019544006024,0.00021647800264054963,False,,10000,18.062590837478638,0.0018062590837478638,0.0015856459844135512,0.0,17.501953125,nan,nan,2497,3500,750,0.075,1.355128526687622,0.00023535489427966934,0.00021272409245425906,0.00021327366382206268,0.00020170379139017314,-8.72735959501129e-05,0.00022948861536643687,0.002473868047269025,-0.10105935592888131,0.006074535059880873,0.015716432221233843,7.37746317188219,6.896821022938792,0.934849942623194,17716.173879996324,460800.0,4608000000.0,nan,nan,nan,nan,nan,nan,nan,nan,nan,0,0.01069720502935511,0.47745358090185674,0.00011443019544006024,0.00775350464714898,-0.03583312725636434,-0.19575719079747875
AdamW,ROP,46,0.01,,0.0001119906526236307,0.00021737456242665055,False,,10000,18.23550820350647,0.001823550820350647,0.0015866471438474082,0.0,17.501953125,nan,nan,2497,6750,500,0.05,0.881317138671875,0.0002171836790728875,0.00022943228574061277,0.00021783193787419186,0.0002011402975767851,-8.914964495315438e-05,0.00024167438223476613,0.002500304749401293,-0.04490931012965936,0.006896903376610498,0.017397743836045247,7.301230860173851,6.86544707486655,0.9403136548271089,17548.181077753998,460800.0,4608000000.0,nan,nan,nan,nan,nan,nan,nan,nan,nan,0,0.010582563613020747,0.4907161803713528,0.0001119906526236307,0.007534476815077363,-0.01375015121232126,0.3845111609716243
AdamW,SNOW,42,0.01,,0.0017753460811912466,0.0006648375191421152,False,,10000,18.242700338363647,0.0018242700338363647,0.001630775952084384,0.0,17.365234375,nan,nan,2497,250,nan,nan,nan,0.0016421398151883029,0.0015756058114704428,0.0015461095942681,0.0019388820510357618,-0.00016353596984451527,0.0007886678701734875,0.004162135334010266,-0.2553821023165241,0.013130697678256547,0.03153363615274428,7.192625308173382,6.956942837830616,0.9672327613013642,17541.262755221233,460800.0,4608000000.0,nan,nan,nan,nan,nan,nan,nan,nan,nan,0,0.04213485589379946,0.5871559633027523,0.0017753460811912466,0.02585929030672126,-0.20102810089420342,1.2919941219862958
AdamW,SNOW,43,0.01,,0.0015133278905798536,0.0007072808308022045,False,,10000,17.903625965118408,0.0017903625965118408,0.001624467095654768,0.0,17.365234375,nan,nan,2497,3500,3500,0.35,6.313323736190796,0.0016295722132227152,0.0016211935631775143,0.001565761719550078,0.0012551501858979464,0.0002581777046819073,0.0008150673876013254,0.004110322008793866,-0.2668909818886063,0.014385681792441755,0.025908401049673555,7.239556148304201,6.547544025313287,0.9044123550097733,17873.4743801873,460800.0,4608000000.0,nan,nan,nan,nan,nan,nan,nan,nan,nan,0,0.03890151527357069,0.5963302752293578,0.0015133278905798536,0.02198177521381903,-0.02377183902858393,1.4934466481217121
AdamW,SNOW,44,0.01,,0.0015660825125668027,0.0007362546764801595,False,,10000,17.99311351776123,0.001799311351776123,0.0016040192144599727,0.0,17.365234375,nan,nan,2497,750,500,0.05,0.9070954322814941,0.00166314649349654,0.0015976074688981265,0.0015725914270455236,0.001519487821497023,4.659469106977959e-05,0.0008449150348006752,0.00329328603710432,-0.2704770824814674,0.01450768892884953,0.03394938018172978,7.383611064693213,7.133486770272888,0.9661243946588189,17784.581844833243,460800.0,4608000000.0,nan,nan,nan,nan,nan,nan,nan,nan,nan,0,0.03957376040467727,0.5871559633027523,0.0015660825125668027,0.023210354901235037,-0.05946053326664669,1.4342648330881835
AdamW,SNOW,45,0.01,,0.0015673358506018962,0.0006569208942841146,False,,10000,17.972712516784668,0.0017972712516784667,0.0015995929408395948,0.0,17.365234375,nan,nan,2497,1000,1000,0.1,1.8190381526947021,0.0016183807422170842,0.0015482246743881937,0.0015769714179213756,0.0016424119239673018,-7.507607336540564e-05,0.0007592483912187316,0.0031461273643903845,-0.20047275527914404,0.014704858081589918,0.031766103021800496,7.37746317188219,7.08187228664335,0.9599332618337657,17804.76929685226,460800.0,4608000000.0,nan,nan,nan,nan,nan,nan,nan,nan,nan,0,0.03958959270568335,0.5963302752293578,0.0015673358506018962,0.02308380275691321,-0.06030842101992162,1.467903670426127
AdamW,SNOW,46,0.01,,0.00153890047051491,0.0007224584294256763,False,,10000,18.017237186431885,0.0018017237186431884,0.0016100769602585836,0.0001,17.365234375,nan,nan,2497,750,750,0.075,1.3362009525299072,0.0016063770354853716,0.0015680566647286438,0.00157738261176378,0.0005160561995580792,0.0010228442709568307,0.0008073193149446099,0.0034947511173053273,-0.15701914121987065,0.01773423205727013,0.03673290219157934,7.301230860173851,7.076993732423926,0.9692877636600871,17760.76968343294,460800.0,4608000000.0,nan,nan,nan,nan,nan,nan,nan,nan,nan,0,0.03922882193636345,0.5137614678899083,0.00153890047051491,0.022440090091950304,-0.04107178265070721,-0.3101852313496543
AdamW,TEL,42,0.01,,0.00017352735318204083,0.0003586184994295358,False,,10000,17.866215229034424,0.0017866215229034423,0.0015957761305835775,0.0009,17.501953125,nan,nan,2497,6500,500,0.05,0.9264323711395264,0.0002902918332831909,0.0002945000092955335,0.0002928058139277266,0.00013340356235858053,4.01237908234603e-05,0.0005923892266651583,0.002505542773420891,-0.007480686675489788,0.015990464808861724,0.02171152923256159,7.192625308173382,10.075064389774345,1.4007492338472693,17910.900316479303,460800.0,4608000000.0,nan,nan,nan,nan,nan,nan,nan,nan,nan,0,0.0131729781439901,0.5,0.00017352735318204083,0.009988349581521654,-0.05440009705887294,-0.15036013081822847
AdamW,TEL,43,0.01,,0.00017019036033796885,0.00035635881936202314,False,,10000,17.87676739692688,0.001787676739692688,0.001701203324165701,0.0012,17.501953125,nan,nan,2497,4500,4500,0.45,8.14920449256897,0.0003127128818995899,0.0003171265976519689,0.00028429208670157426,0.0001832880370784551,-1.309767674048624e-05,0.00040919923743025705,0.0030475121604825123,-0.06582559289241435,0.03917874584989331,0.030980995483696448,7.239556148304201,12.95514643727823,1.7894945728562177,17900.328000856007,460800.0,4608000000.0,nan,nan,nan,nan,nan,nan,nan,nan,nan,0,0.0130457027537028,0.5106382978723404,0.00017019036033796885,0.009853067221464935,-0.03412360742105158,0.1780151724562854
AdamW,TEL,44,0.01,,0.00016404958392577195,0.0003591538740405986,False,,10000,17.85715627670288,0.0017857156276702881,0.0016014668750986636,0.0015,17.501953125,nan,nan,2497,6750,3500,0.35,6.331658840179443,0.0002879331351398467,0.00030354589958745353,0.00029734011484936065,0.00011677523434627801,4.727434957949394e-05,0.00039727132105384647,0.002513296868833413,-0.01593684326373533,0.02622005697276618,0.029814076144248247,7.383611064693213,12.29768318760225,1.6655377808843477,17919.986533213247,460800.0,4608000000.0,nan,nan,nan,nan,nan,nan,nan,nan,nan,0,0.012808184255614532,0.5,0.00016404958392577195,0.009699065849263833,0.0031894451110454636,0.8276828928916402
AdamW,TEL,45,0.01,,0.0001994076544645602,0.00035811474531968014,False,,10000,17.842999935150146,0.0017842999935150147,0.0016244926785979083,0.001,17.501953125,nan,nan,2497,3250,3250,0.325,5.753339529037476,0.0002973067073669412,0.00031987867943060596,0.0002739427268524602,0.00038191163912415504,-0.00018250398465959484,0.00037719836642383304,0.0028671385867333494,-0.08631999883630528,0.023533172795403515,0.022406709194183343,7.37746317188219,11.66310303848576,1.58090969304157,17934.2039546618,460800.0,4608000000.0,nan,nan,nan,nan,nan,nan,nan,nan,nan,0,0.014121177516926845,0.5053191489361702,0.0001994076544645602,0.010892845335460845,-0.21165595144613114,0.15285281563048253
AdamW,TEL,46,0.01,,0.0002514298157717185,0.0003579883423661047,False,,10000,17.97578239440918,0.001797578239440918,0.0016332147214853908,0.0018,17.501953125,nan,nan,2497,1000,1000,0.1,1.8258099555969238,0.0002871890213586808,0.0002849035877077352,0.0003063912602931572,0.00031274149660021067,-6.131168082849214e-05,0.00048723029095502413,0.002611045317814393,0.057095589550180036,0.05661390438936942,0.02853267109021544,7.301230860173851,12.50736481487673,1.7130488070307253,17801.72862459251,460800.0,4608000000.0,nan,nan,nan,nan,nan,nan,nan,nan,nan,0,0.015856538581030807,0.523936170212766,0.0002514298157717185,0.012468981364416697,-0.5277569633363819,0.8726029426336408
AdamW,TSLA,42,0.01,,0.0013643494232104777,0.0015578743529646364,False,,10000,17.60632014274597,0.0017606320142745972,0.001608775975119659,0.0001,17.49609375,nan,nan,2497,3750,750,0.075,1.3555989265441895,0.0012658084247125167,0.001295519332580604,0.0012342730616710005,0.001344018615782261,2.033080742821678e-05,0.0016504585680142594,0.003533719229669325,-0.02998390447784085,0.01450100835696794,0.03341940473765134,7.192625308173382,7.344507192927608,1.0211163348911882,18175.29145247561,460800.0,4608000000.0,nan,nan,nan,nan,nan,nan,nan,nan,nan,0,0.036937100904246366,0.5519125683060109,0.0013643494232104777,0.02652964565923305,-0.007100233570991543,1.0207628518528478
AdamW,TSLA,43,0.01,,0.0013557594330584418,0.001564460911162912,False,,10000,17.911476135253906,0.0017911476135253905,0.0016263029021416808,0.0,17.49609375,nan,nan,2497,9500,6500,0.65,11.574495792388916,0.0012885184237997867,0.001293755915373023,0.0013035717721752212,0.0011952206259593368,0.000160538807099105,0.0016140813424707003,0.004622779314796475,-0.020302114528140475,0.01381337984152342,0.03211201094090938,7.239556148304201,4.4692779730769505,0.6173414338562506,17865.64086530905,460800.0,4608000000.0,nan,nan,nan,nan,nan,nan,nan,nan,nan,0,0.03682063868346721,0.49453551912568305,0.0013557594330584418,0.026588411279063407,-0.0007594964098829315,-0.019729826685949716
AdamW,TSLA,44,0.01,,0.001365585731026905,0.0015621164073682811,False,,10000,18.116119146347046,0.0018116119146347046,0.0016125779067601546,0.0002,17.49609375,nan,nan,2497,2000,2000,0.2,3.623650312423706,0.0012649304420412233,0.0012763785305879808,0.0012315409201375494,0.001802540966309607,-0.0004369552352827021,0.001655850508441664,0.0036398531866360523,-0.147620448016111,0.013546565230336273,0.03140476662665603,7.383611064693213,7.220789862006163,0.9779482964012521,17663.827302909143,460800.0,4608000000.0,nan,nan,nan,nan,nan,nan,nan,nan,nan,0,0.036953832426784974,0.5081967213114754,0.001365585731026905,0.026612503281056556,-0.008012819356940426,-0.0195716856627651
AdamW,TSLA,45,0.01,,0.0013584147711269191,0.0015553306226860986,False,,10000,18.38089108467102,0.001838089108467102,0.001622782677654557,0.0,17.49609375,nan,nan,2497,8250,750,0.075,1.398683786392212,0.0013047896572709193,0.001333128986124557,0.00128191560176775,0.0029195186216384172,-0.0015611038505114981,0.001621037895402282,0.004243583887712773,-0.07575514269214968,0.014246058815062862,0.033833671547472466,7.37746317188219,5.726959516257802,0.776277615059473,17409.384481194607,460800.0,4608000000.0,nan,nan,nan,nan,nan,nan,nan,nan,nan,0,0.03685667878589875,0.5683060109289617,0.0013584147711269191,0.026473040137786032,-0.00271954531193086,1.4615442462858412
AdamW,TSLA,46,0.01,,0.001356193358129491,0.0015613248903457433,False,,10000,17.873185634613037,0.0017873185634613036,0.0016008411825645054,0.0003,17.49609375,nan,nan,2497,7000,1000,0.1,1.77870774269104,0.0012566076386172345,0.0012221015656941993,0.0012362063287954142,0.0005327705875970423,0.0008234227705324487,0.001641806109059598,0.0032845714897071915,-0.027147190992717223,0.014388910541147925,0.03315219562500714,7.301230860173851,6.940083834209812,0.9505361448116928,17903.915202463468,460800.0,4608000000.0,nan,nan,nan,nan,nan,nan,nan,nan,nan,0,0.03682653062846799,0.505464480874317,0.001356193358129491,0.026474736427348818,-0.001079800016108301,-0.7248011635321121
AdamW,TXN,42,0.01,,0.00026362949105166887,0.0003492036928232532,False,,10000,17.820595502853394,0.0017820595502853393,0.0015895068438620409,0.0001,17.501953125,nan,nan,2497,3500,2750,0.275,4.981625318527222,0.0002988404346454991,0.0002797713969380116,0.00028423067475928394,0.00012521173630375415,0.00013841775474791472,0.00036320550007324905,0.0028862217637903717,-0.03548003730455411,0.0071912631633382264,0.01753329392522573,7.192625308173382,6.888496245222745,0.9577165429978622,17956.751217924357,460800.0,4608000000.0,nan,nan,nan,nan,nan,nan,nan,nan,nan,0,0.016236671181361927,0.4947089947089947,0.00026362949105166887,0.012478769140899498,0.005184694563274306,0.5001265050592093
AdamW,TXN,43,0.01,,0.00026215396072498703,0.00035047550890742943,False,,10000,18.254413843154907,0.0018254413843154908,0.001587679397199207,0.0,17.501953125,nan,nan,2497,7500,500,0.05,0.9328067302703857,0.00029950597744506893,0.0002950579257613826,0.0002785545605100333,0.000279541447525844,-1.738748680085695e-05,0.00036820840202755873,0.002696540348857525,-0.018390834133407943,0.007233868800795608,0.017159140482544896,7.239556148304201,6.5904253931400465,0.9103355589947033,17530.00686570906,460800.0,4608000000.0,nan,nan,nan,nan,nan,nan,nan,nan,nan,0,0.016191169220441958,0.5291005291005291,0.00026215396072498703,0.012393822745671348,0.010752660979942763,0.9723053975455184
AdamW,TXN,44,0.01,,0.0002672772007013755,0.0003510677608950385,False,,10000,18.176876306533813,0.0018176876306533814,0.0015872982405127458,0.0001,17.501953125,nan,nan,2497,5000,1500,0.15,2.752467393875122,0.00030335503521374967,0.0002957926931796591,0.0002796276536516762,6.424931052606553e-05,0.00020302789017530998,0.0003822723719397994,0.002579255191578385,-0.01037774047970521,0.008021591905895183,0.01819742517545819,7.383611064693213,6.986908015104482,0.946272488337627,17604.785035863046,460800.0,4608000000.0,nan,nan,nan,nan,nan,nan,nan,nan,nan,0,0.0163486146416562,0.4973544973544973,0.0002672772007013755,0.012547414769571294,-0.00858006815292045,-0.11327481326134271
AdamW,TXN,45,0.01,,0.0002773101367647686,0.0003488089899169355,False,,10000,17.957336902618408,0.0017957336902618408,0.0015863208814935134,0.0,17.501953125,nan,nan,2497,2000,1000,0.1,1.8684237003326416,0.00029448391122995,0.00029958106501452457,0.0002721915425090199,0.00023422087542712688,4.308926133764169e-05,0.00036508191584940793,0.002522533023898004,0.10587260941497889,0.007028575604645448,0.01695865327492356,7.37746317188219,7.005023281783543,0.9495165368607827,17820.014278026934,460800.0,4608000000.0,nan,nan,nan,nan,nan,nan,nan,nan,nan,0,0.016652631526721792,0.5158730158730159,0.0002773101367647686,0.012833184035366806,-0.04643971092094201,0.020408482807948193
AdamW,TXN,46,0.01,,0.000286231891661094,0.0003481329040755011,False,,10000,18.33106255531311,0.001833106255531311,0.001590860604210755,0.0,17.501953125,nan,nan,2497,1750,500,0.05,0.9098660945892334,0.00029637727756207387,0.0002896396670595485,0.0002918695531380119,0.0002917072270065546,-5.475335345460613e-06,0.0003694766937433713,0.0028332889587297677,-0.046119433471780255,0.007351380013766902,0.018041991814970956,7.301230860173851,7.017138778605292,0.9610898371782489,17456.70765316605,460800.0,4608000000.0,nan,nan,nan,nan,nan,nan,nan,nan,nan,0,0.016918389156804912,0.5317460317460317,0.000286231891661094,0.013085829517828725,-0.08010627184632835,0.3887241088649095
AdamW,TYL,42,0.01,,0.00023445816188262254,0.0005609991933053621,False,,10000,17.85727572441101,0.001785727572441101,0.0015895332371720365,0.0001,17.501953125,nan,nan,2497,2750,750,0.075,1.3675601482391357,0.00035035149728491333,0.00029713260465611394,0.00030672670203232,0.0001663200673647225,6.813809451790005e-05,0.0005750993276456421,0.0027541885232888895,-0.06776077152273673,0.009984090534356074,0.020525289699435227,7.192625308173382,7.445698322099422,1.035185068467067,17919.866666031143,460800.0,4608000000.0,nan,nan,nan,nan,nan,nan,nan,nan,nan,0,0.01531202670722013,0.5052910052910053,0.00023445816188262254,0.010311788982815213,-0.04497622879949592,-0.7070088788236332
AdamW,TYL,43,0.01,,0.00022816350535740927,0.0005627444473438617,False,,10000,17.91355037689209,0.001791355037689209,0.0015922534953707345,0.0004,17.501953125,nan,nan,2497,8250,750,0.075,1.3875243663787842,0.0003249736240813875,0.00031255807840586226,0.0002976344808137005,0.0002109567867591977,1.720671859821156e-05,0.0005743829879940412,0.0026330588987539443,0.054245762972802966,0.009540741984793566,0.01742530800402163,7.239556148304201,7.685747646897276,1.0616324384330649,17863.572171197833,460800.0,4608000000.0,nan,nan,nan,nan,nan,nan,nan,nan,nan,0,0.015105082103630197,0.5079365079365079,0.00022816350535740927,0.010185997322122886,-0.016921046653188165,-0.8103241404526844
AdamW,TYL,44,0.01,,0.00023705949859013632,0.0005615209711009059,False,,10000,17.644569873809814,0.0017644569873809814,0.0015889488508137985,0.0003,17.501953125,nan,nan,2497,500,500,0.05,0.9307024478912354,0.00031579222611960206,0.00034614905099818383,0.000303749815514417,0.000381086312700063,-0.00014402681410992667,0.0005937793743672812,0.002653834637897313,-0.07373355534363993,0.009238895215649972,0.02106043454259634,7.383611064693213,7.32444963584933,0.9919874667929383,18135.891228211935,460800.0,4608000000.0,nan,nan,nan,nan,nan,nan,nan,nan,nan,0,0.015396736621444699,0.4894179894179894,0.00023705949859013632,0.010478077742157789,-0.05657034435780339,-0.46227327965015996
AdamW,TYL,45,0.01,,0.00023952508887285909,0.0005590015681416034,False,,10000,18.08451747894287,0.001808451747894287,0.0015863769045985046,0.0001,17.501953125,nan,nan,2497,2250,750,0.075,1.376349925994873,0.000312907584796729,0.00031734696458456216,0.0002968733643999296,0.00018785762949846685,5.1667459374392236e-05,0.0005733238451174228,0.0025236807445741354,-0.07388107862729738,0.007211556618424948,0.01528017404489219,7.37746317188219,7.11241922665328,0.9640738368930021,17694.69383811868,460800.0,4608000000.0,nan,nan,nan,nan,nan,nan,nan,nan,nan,0,0.015476598104003965,0.4947089947089947,0.00023952508887285909,0.010479290018636714,-0.06755944030019223,-0.9056055547826217
AdamW,TYL,46,0.01,,0.00024399951731086407,0.0005617424727118616,False,,10000,17.747214317321777,0.0017747214317321777,0.0015900067615941492,0.0009,17.501953125,nan,nan,2497,4750,500,0.05,0.9064733982086182,0.00032163720572667213,0.00031550353538935196,0.0003079842868655172,0.0002745139063335955,-3.051438902273144e-05,0.0006200410108951243,0.0024571209151163383,-0.09780824100892806,0.014427159581253363,0.021861696988344188,7.301230860173851,9.162677365491737,1.2549496846444823,18030.998796677126,460800.0,4608000000.0,nan,nan,nan,nan,nan,nan,nan,nan,nan,0,0.015620483901302933,0.4947089947089947,0.00024399951731086407,0.010651717110285683,-0.08750189535330533,-0.8258522841964235
AdamW,UBER,42,0.01,,0.0006960940507935806,0.0007169769263603318,False,,10000,17.972672700881958,0.0017972672700881957,0.0016215522631510414,0.0,17.3818359375,nan,nan,2497,4000,2750,0.275,4.891487121582031,0.0012111564773747503,0.001216655448789133,0.0011405536404274941,0.0006030563381500542,9.303771264352635e-05,0.0013500983309190425,0.003920865352931355,0.016829339674353166,0.01255920588892186,0.02912252731621263,7.192625308173382,7.182305340314019,0.9985652015200018,17804.808740788838,460800.0,4608000000.0,nan,nan,nan,nan,nan,nan,nan,nan,nan,0,0.026383594349397896,0.49645390070921985,0.0006960940507935806,0.01731996972795943,0.0008052726226663864,0.8378533406468646
AdamW,UBER,43,0.01,,0.0010724089724916807,0.000933187528395317,False,,10000,17.94179630279541,0.001794179630279541,0.0016147581995341403,0.0,17.3818359375,nan,nan,2497,7000,6750,0.675,11.954741477966309,0.0012492271863546508,0.0011628973998296748,0.0011333940492669252,0.0009746561991050839,9.775277338659673e-05,0.0016301868731642339,0.0037686748788322124,0.16786387259781416,0.012630470282997703,0.027271526772528885,7.239556148304201,7.725399588364006,1.0671095617061563,17835.449394224957,460800.0,4608000000.0,nan,nan,nan,nan,nan,nan,nan,nan,nan,0,0.03274765598469119,0.5390070921985816,0.0010724089724916807,0.025124925962636168,-0.539368695486218,0.5863408748457569
AdamW,UBER,44,0.01,,0.0010570130297835444,0.0007428605581673098,False,,10000,17.804044485092163,0.0017804044485092163,0.001609627098223865,0.0,17.3818359375,nan,nan,2497,9250,9250,0.925,16.489083766937256,0.0012428849094334481,0.0012544512392700605,0.001218773606603216,0.0013463706709444523,-0.00028935764116090786,0.0016170736791081013,0.0035508782098552503,0.06999121497066838,0.012743906632991275,0.030422818474471567,7.383611064693213,8.353099552032834,1.1313027567196083,17973.444195106633,460800.0,4608000000.0,nan,nan,nan,nan,nan,nan,nan,nan,nan,0,0.03251173680047783,0.5319148936170213,0.0010570130297835444,0.024542759841596578,-0.5172688876234222,0.30059533088238477
AdamW,UBER,45,0.01,,0.0007034317708351243,0.0007273014372503253,False,,10000,17.644042015075684,0.0017644042015075685,0.0016110507491551849,0.0001,17.3818359375,nan,nan,2497,4000,2000,0.2,3.52377986907959,0.0011995110124367505,0.0011790984303105968,0.0011253062200408362,0.0011830972507596016,-0.0004796654799244773,0.0011507846972020192,0.003561230680091542,0.08412324796738362,0.013231695219234098,0.02747417632490395,7.37746317188219,7.499865989215444,1.0165914508119498,18136.433801652754,460800.0,4608000000.0,nan,nan,nan,nan,nan,nan,nan,nan,nan,0,0.026522288190032252,0.44680851063829785,0.0007034317708351243,0.017483016134987414,-0.009727515537385711,-0.06684141834823774
AdamW,UBER,46,0.01,,0.0007608733336690446,0.0008802895604724615,False,,10000,17.88162350654602,0.001788162350654602,0.0016094588016557533,0.0,17.3818359375,nan,nan,2497,4000,4000,0.4,7.216049432754517,0.001243184312644841,0.0012150260295709834,0.001125179118531729,0.0013427907833829522,-0.0005819174497139077,0.001577714213925865,0.0035755893972840022,0.12276493053624642,0.012516028843820096,0.0278159282170236,7.301230860173851,7.012191402399509,0.960412228662571,17895.466811660357,460800.0,4608000000.0,nan,nan,nan,nan,nan,nan,nan,nan,nan,0,0.0275839325272711,0.5390070921985816,0.0007608733336690446,0.018557138845954144,-0.09218089471873858,0.5863408748457569
AdamW,WDAY,42,0.01,,0.0004333625849965331,0.0006277715053154513,False,,10000,18.17015314102173,0.0018170153141021728,0.0015927263167489155,0.0,17.466796875,nan,nan,2497,500,500,0.05,0.9095885753631592,0.0006499309318549494,0.0006336939521011158,0.0005854722402189356,0.001260606455616653,-0.0008272438706201199,0.0006576094520945283,0.0030347876078251576,-0.06673629529110703,0.010332148117083126,0.02684705015271898,7.192625308173382,7.036515442468694,0.9782958434485262,17611.29900867781,460800.0,4608000000.0,nan,nan,nan,nan,nan,nan,nan,nan,nan,0,0.020817362585028226,0.512987012987013,0.0004333625849965331,0.013617563557315183,-0.04629273041909987,-0.29498877880373137
AdamW,WDAY,43,0.01,,0.0004939679298307988,0.0006337857013416601,False,,10000,17.92290759086609,0.0017922907590866089,0.0015893488599699524,0.0001,17.466796875,nan,nan,2497,3250,500,0.05,0.9056851863861084,0.0006209246954399325,0.0006212297252303119,0.0005985025010578532,0.00038637634133920074,0.0001075915884915981,0.0006633267655394921,0.0027335384642373562,0.0599110462807086,0.010069512650194519,0.023245774488896115,7.239556148304201,6.985076902970342,0.9648487780022994,17854.245935133822,460800.0,4608000000.0,nan,nan,nan,nan,nan,nan,nan,nan,nan,0,0.022225389306619554,0.5097402597402597,0.0004939679298307988,0.013694393170344364,-0.19261577241669725,-0.149716290480454
AdamW,WDAY,44,0.01,,0.0004519195138634025,0.0006332050899729278,False,,10000,17.879754543304443,0.0017879754543304444,0.0015921806169924987,0.0001,17.466796875,nan,nan,2497,2000,2000,0.2,3.6133787631988525,0.0006146114420532957,0.0006100845019249893,0.0006181072786002426,0.0004743817844428122,-2.2462270579409684e-05,0.0006574192516469004,0.002935020688304455,-0.018268487817432698,0.010331458470140933,0.023119931388646358,7.383611064693213,7.0823613918028006,0.9592002246257362,17897.337417298753,460800.0,4608000000.0,nan,nan,nan,nan,nan,nan,nan,nan,nan,0,0.0212583986664895,0.4772727272727273,0.0004519195138634025,0.014063702001200095,-0.09109581320591964,-0.21909914891792545
AdamW,WDAY,45,0.01,,0.0004279160654390013,0.0006267953579122934,False,,10000,17.948364734649658,0.0017948364734649658,0.0015919636220973513,0.0001,17.466796875,nan,nan,2497,3250,3250,0.325,5.787101745605469,0.0005954210329610808,0.0006154424226047712,0.0006107546509814694,0.0003938070440199226,3.410902141907869e-05,0.0006613323982572591,0.0029370930428257486,-0.030057216568431022,0.009739695167759783,0.024299076758325096,7.37746317188219,7.052492861286171,0.9559509409908569,17828.922285172528,460800.0,4608000000.0,nan,nan,nan,nan,nan,nan,nan,nan,nan,0,0.020686132201042352,0.5227272727272727,0.0004279160654390013,0.013136574200221471,-0.03314287850196562,-0.034814034957360976
AdamW,WDAY,46,0.01,,0.00042422256105906003,0.0006355524839718101,False,,10000,18.120227098464966,0.0018120227098464966,0.0015897383610525926,0.0001,17.466796875,nan,nan,2497,2750,2750,0.275,5.07030987739563,0.0006289184882999596,0.0006096339975383222,0.0006060259104992567,0.0006963501218706369,-0.0002721275608115769,0.0006553868816120527,0.002790479562687861,0.07123181931848653,0.009242568898544414,0.0212672027759254,7.301230860173851,6.930057416791332,0.9491628945186263,17659.82281905884,460800.0,4608000000.0,nan,nan,nan,nan,nan,nan,nan,nan,nan,0,0.0205966638332294,0.5324675324675324,0.00042422256105906003,0.013061984792932288,-0.024225434042530747,0.5626742075496723
AdaBelief,AAPL,42,0.01,,0.00018707451918137768,0.00039657203366965136,False,,10000,22.968549728393555,0.0022968549728393556,0.0017645187570088186,0.0001,17.501953125,nan,nan,2497,1500,1250,0.125,2.913466453552246,0.00032998066662618086,0.00031813385554141404,0.0003122468523380052,0.00019827696087304503,-1.120244169166735e-05,0.0004276792155652843,0.003094939001390177,-0.01810326114706365,0.00767905623750994,0.01704293899238109,7.192625308173382,7.060481626077139,0.9816278929550131,13932.094267337146,460800.0,4608000000.0,nan,nan,nan,nan,nan,nan,nan,nan,nan,0,0.013677518750905724,0.5145888594164456,0.00018707451918137768,0.010039596961288855,-0.02994258705401931,0.05177233867896703
AdaBelief,AAPL,43,0.01,,0.00018226000524702526,0.00039760298058588245,False,,10000,23.218157291412354,0.0023218157291412353,0.0017617676406392038,0.0001,17.501953125,nan,nan,2497,9750,500,0.05,1.1787569522857666,0.0003409528885763995,0.0003194135148935508,0.00032152125661172526,0.00015506098861806095,2.7199016628964314e-05,0.00042292990901717794,0.002764042349768969,-0.11299839203188682,0.00790266161055806,0.01695249490439891,7.239556148304201,6.574087248928241,0.908078770888207,13782.316830042222,460800.0,4608000000.0,nan,nan,nan,nan,nan,nan,nan,nan,nan,0,0.01350037055961892,0.48010610079575594,0.00018226000524702526,0.009982319105239142,-0.0034361822338797587,-0.22297146822310426
AdaBelief,AAPL,44,0.01,,0.00019883135796854736,0.00039618634260617767,False,,10000,23.082387685775757,0.0023082387685775755,0.0017677128342163642,0.0001,17.501953125,nan,nan,2497,6750,6750,0.675,15.486102104187012,0.00033900702581030886,0.0003309094776073456,0.0003192533442920571,0.00016064936062321067,3.8181997345336694e-05,0.0004488414204510622,0.0031487139025620945,-0.03549885076530759,0.009163690190593479,0.019524611439555882,7.383611064693213,6.977395256953355,0.9449841271187358,13863.38382130182,460800.0,4608000000.0,nan,nan,nan,nan,nan,nan,nan,nan,nan,0,0.014100757354431264,0.4403183023872679,0.00019883135796854736,0.010765645869825253,-0.09467010317445079,-0.8184087983404611
AdaBelief,AAPL,45,0.01,,0.00018774584014579732,0.0003960176867578643,False,,10000,23.070151567459106,0.0023070151567459105,0.001761659951566846,0.0,17.501953125,nan,nan,2497,4250,2750,0.275,6.382704257965088,0.00031919704139008,0.00033593126847121296,0.00029637438083385286,0.00021870466298423707,-3.095882283843976e-05,0.0004076819145046253,0.0027451211207190004,-0.01706748047535858,0.007525138350565612,0.016851009707897893,7.37746317188219,7.016717726492739,0.9511016948529998,13870.736785768073,460800.0,4608000000.0,nan,nan,nan,nan,nan,nan,nan,nan,nan,0,0.01370203780996817,0.4403183023872679,0.00018774584014579732,0.010313664794598937,-0.033638558337888425,-0.8184087983404611
AdaBelief,AAPL,46,0.01,,0.00018780203486876512,0.0003965994644544485,False,,10000,23.17105221748352,0.002317105221748352,0.001762240424385257,0.0002,17.501953125,nan,nan,2497,4000,1750,0.175,4.140933990478516,0.00031875104981152777,0.0003289930546461952,0.00033325870963829877,0.00023210447398014367,-4.430243911137855e-05,0.00043723692758094855,0.0026799858155009547,-0.167650408255392,0.008485815113953868,0.0208231302909553,7.301230860173851,7.068006402896317,0.9680568301778119,13810.335283718654,460800.0,4608000000.0,nan,nan,nan,nan,nan,nan,nan,nan,nan,0,0.013704088253830137,0.46949602122015915,0.00018780203486876512,0.010330006559059102,-0.03394793953317632,-0.11720203841045018
AdaBelief,ACN,42,0.01,,0.00020733566353560754,0.00037825621407607506,False,,10000,23.31471872329712,0.002331471872329712,0.0017593354325824014,0.0006,17.501953125,nan,nan,2497,4000,3250,0.325,7.526407480239868,0.00022989405154845942,0.00022956706968310322,0.00022703670177769811,0.0001337081630481407,7.362750048746684e-05,0.00039444385941544416,0.0026913308160517835,-0.17051736669143536,0.00881564065436396,0.019050069339573376,7.192625308173382,7.254611477711838,1.008618017327834,13725.235281532328,460800.0,4608000000.0,nan,nan,nan,nan,nan,nan,nan,nan,nan,0,0.014399154959080326,0.5317460317460317,0.00020733566353560754,0.009989592133375703,-0.015047145664494943,-0.1933898954105077
AdaBelief,ACN,43,0.01,,0.00021577423448285098,0.00037056587102874837,False,,10000,23.24553918838501,0.002324553918838501,0.0017810718907277426,0.0007,17.501953125,nan,nan,2497,3750,750,0.075,1.7440760135650635,0.0002509155776482887,0.0002379948944378919,0.00021173463203578736,0.00014203123282641172,7.374300165643926e-05,0.00043004015167335305,0.002890357576170487,-0.06876319842046169,0.01149710365277715,0.020359405688941467,7.239556148304201,7.670582281195493,1.0595376462398536,13766.082060161156,460800.0,4608000000.0,nan,nan,nan,nan,nan,nan,nan,nan,nan,0,0.014689255749793826,0.47619047619047616,0.00021577423448285098,0.01040646512672384,-0.056359610714752595,-0.454156146275745
AdaBelief,ACN,44,0.01,,0.00021186859282866987,0.00036924524079583366,False,,10000,23.072087049484253,0.0023072087049484254,0.0017614546783482875,0.0003,17.501953125,nan,nan,2497,1750,1750,0.175,4.068511724472046,0.00023949946655887815,0.00023509860319157676,0.0002177929935332744,0.00013797635619994253,7.389223662872734e-05,0.0004177546935738865,0.0027144076885235644,-0.05799676185373585,0.008098169661308201,0.01870046397671102,7.383611064693213,7.2116369873741055,0.9767086760377386,13869.573190915695,460800.0,4608000000.0,nan,nan,nan,nan,nan,nan,nan,nan,nan,0,0.014555706538284903,0.47619047619047616,0.00021186859282866987,0.010301029871380518,-0.03723887506579837,-0.4169769467694369
AdaBelief,ACN,45,0.01,,0.0002689529505987016,0.00037276120337630456,False,,10000,22.939226865768433,0.0022939226865768434,0.001760775646657529,0.0,17.501953125,nan,nan,2497,1250,1250,0.125,2.9471747875213623,0.00023778964815007476,0.0002330799604745664,0.0002150478655137325,0.00017686924547888339,9.208370511981824e-05,0.0003903618204401503,0.0026503177556766555,-0.08424932264319891,0.006203014812335823,0.01470203939825296,7.37746317188219,7.211236367531715,0.9774682976413874,13949.903450212922,460800.0,4608000000.0,nan,nan,nan,nan,nan,nan,nan,nan,nan,0,0.01639978507782043,0.47883597883597884,0.0002689529505987016,0.011065596625918434,-0.31670509630568855,-0.363542824463673
AdaBelief,ACN,46,0.01,,0.00021000659812695134,0.0003729360252223533,False,,10000,23.204691171646118,0.0023204691171646117,0.001764114125058997,0.0007,17.501953125,nan,nan,2497,2750,1250,0.125,2.8702824115753174,0.00022855813262960827,0.00023816440222329478,0.0002334992989479159,0.00032592835486866534,-0.000115921756741714,0.00041097267678762904,0.0026657548584680894,0.09816974657858314,0.0111739739747165,0.01955392137169838,7.301230860173851,9.49709189061947,1.3007521707638943,13790.314968337478,460800.0,4608000000.0,nan,nan,nan,nan,nan,nan,nan,nan,nan,0,0.014491604401409505,0.4523809523809524,0.00021000659812695134,0.0101723797106869,-0.028123162047631434,-1.3967472110777648
AdaBelief,ADBE,42,0.01,,0.0004684025490725482,0.0007147977143447026,False,,10000,23.097681045532227,0.0023097681045532227,0.0017637816985631948,0.0002,17.501953125,nan,nan,2497,2250,2250,0.225,5.3094322681427,0.00039523267761014115,0.0003611573520877072,0.000372224929342288,0.0008092827629297972,-0.00034088021385724897,0.0007319029927099675,0.0031437215067676516,-0.10761342494964495,0.008297172157773458,0.018571642413735382,7.192625308173382,7.060547322642822,0.9816370268335162,13854.20464371238,460800.0,4608000000.0,nan,nan,nan,nan,nan,nan,nan,nan,nan,0,0.021642609571688627,0.5079365079365079,0.0004684025490725482,0.01396053808706778,0.0018695774818733302,0.39488380311031135
AdaBelief,ADBE,43,0.01,,0.0004823088803619304,0.0007095186716681766,False,,10000,22.99336576461792,0.002299336576461792,0.0017653752610666683,0.0001,17.501953125,nan,nan,2497,750,750,0.075,1.7692255973815918,0.000357090199193683,0.0003948885989738342,0.00034839393924459314,0.00030166981741786003,0.00018063906294407038,0.0007275401489885293,0.0031042862107757683,0.019291844975536272,0.007839345545599645,0.016844973806291814,7.239556148304201,6.947013657899759,0.9595911013863788,13917.057784224633,460800.0,4608000000.0,nan,nan,nan,nan,nan,nan,nan,nan,nan,0,0.021961531830952286,0.5052910052910053,0.0004823088803619304,0.014431158701578775,-0.027763763226949845,0.18390016530866893
AdaBelief,ADBE,44,0.01,,0.00048686035726436234,0.0007211358066579075,False,,10000,23.06397819519043,0.002306397819519043,0.0017686359183319213,0.0005,17.501953125,nan,nan,2497,5750,1750,0.175,4.074594497680664,0.0003898376697360018,0.00037599929211519907,0.00037060445454699,0.00019860733300447464,0.0002882530242598877,0.0007464893789086416,0.003077232363111189,0.008432573113890318,0.010665182297950378,0.022205326240509745,7.383611064693213,7.506498576833943,1.016643280782807,13874.449467990311,460800.0,4608000000.0,nan,nan,nan,nan,nan,nan,nan,nan,nan,0,0.02206491235569184,0.5052910052910053,0.00048686035726436234,0.014557359079835276,-0.037462616430676166,0.18390016530866893
AdaBelief,ADBE,45,0.01,,0.0004676725498582951,0.0007162573957316755,False,,10000,23.208096504211426,0.002320809650421143,0.0017638705139038525,0.0,17.501953125,nan,nan,2497,6000,6000,0.6,14.009965658187866,0.0003828050517230327,0.0003663926188091927,0.00036129145200640726,0.000251754536293447,0.00021591801356484809,0.0007333390053410047,0.0029346830550114078,-0.00357522693864441,0.008250729531563411,0.018531678989529603,7.37746317188219,7.03376677771735,0.9534126587747975,13788.291510332681,460800.0,4608000000.0,nan,nan,nan,nan,nan,nan,nan,nan,nan,0,0.021625738134415092,0.5264550264550265,0.0004676725498582951,0.013904813736204117,0.00342515062212001,0.8906535746695629
AdaBelief,ADBE,46,0.01,,0.0004681005837425353,0.0007159828507299448,False,,10000,23.213950634002686,0.0023213950634002685,0.0017975765351565262,0.0004,17.501953125,nan,nan,2497,1250,500,0.05,1.2022385597229004,0.00040650302709366895,0.0003810995988476273,0.00037253169402588814,0.0006004943861626089,-0.00013239380242007355,0.0007429379152212225,0.0034407396078258907,-0.13853911936093036,0.010521402322657377,0.0217583610676229,7.301230860173851,7.819802159663257,1.071025188686755,13784.814357762925,460800.0,4608000000.0,nan,nan,nan,nan,nan,nan,nan,nan,nan,0,0.021635632270459195,0.5079365079365079,0.0004681005837425353,0.014181565986108528,0.0025130427726330895,0.1356385651014927
AdaBelief,ADI,42,0.01,,0.0003383982355001742,0.0004558105130410637,False,,10000,23.192375659942627,0.0023192375659942628,0.001787495050120219,0.0,17.501953125,nan,nan,2497,8000,2250,0.225,5.175675868988037,0.00033569446556673847,0.0003288842063835196,0.0003256895970343239,0.00012487238564062864,0.00021352584985954558,0.0004813105490210429,0.004298394443043903,-0.013687944134027545,0.006972724522395583,0.015046336967498061,7.192625308173382,5.377127644046886,0.7475890114749276,13797.637839779265,460800.0,4608000000.0,nan,nan,nan,nan,nan,nan,nan,nan,nan,0,0.01839560370034575,0.5238095238095238,0.0003383982355001742,0.014037365635866841,0.0025313781666338464,0.11147826165075522
AdaBelief,ADI,43,0.01,,0.00033213639700854265,0.0004559161650407219,False,,10000,23.001970529556274,0.0023001970529556276,0.0017647359880065205,0.0,17.501953125,nan,nan,2497,10000,4250,0.425,9.705959558486938,0.0003451383103497384,0.0003370233688488364,0.000319326371991935,0.0002823282848112285,4.980811219731414e-05,0.0004693429484088786,0.0029932184086663314,-0.07712754976818705,0.007464173287153972,0.018421855848282574,7.239556148304201,6.493539821265566,0.8969527534898141,13911.851577621035,460800.0,4608000000.0,nan,nan,nan,nan,nan,nan,nan,nan,nan,0,0.018224609653118572,0.5185185185185185,0.00033213639700854265,0.013877647894400137,0.020988884013728115,0.8540124646917667
AdaBelief,ADI,44,0.01,,0.0003345227115368717,0.00045632138176369096,False,,10000,23.207069873809814,0.0023207069873809813,0.0017637392857369355,0.0001,17.501953125,nan,nan,2497,5250,2000,0.2,4.694309234619141,0.00034259427080963946,0.00033446377701592655,0.0003244529517873338,9.462247544433922e-05,0.0002399002360925325,0.0004842537761521017,0.002879801472141586,-0.14885103759593557,0.008286570337744343,0.01952626584097742,7.383611064693213,7.0043401687632345,0.9486334135686578,13788.901474422408,460800.0,4608000000.0,nan,nan,nan,nan,nan,nan,nan,nan,nan,0,0.018289962043068098,0.5158730158730159,0.0003345227115368717,0.013933300341247882,0.013954941120039255,0.5975804335568411
AdaBelief,ADI,45,0.01,,0.0003375619965255576,0.00045480624592272607,False,,10000,23.40138077735901,0.002340138077735901,0.0017677732851082253,0.0,17.501953125,nan,nan,2497,2500,1000,0.1,2.3249871730804443,0.00033645409482300245,0.0003467443540176166,0.0003091135198088595,0.0003442845190875232,-6.722522561965617e-06,0.000475778243865706,0.003214090383818883,-0.05562261309789345,0.007210147140445042,0.017452739924192426,7.37746317188219,6.96060873989082,0.9434962368121156,13674.40678156915,460800.0,4608000000.0,nan,nan,nan,nan,nan,nan,nan,nan,nan,0,0.01837286032509793,0.5185185185185185,0.0003375619965255576,0.014027179233611577,0.004996290952899773,0.5903219021376455
AdaBelief,ADI,46,0.01,,0.00033637660521048084,0.00045617798279071675,False,,10000,23.25127077102661,0.0023251270771026612,0.001767185373473058,0.0001,17.501953125,nan,nan,2497,3250,500,0.05,1.1675543785095215,0.0003351080528318723,0.0003320767394192306,0.00034881455595319957,0.0004061660438310355,-6.978943862055465e-05,0.0004859629468407702,0.003184237546969276,-0.06573531687008535,0.007809854321868261,0.01793510755524039,7.301230860173851,6.950606455882476,0.9519773568311706,13762.688635442315,460800.0,4608000000.0,nan,nan,nan,nan,nan,nan,nan,nan,nan,0,0.01834057265219603,0.5185185185185185,0.00033637660521048084,0.013984239921367988,0.00849037135091113,0.42634525203536583
AdaBelief,ADSK,42,0.01,,0.000294109027852457,0.000758448472389808,False,,10000,22.954146146774292,0.002295414614677429,0.0017720578535323753,0.0,17.501953125,nan,nan,2497,9250,750,0.075,1.7662854194641113,0.0005210356023346852,0.0005146208680476114,0.0005451485975144194,0.0001594638597453013,0.00013464516810715571,0.000770328314962869,0.0034922896318848456,-0.1586120208149577,0.008289543278081691,0.019956825021654367,7.192625308173382,6.250260611015429,0.8689818172389584,13940.83656842836,460800.0,4608000000.0,nan,nan,nan,nan,nan,nan,nan,nan,nan,0,0.017149607221521344,0.4603174603174603,0.000294109027852457,0.012755290541068586,-0.02535175263881051,-0.5799694332654385
AdaBelief,ADSK,43,0.01,,0.0002967612374396551,0.0007575037308649928,False,,10000,23.418910264968872,0.002341891026496887,0.0017679658183170385,0.0001,17.501953125,nan,nan,2497,8500,8500,0.85,19.97153639793396,0.0005308075519258866,0.0005510754043548313,0.0005003848252190933,0.0003457223065197468,-4.896106908009167e-05,0.0007789022331212497,0.0032282491896204503,-0.03815226518953481,0.009470421048012214,0.021933038718998422,7.239556148304201,6.420481988184454,0.88686127390398,13664.171235101034,460800.0,4608000000.0,nan,nan,nan,nan,nan,nan,nan,nan,nan,0,0.017226759342361963,0.4576719576719577,0.0002967612374396551,0.012854210283390429,-0.0345981459523923,-0.6098947278185622
AdaBelief,ADSK,44,0.01,,0.000294106938536205,0.0007592751903938678,False,,10000,23.720029592514038,0.002372002959251404,0.001765507368448895,0.0002,17.501953125,nan,nan,2497,6250,5000,0.5,11.950887203216553,0.0005370452857015551,0.0005153378085763097,0.0005294757211716629,0.00021619618928525597,7.791074925094904e-05,0.0007991967096317708,0.0030151151079944338,-0.10656465055936114,0.010008207599484013,0.021789651177823516,7.383611064693213,6.685819454457283,0.9054945332138885,13490.708295785218,460800.0,4608000000.0,nan,nan,nan,nan,nan,nan,nan,nan,nan,0,0.017149546307007803,0.4444444444444444,0.000294106938536205,0.01273368653796968,-0.02534446865947637,-0.910808831292842
AdaBelief,ADSK,45,0.01,,0.0003004119036689637,0.0007574013594923349,False,,10000,23.467408657073975,0.0023467408657073976,0.0017601724698310232,0.0002,17.501953125,nan,nan,2497,9000,3000,0.3,7.084119558334351,0.0005387379807779496,0.000543814792174101,0.0005246197330151558,0.0013590370072051883,-0.0010586251035362246,0.0007732771456115937,0.002605714904519268,0.026949295347255244,0.009573241040293941,0.021523136086761943,7.37746317188219,7.025088436930745,0.9522363274825343,13635.932483049839,460800.0,4608000000.0,nan,nan,nan,nan,nan,nan,nan,nan,nan,0,0.017332394631699444,0.4444444444444444,0.0003004119036689637,0.01296943709963844,-0.047325456786246445,-0.8239633900539093
AdaBelief,ADSK,46,0.01,,0.0002923439892511519,0.0007579584336723509,False,,10000,23.083452224731445,0.0023083452224731443,0.0017666108838099135,0.0001,17.501953125,nan,nan,2497,5750,1250,0.125,2.8716325759887695,0.0005366495923075576,0.0005426624985324776,0.0004975629462481549,0.0012416968820616603,-0.0009493528928105083,0.000777110136147949,0.003043232248891869,-0.09440559786737789,0.009515874738714774,0.0206563252955675,7.301230860173851,6.917757848918176,0.947478306247319,13862.744483996821,460800.0,4608000000.0,nan,nan,nan,nan,nan,nan,nan,nan,nan,0,0.017098069752201617,0.4470899470899471,0.0002923439892511519,0.012674558730352493,-0.0191983018707802,-0.8830777717450542
AdaBelief,AMD,42,0.01,,0.0008464832469899818,0.001330545947785719,False,,10000,23.225764751434326,0.0023225764751434327,0.0017790116732394525,0.0001,17.501953125,nan,nan,2497,7250,2000,0.2,4.662170171737671,0.0012551415227288357,0.0012276736128075255,0.001229722799683962,0.006680208258330822,-0.00583372501134084,0.0013728107245351265,0.0038638005930221263,-0.0477897519391554,0.011845437197639695,0.027928477339446534,7.192625308173382,6.149923104469577,0.8550317639208976,13777.802514779976,460800.0,4608000000.0,nan,nan,nan,nan,nan,nan,nan,nan,nan,0,0.02909438514541907,0.5145888594164456,0.0008464832469899818,0.021420337535716868,-0.013886166037168524,0.08886941778465908
AdaBelief,AMD,43,0.01,,0.0008429769801084326,0.0013336243616807366,False,,10000,23.34818387031555,0.002334818387031555,0.001766005203601709,0.0001,17.501953125,nan,nan,2497,4500,1500,0.15,3.5329842567443848,0.0012541338263681204,0.0012576678441372498,0.0011822876241709853,0.002559487707912922,-0.0017165107278044893,0.0013811798989347135,0.003148848669094497,-0.0200661548705024,0.011268139760614576,0.0287126132287085,7.239556148304201,6.804453903291234,0.9398993203312768,13705.562787127184,460800.0,4608000000.0,nan,nan,nan,nan,nan,nan,nan,nan,nan,0,0.0290340658556192,0.5092838196286472,0.0008429769801084326,0.021327954751473886,-0.009686489908576457,-0.08512321927901365
AdaBelief,AMD,44,0.01,,0.0008458474641123777,0.0013345559016462978,False,,10000,22.916441440582275,0.0022916441440582274,0.0017753438593434104,0.0001,17.501953125,nan,nan,2497,1000,1000,0.1,2.311433792114258,0.001272639381907384,0.0013823543526254717,0.0011640839353620623,0.0005460338434204459,0.0002998136206919318,0.0013930043691454683,0.0035097713302463572,-0.004558854897175945,0.013729714700535987,0.03302630633115767,7.383611064693213,7.163408212635646,0.9701768077803383,13963.773600264058,460800.0,4608000000.0,nan,nan,nan,nan,nan,nan,nan,nan,nan,0,0.029083456880370628,0.5092838196286472,0.0008458474641123777,0.02143797546467453,-0.013124648940996408,0.30735742522140014
AdaBelief,AMD,45,0.01,,0.0008614902931546408,0.0013336876026831508,False,,10000,22.770943641662598,0.0022770943641662596,0.0017778752534839991,0.0,17.501953125,nan,nan,2497,750,750,0.075,1.7454454898834229,0.0012825005734982738,0.0012356727005401412,0.001242866557928611,0.0008415462798438966,1.9944013310744147e-05,0.001368394098597741,0.003758688098371793,-0.0452799006207491,0.012563232145950315,0.030932985804975017,7.37746317188219,6.997461042673907,0.94849149086144,14052.996882154486,460800.0,4608000000.0,nan,nan,nan,nan,nan,nan,nan,nan,nan,0,0.02935115488621599,0.5092838196286472,0.0008614902931546408,0.02173571611838366,-0.03186104806056789,-0.08512321927901365
AdaBelief,AMD,46,0.01,,0.0008460700354248128,0.0013341968508550912,False,,10000,23.086505651474,0.0023086505651474,0.001767711460936644,0.0003,17.501953125,nan,nan,2497,1500,750,0.075,1.7477502822875977,0.0012615383962423432,0.001225213137082359,0.00129659597261421,0.001304613659158349,-0.00045854362373353623,0.0013968810648899667,0.00313078880904353,-0.04388277197191568,0.013395813024029484,0.029632488545030356,7.301230860173851,7.140167083727404,0.9779401885064333,13860.910994105729,460800.0,4608000000.0,nan,nan,nan,nan,nan,nan,nan,nan,nan,0,0.029087283053334714,0.5013262599469496,0.0008460700354248128,0.021330644213964068,-0.013391236585154953,-0.7629181408950596
AdaBelief,AMZN,42,0.01,,0.0003384218487159285,0.000829174047439737,False,,10000,23.162965774536133,0.0023162965774536134,0.0017654181522956485,0.0,17.501953125,nan,nan,2497,2000,2000,0.2,4.568042993545532,0.000416376679322559,0.00038275166550337135,0.0004000548506837663,0.0003795739612542093,-4.1152112538280806e-05,0.0008448286055869929,0.0032073601579309897,-0.12316981489940651,0.007729660116599552,0.01903299493715166,7.192625308173382,6.910228609575666,0.9607380217238881,13815.156621773682,460800.0,4608000000.0,nan,nan,nan,nan,nan,nan,nan,nan,nan,0,0.01839624550597019,0.5333333333333333,0.0003384218487159285,0.013434659867059617,-0.029603938564600085,-0.10116559766531316
AdaBelief,AMZN,43,0.01,,0.0003324892943498319,0.0008305719107468501,False,,10000,22.99614667892456,0.002299614667892456,0.001765598739317394,0.0,17.501953125,nan,nan,2497,8500,2500,0.25,5.851712465286255,0.00039723495516883123,0.0003674025629767823,0.0003900421451932552,0.00020283038611523807,0.0001296589082345938,0.0008408729791933117,0.003118712486342017,-0.10761274272488866,0.007983188274904388,0.01868812339380382,7.239556148304201,5.943590303758864,0.820988218338647,13915.374800303942,460800.0,4608000000.0,nan,nan,nan,nan,nan,nan,nan,nan,nan,0,0.018234288972971552,0.5013333333333333,0.0003324892943498319,0.013411499205089751,-0.011554922627071473,-0.7156513304799498
AdaBelief,AMZN,44,0.01,,0.0003568983819118883,0.00082718851711769,False,,10000,23.17579483985901,0.002317579483985901,0.0017656147428452864,0.0001,17.501953125,nan,nan,2497,4000,4000,0.4,9.188968896865845,0.00040659073147858037,0.00040385399039576624,0.0003918607969225938,0.0001801947073545307,0.00017670367455735762,0.0008565601662519894,0.0030750771096084714,-0.02637432864554553,0.00974859054868648,0.022099223546683786,7.383611064693213,6.962456056413293,0.942960835207885,13807.50917977779,460800.0,4608000000.0,nan,nan,nan,nan,nan,nan,nan,nan,nan,0,0.018891754336532337,0.4693333333333333,0.0003568983819118883,0.014002583014271246,-0.08581635931036624,-1.2042107154628319
AdaBelief,AMZN,45,0.01,,0.00034533866814204624,0.0008296710426674598,False,,10000,23.196436166763306,0.0023196436166763304,0.0017630048940844667,0.0,17.501953125,nan,nan,2497,6500,2000,0.2,4.673162221908569,0.0003976325550780208,0.0003739843360217939,0.0003908925512600454,0.0002995049289893359,4.5833739152710345e-05,0.0008450741326980004,0.002961147642019033,-0.16188779181396157,0.0075519145820187985,0.02019651131704449,7.37746317188219,6.4453959759411115,0.8736602034838375,13795.222580721585,460800.0,4608000000.0,nan,nan,nan,nan,nan,nan,nan,nan,nan,0,0.018583290024698162,0.4693333333333333,0.00034533866814204624,0.0136953939205755,-0.05064745141843119,-1.2042107154628319
AdaBelief,AMZN,46,0.01,,0.00034410463123725206,0.0008309727005996502,False,,10000,22.934439659118652,0.0022934439659118653,0.0017630786987172231,0.0002,17.501953125,nan,nan,2497,7000,1000,0.1,2.374122381210327,0.0003938869467535933,0.0003949308829711446,0.000393543731321945,0.0003858152776956558,-4.171064645840377e-05,0.0008585584785535629,0.0028496234307600304,-0.14094634139300175,0.009491896485364124,0.01941291270777582,7.301230860173851,6.894480605959288,0.9442901803813285,13952.815275029801,460800.0,4608000000.0,nan,nan,nan,nan,nan,nan,nan,nan,nan,0,0.018550057445659084,0.4693333333333333,0.00034410463123725206,0.013623217426279866,-0.04689305653426201,-1.2042107154628319
AdaBelief,APH,42,0.01,,0.00022752106032043537,0.00028287617376059374,False,,10000,22.940253973007202,0.0022940253973007204,0.0017601954739221003,0.0,17.501953125,nan,nan,2497,8000,750,0.075,1.8014066219329834,0.0002586851531465527,0.00023721444636485168,0.0002533506713461136,0.00010207243030890822,0.00012544863001152714,0.00029611523827346726,0.0032532052804702927,-0.06563275811010026,0.006725470249740829,0.015636760368943212,7.192625308173382,5.879600807864328,0.8174485053716074,13949.278869210866,460800.0,4608000000.0,nan,nan,nan,nan,nan,nan,nan,nan,nan,0,0.015083801255666138,0.5372340425531915,0.00022752106032043537,0.01042938926232555,-0.0017474637216430278,1.2983012554642173
AdaBelief,APH,43,0.01,,0.0002387769165493193,0.0002814696148156487,False,,10000,23.20203685760498,0.002320203685760498,0.0017611589872282797,0.0001,17.501953125,nan,nan,2497,3750,3750,0.375,8.60590410232544,0.0002684943909171474,0.00026147948743904687,0.00024631583049271484,0.00013751719961874187,0.00010125971693057743,0.0002972532857022204,0.002725385864502636,0.0012558631228641926,0.007258427910288447,0.015071772504597894,7.239556148304201,6.83141030235609,0.9436228081408395,13791.892580978852,460800.0,4608000000.0,nan,nan,nan,nan,nan,nan,nan,nan,nan,0,0.015452408114896503,0.4787234042553192,0.0002387769165493193,0.010978395976717509,-0.051305625121821796,-0.7850359278723195
AdaBelief,APH,44,0.01,,0.00022623238582459708,0.0002824201666075608,False,,10000,22.978185653686523,0.002297818565368652,0.001761198636558479,0.0001,17.501953125,nan,nan,2497,6250,3250,0.325,7.459860324859619,0.00026632445651596475,0.00026875504807172783,0.00024987976902924154,0.00041616157977841794,-0.00018992919395382086,0.00031616832924920475,0.002695804997577258,-0.1899929018259218,0.00798745061548907,0.01973889665678143,7.383611064693213,6.961082643802894,0.942774826952796,13926.251829576482,460800.0,4608000000.0,nan,nan,nan,nan,nan,nan,nan,nan,nan,0,0.015041023430092684,0.5106382978723404,0.00022623238582459708,0.010436720318264432,0.003926412823898273,-0.05096575385715642
AdaBelief,APH,45,0.01,,0.00023220581983132338,0.00028232384265575866,False,,10000,23.17078447341919,0.002317078447341919,0.0017613601132662848,0.0,17.501953125,nan,nan,2497,9750,2750,0.275,6.288131237030029,0.0002613078373138418,0.0002456450125816281,0.0002393517483394365,0.00045350089203566313,-0.00022129507220433974,0.00029438667367739165,0.0027177062609951,0.029893138588641958,0.006205444102217007,0.014253734424710271,7.37746317188219,6.864502888865074,0.9304692858417556,13810.494865510236,460800.0,4608000000.0,nan,nan,nan,nan,nan,nan,nan,nan,nan,0,0.015238301080872612,0.4601063829787234,0.00023220581983132338,0.010622424423379241,-0.02237388815711494,-1.4047444824252193
AdaBelief,APH,46,0.01,,0.00024184214059637968,0.0002826285061848891,False,,10000,22.94969606399536,0.002294969606399536,0.001762184858740217,0.0001,17.501953125,nan,nan,2497,6250,1750,0.175,4.05857515335083,0.00025581586408620325,0.00025984674736981306,0.00025612966320068584,0.0004119418445043266,-0.0001700997039079469,0.00030439133590349154,0.002758456105293605,-0.01686826817370962,0.007261883619512809,0.016691098175942883,7.301230860173851,6.845490177502658,0.9375802941450421,13943.539779685017,460800.0,4608000000.0,nan,nan,nan,nan,nan,nan,nan,nan,nan,0,0.015551274565011694,0.4601063829787234,0.00024184214059637968,0.011034010579346349,-0.06480143254534898,-1.4047444824252193
AdaBelief,AVGO,42,0.01,,0.0008981408423216885,0.0004988103235431944,False,,10000,23.23899531364441,0.002323899531364441,0.001769909516179219,0.0,17.501953125,nan,nan,2497,9250,500,0.05,1.2167458534240723,0.0005146077247931719,0.0004958862164098749,0.0004977304895772012,0.0001540378580102697,0.0007441029843114188,0.0005281618510931679,0.003397650005889356,-0.08455786857966101,0.007987509922885874,0.018839555978775024,7.192625308173382,6.140652254264307,0.8537428256253443,13769.958454792451,460800.0,4608000000.0,nan,nan,nan,nan,nan,nan,nan,nan,nan,0,0.029968998019982058,0.5185185185185185,0.0008981408423216885,0.02106467504349966,-0.04396849336121367,1.277560819369879
AdaBelief,AVGO,43,0.01,,0.0009835592653385547,0.0004994224173953109,False,,10000,23.11362385749817,0.002311362385749817,0.0017641298084080602,0.0003,17.501953125,nan,nan,2497,7500,750,0.075,1.7253999710083008,0.0005520265649062413,0.0005219602952992784,0.0004894664196406558,0.000496217398904264,0.0004873418664342907,0.0005867386192827251,0.002927318305331922,-0.09836018747249604,0.013082142070987903,0.02510726610198615,7.239556148304201,7.124905896133066,0.9841633589376897,13844.64859222802,460800.0,4608000000.0,nan,nan,nan,nan,nan,nan,nan,nan,nan,0,0.03136174844198829,0.47619047619047616,0.0009835592653385547,0.02143058827314427,-0.14325597499014608,-1.3226999194615243
AdaBelief,AVGO,44,0.01,,0.0008985937903167078,0.0005018318600616658,False,,10000,23.442520141601562,0.0023442520141601563,0.0017660650470593057,0.0003,17.501953125,nan,nan,2497,8250,1750,0.175,4.035451889038086,0.0005107260560315119,0.0005035959862030032,0.0005183911826464,0.0003649038844741881,0.0005336899058425198,0.0005633829676244711,0.002946690483393417,-0.09087245943103318,0.011347237699037215,0.027029036451131104,7.383611064693213,7.139501606332371,0.9669390144981879,13650.409515149424,460800.0,4608000000.0,nan,nan,nan,nan,nan,nan,nan,nan,nan,0,0.02997655401003771,0.48412698412698413,0.0008985937903167078,0.020572481962738844,-0.04449498476840663,-0.8548319150307812
AdaBelief,AVGO,45,0.01,,0.0009267692055021014,0.000500412731967491,False,,10000,23.05455732345581,0.002305455732345581,0.0017646742943414255,0.0,17.501953125,nan,nan,2497,3750,750,0.075,1.7661607265472412,0.0004996627855402779,0.0005293968636487644,0.0004837905630370526,0.0005237891455180943,0.00040298005998400707,0.0005192567249070234,0.0028849419604364485,-0.08656792766599222,0.008825499330440653,0.02182251792401075,7.37746317188219,7.251091318940304,0.9828705545527454,13880.11903722092,460800.0,4608000000.0,nan,nan,nan,nan,nan,nan,nan,nan,nan,0,0.030442884316406377,0.5132275132275133,0.0009267692055021014,0.021661342136443607,-0.07724513302453784,1.003848945464565
AdaBelief,AVGO,46,0.01,,0.0008545279029815916,0.0004991772399340764,False,,10000,23.04004454612732,0.002304004454612732,0.0018497058759690778,0.0001,17.501953125,nan,nan,2497,9000,1750,0.175,4.106001377105713,0.0005121154798729631,0.000509924635314235,0.0005153644257757305,0.0004067043191753328,0.00044782358380625884,0.0005326577978686136,0.003398631112904354,-0.0998459445213232,0.010001042262592819,0.02144646607339381,7.301230860173851,6.886940805548289,0.9432575051303477,13888.862035806573,460800.0,4608000000.0,nan,nan,nan,nan,nan,nan,nan,nan,nan,0,0.029232309231081825,0.5317460317460317,0.0008545279029815916,0.02018363765938572,0.006725710073782976,1.5695998847578083
AdaBelief,CDNS,42,0.01,,0.00039426856255405165,0.000558345758946568,False,,10000,23.05852508544922,0.002305852508544922,0.0017625803484446314,0.0001,17.501953125,nan,nan,2497,8750,1000,0.1,2.325537919998169,0.00035068348548659674,0.0003303623489897054,0.00036724315156781213,0.0002156093978555873,0.00017865916469846435,0.0006005708752769456,0.002928213564339068,-0.023073424661974415,0.008220285853029781,0.01875147148966789,7.192625308173382,7.1625231756474905,0.995814861578889,13877.730636029788,460800.0,4608000000.0,nan,nan,nan,nan,nan,nan,nan,nan,nan,0,0.019856197081869722,0.4708994708994709,0.00039426856255405165,0.014509828002364547,-0.008517493492488981,-0.7565413903817717
AdaBelief,CDNS,43,0.01,,0.0003908325045827835,0.0005602772577371774,False,,10000,22.818848609924316,0.0022818848609924315,0.0017594904271584766,0.0002,17.501953125,nan,nan,2497,8000,500,0.05,1.1620404720306396,0.0003679101576898039,0.00034731378996152607,0.00034488581045563936,0.00032390470732934773,6.692779725343579e-05,0.0005867636886647077,0.0026138607950430695,-0.029109985720222255,0.009052860820034403,0.017070831451565023,7.239556148304201,6.943865273040059,0.9591562149382037,14023.49458862821,460800.0,4608000000.0,nan,nan,nan,nan,nan,nan,nan,nan,nan,0,0.019769484175941047,0.5158730158730159,0.0003908325045827835,0.014430757552858383,0.0002717555164353236,0.4399119932604977
AdaBelief,CDNS,44,0.01,,0.00039280052222902815,0.0005583394743719531,False,,10000,23.11879849433899,0.002311879849433899,0.0017658978423143415,0.0001,17.501953125,nan,nan,2497,4000,1750,0.175,4.108642578125,0.0003580499849736294,0.00035383435059316027,0.00033618221296685485,0.00017329117690678686,0.0002195093453222413,0.0005832838742966344,0.0028298936230216976,-0.07053117586131478,0.009249829275436787,0.022990903165191406,7.383611064693213,7.664110486186254,1.037989463290439,13841.549770778838,460800.0,4608000000.0,nan,nan,nan,nan,nan,nan,nan,nan,nan,0,0.019819195801773295,0.47883597883597884,0.00039280052222902815,0.014498609714407138,-0.004762326356291924,-0.5255742308309481
AdaBelief,CDNS,45,0.01,,0.000392136553292552,0.000559616626415708,False,,10000,22.818389177322388,0.0022818389177322387,0.0017615850593394864,0.0,17.501953125,nan,nan,2497,9750,2500,0.25,5.689018964767456,0.0003721994877776425,0.00035643188492232605,0.00032729602270241095,0.0008491198532283306,-0.00045698329993577863,0.0005823087456728548,0.0026569915867830944,-0.07044905357531406,0.008376774635759648,0.019245367683470245,7.37746317188219,7.274810398193699,0.9860856270920155,14023.776942065033,460800.0,4608000000.0,nan,nan,nan,nan,nan,nan,nan,nan,nan,0,0.01980243806435339,0.4708994708994709,0.000392136553292552,0.014463460003888165,-0.0030639300062660357,-0.2465264665981558
AdaBelief,CDNS,46,0.01,,0.0004587032334514396,0.0005555906251507666,False,,10000,23.21466898918152,0.002321466898918152,0.0018056724061316694,0.0003,17.501953125,nan,nan,2497,1750,500,0.05,1.1365270614624023,0.00036563596729158126,0.00034808063464134367,0.00036031878267049,0.00033695000456646085,0.00012175322888497873,0.0005751180050243838,0.0032737818289027033,-0.06676711244717447,0.008697861340933014,0.01932689240202307,7.301230860173851,7.452395945836462,1.0207040550501114,13784.387800193324,460800.0,4608000000.0,nan,nan,nan,nan,nan,nan,nan,nan,nan,0,0.02141735822764889,0.5291005291005291,0.0004587032334514396,0.01578065831825216,-0.17333786965052544,0.6269167206408078
AdaBelief,CRM,42,0.01,,0.0004475390311902162,0.0007277578510719522,False,,10000,23.38468027114868,0.0023384680271148683,0.001762515062369984,0.0001,17.501953125,nan,nan,2497,8000,2750,0.275,6.507728099822998,0.0005604746871366737,0.0004742177239125184,0.0005251262024530207,0.0002336036995984614,0.00021393533159175482,0.0007415757040292205,0.003022999872339802,-0.0648073906699054,0.010108713613968576,0.02243489753454918,7.192625308173382,6.852957605128387,0.9527755598975785,13684.172556115998,460800.0,4608000000.0,nan,nan,nan,nan,nan,nan,nan,nan,nan,0,0.021155118321347584,0.48677248677248675,0.0004475390311902162,0.01323786109843582,-0.0008137657678688459,-0.4674298530266713
AdaBelief,CRM,43,0.01,,0.0004537910932586307,0.0007272138203486839,False,,10000,22.87366771697998,0.002287366771697998,0.0017648716470863026,0.0,17.501953125,nan,nan,2497,4500,750,0.075,1.7375900745391846,0.0005000231226984274,0.0005128848598437179,0.0005161905516019418,0.00020890234736725688,0.0002448887458913738,0.0007453353633801483,0.0029771163030264374,-0.10160938608945969,0.008365084104432026,0.020632396358996625,7.239556148304201,6.711812555165304,0.927102769516814,13989.885835512598,460800.0,4608000000.0,nan,nan,nan,nan,nan,nan,nan,nan,nan,0,0.021302372949008067,0.48148148148148145,0.0004537910932586307,0.013350807169757823,-0.014795003931305839,-0.5959599995046686
AdaBelief,CRM,44,0.01,,0.00045138282119912444,0.0007286274148551476,False,,10000,23.002028226852417,0.002300202822685242,0.0017660128670824262,0.0001,17.501953125,nan,nan,2497,7250,1250,0.125,2.890197277069092,0.0005430780770435648,0.0005013424046821989,0.0005226270675186581,0.0004728479543700814,-2.146513317095698e-05,0.0007521373314864941,0.003092043322350435,-0.10411663908089597,0.010081318631196337,0.02904153950512409,7.383611064693213,6.5650471086444,0.8891377201647302,13911.816681732183,460800.0,4608000000.0,nan,nan,nan,nan,nan,nan,nan,nan,nan,0,0.02124577184286616,0.4973544973544973,0.00045138282119912444,0.013255900176113876,-0.009409480745857568,0.1979907448964672
AdaBelief,CRM,45,0.01,,0.00045263609558186205,0.0007272950850367862,False,,10000,23.235577821731567,0.002323557782173157,0.001764638691913296,0.0001,17.501953125,nan,nan,2497,1500,1500,0.15,3.518871784210205,0.00053227798049447,0.0004986637873663599,0.0004880692257070352,0.0002825249684974551,0.00017011112708440693,0.0007430605176337874,0.0029214885475076667,-0.015179632278336453,0.00929856794182706,0.022036091983318327,7.37746317188219,7.022250988235558,0.9518517171321903,13771.983742135011,460800.0,4608000000.0,nan,nan,nan,nan,nan,nan,nan,nan,nan,0,0.021275246075706435,0.47619047619047616,0.00045263609558186205,0.013410849545998547,-0.012212128486306595,-0.3057496934736288
AdaBelief,CRM,46,0.01,,0.0005212166006602939,0.0007247056031416835,False,,10000,23.03855299949646,0.002303855299949646,0.0017719270777036742,0.0003,17.501953125,nan,nan,2497,8500,8500,0.85,19.56466293334961,0.0005222837096668576,0.0005324700897482669,0.0005043610318029841,0.0003557795425876975,0.00016543705807259637,0.0007737022366303534,0.0032344379228369476,-0.14361863848943926,0.011103509308994399,0.025652405433356756,7.301230860173851,7.624113558554661,1.044223050135566,13889.76121924819,460800.0,4608000000.0,nan,nan,nan,nan,nan,nan,nan,nan,nan,0,0.0228301686515955,0.48412698412698413,0.0005212166006602939,0.015122710081635328,-0.16557598898194126,-0.49876881491590136
AdaBelief,CSCO,42,0.01,,0.00015431739113948965,0.0002837856386637498,False,,10000,22.87479567527771,0.002287479567527771,0.0017555217414713157,0.0003,17.501953125,nan,nan,2497,3500,3500,0.35,8.00452184677124,0.0003210789819484035,0.00026518905764764565,0.00030555505805630314,0.00018365059804636985,-2.9333206906880205e-05,0.00030174253567103615,0.002736971371426995,-0.12358117603750254,0.008346499322089949,0.01656560031697154,7.192625308173382,7.123101505240389,0.9903340157516631,13989.195992943663,460800.0,4608000000.0,nan,nan,nan,nan,nan,nan,nan,nan,nan,0,0.012422455117225808,0.4601063829787234,0.00015431739113948965,0.008518546977371136,-0.060610945696079055,-0.5342250811453262
AdaBelief,CSCO,43,0.01,,0.0001459332803885142,0.000284965103121588,False,,10000,23.08931589126587,0.002308931589126587,0.0017632752269843986,0.0001,17.501953125,nan,nan,2497,6750,1500,0.15,3.5025949478149414,0.00030860209788837075,0.0002951400905597259,0.00026173392486375047,0.0002371588780079037,-9.12255976193895e-05,0.00029872814898368314,0.0027722045405872133,-0.20323662986329,0.008776731263678084,0.02092016348615288,7.239556148304201,7.225214156256796,0.9980189404220914,13859.223959123374,460800.0,4608000000.0,nan,nan,nan,nan,nan,nan,nan,nan,nan,0,0.01208028478093601,0.4946808510638298,0.0001459332803885142,0.008100451615752367,-0.002987630742712133,0.4305004419264564
AdaBelief,CSCO,44,0.01,,0.000145757452599586,0.00028339838633802903,False,,10000,22.86922335624695,0.002286922335624695,0.0017867524762383194,0.0,17.501953125,nan,nan,2497,5500,5500,0.55,12.621083736419678,0.0003150974237663295,0.00028182480333983884,0.000286670170207368,0.00038087303983047605,-0.00023511558723089004,0.00029826452833352864,0.0032063084954495106,-0.046994867517473726,0.008071631549319136,0.01933293109759687,7.383611064693213,7.314604057677024,0.9906540300658353,13992.604602927582,460800.0,4608000000.0,nan,nan,nan,nan,nan,nan,nan,nan,nan,0,0.012073005118842036,0.48404255319148937,0.000145757452599586,0.008027408488843807,-0.0017791805731119936,-0.6624087997272067
AdaBelief,CSCO,45,0.01,,0.0001459698335676597,0.00028485109145192316,False,,10000,23.025871753692627,0.0023025871753692626,0.0017749137997555729,0.0001,17.501953125,nan,nan,2497,4250,4250,0.425,9.74779987335205,0.0002944496902920385,0.0002706974616937106,0.0002749435562887754,0.00024403849965892732,-9.806866609126763e-05,0.00029255022869777863,0.0028491099690389154,0.053744413440926946,0.006935437470625766,0.014844430284574623,7.37746317188219,7.139921312489659,0.9678016882147407,13897.410852585073,460800.0,4608000000.0,nan,nan,nan,nan,nan,nan,nan,nan,nan,0,0.012081797613255226,0.4787234042553192,0.0001459698335676597,0.008091077602729596,-0.0032388577859860934,0.5161626794619663
AdaBelief,CSCO,46,0.01,,0.00014672714172216952,0.0002834736036052754,False,,10000,22.82127857208252,0.002282127857208252,0.001765292948244336,0.0001,17.501953125,nan,nan,2497,7000,2750,0.275,6.348391056060791,0.00028986999021683024,0.000294387667872458,0.00028017015322405806,0.00021811305487062782,-7.13859131484583e-05,0.0002971925989167346,0.002884175851316036,-0.13689486133422632,0.007905879678129713,0.019768360070884228,7.301230860173851,7.128247147180218,0.9763075957593383,14022.001396164496,460800.0,4608000000.0,nan,nan,nan,nan,nan,nan,nan,nan,nan,0,0.012113097940748664,0.4521276595744681,0.00014672714172216952,0.008139562354516731,-0.00844377546899655,-0.5492647504870772
AdaBelief,CTSH,42,0.01,,0.00017449583010698753,0.0004087526064652663,False,,10000,22.827702283859253,0.002282770228385925,0.0017627435897177243,0.0003,17.501953125,nan,nan,2497,3000,3000,0.3,6.869527339935303,0.0003454365516736532,0.00035159060069307795,0.0003575550296238434,0.00013336559641174972,4.113023369523781e-05,0.0004201369324744271,0.003077044327977757,-0.14827264159099424,0.009147973260456637,0.02047051368281245,7.192625308173382,7.007808083644118,0.9743046222191991,14018.05560721115,460800.0,4608000000.0,nan,nan,nan,nan,nan,nan,nan,nan,nan,0,0.013209686979901814,0.4497354497354497,0.00017449583010698753,0.009847297870292865,-0.03135735388687477,-0.7590815510307349
AdaBelief,CTSH,43,0.01,,0.00017572255440489955,0.00040809308186133916,False,,10000,22.76099944114685,0.002276099944114685,0.0017611492025627867,0.0004,17.501953125,nan,nan,2497,1750,1750,0.175,3.9451255798339844,0.0003642567331599455,0.0003704069038511007,0.00033320469002135844,0.0002440610551275313,-6.833850072263174e-05,0.0004210662296140534,0.0027027784258127152,-0.09010880102200401,0.008276810351835593,0.017764765396714205,7.239556148304201,7.046314730184327,0.97330755999936,14059.136587012556,460800.0,4608000000.0,nan,nan,nan,nan,nan,nan,nan,nan,nan,0,0.013256038412923355,0.4656084656084656,0.00017572255440489955,0.009858492190244967,-0.03860790609243492,-0.6456924017020741
AdaBelief,CTSH,44,0.01,,0.00017153465795138526,0.00040704873575772154,False,,10000,22.89813733100891,0.002289813733100891,0.0017631663722827492,0.0001,17.501953125,nan,nan,2497,5000,500,0.05,1.1383557319641113,0.000394311186345172,0.00034000692814278193,0.00034341907922345475,0.0002888621238525957,-0.00011732746590121043,0.00042646638945171737,0.002858403358817826,-0.027805781112906602,0.009249314447116921,0.021430918015539632,7.383611064693213,6.991997928542562,0.946961841202165,13974.935837538735,460800.0,4608000000.0,nan,nan,nan,nan,nan,nan,nan,nan,nan,0,0.013097124033595515,0.4656084656084656,0.00017153465795138526,0.00974599520365397,-0.01385535010298522,-0.5588528834990711
AdaBelief,CTSH,45,0.01,,0.00017843300861025612,0.00040693770827285807,False,,10000,23.36938738822937,0.002336938738822937,0.0017639216342315515,0.0001,17.501953125,nan,nan,2497,2750,750,0.075,1.7132923603057861,0.00037567514708462503,0.0003670311019582114,0.0003232536198228123,0.0001911257568281144,-1.269274821785827e-05,0.00043102905295101595,0.002847583146174586,0.2024775121243981,0.009213570467758109,0.020545621030032615,7.37746317188219,7.075464753330534,0.9590647338366031,13693.127452762272,460800.0,4608000000.0,nan,nan,nan,nan,nan,nan,nan,nan,nan,0,0.01335788189086339,0.4656084656084656,0.00017843300861025612,0.01002356110426484,-0.054628041790544035,-0.676332871950933
AdaBelief,CTSH,46,0.01,,0.00018004197922963944,0.00040580739393158364,False,,10000,22.871520280838013,0.002287152028083801,0.0017687651359568266,0.0002,17.501953125,nan,nan,2497,1500,750,0.075,1.7373170852661133,0.00035715635916631406,0.0003466493406332744,0.0003635629541095994,0.0002872579207178205,-0.00010721594148818109,0.00041830667300199334,0.0031491350579585914,-0.056131890016745255,0.0077956030480505435,0.019866304472088807,7.301230860173851,7.185432415690966,0.9841398735774083,13991.199363695083,460800.0,4608000000.0,nan,nan,nan,nan,nan,nan,nan,nan,nan,0,0.013417972247312164,0.4708994708994709,0.00018004197922963944,0.010136789745754667,-0.06413786033160296,-0.6068268288485892
AdaBelief,FICO,42,0.01,,0.0005572743359066191,0.000700885168121095,False,,10000,22.92755103111267,0.002292755103111267,0.00176765517256903,0.0001,17.501953125,nan,nan,2497,6500,5750,0.575,13.27811574935913,0.00045736031209362717,0.0004314193218223445,0.0004481252806096557,0.00020408484851941466,0.00035318948738720444,0.0007315242642376249,0.003307350922574846,-0.03930873304822055,0.009354827447186836,0.02121155485510826,7.192625308173382,6.695519001511717,0.9308866671955266,13957.0074259462,460800.0,4608000000.0,nan,nan,nan,nan,nan,nan,nan,nan,nan,0,0.023606658719662534,0.3968253968253968,0.0005572743359066191,0.019254525502522785,-0.6202113151374207,-2.0359688915627197
AdaBelief,FICO,43,0.01,,0.0005105513901937576,0.0007022796322243283,False,,10000,23.020859956741333,0.002302085995674133,0.001767818167685994,0.0001,17.501953125,nan,nan,2497,6750,4500,0.45,10.310458660125732,0.0005098070829645016,0.0004307824594439518,0.00043812419141551606,0.0004634871147572994,4.706427543645813e-05,0.0007874950870951609,0.00315260248897037,-0.10201577384719163,0.009444601541753946,0.020302857272326936,7.239556148304201,6.789939218187606,0.9378944066589063,13900.436412945231,460800.0,4608000000.0,nan,nan,nan,nan,nan,nan,nan,nan,nan,0,0.022595384267450676,0.3968253968253968,0.0005105513901937576,0.018139543987455823,-0.48436970097556786,-2.0359688915627197
AdaBelief,FICO,44,0.01,,0.0003764504399249163,0.0007036035826098698,False,,10000,22.83221125602722,0.002283221125602722,0.0017667728966244847,0.0001,17.501953125,nan,nan,2497,7500,7000,0.7,15.893329858779907,0.0004338940507538674,0.00047691703872646804,0.00042137514366985703,0.00018973334226757288,0.0001867170976573434,0.0007662755629566019,0.003066783193530066,-0.0896758174206472,0.009789456852156582,0.023028274159878463,7.383611064693213,6.5237129193294034,0.8835396206775231,14015.287280399823,460800.0,4608000000.0,nan,nan,nan,nan,nan,nan,nan,nan,nan,0,0.019402330785885397,0.40476190476190477,0.0003764504399249163,0.014757568874056376,-0.0944865446971046,-1.9180283199620616
AdaBelief,FICO,45,0.01,,0.0007866603672189057,0.0007014674596508239,False,,10000,22.838921546936035,0.0022838921546936035,0.001764268732691958,0.0,17.501953125,nan,nan,2497,4500,1750,0.175,4.029029369354248,0.00046564813248982546,0.0004849242258152607,0.00041796892166913197,0.0004233229556120932,0.00036333741160681247,0.0007324922458173498,0.0029544630687579274,-0.11241724466221226,0.007738509546684509,0.020052362885326143,7.37746317188219,6.853668883093392,0.9290007585825516,14011.169456595017,460800.0,4608000000.0,nan,nan,nan,nan,nan,nan,nan,nan,nan,0,0.02804746632440987,0.3968253968253968,0.0007866603672189057,0.022969697518323465,-1.287124932937524,-2.0359688915627197
AdaBelief,FICO,46,0.01,,0.00043171084431744124,0.0006986260414123535,False,,10000,22.92090654373169,0.002292090654373169,0.0017683518507368155,0.0,17.501953125,nan,nan,2497,4000,2500,0.25,5.749598503112793,0.0004675247087024896,0.00043009539701359796,0.00047398062576651785,0.0004043324152007699,2.7378429116671336e-05,0.0007389768839514856,0.003266281868044496,0.0126138833341574,0.008674785322828393,0.020067967288196077,7.301230860173851,6.853638686206273,0.938696340036436,13961.053389815082,460800.0,4608000000.0,nan,nan,nan,nan,nan,nan,nan,nan,nan,0,0.020777652521818755,0.3968253968253968,0.00043171084431744124,0.016259967965423745,-0.2551498422993137,-2.0359688915627197
AdaBelief,FTNT,42,0.01,,0.0007242405856097186,0.0009411783686367207,False,,10000,22.9781014919281,0.00229781014919281,0.0017688321115025064,0.0002,17.501953125,nan,nan,2497,2500,2500,0.25,5.812099933624268,0.0006671050995837338,0.0006389500668977044,0.0006507734850503612,0.0005410932935774326,0.00018314729203228598,0.0009782434154398416,0.003338693711542952,0.006762224316597767,0.010241056332083826,0.02257504295557737,7.192625308173382,7.089691508784338,0.9856889807297379,13926.302837177898,460800.0,4608000000.0,nan,nan,nan,nan,nan,nan,nan,nan,nan,0,0.026911718369693874,0.4708994708994709,0.0007242405856097186,0.015321331680136384,-0.01370438062127799,-0.22685275858989778
AdaBelief,FTNT,43,0.01,,0.0007460894723417897,0.0009426907772094564,False,,10000,22.87999129295349,0.002287999129295349,0.0017605536983614871,0.0003,17.501953125,nan,nan,2497,2500,1750,0.175,3.9568159580230713,0.0006913258623482183,0.0006007353930706141,0.0006772549833983101,0.00035323589690960944,0.0003928535754321803,0.0010022433211282428,0.0026629667348890664,-0.04830256312138941,0.009337988386252983,0.022083290666341775,7.239556148304201,6.962801312053849,0.9617718502928968,13986.019308431843,460800.0,4608000000.0,nan,nan,nan,nan,nan,nan,nan,nan,nan,0,0.027314638425975726,0.48148148148148145,0.0007460894723417897,0.01579088634914822,-0.044285809820461264,0.43647013766350196
AdaBelief,FTNT,44,0.01,,0.0007206748717676394,0.0009377064376041807,False,,10000,23.120198965072632,0.002312019896507263,0.001769128426496744,0.0002,17.501953125,nan,nan,2497,3250,500,0.05,1.1735618114471436,0.0006642967044506947,0.0006710186171034873,0.0006447861591111374,0.00037808201159350574,0.0003425928601741337,0.0010023837729083481,0.003235927826500393,-0.028147462389361427,0.011038009758362022,0.027156705409288405,7.383611064693213,7.027617423018499,0.9517859705020222,13840.711340045975,460800.0,4608000000.0,nan,nan,nan,nan,nan,nan,nan,nan,nan,0,0.02684538827746098,0.48677248677248675,0.0007206748717676394,0.015255658084122593,-0.008713525629749697,0.978265788243421
AdaBelief,FTNT,45,0.01,,0.000726496731793439,0.0009343929252826883,False,,10000,22.882097005844116,0.0022882097005844115,0.001768678660519136,0.0001,17.501953125,nan,nan,2497,750,750,0.075,1.7713727951049805,0.0006686145552426184,0.0007280780317621905,0.0006134682491136862,0.0003937077126465738,0.0003327890191468652,0.0009904863931188485,0.0031432927372110992,-0.0471345149114492,0.009679718591897472,0.023685465287417173,7.37746317188219,7.277067674467749,0.9863915962607472,13984.73225239241,460800.0,4608000000.0,nan,nan,nan,nan,nan,nan,nan,nan,nan,0,0.026953603317431213,0.4973544973544973,0.000726496731793439,0.01527721919710674,-0.016862261186385785,0.5439899489775064
AdaBelief,FTNT,46,0.01,,0.0007236751299055796,0.0009447511690681114,False,,10000,22.937588691711426,0.0022937588691711425,0.0017655230780949018,0.0004,17.501953125,nan,nan,2497,6250,500,0.05,1.1616101264953613,0.0006792452895589688,0.0006753915428186505,0.0006683326015770169,0.0006658750353381038,5.780009456747581e-05,0.001021024781992944,0.0030037567014695116,-0.14328657856763974,0.011398803050787682,0.02564407885074614,7.301230860173851,6.980034973895283,0.956007981061029,13950.899734967916,460800.0,4608000000.0,nan,nan,nan,nan,nan,nan,nan,nan,nan,0,0.0269012105658013,0.4656084656084656,0.0007236751299055796,0.015279491111715005,-0.012912924113975821,-0.35000747849044117
AdaBelief,GLW,42,0.01,,0.00024949893276527443,0.00034645361830764487,False,,10000,22.889671087265015,0.0022889671087265016,0.0017676032982264311,0.0001,17.501953125,nan,nan,2497,8750,2000,0.2,4.59389591217041,0.0003766808863297082,0.00037293969607152163,0.0003606504869651578,0.0001254136732313782,0.00012408525953389623,0.00035908436873312153,0.003536477278868887,-0.04215647516327793,0.007138465020502917,0.015491842664778231,7.192625308173382,5.911849621449056,0.8219320996369838,13980.104772149234,460800.0,4608000000.0,nan,nan,nan,nan,nan,nan,nan,nan,nan,0,0.015795535216170248,0.4521276595744681,0.00024949893276527443,0.0109914673699273,-0.06963412586528572,-0.8060910334925975
AdaBelief,GLW,43,0.01,,0.0002538866939998808,0.00034765001949644213,False,,10000,23.402964115142822,0.0023402964115142822,0.0017635147128709657,0.0,17.501953125,nan,nan,2497,6750,2500,0.25,5.823515176773071,0.0003977085522224107,0.0003886031987497366,0.00036761861995940576,0.0002949198824353516,-4.1033188435470784e-05,0.00035593212907560615,0.003050841823275457,-0.10465809491793773,0.007634397600023658,0.01828537946566938,7.239556148304201,6.270956852469322,0.8662073646515243,13673.48163359123,460800.0,4608000000.0,nan,nan,nan,nan,nan,nan,nan,nan,nan,0,0.01593382232861534,0.44680851063829785,0.0002538866939998808,0.01107044573183413,-0.08844502457601955,-0.9975137813238264
AdaBelief,GLW,44,0.01,,0.0002354607380256451,0.00034737808318606103,False,,10000,23.006713390350342,0.002300671339035034,0.0017620688892465955,0.0001,17.501953125,nan,nan,2497,5750,500,0.05,1.153717279434204,0.0003796833567458259,0.00037130441800706357,0.0003685215320444325,0.00014448266301769763,9.097807500794747e-05,0.000376729479490685,0.002728039242739372,-0.0703334905108797,0.00915374899727176,0.02289255280047655,7.383611064693213,6.993166938323003,0.947120166142387,13908.983633195385,460800.0,4608000000.0,nan,nan,nan,nan,nan,nan,nan,nan,nan,0,0.015344729975651089,0.47074468085106386,0.0002354607380256451,0.010519431381629257,-0.00945057320385323,-0.4846256519512959
AdaBelief,GLW,45,0.01,,0.0002400471616989721,0.00034823452446125546,False,,10000,23.119886875152588,0.0023119886875152588,0.0017620486299022174,0.0001,17.501953125,nan,nan,2497,6000,750,0.075,1.725144863128662,0.0003732920658171161,0.00039179076574039686,0.00035281339320193645,0.0002782862284220755,-3.823906672310341e-05,0.00036538691129245327,0.002743255488892261,-0.0017022735072965962,0.00859895658575042,0.019818640034645788,7.37746317188219,6.905283981851328,0.9359970793442272,13840.89817255596,460800.0,4608000000.0,nan,nan,nan,nan,nan,nan,nan,nan,nan,0,0.015493455447348474,0.45478723404255317,0.0002400471616989721,0.0106777791623716,-0.02911316342936865,-1.3195513373766259
AdaBelief,GLW,46,0.01,,0.0002670286903305659,0.000347738319746063,False,,10000,23.07899236679077,0.0023078992366790774,0.0017631962705007178,0.0,17.501953125,nan,nan,2497,3750,1750,0.175,4.041987419128418,0.00035937659736423036,0.0003791978901105521,0.0003768457790438106,0.0003340858966112137,-6.705720628064776e-05,0.00036081832604352155,0.002934100477352894,0.021741689898536427,0.00809600339592289,0.01844399468973277,7.301230860173851,6.90481231465403,0.9457052443469262,13865.42336486319,460800.0,4608000000.0,nan,nan,nan,nan,nan,nan,nan,nan,nan,0,0.016341012524643813,0.45478723404255317,0.0002670286903305659,0.01144316587498579,-0.14478645899218168,-1.0966425445862977
AdaBelief,GOOGL,42,0.01,,0.00037354684222942936,0.0005350075760950145,False,,10000,23.09566020965576,0.0023095660209655764,0.001760320594483439,0.0001,17.501953125,nan,nan,2497,750,500,0.05,1.1533713340759277,0.0002748745550284296,0.0002633343654034442,0.00025910215383678,0.00024344011035282165,0.00013010673187660772,0.0005583416959148585,0.0031837889717535517,-0.09746950370457216,0.006404263060708763,0.013340465445071453,7.192625308173382,7.054143603693045,0.9807467095049462,13855.416865988329,460800.0,4608000000.0,nan,nan,nan,nan,nan,nan,nan,nan,nan,0,0.01932735993945964,0.4217506631299735,0.00037354684222942936,0.014688495605710953,-0.22027820195861225,-1.1435703193759736
AdaBelief,GOOGL,43,0.01,,0.00032364068523285883,0.0005373864654520779,False,,10000,23.030418634414673,0.0023030418634414672,0.001764545203087615,0.0001,17.501953125,nan,nan,2497,4750,4750,0.475,10.889086484909058,0.00028194380262375326,0.0002692010048643774,0.00027888119506949016,0.00018220595666207373,0.0001414347285707851,0.000555569786024298,0.0030063998917422624,-0.05731938566963141,0.007844267103307356,0.01774555006995797,7.239556148304201,6.717502176425267,0.9278886769873012,13894.667095708784,460800.0,4608000000.0,nan,nan,nan,nan,nan,nan,nan,nan,nan,0,0.01799001626549734,0.41909814323607425,0.00032364068523285883,0.013251116666844281,-0.057248057832710586,-1.1073815342933746
AdaBelief,GOOGL,44,0.01,,0.0003335239789473317,0.0005347969835569752,False,,10000,23.021294116973877,0.0023021294116973875,0.0017611804653759784,0.0001,17.501953125,nan,nan,2497,3500,3500,0.35,8.06682801246643,0.0002755590784479763,0.0002803725486508128,0.0002603530961072431,8.562956645619124e-05,0.00024789441249114044,0.0005567262911605226,0.002643795918199938,-0.09598761517434576,0.007606064132612664,0.016411203425377604,7.383611064693213,7.065810052126641,0.956958592512243,13900.174263620573,460800.0,4608000000.0,nan,nan,nan,nan,nan,nan,nan,nan,nan,0,0.018262638882355738,0.41909814323607425,0.0003335239789473317,0.013585168848592769,-0.08953415028458678,-1.1073815342933746
AdaBelief,GOOGL,45,0.01,,0.00036792394030031074,0.0005355794328593448,False,,10000,22.83283805847168,0.002283283805847168,0.0017616990170704046,0.0,17.501953125,nan,nan,2497,2250,2250,0.225,5.10111927986145,0.00027935365972226974,0.00026825829716337963,0.00025274473291677323,0.00019973263260908425,0.0001681913076912265,0.0005567263914948052,0.0027176919524436074,-0.11573132309489392,0.007500617049252105,0.0177351045422256,7.37746317188219,7.057380113309382,0.9566133979776755,14014.902535572894,460800.0,4608000000.0,nan,nan,nan,nan,nan,nan,nan,nan,nan,0,0.019181343547841238,0.4217506631299735,0.00036792394030031074,0.014447081025946077,-0.20190967656858838,-1.1435703193759736
AdaBelief,GOOGL,46,0.01,,0.0006461666216925969,0.0005330793579314052,False,,10000,23.01073718070984,0.002301073718070984,0.001760896816445081,0.0003,17.501953125,nan,nan,2497,1000,1000,0.1,2.3322744369506836,0.0002907479041567774,0.0002666061249102169,0.00028400637350917585,0.00034554756712168455,0.00030061905457091237,0.000577167432575593,0.0026247209367834964,-0.05751810754757926,0.008214690183398852,0.01740461895242333,7.301230860173851,7.16091628233276,0.9807820653081295,13906.551428011599,460800.0,4608000000.0,nan,nan,nan,nan,nan,nan,nan,nan,nan,0,0.025419807664350983,0.4244031830238727,0.0006461666216925969,0.02037929100965066,-1.1108545278517465,-0.8773760144071826
AdaBelief,GPN,42,0.01,,0.0003343092464896106,0.0005788411401627234,False,,10000,23.14130711555481,0.002314130711555481,0.0017682254874944315,0.0,17.501953125,nan,nan,2497,1250,1250,0.125,2.9904277324676514,0.000348569105512287,0.0003426238368205905,0.00034396105141743156,0.00015977081784512848,0.00017453842864448212,0.0005895181956246119,0.0034890869116175048,0.007452082909956339,0.00786563216120776,0.0179850537329912,7.192625308173382,6.948776440921509,0.9660973765761475,13828.086650511921,460800.0,4608000000.0,nan,nan,nan,nan,nan,nan,nan,nan,nan,0,0.01828412553253807,0.46684350132625996,0.0003343092464896106,0.012954820400823361,-0.02112773655699507,-0.09731930303585463
AdaBelief,GPN,43,0.01,,0.0003394020139855683,0.00057845872972625,False,,10000,22.957848072052002,0.0022957848072052,0.0017613996193402259,0.0001,17.501953125,nan,nan,2497,750,750,0.075,1.7219386100769043,0.0003700256218780902,0.00035129743665316944,0.00035353534305041027,0.0002803186944220215,5.908331956354677e-05,0.0005964599395215021,0.00279467253028666,-0.09507717903981242,0.008140585516595456,0.01744303377345204,7.239556148304201,6.968532139671879,0.9625634495982455,13938.588625366663,460800.0,4608000000.0,nan,nan,nan,nan,nan,nan,nan,nan,nan,0,0.01842286660608409,0.47745358090185674,0.0003394020139855683,0.012970354191209904,-0.0366832923801268,-0.8572853686298726
AdaBelief,GPN,44,0.01,,0.0003269056163767658,0.0005838184046808541,False,,10000,22.801430702209473,0.002280143070220947,0.001767668513372649,0.0001,17.501953125,nan,nan,2497,7750,3000,0.3,6.837199449539185,0.00037177116876122853,0.0003407427659245018,0.0003336263169130935,0.00016197262448258698,0.00016493299189417884,0.0006095356603289172,0.0030820641503047806,-0.0867999984598831,0.008984565760439727,0.020600997656583783,7.383611064693213,6.849337930396296,0.9276406720755253,14034.207071444504,460800.0,4608000000.0,nan,nan,nan,nan,nan,nan,nan,nan,nan,0,0.01808053141853872,0.5278514588859416,0.0003269056163767658,0.012647527866262607,0.001486211871946641,0.9047028939165539
AdaBelief,GPN,45,0.01,,0.00032750552608853294,0.0005788698752931954,False,,10000,22.842082500457764,0.0022842082500457764,0.0017603524966494995,0.0,17.501953125,nan,nan,2497,4000,3250,0.325,7.402020215988159,0.00036190302096577437,0.0003586231306336671,0.00033692843756094387,0.0003036959969904274,2.3809529098105567e-05,0.0005891653625184984,0.002718282377000033,-0.05629539154506622,0.007069510674045159,0.017272500135004518,7.37746317188219,6.928507168819583,0.9391449347014407,14009.230550392553,460800.0,4608000000.0,nan,nan,nan,nan,nan,nan,nan,nan,nan,0,0.018097113750223624,0.4907161803713528,0.00032750552608853294,0.012733421628437346,-0.00034617671002568073,0.667520117228333
AdaBelief,GPN,46,0.01,,0.00032726919682568345,0.0005784388088104895,False,,10000,23.29948091506958,0.002329948091506958,0.0017788956382725066,0.0,17.501953125,nan,nan,2497,7750,1250,0.125,2.9355146884918213,0.00033518074481759895,0.00035343157475779645,0.0003660921092044199,0.00024984293850138783,7.742625832429562e-05,0.0005995053074590642,0.003202443323243658,-0.026802380779488832,0.008336537666912044,0.01922838715836405,7.301230860173851,6.72926492283343,0.9216617104301779,13734.211554602969,460800.0,4608000000.0,nan,nan,nan,nan,nan,nan,nan,nan,nan,0,0.01809058309800111,0.46684350132625996,0.00032726919682568345,0.012686916129298943,0.00037567698618434786,-0.3420740120285449
AdaBelief,GRMN,42,0.01,,0.00034584775172844136,0.00031624311477499237,False,,10000,23.024190425872803,0.0023024190425872805,0.0017652872006473164,0.0001,17.501953125,nan,nan,2497,7250,500,0.05,1.1565659046173096,0.0003233373076419095,0.0002882157364594245,0.0003078757548243191,0.00010287117038387805,0.0002429765813445633,0.00032774948857109993,0.0032085555176235266,-0.04337246900468222,0.007685941684074351,0.017169457394629713,7.192625308173382,6.744361933374866,0.9376773631890528,13898.425702751692,460800.0,4608000000.0,nan,nan,nan,nan,nan,nan,nan,nan,nan,0,0.018596982328551087,0.4450402144772118,0.00034584775172844136,0.010233808446813512,-0.06239791210752044,-1.654706844715586
AdaBelief,GRMN,43,0.01,,0.0003564953015594886,0.0003214512089519349,False,,10000,22.905226469039917,0.002290522646903992,0.0017660019903723845,0.0002,17.501953125,nan,nan,2497,6000,1750,0.175,3.9863052368164062,0.0003163082240132275,0.00033242270466265627,0.00027296572909882294,0.00032590553746558726,3.058976409390135e-05,0.0003433389497850814,0.002772139627973764,-0.1373433499012861,0.008231312012966374,0.017762275971472265,7.239556148304201,7.247523378082893,1.001100513569545,13970.610612932873,460800.0,4608000000.0,nan,nan,nan,nan,nan,nan,nan,nan,nan,0,0.018881083167008417,0.4691689008042895,0.0003564953015594886,0.010534096016454948,-0.09510575725912762,-0.9399811784201529
AdaBelief,GRMN,44,0.01,,0.00042347893828437443,0.0003167742206183922,False,,10000,23.00701332092285,0.002300701332092285,0.0017663248670111583,0.0001,17.501953125,nan,nan,2497,2500,2500,0.25,5.800622224807739,0.00030764809247897743,0.00030451283698744826,0.0003198855011036088,0.0006922457250766456,-0.0002687667867922712,0.0003422360631881714,0.002938588776803207,-0.11430940103256795,0.008179997305534198,0.018187719676643593,7.383611064693213,7.122287567805493,0.9646076297088141,13908.802308945864,460800.0,4608000000.0,nan,nan,nan,nan,nan,nan,nan,nan,nan,0,0.020578603895414636,0.4450402144772118,0.00042347893828437443,0.012856990572005983,-0.3008705061876229,-1.654706844715586
AdaBelief,GRMN,45,0.01,,0.0004143422006299256,0.000315405784140215,False,,10000,22.960103511810303,0.0022960103511810302,0.0017597272544383463,0.0001,17.501953125,nan,nan,2497,2000,2000,0.2,4.558398008346558,0.00030774464449527175,0.00032224711273137237,0.00030673967486656415,0.00028116890462115407,0.00013317329600877152,0.00032976607919460915,0.002552651259573155,-0.08859468186042675,0.007556789048289647,0.018304649647325272,7.37746317188219,7.101278395030002,0.9625637200189878,13937.21939604485,460800.0,4608000000.0,nan,nan,nan,nan,nan,nan,nan,nan,nan,0,0.020355397334120638,0.4477211796246649,0.0004143422006299256,0.012595034150219469,-0.2728036734294259,-1.586117233143373
AdaBelief,GRMN,46,0.01,,0.0003441598207231552,0.00031615206749432913,False,,10000,22.89630699157715,0.0022896306991577148,0.0017634446196796091,0.0002,17.501953125,nan,nan,2497,6500,1500,0.15,3.4917712211608887,0.00030358763523153,0.0003004684714015186,0.0003297482685564533,0.0010978475911542773,-0.0007536877704311222,0.00033386515118123434,0.0029057060625175893,0.02313147955119537,0.007973544700035563,0.018440057057887312,7.301230860173851,6.889266504718805,0.9435760403492793,13976.052999189704,460800.0,4608000000.0,nan,nan,nan,nan,nan,nan,nan,nan,nan,0,0.01855154496863146,0.4450402144772118,0.0003441598207231552,0.010166721999960602,-0.05721281442556214,-1.654706844715586
AdaBelief,HPE,42,0.01,,0.0005820392920025464,0.00037807816421830807,False,,10000,22.865442514419556,0.0022865442514419555,0.0017722337047471478,0.0001,17.427734375,nan,nan,2497,4000,4000,0.4,9.086921691894531,0.0005258267761548011,0.0005075223580405436,0.0005057588766858302,0.0007714413804933429,-0.00018940208849079648,0.00041506842906804015,0.0035426409866389274,-0.07528574371714548,0.010558394759302609,0.022963712643831964,7.192625308173382,6.684897856884846,0.9294099957199804,13994.918305132276,460800.0,4608000000.0,nan,nan,nan,nan,nan,nan,nan,nan,nan,0,0.024125490502838413,0.4778761061946903,0.0005820392920025464,0.016314195147876083,-0.021324596132501483,-1.133488871570455
AdaBelief,HPE,43,0.01,,0.000716241333505203,0.0003752497174007036,False,,10000,22.872962951660156,0.0022872962951660156,0.0017667440222779312,0.0001,17.427734375,nan,nan,2497,6000,2750,0.275,6.330637454986572,0.0005336577361387748,0.0005230029701563585,0.000494456904462156,0.0005697391461580992,0.00014650218734710383,0.0004104505014884007,0.0032201529594394597,-0.14650269594405996,0.009619171919264773,0.020911623910069465,7.239556148304201,6.654239351340351,0.9191501820037745,13990.316894067888,460800.0,4608000000.0,nan,nan,nan,nan,nan,nan,nan,nan,nan,0,0.02676268546886136,0.47345132743362833,0.000716241333505203,0.019601982215355182,-0.2568135875479787,-1.1649124685521386
AdaBelief,HPE,44,0.01,,0.0006243736194125537,0.00037459883984033163,False,,10000,22.882168292999268,0.002288216829299927,0.0017632262835164444,0.0001,17.427734375,nan,nan,2497,3500,750,0.075,1.6960597038269043,0.0005216268289833127,0.000514633711295308,0.0005097349358068323,0.0003514057316351682,0.0002729678877773855,0.00039908785291511485,0.0028766183064747454,-0.053322086760957656,0.00908375802343362,0.021098402701318256,7.383611064693213,6.9747919801406155,0.9446315520995575,13984.688684328183,460800.0,4608000000.0,nan,nan,nan,nan,nan,nan,nan,nan,nan,0,0.024987469247856088,0.4823008849557522,0.0006243736194125537,0.01774085390156713,-0.09561011334527714,-0.8425694892080895
AdaBelief,HPE,45,0.01,,0.0005934415063981352,0.0003760005488540187,False,,10000,22.90419292449951,0.002290419292449951,0.001763007667216821,0.0001,17.427734375,nan,nan,2497,3250,2250,0.225,5.230635643005371,0.000521891845479762,0.0005139669274591657,0.0005155024952539596,0.0005113867809996009,8.205472539853434e-05,0.00040858817349952707,0.0028057775095249858,-0.15070232952248505,0.009195372127312293,0.02170481532812117,7.37746317188219,6.952471116330418,0.9423931986307232,13971.241032366237,460800.0,4608000000.0,nan,nan,nan,nan,nan,nan,nan,nan,nan,0,0.024360654884426552,0.49557522123893805,0.0005934415063981352,0.016591442042383654,-0.04133245844111699,-0.9352912302228912
AdaBelief,HPE,46,0.01,,0.000615193155305139,0.0003768270149891511,False,,10000,23.133166313171387,0.0023133166313171385,0.0017686534401730276,0.0,17.427734375,nan,nan,2497,2500,500,0.05,1.1632490158081055,0.0005257092238352552,0.0005333836263544364,0.0005123547629403083,0.00039295683382079005,0.0002222363214843489,0.00040641072746757024,0.003160468109986923,-0.040389369535961894,0.009043025031282742,0.024134202767163507,7.301230860173851,6.946282075854237,0.9513850758704592,13832.952898358788,460800.0,4608000000.0,nan,nan,nan,nan,nan,nan,nan,nan,nan,0,0.024803087616366213,0.5309734513274337,0.000615193155305139,0.016811915512742668,-0.07950083356700866,1.275013570404339
AdaBelief,HPQ,42,0.01,,0.0003399759846389609,0.000555596791148502,False,,10000,23.146077871322632,0.0023146077871322632,0.001767627253568158,0.0001,17.501953125,nan,nan,2497,10000,9250,0.925,21.399855613708496,0.0004749263550329597,0.0004909030741786506,0.0004680907795780973,0.0008747910615056753,-0.0005348150768667144,0.0005819292023645197,0.003462786118520042,-0.08422017476030363,0.00877000121606252,0.018460899125784608,7.192625308173382,6.723424548715932,0.93476641151816,13825.236473280485,460800.0,4608000000.0,nan,nan,nan,nan,nan,nan,nan,nan,nan,0,0.018438437695177997,0.47733333333333333,0.0003399759846389609,0.012540881595914327,0.00023741431696433501,-0.25451889691534224
AdaBelief,HPQ,43,0.01,,0.00034497086963956316,0.0005617632631914053,False,,10000,23.02142643928528,0.0023021426439285278,0.0017692644007375885,0.0,17.501953125,nan,nan,2497,7500,750,0.075,1.7173354625701904,0.0004950039342574808,0.00048454563692430737,0.00044982734480610324,0.0016047988319769502,-0.0012598279623373871,0.0005956963419160218,0.003313610797972707,-0.09824479937804508,0.008529174739445443,0.019576833397150033,7.239556148304201,6.6232561903990685,0.9148704775154627,13900.094368345957,460800.0,4608000000.0,nan,nan,nan,nan,nan,nan,nan,nan,nan,0,0.018573391441510167,0.512,0.00034497086963956316,0.012465301644865168,-0.014450973595772076,-0.18943822037724745
AdaBelief,HPQ,44,0.01,,0.0003386203731809344,0.0005557247356015112,False,,10000,23.216980934143066,0.0023216980934143067,0.001770789754128563,0.0001,17.501953125,nan,nan,2497,2000,750,0.075,1.7912373542785645,0.00046511003638910047,0.0004772999167349756,0.00046174607536466966,0.00026661972515285015,7.200064802808423e-05,0.0005810631573755612,0.0032769179872198656,-0.06377111872675062,0.009283314196507854,0.02258483180776236,7.383611064693213,7.158607630505646,0.9695266405264108,13783.015152043547,460800.0,4608000000.0,nan,nan,nan,nan,nan,nan,nan,nan,nan,0,0.018401640502437124,0.48533333333333334,0.0003386203731809344,0.01263158535831189,0.004223841822711294,0.2694781846304641
AdaBelief,HPQ,45,0.01,,0.00033536931825062585,0.000554807108656481,False,,10000,22.868239164352417,0.002286823916435242,0.001764039766544874,0.0,17.501953125,nan,nan,2497,5000,5000,0.5,11.413652420043945,0.0004846205350791897,0.0005056431864089475,0.0004670962731801813,0.0002701086341403425,6.526068411028338e-05,0.0005780798157875062,0.0029090953819420726,0.05063253792050531,0.008350052182783839,0.01866807639598846,7.37746317188219,7.116304470809536,0.9646004737688137,13993.206809679688,460800.0,4608000000.0,nan,nan,nan,nan,nan,nan,nan,nan,nan,0,0.018313091444390972,0.49866666666666665,0.00033536931825062585,0.012456326257614862,0.013784173228985397,0.4845273128956314
AdaBelief,HPQ,46,0.01,,0.00034072009659318064,0.0005558861977857999,False,,10000,22.83975839614868,0.0022839758396148682,0.001767379329215398,0.0001,17.501953125,nan,nan,2497,4750,1750,0.175,3.9619266986846924,0.00046256185468251086,0.00044962244280878855,0.0004680197646169725,0.00037626177072525024,-3.55416741320696e-05,0.0006029183331463748,0.0031374722445379776,-0.0807206081302103,0.008786899968021317,0.02041837377473712,7.301230860173851,7.078723127562475,0.9695246271659356,14010.656087060865,460800.0,4608000000.0,nan,nan,nan,nan,nan,nan,nan,nan,nan,0,0.01845860494710206,0.4693333333333333,0.00034072009659318064,0.012640102830513445,-0.0019507852177129692,-0.38141768522457015
AdaBelief,IBM,42,0.01,,0.0006359093009479462,0.00018653269629895846,False,,10000,22.71825885772705,0.002271825885772705,0.0017604456382009645,0.0,17.501953125,nan,nan,2497,2250,2250,0.225,5.178921222686768,0.00020838921577175863,0.00020737984715375846,0.00019626236638968319,0.00017087180458474904,0.00046503749636319714,0.00020117693483963277,0.002972177302244755,-0.06972885906101492,0.006011999201256549,0.014252113737165924,7.192625308173382,6.79204771415023,0.9443071789701107,14085.586488119443,460800.0,4608000000.0,nan,nan,nan,nan,nan,nan,nan,nan,nan,0,0.025217242136045454,0.41909814323607425,0.0006359093009479462,0.020294565372366125,-2.7124617763571393,-1.7774495433568487
AdaBelief,IBM,43,0.01,,0.0002673537564025354,0.00018892783068851703,False,,10000,23.31324028968811,0.002331324028968811,0.0017620075069516466,0.0001,17.501953125,nan,nan,2497,6000,2250,0.225,5.32685399055481,0.00021257461390497583,0.00020576083363314386,0.00020049272939479096,0.00030508017516694963,-3.772641876441423e-05,0.00020124934325370305,0.0027712675600992634,0.08455579146324776,0.006629806268995526,0.014380153222009534,7.239556148304201,6.773804683232022,0.9356657431020441,13726.10568173752,460800.0,4608000000.0,nan,nan,nan,nan,nan,nan,nan,nan,nan,0,0.016350955825349643,0.4244031830238727,0.0002673537564025354,0.012192094136798193,-0.5608210163467275,-1.661190677694835
AdaBelief,IBM,44,0.01,,0.00030348891461337053,0.00018712641073474835,False,,10000,22.96689772605896,0.002296689772605896,0.0017648268256682867,0.0,17.501953125,nan,nan,2497,6500,6500,0.65,14.990290880203247,0.0002045329546256153,0.00020685830495924653,0.00019387928903018612,9.930320084095001e-05,0.00020418571377242052,0.00020361251103945315,0.002990082130405012,-0.055401769428595544,0.006513918200956687,0.015161225758492946,7.383611064693213,6.892413694993628,0.9334746419609802,13933.096398862699,460800.0,4608000000.0,nan,nan,nan,nan,nan,nan,nan,nan,nan,0,0.017420933230265553,0.4270557029177719,0.00030348891461337053,0.013396414499434213,-0.7717793927069507,-1.5984215056612185
AdaBelief,IBM,45,0.01,,0.00027143513714825667,0.0001876737616106433,False,,10000,22.881491661071777,0.0022881491661071777,0.0017632782231938962,0.0,17.501953125,nan,nan,2497,4750,1000,0.1,2.335418224334717,0.0002204277148818719,0.00020526945938026658,0.0002002679620195863,0.00016987849085126072,0.00010155664629699594,0.00020837404823527,0.002808867503571328,0.02347329961230206,0.006160055642138832,0.01439465992152691,7.37746317188219,6.966283235199225,0.9442654030114174,13985.102227597126,460800.0,4608000000.0,nan,nan,nan,nan,nan,nan,nan,nan,nan,0,0.016475288681788148,0.4270557029177719,0.00027143513714825667,0.012264428315339264,-0.5846482665389534,-1.524310881062995
AdaBelief,IBM,46,0.01,,0.00018190095822016397,0.0001889750440493819,False,,10000,22.899337768554688,0.002289933776855469,0.0017616534284912943,0.0001,17.501953125,nan,nan,2497,5000,1750,0.175,4.044956684112549,0.0002158452376809637,0.00020709307146478422,0.0001998885964400561,0.00010932829172816128,7.25726664920027e-05,0.00020416166742569749,0.002750942310825346,0.08599601083777289,0.006548474690959847,0.01576337842270731,7.301230860173851,6.900571771969234,0.9451244460177121,13974.20323828854,460800.0,4608000000.0,nan,nan,nan,nan,nan,nan,nan,nan,nan,0,0.01348706633112494,0.5013262599469496,0.00018190095822016397,0.009078952370497285,-0.06194445256332859,-0.3628979996155412
AdaBelief,INTC,42,0.01,,0.0009269632359661123,0.0006031231949753091,False,,10000,22.86485242843628,0.002286485242843628,0.001780530665122993,0.0,17.501953125,nan,nan,2497,250,nan,nan,nan,0.0003473433974501521,0.00032652239125177153,0.00032284997047805696,0.00035698595456779003,0.0005699772813983222,0.0006195584136369658,0.004134951647854023,-0.00914633607876468,0.007300291859653953,0.01889834562316536,7.192625308173382,6.908125838850451,0.9604456707901025,13995.279479784716,460800.0,4608000000.0,nan,nan,nan,nan,nan,nan,nan,nan,nan,0,0.03044607094464099,0.47214854111405835,0.0009269632359661123,0.020389937849902603,0.012463055163676073,0.9218173516616066
AdaBelief,INTC,43,0.01,,0.000940027533384858,0.0006078695112577484,False,,10000,22.928160905838013,0.0022928160905838013,0.0017679550437668854,0.0,17.501953125,nan,nan,2497,5250,4750,0.475,10.883203744888306,0.00034912384835626166,0.00032947152973552624,0.0003173592345028466,0.00043659433140419424,0.0005034332019806637,0.0006224270452692875,0.003227327815130513,-0.00041204615301899787,0.008229497918566631,0.018289125990122553,7.239556148304201,6.870556107604493,0.9490300188104566,13956.636178286806,460800.0,4608000000.0,nan,nan,nan,nan,nan,nan,nan,nan,nan,0,0.030659868450221013,0.5225464190981433,0.000940027533384858,0.020240258918237435,-0.0014549470383151686,0.7378367986488402
AdaBelief,INTC,44,0.01,,0.00093810378559052,0.0006080125149744575,False,,10000,22.77584457397461,0.002277584457397461,0.00177077086715883,0.0,17.501953125,nan,nan,2497,3250,3250,0.325,7.4403040409088135,0.0003395590069854278,0.0003438038119892739,0.0003188537626804684,0.00013823839253745973,0.0007998653930530602,0.0006353840741674681,0.003283831740763117,-0.07271046537096774,0.008841099331577425,0.020384833216667172,7.383611064693213,7.073043208946765,0.9579382157286813,14049.972942195787,460800.0,4608000000.0,nan,nan,nan,nan,nan,nan,nan,nan,nan,0,0.03062847997518845,0.4960212201591512,0.00093810378559052,0.02023672931408756,0.0005945107457103749,-0.05841960140271542
AdaBelief,INTC,45,0.01,,0.0009314268039017127,0.0006146608439301306,False,,10000,22.971905946731567,0.002297190594673157,0.0017651079688824531,0.0001,17.501953125,nan,nan,2497,1500,1500,0.15,3.470862865447998,0.0003537093541875149,0.00032934195090248287,0.0003071944141690548,0.00019440302276052535,0.0007370237811411874,0.0006342513588977526,0.0029744262673820345,0.10474423601008741,0.007514977734089189,0.0159245434217155,7.37746317188219,7.048045923066123,0.9553481676368676,13930.058774488822,460800.0,4608000000.0,nan,nan,nan,nan,nan,nan,nan,nan,nan,0,0.030519285769849084,0.4907161803713528,0.0009314268039017127,0.02049570739584625,0.007707809139708144,1.1570802537601697
AdaBelief,INTC,46,0.01,,0.0009630911407016573,0.0006061248501036464,False,,10000,22.912748098373413,0.002291274809837341,0.001770777481605144,0.0,17.501953125,nan,nan,2497,5750,2750,0.275,6.307952404022217,0.00031701165697129927,0.0003444306815627979,0.00033539432501524457,0.000262257584836334,0.0007008335558653233,0.0006226510795607726,0.003383734451694118,0.032631294118382455,0.007372547095970367,0.018032780569046725,7.301230860173851,6.795212813294034,0.9306941450598416,13966.024443079219,460800.0,4608000000.0,nan,nan,nan,nan,nan,nan,nan,nan,nan,0,0.03103370974765436,0.47214854111405835,0.0009630911407016573,0.02060259713066949,-0.0260256780261503,0.13062648749192793
AdaBelief,INTU,42,0.01,,0.0002893676399869263,0.0007603962162129127,False,,10000,22.95331311225891,0.0022953313112258913,0.001761469516753211,0.0001,17.501953125,nan,nan,2497,5000,750,0.075,1.7520887851715088,0.00031038054990539473,0.00027570994420186737,0.0002988506303600122,0.0001524704130133614,0.00013689722697356492,0.0007798139818961836,0.002891828196591584,-0.08545004942934267,0.007979426548191986,0.019332266412675377,7.192625308173382,6.8792078452794,0.9564251647395244,13941.342517089366,460800.0,4608000000.0,nan,nan,nan,nan,nan,nan,nan,nan,nan,0,0.01701080950416312,0.44562334217506633,0.0002893676399869263,0.012531459646880943,-0.014553352617925563,-1.0226085035350925
AdaBelief,INTU,43,0.01,,0.0003071545608459957,0.0007608789031638391,False,,10000,22.781244039535522,0.0022781244039535523,0.0017615699740341675,0.0001,17.501953125,nan,nan,2497,2500,1750,0.175,3.973944664001465,0.00030321981235388053,0.0002988498406861497,0.0002904919533396331,0.00016909997793845832,0.00013805458290753737,0.0007830362873142904,0.0027877928840518576,0.045504207963320255,0.007606511789737124,0.01596356313675642,7.239556148304201,6.845599437833635,0.9455827536384469,14046.642906974643,460800.0,4608000000.0,nan,nan,nan,nan,nan,nan,nan,nan,nan,0,0.017525825539642798,0.4482758620689655,0.0003071545608459957,0.013184391001544933,-0.07691616620390196,-0.8901509250172337
AdaBelief,INTU,44,0.01,,0.00041857227761909446,0.0007518485623266084,False,,10000,23.044379949569702,0.00230443799495697,0.0017631454340000987,0.0001,17.501953125,nan,nan,2497,1000,1000,0.1,2.3132221698760986,0.00030256335718759856,0.00029037620964789584,0.0002839779902181002,0.00014673838450107723,0.00027183389311801723,0.000787549517936774,0.0028665818052364097,-0.13626331622311647,0.00712546339785331,0.017363266926258794,7.383611064693213,7.1679323107296025,0.9707895293950493,13886.2490854728,460800.0,4608000000.0,nan,nan,nan,nan,nan,nan,nan,nan,nan,0,0.02045903901993186,0.4562334217506631,0.00041857227761909446,0.016293230510893323,-0.467558389011846,-0.8491199130190652
AdaBelief,INTU,45,0.01,,0.00031618925708311573,0.0007607083896110797,False,,10000,22.91667127609253,0.002291667127609253,0.001762128270788992,0.0001,17.501953125,nan,nan,2497,1500,1500,0.15,3.4739296436309814,0.0003196474604338651,0.0002944225665229073,0.0002780401062942085,0.00020598717674147338,0.00011020208034164236,0.0007753009924813695,0.002755143764315473,0.10913131393225338,0.007611913636285317,0.017311754357069727,7.37746317188219,7.100921598358253,0.962515356962008,13963.633555010896,460800.0,4608000000.0,nan,nan,nan,nan,nan,nan,nan,nan,nan,0,0.017781711309182695,0.4588859416445623,0.00031618925708311573,0.013484465382086537,-0.10859276057937817,-0.5623530983479944
AdaBelief,INTU,46,0.01,,0.0003068679303088516,0.0007582000143015733,False,,10000,23.048754453659058,0.0023048754453659057,0.001763396701475382,0.0003,17.501953125,nan,nan,2497,2750,2750,0.275,6.426027536392212,0.0003073059216864985,0.00029407195053957513,0.0003146165686140273,0.00021782386465929449,8.904406564955712e-05,0.0008027501870991867,0.002855485756175744,-0.06742746883686841,0.007855641208959423,0.017821345664560794,7.301230860173851,7.076425554927089,0.9692099442474814,13883.613565469654,460800.0,4608000000.0,nan,nan,nan,nan,nan,nan,nan,nan,nan,0,0.017517646254815503,0.46153846153846156,0.0003068679303088516,0.013154219067285932,-0.07591120942146645,-0.6322654948690479
AdaBelief,KEYS,42,0.01,,0.00037834394809811614,0.0003505393979139626,False,,10000,22.938830614089966,0.0022938830614089964,0.001770272626417746,0.0004,17.44140625,nan,nan,2497,2250,500,0.05,1.1566033363342285,0.0003781347696771003,0.0003774318394886418,0.0003896158259888763,0.0002992182853631675,7.912566273494861e-05,0.00036845957779755385,0.0030780446491004087,-0.0018552300028640933,0.011344328207208309,0.016877448745071882,7.192625308173382,8.11936677224659,1.1288460644571738,13950.144424687584,460800.0,4608000000.0,nan,nan,nan,nan,nan,nan,nan,nan,nan,0,0.019451065474624163,0.4980544747081712,0.00037834394809811614,0.013297123502391253,-0.00172768619419994,0.716233803233941
AdaBelief,KEYS,43,0.01,,0.0003729245170604351,0.00034824234899133444,False,,10000,22.760852336883545,0.0022760852336883544,0.0017618483463020744,0.0004,17.44140625,nan,nan,2497,1000,1000,0.1,2.300473690032959,0.00038557867079710615,0.0003984444985695839,0.0003817725279363725,0.00037496027653105557,-2.0357594706204565e-06,0.0003651901635562237,0.002719470440418636,-0.12549487230552792,0.012762605304201133,0.02081627268344163,7.239556148304201,7.683652557370613,1.061343043685135,14059.22745175258,460800.0,4608000000.0,nan,nan,nan,nan,nan,nan,nan,nan,nan,0,0.0193112536377221,0.5175097276264592,0.0003729245170604351,0.013210100721019183,0.012621146768914904,2.0320274757050067
AdaBelief,KEYS,44,0.01,,0.0003814820286839507,0.00034946773666888475,False,,10000,22.849368810653687,0.0022849368810653687,0.0017642773186373837,0.0002,17.44140625,nan,nan,2497,500,500,0.05,1.1556823253631592,0.00038736595116004697,0.0003962019263944064,0.0003775872264536408,0.00030338342185132205,7.809860683262866e-05,0.00036833813049806614,0.002908321285767064,-0.18284949969667996,0.00947169323513226,0.017946515791118136,7.383611064693213,7.314488150809645,0.9906383322092766,14004.763223516164,460800.0,4608000000.0,nan,nan,nan,nan,nan,nan,nan,nan,nan,0,0.01953156493177008,0.5136186770428015,0.0003814820286839507,0.0134732630825782,-0.010036269482345483,0.7416813619616953
AdaBelief,KEYS,45,0.01,,0.0003763296922972036,0.0003496002173051238,False,,10000,22.9913010597229,0.00229913010597229,0.0017636534447729537,0.0003,17.44140625,nan,nan,2497,3250,2500,0.25,5.783389091491699,0.00037995310077173366,0.0003686481575090839,0.00036842710747855324,0.0006611275603063405,-0.00028479786800913683,0.00036630551077019517,0.0028939562688470267,0.15576925071216974,0.008575837509844132,0.01725778272375464,7.37746317188219,7.187126414008582,0.9742002428966314,13918.307588107271,460800.0,4608000000.0,nan,nan,nan,nan,nan,nan,nan,nan,nan,0,0.019399218857912903,0.5058365758754864,0.0003763296922972036,0.013247780097547427,0.003605386564051516,1.3310079300795175
AdaBelief,KEYS,46,0.01,,0.0003791295222995817,0.000351285794749856,False,,10000,22.932341814041138,0.002293234181404114,0.0017626024844105187,0.0003,17.44140625,nan,nan,2497,6500,5500,0.55,12.514949321746826,0.0003677278201874697,0.00037508759041851136,0.0003773141542097339,0.00016930486890487373,0.00020982465339470797,0.0003666759771593393,0.002808178305847631,-0.08374382023994527,0.008860335287748603,0.017856497783213843,7.301230860173851,7.204258258243738,0.9867183213642687,13954.091675193358,460800.0,4608000000.0,nan,nan,nan,nan,nan,nan,nan,nan,nan,0,0.019471248606588682,0.4785992217898833,0.0003791295222995817,0.013289985730666523,-0.003807622799830268,-0.3086655075845066
AdaBelief,KLAC,42,0.01,,0.0006862181835073643,0.0008025549609085609,False,,10000,23.026700973510742,0.0023026700973510744,0.0017691403533334434,0.0001,17.501953125,nan,nan,2497,4250,750,0.075,1.6919302940368652,0.0004929367230101985,0.00045372961819084323,0.00048780276817876785,0.00019227966549806297,0.0004939385180093013,0.0008373545346061915,0.003319489004310039,-0.1156704770588785,0.008364425792846304,0.01940096607431769,7.192625308173382,6.939524952447239,0.9648111301670989,13896.91038973055,460800.0,4608000000.0,nan,nan,nan,nan,nan,nan,nan,nan,nan,0,0.026195766518797733,0.4497354497354497,0.0006862181835073643,0.019284168879191082,-0.08592896227701607,-0.46054431575672167
AdaBelief,KLAC,43,0.01,,0.0006346337536655406,0.0008030737742821165,False,,10000,22.62804675102234,0.002262804675102234,0.0017643783114129257,0.0001,17.501953125,nan,nan,2497,4500,1000,0.1,2.262070417404175,0.00048557172586433876,0.0004693712576199823,0.00045828320269708186,0.00042888819007202983,0.00020574556359351074,0.0008262638677863501,0.0030027227193058547,-0.06556419346172608,0.008742758071624121,0.020700154453516,7.239556148304201,6.67960178314838,0.9226534950921009,14141.742039026958,460800.0,4608000000.0,nan,nan,nan,nan,nan,nan,nan,nan,nan,0,0.02519193826734141,0.4656084656084656,0.0006346337536655406,0.018016675161936925,-0.004297452483043918,-0.6368850146222395
AdaBelief,KLAC,44,0.01,,0.0007177946113404774,0.0008016252391218191,False,,10000,23.12448525428772,0.002312448525428772,0.0017635651096163181,0.0001,17.501953125,nan,nan,2497,3250,750,0.075,1.8609354496002197,0.0004792072609199885,0.00047149566308945124,0.0004542920342595938,0.00022473286662716419,0.0004930617447133132,0.0008402410515845086,0.0028971475749471516,-0.04769134585203806,0.010584482466857299,0.025710534304380413,7.383611064693213,7.05311150497561,0.9552387636859723,13838.145864918914,460800.0,4608000000.0,nan,nan,nan,nan,nan,nan,nan,nan,nan,0,0.02679168922148205,0.4497354497354497,0.0007177946113404774,0.019921155202956425,-0.13589813874792722,-0.46054431575672167
AdaBelief,KLAC,45,0.01,,0.0006311774726897951,0.0008037520340330089,False,,10000,22.86740231513977,0.002286740231513977,0.001761731041780369,0.0,17.501953125,nan,nan,2497,7500,750,0.075,1.7448899745941162,0.00047871526163730834,0.0004921898499844145,0.0004514980074653672,0.0004779075097758323,0.0001532699629139628,0.0008175630632455775,0.0027350230040182402,0.2059808392459873,0.00853671778562275,0.019750820100307463,7.37746317188219,6.9193437122400665,0.9379028469585373,13993.718901256148,460800.0,4608000000.0,nan,nan,nan,nan,nan,nan,nan,nan,nan,0,0.025123245663922388,0.5264550264550265,0.0006311774726897951,0.01778348539241407,0.0011720551801682744,1.4466489469245252
AdaBelief,KLAC,46,0.01,,0.0007088805632616477,0.0007983017663424464,False,,10000,22.96096897125244,0.002296096897125244,0.0017678622858753835,0.0002,17.501953125,nan,nan,2497,2000,1250,0.125,2.908493757247925,0.0004902735509945128,0.0004724511241210049,0.0004862759303276521,0.0004989791195839643,0.00020990144367768332,0.0008433668810291727,0.0032052423441707883,-0.06050603179544328,0.008960575399258233,0.022066345065832133,7.301230860173851,7.090091247712511,0.9710816413691222,13936.694065509428,460800.0,4608000000.0,nan,nan,nan,nan,nan,nan,nan,nan,nan,0,0.026624811046496607,0.48148148148148145,0.0007088805632616477,0.01868783355389953,-0.12179180462187,-1.5379247882432319
AdaBelief,LRCX,42,0.01,,0.0007174859444300333,0.000957991858692321,False,,10000,23.190937995910645,0.0023190937995910643,0.0017676353238708935,0.0001,17.501953125,nan,nan,2497,2250,1500,0.15,3.4306044578552246,0.0005500142225914583,0.0005243237530594062,0.0005538876953731665,0.00021933839889243245,0.0004981475455376009,0.0009936929359197991,0.003570529656956767,-0.05416302612700802,0.008590106593248492,0.01999787986278534,7.192625308173382,7.092248287068164,0.9860444529216398,13798.493189728977,460800.0,4608000000.0,nan,nan,nan,nan,nan,nan,nan,nan,nan,0,0.026785928104697685,0.4880636604774536,0.0007174859444300333,0.020109994070870534,-0.10558824429862468,-0.2179367264438608
AdaBelief,LRCX,43,0.01,,0.0006535835367031198,0.0009617527220546409,False,,10000,23.225042819976807,0.002322504281997681,0.0017678148133390152,0.0001,17.501953125,nan,nan,2497,5250,3750,0.375,8.687821388244629,0.0005860648792979475,0.0005363884805701173,0.0005451607269342056,0.00034021190367639065,0.00031337163302672913,0.0009940332211597124,0.00325591301027724,-0.021409077695993848,0.01041134116602916,0.02373455967754125,7.239556148304201,6.681761807176814,0.9229518592437403,13778.230786500637,460800.0,4608000000.0,nan,nan,nan,nan,nan,nan,nan,nan,nan,0,0.025565279906606144,0.5039787798408488,0.0006535835367031198,0.01877310036351441,-0.007119763746888053,-0.03325436904112095
AdaBelief,LRCX,44,0.01,,0.0006841564619982684,0.000962171930849394,False,,10000,22.856977939605713,0.0022856977939605715,0.0017695230680084672,0.0001,17.501953125,nan,nan,2497,2750,2500,0.25,5.744389057159424,0.0005513365619452562,0.0005572381470621939,0.0005256435962257832,0.00020014868641737849,0.00048400777558088993,0.001004943659230494,0.003278118339072734,-0.10411836114719507,0.010074858582537854,0.024949306063353997,7.383611064693213,7.0916953590103855,0.9604643712778016,14000.101012720323,460800.0,4608000000.0,nan,nan,nan,nan,nan,nan,nan,nan,nan,0,0.026156384727218485,0.4880636604774536,0.0006841564619982684,0.0193930984174133,-0.05423018739008256,-0.2179367264438608
AdaBelief,LRCX,45,0.01,,0.0006983178475546459,0.000960168693046671,False,,10000,22.936758041381836,0.002293675804138184,0.0017674937170476677,0.0,17.501953125,nan,nan,2497,1250,750,0.075,1.717529296875,0.0005400594164352997,0.0005699107922602444,0.0005367704773985746,0.00040773669024929404,0.00029058115730535184,0.0009880460748573246,0.003088728137562519,-0.09731168935698788,0.00870212822429603,0.019982145354151725,7.37746317188219,7.044217755075603,0.9548292673182444,13951.40496414817,460800.0,4608000000.0,nan,nan,nan,nan,nan,nan,nan,nan,nan,0,0.02642570429628406,0.4880636604774536,0.0006983178475546459,0.019666849620758542,-0.07605174572952667,-0.2179367264438608
AdaBelief,LRCX,46,0.01,,0.0007921073329511774,0.0009566622956678153,False,,10000,22.969196557998657,0.002296919655799866,0.0017677472939252566,0.0002,17.501953125,nan,nan,2497,1000,1000,0.1,2.310486078262329,0.0005357551648473956,0.0005593906751857441,0.0005654042107008731,0.00042627641232684255,0.00036583092062433484,0.000991246445579674,0.0031579379986240116,-0.02895935476013764,0.009543568218466681,0.021775076910853387,7.301230860173851,7.1224034425667675,0.9755072232296426,13931.701929232919,460800.0,4608000000.0,nan,nan,nan,nan,nan,nan,nan,nan,nan,0,0.028144401449509943,0.4880636604774536,0.0007921073329511774,0.02150717235746838,-0.22057381378982233,-0.2179367264438608
AdaBelief,MCHP,42,0.01,,0.000526998605993059,0.0007183195267178968,False,,10000,22.82176685333252,0.002282176685333252,0.0017680119221348486,0.0,17.501953125,nan,nan,2497,3750,750,0.075,1.7470221519470215,0.00042931274000576825,0.0003988559838670201,0.00041559897450928863,0.00015118572628125548,0.0003758128797118035,0.0007435310499478236,0.003460743962798039,0.021091539730898595,0.007985649951193772,0.019675789214670628,7.192625308173382,6.77748075870168,0.9422819163122608,14021.7013895781,460800.0,4608000000.0,nan,nan,nan,nan,nan,nan,nan,nan,nan,0,0.022956450204529858,0.5079787234042553,0.000526998605993059,0.017340458259380683,-0.007032415657678426,0.45345047904471736
AdaBelief,MCHP,43,0.01,,0.0005210233980385715,0.0007196846628062605,False,,10000,22.9092059135437,0.00229092059135437,0.0017646971847976559,0.0003,17.501953125,nan,nan,2497,5750,4250,0.425,9.794501066207886,0.0004296645784608571,0.0004338183946939601,0.00041356577318312854,0.00031493918504565954,0.00020608421299291198,0.0007376207961911597,0.0029050150595757484,-0.1040580003157438,0.010995122466822067,0.022967098653316496,7.239556148304201,7.297796555190787,1.00804474828201,13968.18384747326,460800.0,4608000000.0,nan,nan,nan,nan,nan,nan,nan,nan,nan,0,0.022825936958612927,0.5212765957446809,0.0005210233980385715,0.017196995871407644,0.004385504678421581,1.0777342075687957
AdaBelief,MCHP,44,0.01,,0.0005235396049640796,0.0007187547038657596,False,,10000,22.894302129745483,0.0022894302129745484,0.0017647517040543922,0.0,17.501953125,nan,nan,2497,6500,6000,0.6,13.688426971435547,0.0004245420070122591,0.00043000443713048545,0.00039089414043545165,8.98885409696959e-05,0.00043365106399438375,0.0007497753520032334,0.003005872113806343,-0.136848456002128,0.010029308400967784,0.022388615179806944,7.383611064693213,6.791344051415084,0.9197862660845968,13977.276886908867,460800.0,4608000000.0,nan,nan,nan,nan,nan,nan,nan,nan,nan,0,0.022880987849393207,0.4867021276595745,0.0005235396049640796,0.01742327150213655,-0.00042267111117899603,0.5054322466825296
AdaBelief,MCHP,45,0.01,,0.0005265508221570776,0.0007170485406718772,False,,10000,23.021385669708252,0.0023021385669708253,0.0017623580083451031,0.0,17.501953125,nan,nan,2497,750,750,0.075,1.714106798171997,0.0004191062751080126,0.00042559121388091744,0.0004018781312841815,0.0005054387147538364,2.1112107403241246e-05,0.0007313086681606607,0.002877854245291355,-0.08193800622656974,0.008035475128376856,0.018469123449176547,7.37746317188219,7.047048865248105,0.9552130184948403,13900.11898462997,460800.0,4608000000.0,nan,nan,nan,nan,nan,nan,nan,nan,nan,0,0.022946695233891038,0.5478723404255319,0.0005265508221570776,0.01729204667308343,-0.00617675336006962,1.7203077289922712
AdaBelief,MCHP,46,0.01,,0.000519601756302768,0.0007186679055899461,False,,10000,23.19781994819641,0.002319781994819641,0.0017644836955144623,0.0001,17.501953125,nan,nan,2497,4750,1250,0.125,2.941554546356201,0.0004172785456879038,0.00041952945954134934,0.00043875192668735183,0.00042752278386615217,9.207897243661582e-05,0.0007360854566741831,0.0030108423261795314,-0.040364261767886135,0.008592488217563369,0.018322338256984944,7.301230860173851,6.898673636089869,0.9448644712387034,13794.399676978242,460800.0,4608000000.0,nan,nan,nan,nan,nan,nan,nan,nan,nan,0,0.02279477475876364,0.5319148936170213,0.000519601756302768,0.01721537680852981,0.0071020949978746195,1.443390884195221
AdaBelief,META,42,0.01,,0.0004872136614607565,0.001103409457281937,False,,10000,23.18643569946289,0.002318643569946289,0.0017622444424979543,0.0003,17.4716796875,nan,nan,2497,4000,1000,0.1,2.30586314201355,0.000555535357225303,0.0006016126923575993,0.0006578848979995385,0.00018264091340824962,0.0003045727480525069,0.0011382302275215414,0.002978106185306661,-0.13164711681004404,0.011938363022357226,0.02714498070999979,7.192625308173382,7.399033065402757,1.0286971374686822,13801.172553977873,460800.0,4608000000.0,nan,nan,nan,nan,nan,nan,nan,nan,nan,0,0.022072916922345278,0.5425867507886435,0.0004872136614607565,0.014841009235981875,-0.0649213976518439,0.7015669459057299
AdaBelief,META,43,0.01,,0.0005285909996842438,0.0010922859519814092,False,,10000,23.067652463912964,0.0023067652463912964,0.001771733147900974,0.0,17.4716796875,nan,nan,2497,2250,1000,0.1,2.303912401199341,0.0006136550593369739,0.0006344848590991084,0.0005933252327848839,0.00043092636042274535,9.766463926149846e-05,0.001111933013087847,0.0035442448887752004,-0.05632953019233268,0.009071866287736338,0.020509211998432874,7.239556148304201,6.800256227912052,0.9393194953678132,13872.239513778353,460800.0,4608000000.0,nan,nan,nan,nan,nan,nan,nan,nan,nan,0,0.022991106969527234,0.47634069400630913,0.0005285909996842438,0.0160799281402204,-0.15536141675959714,-1.3491311278602374
AdaBelief,META,44,0.01,,0.0006885108707835839,0.0011008359280294425,False,,10000,22.966073513031006,0.0022966073513031007,0.0017685196938210183,0.0002,17.4716796875,nan,nan,2497,4500,1500,0.15,3.4588284492492676,0.0006682120101436364,0.0005468951726194745,0.0006009144973858616,0.0006810115301050246,7.499340678559369e-06,0.0011259376988252427,0.003186909074295753,-0.25530604702845366,0.00990172090305423,0.021702323760837312,7.383611064693213,7.185444954062583,0.9731613557520363,13933.59643381927,460800.0,4608000000.0,nan,nan,nan,nan,nan,nan,nan,nan,nan,0,0.026239490673097752,0.4952681388012618,0.0006885108707835839,0.01969987341442948,-0.5049043506190765,-0.8107726908011077
AdaBelief,META,45,0.01,,0.0004625095979972455,0.0010937203180150655,False,,10000,23.060214042663574,0.0023060214042663575,0.0017668270679088716,0.0,17.4716796875,nan,nan,2497,5250,3000,0.3,6.828200340270996,0.0006552214409427565,0.0005785819085936462,0.000616498678724138,0.0029184906743466854,-0.00245598107634944,0.0011199751997962117,0.0030824521641784524,-0.08290286400392252,0.010046582386389492,0.02231014212593436,7.37746317188219,6.916881123058377,0.937569048046321,13876.714214706324,460800.0,4608000000.0,nan,nan,nan,nan,nan,nan,nan,nan,nan,0,0.02150603631535215,0.5236593059936908,0.0004625095979972455,0.014491231186584857,-0.010924788212843373,0.4624071334655642
AdaBelief,META,46,0.01,,0.00046742927728209106,0.0010945812948870734,False,,10000,23.08287024497986,0.0023082870244979857,0.0017693878780680155,0.0002,17.4716796875,nan,nan,2497,4750,1500,0.15,3.4702413082122803,0.000610617794353932,0.0006106090265969686,0.0005778535440695185,0.0002135331160388887,0.00025389616124320237,0.0011080891523104332,0.0032153362951038655,0.058712180944544286,0.010369091843113711,0.026234588678926217,7.301230860173851,7.019658097231044,0.9614348911388755,13863.094000175073,460800.0,4608000000.0,nan,nan,nan,nan,nan,nan,nan,nan,nan,0,0.02162011279531379,0.5078864353312302,0.00046742927728209106,0.014495152347492721,-0.021677918008729646,-0.3521443288492379
AdaBelief,MRVL,42,0.01,,0.0010376566301577936,0.0015834501946952679,False,,10000,23.083600759506226,0.0023083600759506227,0.0017721603302985262,0.0001,17.501953125,nan,nan,2497,8750,1500,0.15,3.4604878425598145,0.0005750915096662036,0.0005697223965599913,0.000589364072261099,0.0008290436817333102,0.00020861294842448343,0.0016473962755046928,0.003538434835141878,0.05361931963998132,0.01024869228216994,0.023644633870571842,7.192625308173382,6.071580751806229,0.8441397252970695,13862.655282158199,460800.0,4608000000.0,nan,nan,nan,nan,nan,nan,nan,nan,nan,0,0.03221267809664067,0.5013262599469496,0.0010376566301577936,0.02330702827090309,-0.007778022297436182,-0.2644814866854376
AdaBelief,MRVL,43,0.01,,0.0010442826798353246,0.001582026481628418,False,,10000,23.020962476730347,0.002302096247673035,0.001763998680987183,0.0001,17.501953125,nan,nan,2497,6750,4500,0.45,10.377180099487305,0.0006112507278425752,0.0005740595801307162,0.0005662853761876164,0.0011890697060152888,-0.00014478702617996418,0.0016365432073605724,0.0029764893462909284,-0.016540093248508414,0.009483730877288326,0.023489323537796734,7.239556148304201,6.4942084049386,0.8970451049626583,13900.374509686852,460800.0,4608000000.0,nan,nan,nan,nan,nan,nan,nan,nan,nan,0,0.03231536290737464,0.4854111405835544,0.0010442826798353246,0.023377378150899575,-0.014213279438954451,-1.203825038945336
AdaBelief,MRVL,44,0.01,,0.0010549683892537678,0.0015883932695464683,False,,10000,23.085897207260132,0.0023085897207260134,0.0017678154733423975,0.0002,17.501953125,nan,nan,2497,4750,2750,0.275,6.398337364196777,0.0005857563758135246,0.0005908698053756752,0.0005517334369611691,0.00022232954506762326,0.0008326388441861445,0.0016670308331684994,0.0031654336791089414,-0.10702833877363772,0.010171058383364288,0.02400437463074921,7.383611064693213,6.897756313807724,0.9341982199998673,13861.27630765701,460800.0,4608000000.0,nan,nan,nan,nan,nan,nan,nan,nan,nan,0,0.03248027692698706,0.47480106100795755,0.0010549683892537678,0.023512527425453147,-0.024591301215701744,-1.3333757001255233
AdaBelief,MRVL,45,0.01,,0.0010360210503219927,0.0015849937494616926,False,,10000,23.017718076705933,0.0023017718076705934,0.00176478707062856,0.0,17.501953125,nan,nan,2497,8500,2750,0.275,6.352045297622681,0.0005997313620328586,0.0005859535328286349,0.000546135229906064,0.00045182942994870245,0.0005841916203732902,0.0016241971387398095,0.0029953688431909233,-0.03642667408509231,0.008367550796598516,0.01912087015807628,7.37746317188219,6.57300634371267,0.8909575270757629,13902.333799276215,460800.0,4608000000.0,nan,nan,nan,nan,nan,nan,nan,nan,nan,0,0.03218728087804238,0.46684350132625996,0.0010360210503219927,0.023317998048489687,-0.006189537856313931,-1.0412525654301046
AdaBelief,MRVL,46,0.01,,0.0010502693198976062,0.0015755249903752254,False,,10000,22.982558488845825,0.0022982558488845823,0.0017663061326787257,0.0002,17.501953125,nan,nan,2497,5500,1750,0.175,4.076582670211792,0.0005756349531016122,0.0005867238313385597,0.0005944105599259608,0.0004844804061576724,0.0005657889137399338,0.0016656977797271297,0.003099477201914535,-0.05948455785007535,0.010004958895170422,0.023217709548771375,7.301230860173851,6.810739356221879,0.9328207101863518,13923.602115722073,460800.0,4608000000.0,nan,nan,nan,nan,nan,nan,nan,nan,nan,0,0.0324078589218357,0.47480106100795755,0.0010502693198976062,0.023558581316912616,-0.02002753832462778,-0.948247871341653
AdaBelief,MSFT,42,0.01,,0.00019216868612501357,0.0004325733972164933,False,,10000,22.867270946502686,0.0022867270946502686,0.0017719123461028415,0.0,17.501953125,nan,nan,2497,3750,750,0.075,1.7344365119934082,0.0002769172864344688,0.00023926721097675447,0.0002653575846482479,0.00033866369631141424,-0.00014649501018640067,0.00045505694683689585,0.0034172412712178087,-0.04359743999245659,0.007024692959621461,0.018491971865296355,7.192625308173382,6.691652499573089,0.9303491024298166,13993.799292824697,460800.0,4608000000.0,nan,nan,nan,nan,nan,nan,nan,nan,nan,0,0.013862492060413003,0.4497354497354497,0.00019216868612501357,0.011018770712393301,-0.16255642016038663,-0.7081506630988199
AdaBelief,MSFT,43,0.01,,0.00016746606934007514,0.00043447896719611294,False,,10000,22.926021099090576,0.0022926021099090575,0.0017642621687085217,0.0001,17.501953125,nan,nan,2497,6250,1250,0.125,2.8644959926605225,0.0002657191536819975,0.00025266808734123526,0.0002503652691338483,0.000650770147331059,-0.00048330407799098384,0.0004566587481881083,0.0029998371998567032,-0.0961150144074439,0.007670078155619194,0.016858917009085417,7.239556148304201,6.732695445604765,0.9299873234883104,13957.93882492299,460800.0,4608000000.0,nan,nan,nan,nan,nan,nan,nan,nan,nan,0,0.01294086818339771,0.4523809523809524,0.00016746606934007514,0.009884450801465878,-0.013113832415317939,-0.5444755134711929
AdaBelief,MSFT,44,0.01,,0.00018341437218681215,0.0004338125651331732,False,,10000,22.892616271972656,0.002289261627197266,0.0017652993734670766,0.0001,17.501953125,nan,nan,2497,4000,1000,0.1,2.3254764080047607,0.00027060059733052854,0.00026308430272426104,0.00024657904214291874,9.587977547198534e-05,8.753459671482681e-05,0.00045857165017144534,0.0029692461340457047,-0.12193014284450118,0.008174635601215414,0.01843079542741178,7.383611064693213,7.062337845586643,0.956488333920671,13978.306201365669,460800.0,4608000000.0,nan,nan,nan,nan,nan,nan,nan,nan,nan,0,0.013543056235090075,0.4470899470899471,0.00018341437218681215,0.010659815773131355,-0.10959574234040703,-0.7335835718058848
AdaBelief,MSFT,45,0.01,,0.00016837590743624974,0.0004338094030830525,False,,10000,23.07299518585205,0.0023072995185852052,0.0017617425465205358,0.0,17.501953125,nan,nan,2497,3500,2250,0.225,5.323932886123657,0.00026468418346841077,0.00026839903363663054,0.0002407780503554253,0.00013278976257424802,3.558614486200173e-05,0.0004462662513934049,0.002745258073890092,-0.035972235034357904,0.006464142051556701,0.015908692777156813,7.37746317188219,7.027069572504411,0.9525048663457599,13869.027294567213,460800.0,4608000000.0,nan,nan,nan,nan,nan,nan,nan,nan,nan,0,0.012975974238424249,0.46296296296296297,0.00016837590743624974,0.009923256894268056,-0.018618049264290892,-0.05722002705533992
AdaBelief,MSFT,46,0.01,,0.00016574827688080923,0.0004342436316158791,False,,10000,22.847511529922485,0.0022847511529922484,0.0017630835733653584,0.0002,17.501953125,nan,nan,2497,4250,1750,0.175,4.021265983581543,0.0002538975684495544,0.0002585805491898739,0.0002607461995548718,0.0002116495161317289,-4.590123925091966e-05,0.00047841339559528463,0.0028098760013791557,-0.10746575460289513,0.007641284766102035,0.0167030084878206,7.301230860173851,7.011410159097803,0.9603052270738435,14005.901674714492,460800.0,4608000000.0,nan,nan,nan,nan,nan,nan,nan,nan,nan,0,0.012874326269005662,0.4973544973544973,0.00016574827688080923,0.009771992289830767,-0.0027217613016947695,0.3015231957689403
AdaBelief,MSI,42,0.01,,0.0001239901970303248,0.00029441585828518047,False,,10000,23.09634304046631,0.002309634304046631,0.0017591648004168204,0.0002,17.501953125,nan,nan,2497,5500,2000,0.2,4.6622700691223145,0.0002895943572421901,0.0002412889533683036,0.0002559949733897056,0.00010581010428722948,1.8180092743095313e-05,0.00031219964014270115,0.00290669761346475,-0.10537542331164672,0.0071303966233157556,0.016099267639219754,7.192625308173382,6.8596283451133475,0.953703001506052,13855.007238130253,460800.0,4608000000.0,nan,nan,nan,nan,nan,nan,nan,nan,nan,0,0.011135088550627911,0.5687830687830688,0.0001239901970303248,0.007785499411285239,-0.03817334609177969,1.807944375855319
AdaBelief,MSI,43,0.01,,0.00012511441671343707,0.00029364117576841965,False,,10000,23.002734184265137,0.0023002734184265137,0.001761828601729264,0.0001,17.501953125,nan,nan,2497,7500,750,0.075,1.714958667755127,0.00025912082655620195,0.00025216768311046937,0.00026028330642648,0.00023997577955015004,-0.00011486136283671297,0.0003128872132460244,0.0028249108319990546,0.03565204092555458,0.006902435759275977,0.016427827533334483,7.239556148304201,6.616195781170987,0.9138952230822561,13911.389725961091,460800.0,4608000000.0,nan,nan,nan,nan,nan,nan,nan,nan,nan,0,0.011185455588103556,0.4444444444444444,0.00012511441671343707,0.007846218568307382,-0.047586468565272266,-0.9353361088255326
AdaBelief,MSI,44,0.01,,0.00012058648403990206,0.00029406801300908906,False,,10000,23.210302591323853,0.0023210302591323852,0.001763587625843234,0.0,17.501953125,nan,nan,2497,6250,4000,0.4,9.362052202224731,0.000273474125322591,0.0002615408798697372,0.0002622312605382805,0.0001356333086732775,-1.5046824633375438e-05,0.00031562365091374837,0.00289663893307066,0.0640508384211683,0.007291887715288976,0.01680257888510821,7.383611064693213,6.945972735360039,0.940728415202439,13786.980964204142,460800.0,4608000000.0,nan,nan,nan,nan,nan,nan,nan,nan,nan,0,0.010981187733569719,0.5185185185185185,0.00012058648403990206,0.007608642023076456,-0.009673963164442245,0.6752156061773814
AdaBelief,MSI,45,0.01,,0.00013344476699198366,0.00029350107718525894,False,,10000,22.885587692260742,0.0022885587692260743,0.0017609351651989478,0.0,17.501953125,nan,nan,2497,6250,1250,0.125,2.8341026306152344,0.0002769981147110913,0.00027211283106270723,0.00024247780126816348,0.000294029334327206,-0.00016058456733522236,0.0003140716249947806,0.0026377287330870995,-0.12451114980644913,0.0071544060394127884,0.017631765175610756,7.37746317188219,6.845188020210611,0.9278511950150771,13982.599193125154,460800.0,4608000000.0,nan,nan,nan,nan,nan,nan,nan,nan,nan,0,0.011551829595002847,0.4312169312169312,0.00013344476699198366,0.008232406207493373,-0.1173367216492327,-1.807944375855319
AdaBelief,MSI,46,0.01,,0.00014104737491203994,0.00029356888339753494,False,,10000,23.000981330871582,0.002300098133087158,0.0017630588703147585,0.0002,17.501953125,nan,nan,2497,4000,2000,0.2,4.672972917556763,0.00026749773215761086,0.00025856312092214546,0.0002690376178842309,0.0001979804947040975,-5.693311979205757e-05,0.0003218233374047586,0.002841976380863684,0.026720118069934556,0.007272869429356069,0.017852226365357635,7.301230860173851,7.043153372556718,0.9646528794172401,13912.44988188833,460800.0,4608000000.0,nan,nan,nan,nan,nan,nan,nan,nan,nan,0,0.011876336763162281,0.43386243386243384,0.00014104737491203994,0.008575153098535286,-0.18099356785505272,-1.6009993359181418
AdaBelief,MU,42,0.01,,0.0008357288660826507,0.000804291242629843,False,,10000,22.824960947036743,0.0022824960947036743,0.0017783891098309716,0.0,17.501953125,nan,nan,2497,2000,2000,0.2,4.545569658279419,0.0009179796288095688,0.000908371942291613,0.0009259032007164193,0.0006673054303973913,0.00016842343568525936,0.0008257916794499111,0.003688815584716789,-0.006921893412383382,0.010654336596392385,0.026386962085962272,7.192625308173382,6.871337844101822,0.9553309882962395,14019.739211932543,460800.0,4608000000.0,nan,nan,nan,nan,nan,nan,nan,nan,nan,0,0.02890897552807174,0.47619047619047616,0.0008357288660826507,0.02069464436283818,-0.004969274573515037,-0.43193267581776207
AdaBelief,MU,43,0.01,,0.0009769283274494152,0.0008046940087639685,False,,10000,22.707710027694702,0.0022707710027694704,0.0017752731819387362,0.0,17.501953125,nan,nan,2497,250,nan,nan,nan,0.0009366324435666815,0.0009405691769265799,0.0008937568657108072,0.0008135967655107379,0.0001633315619386773,0.0008267497380704269,0.003725451327358262,0.00016486589036214847,0.011516675079385095,0.028539221547544,7.239556148304201,6.902651051407626,0.953463293882251,14092.12992458168,460800.0,4608000000.0,nan,nan,nan,nan,nan,nan,nan,nan,nan,0,0.03125585269112675,0.4708994708994709,0.0009769283274494152,0.022413084746668577,-0.17476252453635022,-0.16373620081007242
AdaBelief,MU,44,0.01,,0.0008561996713517204,0.0008023896647385008,False,,10000,22.88208532333374,0.002288208532333374,0.001762540332064462,0.0,17.501953125,nan,nan,2497,3000,2750,0.275,6.26843523979187,0.000963651475825009,0.0009052237955972448,0.0008917728894862686,0.0005254821153357625,0.0003307175560159579,0.0008309384440431982,0.0028249737303928683,-0.12154869910072026,0.011996011882179301,0.02893978301435709,7.383611064693213,6.983425821738883,0.9458008771794703,13984.73939233518,460800.0,4608000000.0,nan,nan,nan,nan,nan,nan,nan,nan,nan,0,0.029260889790840613,0.48677248677248675,0.0008561996713517204,0.021020853960955585,-0.029585548051806132,-0.043222081389026175
AdaBelief,MU,45,0.01,,0.000905403699824419,0.0008026823124771725,False,,10000,22.872928142547607,0.0022872928142547606,0.001766391467904792,0.0,17.501953125,nan,nan,2497,1250,1000,0.1,2.333925724029541,0.0009189739007164844,0.0009210098364602345,0.0009128154961489479,0.0008407530258409679,6.465067398345105e-05,0.0008341868465095768,0.0031142524786911515,-0.05290217849684062,0.01149603464860702,0.026308818906545635,7.37746317188219,7.034332579511591,0.9534893520474116,13990.338185199147,460800.0,4608000000.0,nan,nan,nan,nan,nan,nan,nan,nan,nan,0,0.03008992688300221,0.4973544973544973,0.000905403699824419,0.021706727446702424,-0.08875370510265079,0.0685511096163104
AdaBelief,MU,46,0.01,,0.000849817953412495,0.0008012231053977177,False,,10000,22.92342448234558,0.002292342448234558,0.001771321718435811,0.0,17.501953125,nan,nan,2497,3750,500,0.05,1.14082670211792,0.0009477701517697978,0.000918224196971464,0.0009303907114383255,0.0010597353102639318,-0.00020991735685143675,0.0008287431056147763,0.003471776225049783,-0.13287370518213718,0.011419137064604002,0.02703833281993866,7.301230860173851,6.69315075188129,0.9167153977270509,13959.519889641586,460800.0,4608000000.0,nan,nan,nan,nan,nan,nan,nan,nan,nan,0,0.029151637233824364,0.49206349206349204,0.000849817953412495,0.020917744863600957,-0.02191149165839934,0.10635010846050376
AdaBelief,NOW,42,0.01,,0.0005014175460452125,0.0006889952406002458,False,,10000,23.02562952041626,0.002302562952041626,0.0017781303256915613,0.0002,17.470703125,nan,nan,2497,2500,750,0.075,1.7359964847564697,0.0006769454627163582,0.0006866527797485784,0.0006880428788943431,0.00044469331623986363,5.672422980534887e-05,0.0007035332976331046,0.0031282420916545206,-0.08007609515078919,0.01192796440804086,0.025307631678879235,7.192625308173382,7.44559752837655,1.035171054985403,13897.557055552546,460800.0,4608000000.0,nan,nan,nan,nan,nan,nan,nan,nan,nan,0,0.022392354633785444,0.4126984126984127,0.0005014175460452125,0.01672867214868939,-0.19080400524736874,-1.4382468103023338
AdaBelief,NOW,43,0.01,,0.0007587912536802746,0.0006910870504227413,False,,10000,22.747034072875977,0.0022747034072875976,0.0018079227895205817,0.0011,17.470703125,nan,nan,2497,250,nan,nan,nan,0.0007300634191192099,0.0007099948238775561,0.0006949123139995513,0.000817008432932198,-5.821717925192347e-05,0.0007338932369019342,0.0031465565480398488,-0.01840140558553279,0.019504655968627774,0.034638314694166186,7.239556148304201,7.816583779517331,1.0797048354060066,14067.768086810687,460800.0,4608000000.0,nan,nan,nan,nan,nan,nan,nan,nan,nan,0,0.027546165861699782,0.45714285714285713,0.0007587912536802746,0.01950378115214999,-0.8020343945994837,-1.4011491904238034
AdaBelief,NOW,44,0.01,,0.000586449626892332,0.0006846284885315379,False,,10000,23.18778681755066,0.002318778681755066,0.0017699489652914639,0.0001,17.470703125,nan,nan,2497,750,750,0.075,1.6915874481201172,0.0006820143200140349,0.0006933611243989871,0.0006816145703621213,0.00041093898471444845,0.0001755106421778836,0.0007128225064211454,0.003173965781641698,-0.058808630404337356,0.01044265101660858,0.024260926526039832,7.383611064693213,7.267745440591282,0.9843077292280502,13800.368380038513,460800.0,4608000000.0,nan,nan,nan,nan,nan,nan,nan,nan,nan,0,0.02421672205093687,0.40634920634920635,0.000586449626892332,0.018608526199583024,-0.3927445700439143,-1.5694227407315364
AdaBelief,NOW,45,0.01,,0.00046293631432548404,0.00068645630103008,False,,10000,23.046667098999023,0.0023046667098999022,0.001789932003153387,0.0,17.470703125,nan,nan,2497,5500,500,0.05,1.1494431495666504,0.0007146143747585934,0.0007193096479488793,0.0006995009311170373,0.0006013896781951189,-0.00013845336386963486,0.0007043963378207388,0.003539954050793955,-0.06521037201839763,0.010398421189090004,0.025189348123967642,7.37746317188219,7.041421301170203,0.954450213727566,13884.87101520629,460800.0,4608000000.0,nan,nan,nan,nan,nan,nan,nan,nan,nan,0,0.021515954878310282,0.41904761904761906,0.00046293631432548404,0.015730019221230157,-0.09941588925476874,-1.2248130362393104
AdaBelief,NOW,46,0.01,,0.00045137897370353577,0.0006897169977996,False,,10000,23.033324241638184,0.002303332424163818,0.001768661552430448,0.0005,17.470703125,nan,nan,2497,8000,500,0.05,1.1810047626495361,0.0007057583905306835,0.0007102228122261966,0.0006942200277695636,0.0003526755899656564,9.870338373787937e-05,0.0007236120605145564,0.003101748822951891,-0.0031089576638426023,0.011876988584728678,0.026427187584340553,7.301230860173851,7.122290627041173,0.9754917716533598,13892.914311583574,460800.0,4608000000.0,nan,nan,nan,nan,nan,nan,nan,nan,nan,0,0.021245681295348845,0.4095238095238095,0.00045137897370353577,0.01532301524328807,-0.07196864970128258,-1.6771035580547788
AdaBelief,NVDA,42,0.01,,0.0009670781080054228,0.0014733042894054787,False,,10000,23.495198488235474,0.0023495198488235475,0.0017760864060543417,0.0001,17.501953125,nan,nan,2497,5000,1000,0.1,2.259558916091919,0.0007341863520365018,0.000717579802333017,0.0007137698887329398,0.0018410675693303347,-0.0008739894613249119,0.001514347479034182,0.003765870687251511,-0.024614973009013903,0.00950043697748697,0.021862865891307575,7.192625308173382,6.46367239198578,0.8986527331878038,13619.804070190365,460800.0,4608000000.0,nan,nan,nan,nan,nan,nan,nan,nan,nan,0,0.031097879477633563,0.4482758620689655,0.0009670781080054228,0.023478301113875454,-0.0911483693053563,-1.5396833160254406
AdaBelief,NVDA,43,0.01,,0.0009738438659244113,0.0014729708512202498,False,,10000,23.043583393096924,0.0023043583393096926,0.0017683639939344593,0.0004,17.501953125,nan,nan,2497,8250,2500,0.25,5.866819381713867,0.0007711495834258883,0.0007519335101813959,0.0006811835674218742,0.0005726651288568974,0.000401178737067514,0.001516186051049914,0.0031788407259053255,-0.1087787734192036,0.011116880925244186,0.02493290193378924,7.239556148304201,6.8356931276991,0.9442143948700913,13886.729096823594,460800.0,4608000000.0,nan,nan,nan,nan,nan,nan,nan,nan,nan,0,0.031206471539160133,0.4588859416445623,0.0009738438659244113,0.023575338737043754,-0.09878213296860916,-1.4573860843347017
AdaBelief,NVDA,44,0.01,,0.0009090909093776077,0.00147590997680745,False,,10000,23.162102937698364,0.0023162102937698366,0.0017740885383960721,0.0001,17.501953125,nan,nan,2497,8250,1000,0.1,2.360612392425537,0.0007483610917472279,0.0007296360283746765,0.000733418051636493,0.00031496561132371426,0.0005941252980538935,0.0015318039436044558,0.003532999484068966,-0.07461696687542788,0.012689059359459498,0.028854751680046316,7.383611064693213,6.393215881307842,0.8658657431021496,13815.67126528791,460800.0,4608000000.0,nan,nan,nan,nan,nan,nan,nan,nan,nan,0,0.03015113446253072,0.4509283819628647,0.0009090909093776077,0.02259241840826771,-0.02572176446386676,-1.5073968214554165
AdaBelief,NVDA,45,0.01,,0.0011478498499229472,0.001473189823191109,False,,10000,23.14057469367981,0.002314057469367981,0.0017714506152027155,0.0001,17.501953125,nan,nan,2497,8250,7000,0.7,16.12544870376587,0.0007316196040905397,0.0007340186615845063,0.0007046058457843975,0.0005233531119301915,0.0006244967379927557,0.0015121179316827556,0.003368578587680907,-0.08846160641770356,0.009501107522036182,0.022720213700085864,7.37746317188219,6.627885698015231,0.8983963109807404,13828.524323010824,460800.0,4608000000.0,nan,nan,nan,nan,nan,nan,nan,nan,nan,0,0.03387993285003598,0.44297082228116713,0.0011478498499229472,0.025787045715977907,-0.2951120303343675,-1.6280204639536195
AdaBelief,NVDA,46,0.01,,0.0012017645375438468,0.0014732551195261016,False,,10000,23.088272094726562,0.002308827209472656,0.0017658568927529032,0.0002,17.501953125,nan,nan,2497,8250,2000,0.2,4.597527503967285,0.0007400869890821876,0.0007145020149804987,0.0007337384088820406,0.0007392138359136879,0.00046255070163015886,0.0015166917398885132,0.0030401799097812565,-0.09954920230591693,0.0103904354280603,0.023842125106602906,7.301230860173851,6.687587657497208,0.9159534584745304,13859.850520086735,460800.0,4608000000.0,nan,nan,nan,nan,nan,nan,nan,nan,nan,0,0.034666475701228223,0.44297082228116713,0.0012017645375438468,0.02659040784078931,-0.3559436456839131,-1.6280204639536195
AdaBelief,NXPI,42,0.01,,0.00058081040040849,0.0006578102378555424,False,,10000,23.447343587875366,0.002344734358787537,0.001768722489914032,0.0001,17.4951171875,nan,nan,2497,1000,1000,0.1,2.360875129699707,0.0007589709454199182,0.000731927306392786,0.0007432389076207388,0.0006551044061779976,-7.429400576950762e-05,0.0006756779808619152,0.0035208133629702322,0.016036825143915377,0.010453588568157283,0.02501759175211191,7.192625308173382,7.052710821954611,0.9805475080065997,13647.601435135372,460800.0,4608000000.0,nan,nan,nan,nan,nan,nan,nan,nan,nan,0,0.02410000830722865,0.4793388429752066,0.00058081040040849,0.019465908859715317,-0.2671525825832415,0.2728485763073789
AdaBelief,NXPI,43,0.01,,0.0004605590558249103,0.0006646528757738145,False,,10000,23.251981019973755,0.0023251981019973755,0.0017703242237594214,0.0002,17.4951171875,nan,nan,2497,250,nan,nan,nan,0.0007458986063863911,0.0007243349891611657,0.000756600158431215,0.0007221180712804198,-0.0002615590154555095,0.0006800856510392834,0.0032555273135794357,-0.10849021430255558,0.010519020662833646,0.025384440552443245,7.239556148304201,7.016831699732741,0.9692350685582248,13762.268243945144,460800.0,4608000000.0,nan,nan,nan,nan,nan,nan,nan,nan,nan,0,0.021460639688157254,0.5234159779614325,0.0004605590558249103,0.01692877262420234,-0.00480052803838138,1.6012207039653208
AdaBelief,NXPI,44,0.01,,0.0005277465854466126,0.000659269193259392,False,,10000,23.019513845443726,0.0023019513845443725,0.0017750199670003367,0.0003,17.4951171875,nan,nan,2497,250,nan,nan,nan,0.0007656535952562369,0.000770688538546674,0.0007991367866231861,0.0004821212205570191,4.562536488959346e-05,0.000708337977184488,0.0034118339923574514,-0.12772356413403943,0.013085860200331081,0.030186651367694127,7.383611064693213,7.277122988379997,0.9855777782198716,13901.249268274096,460800.0,4608000000.0,nan,nan,nan,nan,nan,nan,nan,nan,nan,0,0.022972735697922714,0.4765840220385675,0.0005277465854466126,0.01849606674236371,-0.15138339159876257,0.23258385651401897
AdaBelief,NXPI,45,0.01,,0.0006450978685016474,0.0006645385237688517,False,,10000,22.991907119750977,0.002299190711975098,0.0017635339888471648,0.0003,17.4951171875,nan,nan,2497,250,nan,nan,nan,0.0008047068606932917,0.0007504654328356657,0.0007411930695159583,0.0004636884550563991,0.0001814094134452483,0.000695492893368753,0.0028893961781447843,-0.08732781054625167,0.011267461187967273,0.02495311116799711,7.37746317188219,7.211847440553876,0.9775511273360838,13917.940705540997,460800.0,4608000000.0,nan,nan,nan,nan,nan,nan,nan,nan,nan,0,0.02539877690956097,0.46831955922865015,0.0006450978685016474,0.02061171439725177,-0.40740838923665046,0.02917864737776134
AdaBelief,NXPI,46,0.01,,0.0004619677697331452,0.000664058064228922,False,,10000,22.88017225265503,0.002288017225265503,0.0017655949852227579,0.0002,17.4951171875,nan,nan,2497,3750,3750,0.375,8.608335494995117,0.0007581444715621281,0.0007372352789427473,0.0007453428243045523,0.0017375631723552942,-0.001275595402622149,0.0006861424347735917,0.00302498724536643,-0.0805355184973789,0.010223086810964743,0.02356457058340311,7.301230860173851,7.104209803791667,0.9730153641001988,13985.908692748893,460800.0,4608000000.0,nan,nan,nan,nan,nan,nan,nan,nan,nan,0,0.02149343550326809,0.4903581267217631,0.0004619677697331452,0.016960586726501296,-0.007873915611477988,0.4745593351623872
AdaBelief,ORCL,42,0.01,,0.00044760143473034813,0.0003227653569821021,False,,10000,23.20046043395996,0.002320046043395996,0.0017714015173533506,0.0,17.501953125,nan,nan,2497,8500,4500,0.45,10.506097555160522,0.00028215344296733647,0.00025402226947411876,0.00027065566103551123,0.00010934681631624699,0.00033825461841410114,0.0003663434405752666,0.003619924479140015,-0.03557537955548736,0.007270273484826612,0.01877789655700326,7.192625308173382,6.242829370970926,0.8679486423235269,13792.82971175848,460800.0,4608000000.0,nan,nan,nan,nan,nan,nan,nan,nan,nan,0,0.02115659317400484,0.4574468085106383,0.00044760143473034813,0.013327456025219469,-0.024757079449819086,-0.17771695553485214
AdaBelief,ORCL,43,0.01,,0.0004375085786536888,0.00032186527941524193,False,,10000,22.972207069396973,0.0022972207069396973,0.0017628861628205344,0.0001,17.501953125,nan,nan,2497,5000,3500,0.35,7.957888841629028,0.0002666592963225547,0.00027831758549427084,0.0002496952038747864,0.00020484256674535573,0.00023266601190833307,0.00033624020224524656,0.002864571399980835,0.09261797226236225,0.007145228671771474,0.016434257663786405,7.239556148304201,6.741966568718277,0.9312679438638679,13929.876177474318,460800.0,4608000000.0,nan,nan,nan,nan,nan,nan,nan,nan,nan,0,0.020916705731393,0.5026595744680851,0.0004375085786536888,0.013016115420709842,-0.0016500808704789094,0.4696384909562527
AdaBelief,ORCL,44,0.01,,0.00043744913169315884,0.0003228854358354361,False,,10000,22.940587997436523,0.0022940587997436522,0.0017631325292546633,0.0,17.501953125,nan,nan,2497,9500,2500,0.25,5.709298133850098,0.0002892415459020163,0.0002603920900314471,0.0002514535783312762,0.00011930328037124127,0.00031814585132191757,0.0003578406632238445,0.002870427268319379,-0.11209705480938692,0.007309606317448197,0.016781612019985914,7.383611064693213,7.013426584316492,0.9498640330411144,13949.075761953362,460800.0,4608000000.0,nan,nan,nan,nan,nan,nan,nan,nan,nan,0,0.02091528464289116,0.5319148936170213,0.00043744913169315884,0.012987447163415334,-0.0015139805613018087,0.2314199228606188
AdaBelief,ORCL,45,0.01,,0.0007480036802392788,0.0003365048204872273,False,,10000,22.94731116294861,0.002294731116294861,0.0017652213249233517,0.0001,17.501953125,nan,nan,2497,4000,3250,0.325,7.522473573684692,0.0002812720095369612,0.0002731003006169509,0.0002505554016524808,0.0003199914935976267,0.0004280121866416521,0.0004030880237334295,0.0029664099482608172,-0.12575230752319622,0.007461770466534653,0.016616756003350015,7.37746317188219,7.136371306050793,0.9673204921238682,13944.988923873627,460800.0,4608000000.0,nan,nan,nan,nan,nan,nan,nan,nan,nan,0,0.027349655943709396,0.4574468085106383,0.0007480036802392788,0.019124950681413923,-0.712510298903535,-0.45014232168650975
AdaBelief,ORCL,46,0.01,,0.0004454188482471244,0.00032198354008975647,False,,10000,23.201911687850952,0.0023201911687850954,0.0017634430122264084,0.0002,17.501953125,nan,nan,2497,6500,6500,0.65,15.202340126037598,0.00027253634853550784,0.00028744513497368224,0.000264160914481327,0.00034772013896144927,9.769870928567513e-05,0.0003579102863480929,0.002864811448604546,0.00689457180530923,0.00838638462826202,0.019330324698239552,7.301230860173851,6.958579834993647,0.9530694164117904,13791.96698552901,460800.0,4608000000.0,nan,nan,nan,nan,nan,nan,nan,nan,nan,0,0.02110494843033558,0.5319148936170213,0.0004454188482471244,0.01319228278266059,-0.019760176453870404,1.0035608085506573
AdaBelief,PANW,42,0.01,,0.0008341780134067414,0.000642959445048445,False,,10000,22.96423053741455,0.002296423053741455,0.0017702075695960745,0.0001,17.4697265625,nan,nan,2497,3250,2000,0.2,4.533684015274048,0.0006045303230290801,0.0005892424294895832,0.000600027530193845,0.00035086512798443437,0.00048331288542230704,0.0007178041685112885,0.003376336277840568,-0.1165978764856846,0.01042521134458657,0.023472396843135353,7.192625308173382,6.980007099712574,0.970439415463614,13934.714663251569,460800.0,4608000000.0,nan,nan,nan,nan,nan,nan,nan,nan,nan,0,0.028882140042018032,0.4394904458598726,0.0008341780134067414,0.01883722110918373,-0.04823667004033849,-0.27354015270766974
AdaBelief,PANW,43,0.01,,0.0011640498592595386,0.000640398778092747,False,,10000,22.715901374816895,0.0022715901374816896,0.001765351333209616,0.0002,17.4697265625,nan,nan,2497,3250,1750,0.175,4.012727737426758,0.0006284372530232723,0.0006217430292491568,0.0006058662835426266,0.0005217631696723402,0.0006422866895871985,0.0007084385262491115,0.003043779873462085,-0.014668596665157855,0.011147926984481455,0.024572413787245742,7.239556148304201,6.843190858799804,0.9452500565801617,14087.048306819805,460800.0,4608000000.0,nan,nan,nan,nan,nan,nan,nan,nan,nan,0,0.03411817491102856,0.4426751592356688,0.0011640498592595386,0.025120063951820325,-0.4627570238250569,-0.1750833814487446
AdaBelief,PANW,44,0.01,,0.0008153070689766271,0.0006361606117254629,False,,10000,23.198893308639526,0.0023198893308639524,0.0017782877635710514,0.0,17.4697265625,nan,nan,2497,3250,2000,0.2,4.681698560714722,0.0006016426936379303,0.0005828716378505646,0.0006086766935998629,0.001392376609146595,-0.0005770695401699679,0.0006822898582343026,0.0036914481014734706,-0.1365920689122018,0.009990462996448332,0.02276183124631643,7.383611064693213,6.9149175158339595,0.9365224488732293,13793.761441233424,460800.0,4608000000.0,nan,nan,nan,nan,nan,nan,nan,nan,nan,0,0.02855358241931522,0.4426751592356688,0.0008153070689766271,0.01785300795439702,-0.024523247207298482,-1.4810122142815416
AdaBelief,PANW,45,0.01,,0.0008239650232776715,0.0006289795850412533,False,,10000,23.17102074623108,0.0023171020746231077,0.0017621759489550501,0.0,17.4697265625,nan,nan,2497,9250,750,0.075,1.7559967041015625,0.0006486388018574554,0.0006350255158544961,0.0006387982590218561,0.00048538914415985346,0.00033857587911781807,0.0006643948380578167,0.0028393744682180394,-0.15659033371640096,0.009649971159543202,0.021844910457730293,7.37746317188219,6.52042115403962,0.8838297124804331,13810.354041137793,460800.0,4608000000.0,nan,nan,nan,nan,nan,nan,nan,nan,nan,0,0.02870479094641993,0.45222929936305734,0.0008239650232776715,0.01795410958065349,-0.03540292161734926,-1.2807317939489797
AdaBelief,PANW,46,0.01,,0.0008222062116975238,0.000650820878747934,False,,10000,22.88668966293335,0.002288668966293335,0.0017696293927413535,0.0002,17.4697265625,nan,nan,2497,4000,3000,0.3,6.839174747467041,0.000638969189226318,0.00063562780250491,0.0006283322102146132,0.00031117399339564145,0.0005110322183018823,0.0007103960312603244,0.003306284444876856,-0.21740632211166336,0.010248164829997405,0.024170212540775535,7.301230860173851,6.945075758251417,0.9512198547418684,13981.925945291387,460800.0,4608000000.0,nan,nan,nan,nan,nan,nan,nan,nan,nan,0,0.028674138377596,0.4426751592356688,0.0008222062116975238,0.01816287617774526,-0.033192780898735785,-1.373096178027398
AdaBelief,PTC,42,0.01,,0.00019234213879499486,0.0004581968727415373,False,,10000,22.780818700790405,0.0022780818700790404,0.001764910637863786,0.0,17.501953125,nan,nan,2497,8750,1500,0.15,3.4581594467163086,0.0004626886988789752,0.00047092782259822527,0.0004571894172519485,0.0002722400240600109,-7.989788526501605e-05,0.00047925024786863346,0.003122840402488638,-0.0161206591624153,0.008427079636562848,0.02074755681678652,7.192625308173382,6.491718796028377,0.9025520610188708,14046.905170659966,460800.0,4608000000.0,nan,nan,nan,nan,nan,nan,nan,nan,nan,0,0.013868746835781338,0.46419098143236076,0.00019234213879499486,0.010825207624485883,-0.09858279034695205,-0.8123563159323363
AdaBelief,PTC,43,0.01,,0.00046036711760929653,0.0004618114122345214,False,,10000,23.01175546646118,0.002301175546646118,0.0017616579942814966,0.0007,17.501953125,nan,nan,2497,250,nan,nan,nan,0.0004917065169931649,0.00047626024591314325,0.0004793227100074792,0.00039443708374165,6.593003386764655e-05,0.00048257782979294663,0.0027328596021208395,-0.04821541682875021,0.010858469499392958,0.020690256450325246,7.239556148304201,7.550814813599979,1.0429941641337621,13905.936053700409,460800.0,4608000000.0,nan,nan,nan,nan,nan,nan,nan,nan,nan,0,0.021456167356014366,0.46419098143236076,0.00046036711760929653,0.018318357921781995,-1.629436252584528,-0.744840090207473
AdaBelief,PTC,44,0.01,,0.0002047036966634175,0.00045765134004446177,False,,10000,22.811179399490356,0.0022811179399490357,0.00177079199113633,0.0004,17.501953125,nan,nan,2497,4000,1000,0.1,2.2860591411590576,0.00045947124151903115,0.0004879271017999758,0.0005173034623994558,0.00021874878439120948,-1.4045087727791982e-05,0.0004936881525041554,0.003042548826946863,-0.10919355533667921,0.01125955850405444,0.02698997100815175,7.383611064693213,7.576292221833652,1.02609578909997,14028.209344017932,460800.0,4608000000.0,nan,nan,nan,nan,nan,nan,nan,nan,nan,0,0.01430746996024865,0.46949602122015915,0.0002047036966634175,0.01134113281492203,-0.16918715619837554,-0.3605700847272616
AdaBelief,PTC,45,0.01,,0.0001748094640711628,0.00045688122273756273,False,,10000,23.074256658554077,0.002307425665855408,0.0017631246684672163,0.0,17.501953125,nan,nan,2497,7750,5750,0.575,13.264187574386597,0.0004926047749279599,0.0004528868482386437,0.00048100100476044345,0.00037906173383817077,-0.00020425226976700798,0.00047358153268187126,0.0027900777693585736,-0.11594015275449247,0.008827361498305254,0.019486146420240387,7.37746317188219,6.874552977271202,0.9318315547100614,13868.26907298744,460800.0,4608000000.0,nan,nan,nan,nan,nan,nan,nan,nan,nan,0,0.013221553012833356,0.4854111405835544,0.0001748094640711628,0.010145591680334989,0.0015569649922669848,0.05230124969092134
AdaBelief,PTC,46,0.01,,0.00017568888881849863,0.0004555095649208251,False,,10000,22.838107109069824,0.0022838107109069824,0.001774327712984224,0.0,17.501953125,nan,nan,2497,6500,500,0.05,1.1742770671844482,0.0004764498931858051,0.00045401079134027795,0.0004910202535988553,0.0005701922927983105,-0.0003945034039798119,0.0004726815078158464,0.0032126114986398696,0.02687328955900493,0.008936770695656742,0.02323127258569,7.301230860173851,6.575580723844034,0.900612629537845,14011.669113895898,460800.0,4608000000.0,nan,nan,nan,nan,nan,nan,nan,nan,nan,0,0.013254768531305956,0.46684350132625996,0.00017568888881849863,0.010180654979887464,-0.0034659639347016657,-0.5009133794635756
AdaBelief,PYPL,42,0.01,,0.0004479579937954744,0.0005447288521197663,False,,10000,22.81981587409973,0.0022819815874099733,0.0017923942026403128,0.0,17.431640625,nan,nan,2497,5000,4000,0.4,9.015849590301514,0.0006010388078816918,0.0006456414122314587,0.0006213016897172691,0.0003640937793534249,8.386421444204947e-05,0.0005565453469239543,0.004652798939080596,-0.04018338427863806,0.008730177549087966,0.01762291304767131,7.192625308173382,5.646422018748807,0.7850293567124179,14022.900174369806,460800.0,4608000000.0,nan,nan,nan,nan,nan,nan,nan,nan,nan,0,0.021165018161945298,0.475,0.0004479579937954744,0.015465402603149414,-0.0038736454154870703,0.14152411207644075
AdaBelief,PYPL,43,0.01,,0.00045756902545690536,0.0005427878193494652,False,,10000,23.074875116348267,0.0023074875116348265,0.0017665425809958335,0.0001,17.431640625,nan,nan,2497,2750,750,0.075,1.7519338130950928,0.0005772904773454074,0.0006082158829708111,0.0005801898763052132,0.003038274822756648,-0.0025807057972997427,0.0005701212800414726,0.0030517951708606723,-0.11201170541905948,0.00938356839708431,0.022243133094161746,7.239556148304201,7.2435822234171585,1.0005561218161005,13867.897372639904,460800.0,4608000000.0,nan,nan,nan,nan,nan,nan,nan,nan,nan,0,0.021390863130245713,0.4583333333333333,0.00045756902545690536,0.015623760223388673,-0.02541196267692558,-0.9941912295175683
AdaBelief,PYPL,44,0.01,,0.0004580006624261538,0.0005385625262220367,False,,10000,23.108538389205933,0.0023108538389205934,0.001766135289302784,0.0001,17.431640625,nan,nan,2497,1250,500,0.05,1.121776819229126,0.0006189332313458056,0.0006322311118643501,0.0006101803862756034,0.0003078536537941545,0.0001501470086319993,0.0005774720796889412,0.00298179430990063,-0.04884820674645646,0.01135496785667492,0.027879351750016202,7.383611064693213,7.224855136313036,0.9784988771768719,13847.695367417653,460800.0,4608000000.0,nan,nan,nan,nan,nan,nan,nan,nan,nan,0,0.021400950035597808,0.45,0.0004580006624261538,0.015571122368176779,-0.02637926091429854,-1.1489922942383262
AdaBelief,PYPL,45,0.01,,0.0004610855753223101,0.0005414450869840734,False,,10000,23.10140609741211,0.002310140609741211,0.0017735035556177346,0.0002,17.431640625,nan,nan,2497,9000,750,0.075,1.7526233196258545,0.0006343006944276716,0.0005904713889860236,0.0005992334544727519,0.0003266377607360482,0.00013444781458626188,0.0006123681036376973,0.0031166744775913417,-0.03509197361468138,0.009863676657286123,0.022649136651307335,7.37746317188219,7.367741828604467,0.9986822918595143,13851.970683111249,460800.0,4608000000.0,nan,nan,nan,nan,nan,nan,nan,nan,nan,0,0.021472903281166012,0.4791666666666667,0.0004610855753223101,0.01557747224966685,-0.03329254920861935,-0.37810205207006276
AdaBelief,PYPL,46,0.01,,0.0004622725148995717,0.0005413851692896931,False,,10000,23.19596815109253,0.002319596815109253,0.0017684170185375376,0.0002,17.431640625,nan,nan,2497,1000,1000,0.1,2.3335559368133545,0.0006212380977414013,0.0006293053453827252,0.0006083291840692474,0.0005909618339501321,-0.0001286893190505604,0.0005583367138889117,0.0031924203855807033,-0.11907513672926862,0.009079401432417217,0.019049214571714396,7.301230860173851,7.161291272547975,0.9808334251709246,13795.500921349903,460800.0,4608000000.0,nan,nan,nan,nan,nan,nan,nan,nan,nan,0,0.02150052359593998,0.5625,0.0004622725148995717,0.01539848248163859,-0.03595248022183295,1.4381796816057777
AdaBelief,QCOM,42,0.01,,0.0005133267905977038,0.000726359671559827,False,,10000,23.086118459701538,0.0023086118459701536,0.0017659432111295356,0.0001,17.501953125,nan,nan,2497,7250,5750,0.575,13.220605611801147,0.00044442386802708836,0.00038521398991445566,0.0004209168946110709,0.000155252666445449,0.0003580741241522548,0.0007586162698225918,0.003144667634183464,-0.08248427971563344,0.00866665281059104,0.019125554803758844,7.192625308173382,6.54598666066184,0.9100969924324112,13861.14346413767,460800.0,4608000000.0,nan,nan,nan,nan,nan,nan,nan,nan,nan,0,0.022656716235979646,0.4523809523809524,0.0005133267905977038,0.01659916569946935,-0.023870640546310273,-0.6707223744744082
AdaBelief,QCOM,43,0.01,,0.0005539909162849345,0.0007211297197114252,False,,10000,22.90159034729004,0.002290159034729004,0.001761172880851879,0.0002,17.501953125,nan,nan,2497,750,750,0.075,1.7020738124847412,0.00040584095603367603,0.0004266861574330812,0.00042210350284704564,0.00034854287514463067,0.00020544804114030384,0.0007504163603713575,0.002745317491919111,-0.11329754061618516,0.009305333731559222,0.020520525705069303,7.239556148304201,7.110947388791863,0.982235270108035,13972.82874889367,460800.0,4608000000.0,nan,nan,nan,nan,nan,nan,nan,nan,nan,0,0.023537011626052585,0.4894179894179894,0.0005539909162849345,0.017564854293903975,-0.10497843615963132,-0.15452411793176538
AdaBelief,QCOM,44,0.01,,0.0005134361446219146,0.0007229203886947834,False,,10000,23.15446162223816,0.002315446162223816,0.0017659787943766232,0.0001,17.501953125,nan,nan,2497,4000,1750,0.175,4.066220760345459,0.0004195157511508482,0.00040540705086265316,0.0004172206050802674,0.00014051105245016515,0.0003729250921717495,0.0007638184483307669,0.0030449668737461758,-0.08517961888738694,0.008916612049381364,0.020635769423097364,7.383611064693213,7.198575222984417,0.9749396548534908,13820.230641539232,460800.0,4608000000.0,nan,nan,nan,nan,nan,nan,nan,nan,nan,0,0.02265912938799535,0.4947089947089947,0.0005134361446219146,0.016554682343094436,-0.02408875574478797,-0.18532350822670357
AdaBelief,QCOM,45,0.01,,0.0005177792417940008,0.0007215596794765887,False,,10000,23.07905125617981,0.002307905125617981,0.0017644992821116638,0.0001,17.501953125,nan,nan,2497,9500,500,0.05,1.1567018032073975,0.00040248001776680797,0.00044470115032363243,0.0003958040826819228,0.00017806762480176985,0.000339711616992231,0.0007561206521691493,0.0029805498394545504,-0.06309091096404651,0.008643381347284594,0.02009851410984991,7.37746317188219,7.12481536463156,0.9657541079685021,13865.387985319134,460800.0,4608000000.0,nan,nan,nan,nan,nan,nan,nan,nan,nan,0,0.02275476305730299,0.48148148148148145,0.0005177792417940008,0.01657037507920038,-0.03275140449990377,-0.5106775810204406
AdaBelief,QCOM,46,0.01,,0.0005172571492573571,0.000722611140192978,False,,10000,23.00745987892151,0.0023007459878921508,0.0017656908980615868,0.0001,17.501953125,nan,nan,2497,9500,1750,0.175,4.070937156677246,0.0004017680146397703,0.0004034218275468342,0.00040645961681651054,0.0005099907866679132,7.266362589443951e-06,0.0007627065894166393,0.0030501199388940675,-0.11764441756540542,0.00919406367072661,0.018790676072239873,7.301230860173851,6.796770758107314,0.9309075261791511,13908.532349247771,460800.0,4608000000.0,nan,nan,nan,nan,nan,nan,nan,nan,nan,0,0.02274328800453789,0.46296296296296297,0.0005172571492573571,0.016612153835397547,-0.03171004988972359,-0.7935851428874976
AdaBelief,ROP,42,0.01,,0.00011472659254515613,0.00021818347413596803,False,,10000,23.08896565437317,0.0023088965654373167,0.001769846639399638,0.0,17.501953125,nan,nan,2497,5250,2500,0.25,5.773136615753174,0.0002208893632767039,0.00020881561612917077,0.00022280957579264192,0.00015719275688752532,-4.246616434236919e-05,0.00023511743500736516,0.003344597226673231,-0.09497163685018234,0.006431574468490726,0.014805179601535193,7.192625308173382,6.75541978640059,0.9392147507981583,13859.434189915319,460800.0,4608000000.0,nan,nan,nan,nan,nan,nan,nan,nan,nan,0,0.010711050020663526,0.47480106100795755,0.00011472659254515613,0.0076730017939572615,-0.038516142339057424,0.03412863942079716
AdaBelief,ROP,43,0.01,,0.00011309279651238173,0.00021726205273079303,False,,10000,23.181641101837158,0.0023181641101837156,0.0017610692953029042,0.0,17.501953125,nan,nan,2497,6750,750,0.075,1.72930908203125,0.0002262969889640648,0.00022260690176276318,0.00021025765969943184,0.000249355798587203,-0.0001362630020748213,0.00022691455936055683,0.0027347353457300304,-0.07114811885915436,0.006251877739588236,0.01315743657760321,7.239556148304201,6.461494600584517,0.8925263466736234,13804.027014059839,460800.0,4608000000.0,nan,nan,nan,nan,nan,nan,nan,nan,nan,0,0.010634509697789632,0.47480106100795755,0.00011309279651238173,0.0076105910003500645,-0.023726863622722583,-0.35400861557644353
AdaBelief,ROP,44,0.01,,0.00011541779157976625,0.0002158833988781633,False,,10000,23.08483648300171,0.002308483648300171,0.0017635302407012052,0.0,17.501953125,nan,nan,2497,7000,1250,0.125,2.927356004714966,0.00023561106802974944,0.0002182152379130379,0.0002124500708008534,5.3826395742362365e-05,6.159139583740388e-05,0.0002451770690187487,0.0028691896013045897,-0.17665701654233565,0.007273988188354997,0.01719722272828221,7.383611064693213,6.8742183116158815,0.9310103486472717,13861.91321890579,460800.0,4608000000.0,nan,nan,nan,nan,nan,nan,nan,nan,nan,0,0.010743267267445516,0.47480106100795755,0.00011541779157976625,0.007820020907770389,-0.04477294243297858,-0.33561452314877926
AdaBelief,ROP,45,0.01,,0.00011508692075651159,0.00021652553220642657,False,,10000,22.958125352859497,0.0022958125352859496,0.001760579597096389,0.0,17.501953125,nan,nan,2497,3500,1000,0.1,2.3097236156463623,0.00023592114723674671,0.00021319035156603308,0.0002134564956796249,0.00020278096781112254,-8.769404705461094e-05,0.000228425878698239,0.0026422219169408745,-0.0969339590892777,0.006123628421465037,0.015960407257080075,7.37746317188219,6.9067747075897525,0.9361991441602341,13938.420279604543,460800.0,4608000000.0,nan,nan,nan,nan,nan,nan,nan,nan,nan,0,0.010727857230431043,0.47480106100795755,0.00011508692075651159,0.007792535913053644,-0.0417778679401688,-0.3284909895299892
AdaBelief,ROP,46,0.01,,0.00013047555293986408,0.00021615658024577944,False,,10000,23.252189874649048,0.002325218987464905,0.0017615305791690717,0.0,17.501953125,nan,nan,2497,1000,500,0.05,1.1710052490234375,0.00021687921001104364,0.00023054194389611845,0.00021802552364660018,0.00020158462575636804,-7.110907281650397e-05,0.0002534398414452514,0.0027027160925178766,-0.05722225575226469,0.006898001372922954,0.017173766344785683,7.301230860173851,7.03679433815584,0.9637819256667479,13762.144629176775,460800.0,4608000000.0,nan,nan,nan,nan,nan,nan,nan,nan,nan,0,0.011422589589925048,0.47480106100795755,0.00013047555293986408,0.007943640310297567,-0.1810772454985119,-0.3241123721183404
AdaBelief,SNOW,42,0.01,,0.0015075406350127053,0.0006853408902605003,False,,10000,23.278311014175415,0.0023278311014175413,0.0018096038871732777,0.0,17.365234375,nan,nan,2497,3750,3750,0.375,8.652291774749756,0.001648576597876144,0.0015857931507080596,0.0015429834155033704,0.0018418481340631843,-0.00033430749905047894,0.00079762668717316,0.0046683861519967495,-0.2359868152455499,0.01338412798543577,0.03181702066212892,7.192625308173382,6.547970791075911,0.9103728486502815,13746.701803457081,460800.0,4608000000.0,nan,nan,nan,nan,nan,nan,nan,nan,nan,0,0.03882706060227461,0.5871559633027523,0.0015075406350127053,0.021674318051119464,-0.01985673952385114,0.5382423466997943
AdaBelief,SNOW,43,0.01,,0.0016775825701722312,0.0007010852204304989,False,,10000,23.21985697746277,0.002321985697746277,0.001807354837648894,0.0,17.365234375,nan,nan,2497,5500,5500,0.55,12.832272052764893,0.0016297532403215795,0.0016259405835042555,0.0015618747201445566,0.0012908035423606634,0.0003867790278115678,0.0007983154034531719,0.004624352203518776,-0.26669241722231457,0.01433779907237622,0.02603988321498036,7.239556148304201,6.491097878068912,0.8966154478392148,13781.30796889027,460800.0,4608000000.0,nan,nan,nan,nan,nan,nan,nan,nan,nan,0,0.04095830282338651,0.5963302752293578,0.0016775825701722312,0.025773175265810907,-0.1348907290206971,1.467903670426127
AdaBelief,SNOW,44,0.01,,0.0015702201138942614,0.0007305688390107912,False,,10000,23.13535165786743,0.002313535165786743,0.001779775511519124,0.0,17.365234375,nan,nan,2497,750,500,0.05,1.1245841979980469,0.0016628264806031676,0.0016003015795140005,0.0015763104321327153,0.0015257031191140413,4.451699478022009e-05,0.0008487375236631669,0.0035672438320584745,-0.2797949348832404,0.014457508999283891,0.03392587658017873,7.383611064693213,7.138445827619756,0.9667960250173817,13831.646249957928,460800.0,4608000000.0,nan,nan,nan,nan,nan,nan,nan,nan,nan,0,0.039626003001744466,0.5871559633027523,0.0015702201138942614,0.023298679141823306,-0.062259635659820844,1.4342648330881835
AdaBelief,SNOW,45,0.01,,0.0015985161886302704,0.0006500947698254452,False,,10000,23.35404944419861,0.002335404944419861,0.0017744518217848596,0.0,17.365234375,nan,nan,2497,6500,1000,0.1,2.3294899463653564,0.001618325279922605,0.0015482165031260042,0.0015754758635240544,0.0016400411259382963,-4.152493730802593e-05,0.0007591174159751588,0.003373836412437132,-0.23424350036597652,0.014716443317441735,0.031518418900668616,7.37746317188219,7.929810515099877,1.074869549376113,13702.120515099421,460800.0,4608000000.0,nan,nan,nan,nan,nan,nan,nan,nan,nan,0,0.03998144805569541,0.5779816513761468,0.0015985161886302704,0.02377377300087465,-0.0814020334508736,1.2193091883248213
AdaBelief,SNOW,46,0.01,,0.0020174583710661723,0.0007041879346437543,False,,10000,22.929001808166504,0.0022929001808166503,0.0017848722941253576,0.0001,17.365234375,nan,nan,2497,7000,750,0.075,1.680562973022461,0.0016115105258453614,0.001562162003046934,0.001576135862727821,0.0005131729412823915,0.0015042854297837808,0.0007886613658684037,0.003710579441827514,-0.16405925301158558,0.017728651305194944,0.03670359589159488,7.301230860173851,8.521976374846856,1.1671972216810493,13956.12433010613,460800.0,4608000000.0,nan,nan,nan,nan,nan,nan,nan,nan,nan,0,0.044916125957902606,0.5963302752293578,0.0020174583710661723,0.03082480999307895,-0.3648179482892051,1.467903670426127
AdaBelief,TEL,42,0.01,,0.00017478892569819455,0.0003562838392485358,False,,10000,22.983229398727417,0.002298322939872742,0.0017496709729230271,0.0007,17.501953125,nan,nan,2497,7250,750,0.075,1.7074761390686035,0.0002893808952491611,0.00029352913841913466,0.00029206057523743095,0.00013813035911880434,3.6658566579390216e-05,0.0004230144822029145,0.0026955518287945144,-0.11659910605196927,0.015419472229396342,0.020760348439216612,7.192625308173382,9.61971632176284,1.3374416029751222,13923.195667955975,460800.0,4608000000.0,nan,nan,nan,nan,nan,nan,nan,nan,nan,0,0.013220776289544973,0.4920212765957447,0.00017478892569819455,0.01003314767565046,-0.06206575990157104,-0.13044538613127044
AdaBelief,TEL,43,0.01,,0.0001838022754305885,0.0003476406914485861,False,,10000,22.840394496917725,0.0022840394496917724,0.001951222969584813,0.0012,17.501953125,nan,nan,2497,1750,1500,0.15,3.394986152648926,0.0003074893916163425,0.00031301321959231195,0.0002796062319583535,0.00018295133486390114,8.509405666873543e-07,0.00041964442593900715,0.0033102716681615435,-0.08204912559529244,0.047910546135992625,0.028746766969561563,7.239556148304201,12.79598454745785,1.767509538613799,14010.265892876041,460800.0,4608000000.0,nan,nan,nan,nan,nan,nan,nan,nan,nan,0,0.013557369782911008,0.5212765957446809,0.0001838022754305885,0.010323694143345746,-0.1168333608497154,0.6295452837186737
AdaBelief,TEL,44,0.01,,0.00016741322540732287,0.00035785893546491464,False,,10000,23.211002588272095,0.0023211002588272097,0.0018926193327699103,0.0012,17.501953125,nan,nan,2497,4250,1250,0.125,2.9120686054229736,0.0002839113407199209,0.0003002056170223326,0.00029584792807841107,0.00013173214392736554,3.568108147995733e-05,0.00039619444840004485,0.0030428297066467922,-0.03627234908795002,0.019525346959818852,0.02598471380770206,7.383611064693213,13.948230914526526,1.8890798543308798,13786.565176710097,460800.0,4608000000.0,nan,nan,nan,nan,nan,nan,nan,nan,nan,0,0.012938826276263348,0.5053191489361702,0.00016741322540732287,0.009804044451032366,-0.01724896900397832,0.26384537564597016
AdaBelief,TEL,45,0.01,,0.00016616320326214744,0.00035810715639939043,False,,10000,23.0286762714386,0.00230286762714386,0.001909083115288376,0.0008,17.501953125,nan,nan,2497,5500,500,0.05,1.1628813743591309,0.0003105111578894403,0.0003199158094607675,0.0002737645510356393,0.00035590125480666757,-0.00018973805154452012,0.00042575075112661763,0.003485035674400558,-0.04867622077316751,0.018663061181770173,0.020529416855424632,7.37746317188219,11.504526258526605,1.5594149357971636,13895.718374263708,460800.0,4608000000.0,nan,nan,nan,nan,nan,nan,nan,nan,nan,0,0.012890430685673285,0.5159574468085106,0.00016616320326214744,0.009751685712703321,-0.009653489403617987,0.8688109649159775
AdaBelief,TEL,46,0.01,,0.0001691254594969371,0.0003560919818574617,False,,10000,23.192573070526123,0.0023192573070526124,0.0018140930328616664,0.001,17.501953125,nan,nan,2497,6000,1750,0.175,4.047865867614746,0.0002919458970098,0.0002890566437982952,0.00030683783693210843,0.00031636329367756844,-0.00014723783418063132,0.00043150492679875757,0.003225343965772902,0.05694239017082048,0.03645430474714376,0.022378533519804476,7.301230860173851,10.905865875119016,1.493702374843046,13797.520397021684,460800.0,4608000000.0,nan,nan,nan,nan,nan,nan,nan,nan,nan,0,0.013004824470054839,0.4946808510638298,0.0001691254594969371,0.009848198562702805,-0.027652975964095772,0.19939167364099522
AdaBelief,TSLA,42,0.01,,0.001358857734607217,0.0015594150922069812,False,,10000,23.05381441116333,0.002305381441116333,0.0017823963491060701,0.0001,17.49609375,nan,nan,2497,4750,750,0.075,1.782350778579712,0.0012657522791546692,0.001296530710985663,0.0012340787962569994,0.0013430558610707521,1.5801873536464917e-05,0.0016531827996645555,0.003762195857286576,-0.02592592052434573,0.014516582115873462,0.03315192740410565,7.192625308173382,7.3873772080519835,1.0270766085447678,13880.566325937223,460800.0,4608000000.0,nan,nan,nan,nan,nan,nan,nan,nan,nan,0,0.03686268756625345,0.5245901639344263,0.001358857734607217,0.026564134274675546,-0.003046520657749463,0.3312030183509357
AdaBelief,TSLA,43,0.01,,0.0013542174478697647,0.0015672742503963105,False,,10000,23.14962148666382,0.002314962148666382,0.0018030231959069293,0.0,17.49609375,nan,nan,2497,10000,1000,0.1,2.309657573699951,0.0012866256043874754,0.0012945859898006236,0.0013049525338203153,0.0012030086945742369,0.00015120875329552785,0.0016211187688769228,0.005198084065098913,-0.029010047975268127,0.01373765502102542,0.031509236060082914,7.239556148304201,3.9346991613311,0.5435000545237524,13823.120182951918,460800.0,4608000000.0,nan,nan,nan,nan,nan,nan,nan,nan,nan,0,0.03679969358391133,0.49453551912568305,0.0013542174478697647,0.026591868999877262,0.0003787264069857743,0.19565912314991243
AdaBelief,TSLA,44,0.01,,0.0013575190729130813,0.0015604063256146156,False,,10000,23.09001135826111,0.002309001135826111,0.0017840204417036462,0.0002,17.49609375,nan,nan,2497,4750,2000,0.2,4.545555114746094,0.0012653316381198733,0.0012805557941926587,0.0012267236133101968,0.0017784548690542579,-0.0004209357961411765,0.0016843233708963507,0.0037674124401252986,-0.11027806384430636,0.013651379581197397,0.03136855605989693,7.383611064693213,7.344332933815705,0.994680362964224,13858.806521786786,460800.0,4608000000.0,nan,nan,nan,nan,nan,nan,nan,nan,nan,0,0.03684452568446338,0.5273224043715847,0.0013575190729130813,0.02650986343133645,-0.0020583819288420013,0.4308403095099298
AdaBelief,TSLA,45,0.01,,0.0013599847672415562,0.0015558130120577878,False,,10000,22.887482404708862,0.0022887482404708864,0.0018016816440671805,0.0,17.49609375,nan,nan,2497,8250,750,0.075,1.7293288707733154,0.001303017639099117,0.0013416242461822814,0.0012829471373862504,0.002931525930762291,-0.0015715411635207348,0.0016345629262471976,0.004713964927519107,-0.10255859464306853,0.01411394259579829,0.0335532322525978,7.37746317188219,5.456119791430899,0.739565845916503,13981.441660624207,460800.0,4608000000.0,nan,nan,nan,nan,nan,nan,nan,nan,nan,0,0.036877971300514296,0.5519125683060109,0.0013599847672415562,0.026464702001686304,-0.0038784445109614207,0.8793338610413416
AdaBelief,TSLA,46,0.01,,0.0013655564172671793,0.0015690218912412042,False,,10000,23.159857034683228,0.0023159857034683227,0.0017794866032251866,0.0004,17.49609375,nan,nan,2497,5250,1000,0.1,2.322384834289551,0.0012612044367614093,0.0012226927289916176,0.0012370346516723263,0.0005338301416486502,0.0008317262756185292,0.0016639047184868114,0.003607368814901489,-0.04246450506967898,0.014881970184814419,0.033291947469115256,7.301230860173851,7.537054322371185,1.0322991378732709,13817.011025619953,460800.0,4608000000.0,nan,nan,nan,nan,nan,nan,nan,nan,nan,0,0.03695343579786837,0.5765027322404371,0.0013655564172671793,0.02659797407890278,-0.007991181282584803,1.2278330812366112
AdaBelief,TXN,42,0.01,,0.00026380245095838315,0.00034935894948418005,False,,10000,23.327716588974,0.0023327716588973997,0.00176313078758953,0.0001,17.501953125,nan,nan,2497,3250,2750,0.275,6.361593246459961,0.00029962919075538326,0.00027951006959410637,0.0002841720080680406,0.00012488456559367478,0.00013891788536470837,0.0003648569040587749,0.0031605236560788416,-0.07583961226383425,0.007252811443533574,0.017660569492727516,7.192625308173382,6.952294036772405,0.9665864324771825,13717.58777930499,460800.0,4608000000.0,nan,nan,nan,nan,nan,nan,nan,nan,nan,0,0.016241996520082843,0.5132275132275133,0.00026380245095838315,0.01246416379535009,0.004532024174464966,0.3859299376458546
AdaBelief,TXN,43,0.01,,0.0002621294605353522,0.00035031626015822513,False,,10000,23.041524648666382,0.002304152464866638,0.0017625982617060175,0.0,17.501953125,nan,nan,2497,7500,500,0.05,1.1443121433258057,0.0002996946838447123,0.0002957354543090958,0.0002786151732354041,0.0002771586587186903,-1.5029198183338075e-05,0.0003658668689481954,0.00289928249221316,-0.015424377482770146,0.007225056819578094,0.017222124896943563,7.239556148304201,6.558642574954021,0.9059453978391095,13887.969866547926,460800.0,4608000000.0,nan,nan,nan,nan,nan,nan,nan,nan,nan,0,0.016190412611646197,0.5317460317460317,0.0002621294605353522,0.012395132155645461,0.01084511332105842,0.9886722617329405
AdaBelief,TXN,44,0.01,,0.0002628638354874162,0.0003511821085325287,False,,10000,22.90960454940796,0.002290960454940796,0.0017629546925519131,0.0001,17.501953125,nan,nan,2497,8750,5000,0.5,11.427499532699585,0.0003020689217825257,0.00029682170832919294,0.0002800301836449277,6.387439498212188e-05,0.0001989894405052943,0.00038039688298890825,0.0028155175163344422,-0.02336159112844224,0.008072642633326904,0.018393441569060084,7.383611064693213,6.845654172011953,0.9271417619417076,13967.940795742352,460800.0,4608000000.0,nan,nan,nan,nan,nan,nan,nan,nan,nan,0,0.01621307606493648,0.5158730158730159,0.0002628638354874162,0.012421766916910807,0.008073923196128763,0.8225842646141798
AdaBelief,TXN,45,0.01,,0.0002615437226951438,0.0003497470911364973,False,,10000,22.92538595199585,0.002292538595199585,0.0017618262814754293,0.0,17.501953125,nan,nan,2497,6250,1500,0.15,3.4811666011810303,0.00029454259438396063,0.00030001168732783303,0.00027235116808294,0.00023584417067468166,2.5699552020462123e-05,0.00036239382106333714,0.002742045644164687,0.10759833655671276,0.007004671129603957,0.016910994425415993,7.37746317188219,7.041450809595426,0.954454213534076,13958.325529177897,460800.0,4608000000.0,nan,nan,nan,nan,nan,nan,nan,nan,nan,0,0.016172313461442177,0.5343915343915344,0.0002615437226951438,0.012395783076210627,0.013055415992767494,1.032653941314857
AdaBelief,TXN,46,0.01,,0.0002897486839660261,0.00034951412709385393,False,,10000,23.282862663269043,0.0023282862663269043,0.0017653051997336075,0.0001,17.501953125,nan,nan,2497,1750,1750,0.175,4.053462266921997,0.00029728329103895283,0.0002900453645312643,0.00029210232930839596,0.00029419222846627235,-4.44354450024624e-06,0.0003662210960927516,0.0030125507058219635,-0.09426975227645637,0.0074203806934907334,0.01815391778945923,7.301230860173851,7.0767941113652455,0.9692604229195321,13744.014412146613,460800.0,4608000000.0,nan,nan,nan,nan,nan,nan,nan,nan,nan,0,0.01702200587375137,0.4973544973544973,0.0002897486839660261,0.013179293385258428,-0.09337701328360892,-0.2469616042289542
AdaBelief,TYL,42,0.01,,0.0002579068932583723,0.0005594334251368394,False,,10000,23.126344203948975,0.0023126344203948973,0.0017584659294793302,0.0003,17.501953125,nan,nan,2497,2500,2500,0.25,5.853271007537842,0.00033567061421681087,0.00029688914771235986,0.0003067391704520163,0.0001637836394365877,9.41232538217846e-05,0.0005819127713588843,0.0028604740198766693,-0.09970539990790311,0.009652860402983788,0.02024648655205965,7.192625308173382,7.522008425862164,1.0457945608976023,13837.03352237393,460800.0,4608000000.0,nan,nan,nan,nan,nan,nan,nan,nan,nan,0,0.016059479856407936,0.49206349206349204,0.0002579068932583723,0.010966871150586971,-0.14948684462284523,-1.8281628893134247
AdaBelief,TYL,43,0.01,,0.00024508436520894367,0.0005590391570124133,False,,10000,22.933940887451172,0.002293394088745117,0.0017615899508321624,0.0002,17.501953125,nan,nan,2497,1000,750,0.075,1.741199016571045,0.0003228913922389106,0.00031097508310498834,0.0002972654679834542,0.0002065105363726616,3.8573828836282076e-05,0.0005714618359253875,0.002719087477395879,0.034265445760251936,0.008719643803624057,0.016436127014458176,7.239556148304201,7.506658947290651,1.0368949136542047,13953.118723485299,460800.0,4608000000.0,nan,nan,nan,nan,nan,nan,nan,nan,nan,0,0.01565517055828341,0.4973544973544973,0.00024508436520894367,0.010537842594126545,-0.09233704485824701,-0.79737140577911
AdaBelief,TYL,44,0.01,,0.00022933320709006495,0.0005624969378706631,False,,10000,22.977323293685913,0.0022977323293685912,0.0017651382797337026,0.0001,17.501953125,nan,nan,2497,9500,1250,0.125,2.920337438583374,0.0003123227371780934,0.000348731328933494,0.0003043422293477479,0.00038456713082268834,-0.0001552339237326234,0.0005958678648924735,0.002988516943864614,-0.05949778414151021,0.00889429095723899,0.021270900126546612,7.383611064693213,6.61092664546183,0.8953514191821142,13926.774494570256,460800.0,4608000000.0,nan,nan,nan,nan,nan,nan,nan,nan,nan,0,0.015143751420637654,0.49206349206349204,0.00022933320709006495,0.010246041590574557,-0.022134388324026366,-0.8536742775279099
AdaBelief,TYL,45,0.01,,0.00026346480956784,0.0005586863907958216,False,,10000,22.96308732032776,0.002296308732032776,0.0017634396458804926,0.0003,17.501953125,nan,nan,2497,3000,500,0.05,1.1369166374206543,0.0003130390031585883,0.00031874505072192975,0.00029811927907402876,0.00018788562738336623,7.557918218447377e-05,0.0005769832330212855,0.0028339251522195115,-0.005260449969499901,0.007692120711922325,0.015608288394287226,7.37746317188219,7.329133640116816,0.9934490311046793,13935.408402890336,460800.0,4608000000.0,nan,nan,nan,nan,nan,nan,nan,nan,nan,0,0.016231599106922276,0.4947089947089947,0.00026346480956784,0.011348851774104688,-0.17425838756430356,-0.8258522841964235
AdaBelief,TYL,46,0.01,,0.0002461477483391131,0.0005593812513098477,False,,10000,23.050009727478027,0.0023050009727478026,0.001765398790888633,0.0009,17.501953125,nan,nan,2497,4000,750,0.075,1.7334215641021729,0.00032473673154480667,0.00031946840365809376,0.000310046361691375,0.00026809805422089994,-2.1950305881786823e-05,0.0005949189584814495,0.0025818264805619272,0.06694952551765974,0.014615857889724429,0.023412599228322485,7.301230860173851,9.577328916682484,1.311741691243336,13882.85748177045,460800.0,4608000000.0,nan,nan,nan,nan,nan,nan,nan,nan,nan,0,0.015689096479374238,0.5105820105820106,0.0002461477483391131,0.01072018991702448,-0.09707652624038676,-0.08126519467355688
AdaBelief,UBER,42,0.01,,0.000826527692482505,0.0006892777139871893,False,,10000,22.90264582633972,0.002290264582633972,0.0017945927926560363,0.0,17.3818359375,nan,nan,2497,5750,2250,0.225,5.103455066680908,0.0012127438346683987,0.0012330499117784424,0.0011661357716288778,0.0006116102449595928,0.0002149174475229122,0.0014321780825789201,0.004287323609484384,0.02508798489009273,0.012638677627057768,0.029096301272511473,7.192625308173382,7.366153159999338,1.0241258016914583,13972.184804603516,460800.0,4608000000.0,nan,nan,nan,nan,nan,nan,nan,nan,nan,0,0.02874939464549654,0.5177304964539007,0.000826527692482505,0.0197530833768173,-0.18642317287204335,0.8438180636214246
AdaBelief,UBER,43,0.01,,0.0007360643694098567,0.0009461369522860353,False,,10000,22.970756769180298,0.00229707567691803,0.0017900509858285569,0.0,17.3818359375,nan,nan,2497,1000,1000,0.1,2.3091371059417725,0.001246779982708622,0.0011545540029270582,0.0011616877547431302,0.0009673616150394082,-0.00023129724562955152,0.004515748031090295,0.004012688234030183,0.0820872798366814,0.012252525435376447,0.027318524103611706,7.239556148304201,6.933668313622016,0.9577477087799318,13930.755665365878,460800.0,4608000000.0,nan,nan,nan,nan,nan,nan,nan,nan,nan,0,0.027130506250526484,0.475177304964539,0.0007360643694098567,0.018256983286897902,-0.056569347326238084,0.2930544942288312
AdaBelief,UBER,44,0.01,,0.0007636877642550939,0.0007796963335762561,False,,10000,23.123494386672974,0.0023123494386672974,0.0017918028009402086,0.0,17.3818359375,nan,nan,2497,2500,500,0.05,1.1372647285461426,0.001247524481562375,0.0012536394393118126,0.001219416388552684,0.0013485518284142017,-0.0005848640641591079,0.0017455679715303962,0.00396261695477626,0.0220353213679957,0.012839696574490517,0.030811716243624682,7.383611064693213,7.305928354350059,0.9894790354390937,13838.738844957155,460800.0,4608000000.0,nan,nan,nan,nan,nan,nan,nan,nan,nan,0,0.027634901198576662,0.5390070921985816,0.0007636877642550939,0.01882917276570495,-0.09622081461023013,0.5863408748457569
AdaBelief,UBER,45,0.01,,0.000774328610007192,0.0008147010501001923,False,,10000,22.858230352401733,0.0022858230352401734,0.0017878343242440388,0.0001,17.3818359375,nan,nan,2497,5750,2000,0.2,4.530725955963135,0.0012030696647200804,0.0011836109857358316,0.0011249061654196161,0.0011744801886379719,-0.00040015157863077986,0.0013045999276999661,0.0038460867107345726,0.0931971853592359,0.013344186268741032,0.02766097718849777,7.37746317188219,7.856644235467773,1.064952010253591,13999.333940843646,460800.0,4608000000.0,nan,nan,nan,nan,nan,nan,nan,nan,nan,0,0.027826760681171497,0.5390070921985816,0.000774328610007192,0.019038677215576172,-0.11149501061608702,0.5863408748457569
AdaBelief,UBER,46,0.01,,0.0006974634884948462,0.000978124498481482,False,,10000,22.68494462966919,0.002268494462966919,0.001784543520416434,0.0,17.3818359375,nan,nan,2497,4250,4250,0.425,9.640639066696167,0.0012435208798983045,0.001207955734472059,0.001111269511195227,0.0013456079177558422,-0.000648144429260996,0.0014187593501412338,0.0038258522845715168,0.133566100883315,0.01252616396615049,0.028094625286757942,7.301230860173851,7.094305203050789,0.9716587982100686,14106.272033015162,460800.0,4608000000.0,nan,nan,nan,nan,nan,nan,nan,nan,nan,0,0.026409534045394405,0.5319148936170213,0.0006974634884948462,0.0173252585908057,-0.001160460210441805,0.9636335430771819
AdaBelief,WDAY,42,0.01,,0.00046047660243975653,0.0006348336364236639,False,,10000,23.078271627426147,0.0023078271627426147,0.001770095901366022,0.0001,17.466796875,nan,nan,2497,500,500,0.05,1.1375184059143066,0.0006500501999721888,0.0006362029781374152,0.0005867815438713914,0.0012599565088748932,-0.0007994799064351367,0.0006581916627276165,0.003436699283300649,-0.08101975129815814,0.010416948243505612,0.027120419312268485,7.192625308173382,7.109587221397208,0.9884551073887008,13865.856385003848,460800.0,4608000000.0,nan,nan,nan,nan,nan,nan,nan,nan,nan,0,0.021458718564717618,0.4772727272727273,0.00046047660243975653,0.014133502910663556,-0.11175569451769252,-0.10130165663074304
AdaBelief,WDAY,43,0.01,,0.0005126608559837589,0.0006326325844475811,False,,10000,22.954590559005737,0.002295459055900574,0.0017645128004636756,0.0001,17.466796875,nan,nan,2497,3250,500,0.05,1.1506783962249756,0.0006227976672176103,0.0006193096633263035,0.0005989682676520857,0.0003872938104905188,0.00012536704549324007,0.0006642929607890139,0.0029808970159449976,0.1041830939137774,0.010049169508981867,0.023164568096399305,7.239556148304201,6.991319005945896,0.9657109997804972,13940.566666934294,460800.0,4608000000.0,nan,nan,nan,nan,nan,nan,nan,nan,nan,0,0.022642015280971765,0.5032467532467533,0.0005126608559837589,0.013676556673916903,-0.23774720143533212,-0.4559542442587786
AdaBelief,WDAY,44,0.01,,0.00044861319777253386,0.0006331723268334952,False,,10000,22.926255226135254,0.0022926255226135253,0.0017713806371841131,0.0001,17.466796875,nan,nan,2497,2000,2000,0.2,4.548791885375977,0.0006151904126177699,0.0006110055177174203,0.0006188570089896079,0.0004783177573699504,-2.9704559597416554e-05,0.0006571357979079909,0.0033399622317065772,-0.0380298106629333,0.010414238316644332,0.023415850754827258,7.383611064693213,7.1230304639907445,0.9647082439175992,13957.796283939535,460800.0,4608000000.0,nan,nan,nan,nan,nan,nan,nan,nan,nan,0,0.021180490970998143,0.4772727272727273,0.00044861319777253386,0.01395726203918457,-0.08311318016349567,-0.21909914891792545
AdaBelief,WDAY,45,0.01,,0.00043186226061412266,0.0006281486939917946,False,,10000,22.694463968276978,0.002269446396827698,0.0017675455428517663,0.0001,17.466796875,nan,nan,2497,3250,3250,0.325,7.454312324523926,0.0005961512951059732,0.0006163922757757112,0.0006102793864806804,0.0003951194230467081,3.674283756741455e-05,0.0006622057297639378,0.0031811470011992985,0.005950130243726568,0.009795824678256758,0.024455011915415523,7.37746317188219,7.075584547639926,0.9590809717095143,14100.355066649994,460800.0,4608000000.0,nan,nan,nan,nan,nan,nan,nan,nan,nan,0,0.020781295932018357,0.5,0.00043186226061412266,0.0132438393382283,-0.04267040918294818,-0.8749513860525218
AdaBelief,WDAY,46,0.01,,0.0004360052188495537,0.0006360216521284868,False,,10000,23.27112364768982,0.002327112364768982,0.0017642035950146066,0.0001,17.466796875,nan,nan,2497,2750,2750,0.275,6.305067539215088,0.0006297309430582443,0.0006100498869183549,0.0006070873702742488,0.0006950730457901955,-0.00025906782694064175,0.0006549945826878138,0.0030069170257719007,0.08249472285807309,0.00930877057276375,0.021362785995006538,7.301230860173851,6.9606081918026135,0.9533472266670491,13750.947519535317,460800.0,4608000000.0,nan,nan,nan,nan,nan,nan,nan,nan,nan,0,0.020880737986229168,0.5487012987012987,0.0004360052188495537,0.013108174522201737,-0.05267299647182577,1.3803993175819653
Muon,AAPL,42,0.6325,,0.0001818698944238128,,False,,,,,,,,,,,,,,,,,,,,,,,,,,,,,,,,,,,,,,,,,,,,,,
Muon,AAPL,43,0.6325,,0.0001820133476660996,,False,,,,,,,,,,,,,,,,,,,,,,,,,,,,,,,,,,,,,,,,,,,,,,
Muon,AAPL,44,0.6325,,0.00018176676892729663,,False,,,,,,,,,,,,,,,,,,,,,,,,,,,,,,,,,,,,,,,,,,,,,,
Muon,AAPL,45,0.6325,,0.0001818382393115412,,False,,,,,,,,,,,,,,,,,,,,,,,,,,,,,,,,,,,,,,,,,,,,,,
Muon,AAPL,46,0.6325,,0.00018184730615565387,,False,,,,,,,,,,,,,,,,,,,,,,,,,,,,,,,,,,,,,,,,,,,,,,
Muon,ACN,42,0.6325,,0.00020554178842791803,,False,,,,,,,,,,,,,,,,,,,,,,,,,,,,,,,,,,,,,,,,,,,,,,
Muon,ACN,43,0.6325,,0.00020630367928081087,,False,,,,,,,,,,,,,,,,,,,,,,,,,,,,,,,,,,,,,,,,,,,,,,
Muon,ACN,44,0.6325,,0.00020520318122137162,,False,,,,,,,,,,,,,,,,,,,,,,,,,,,,,,,,,,,,,,,,,,,,,,
Muon,ACN,45,0.6325,,0.00020540513531871574,,False,,,,,,,,,,,,,,,,,,,,,,,,,,,,,,,,,,,,,,,,,,,,,,
Muon,ACN,46,0.6325,,0.00020553963998007395,,False,,,,,,,,,,,,,,,,,,,,,,,,,,,,,,,,,,,,,,,,,,,,,,
Muon,ADBE,42,0.6325,,0.00046931175643174106,,False,,,,,,,,,,,,,,,,,,,,,,,,,,,,,,,,,,,,,,,,,,,,,,
Muon,ADBE,43,0.6325,,0.00046931983774931973,,False,,,,,,,,,,,,,,,,,,,,,,,,,,,,,,,,,,,,,,,,,,,,,,
Muon,ADBE,44,0.6325,,0.00046933493601582037,,False,,,,,,,,,,,,,,,,,,,,,,,,,,,,,,,,,,,,,,,,,,,,,,
Muon,ADBE,45,0.6325,,0.000469303083798242,,False,,,,,,,,,,,,,,,,,,,,,,,,,,,,,,,,,,,,,,,,,,,,,,
Muon,ADBE,46,0.6325,,0.0004692966975863018,,False,,,,,,,,,,,,,,,,,,,,,,,,,,,,,,,,,,,,,,,,,,,,,,
Muon,ADI,42,0.6325,,0.0003392573386903793,,False,,,,,,,,,,,,,,,,,,,,,,,,,,,,,,,,,,,,,,,,,,,,,,
Muon,ADI,43,0.6325,,0.00033926829774543724,,False,,,,,,,,,,,,,,,,,,,,,,,,,,,,,,,,,,,,,,,,,,,,,,
Muon,ADI,44,0.6325,,0.00033926857369286675,,False,,,,,,,,,,,,,,,,,,,,,,,,,,,,,,,,,,,,,,,,,,,,,,
Muon,ADI,45,0.6325,,0.00033925938858557,,False,,,,,,,,,,,,,,,,,,,,,,,,,,,,,,,,,,,,,,,,,,,,,,
Muon,ADI,46,0.6325,,0.0003392841450121037,,False,,,,,,,,,,,,,,,,,,,,,,,,,,,,,,,,,,,,,,,,,,,,,,
Muon,ADSK,42,0.6325,,0.0002902052389881598,,False,,,,,,,,,,,,,,,,,,,,,,,,,,,,,,,,,,,,,,,,,,,,,,
Muon,ADSK,43,0.6325,,0.0002885372156188602,,False,,,,,,,,,,,,,,,,,,,,,,,,,,,,,,,,,,,,,,,,,,,,,,
Muon,ADSK,44,0.6325,,0.00028980454360997236,,False,,,,,,,,,,,,,,,,,,,,,,,,,,,,,,,,,,,,,,,,,,,,,,
Muon,ADSK,45,0.6325,,0.00029071497302206735,,False,,,,,,,,,,,,,,,,,,,,,,,,,,,,,,,,,,,,,,,,,,,,,,
Muon,ADSK,46,0.6325,,0.0002895837068242371,,False,,,,,,,,,,,,,,,,,,,,,,,,,,,,,,,,,,,,,,,,,,,,,,
Muon,AMD,42,0.6325,,0.0008358312031579396,,False,,,,,,,,,,,,,,,,,,,,,,,,,,,,,,,,,,,,,,,,,,,,,,
Muon,AMD,43,0.6325,,0.0008354098708541305,,False,,,,,,,,,,,,,,,,,,,,,,,,,,,,,,,,,,,,,,,,,,,,,,
Muon,AMD,44,0.6325,,0.0008355748085748582,,False,,,,,,,,,,,,,,,,,,,,,,,,,,,,,,,,,,,,,,,,,,,,,,
Muon,AMD,45,0.6325,,0.0008353190447287585,,False,,,,,,,,,,,,,,,,,,,,,,,,,,,,,,,,,,,,,,,,,,,,,,
Muon,AMD,46,0.6325,,0.0008358262361042084,,False,,,,,,,,,,,,,,,,,,,,,,,,,,,,,,,,,,,,,,,,,,,,,,
Muon,AMZN,42,0.6325,,0.000333251106360602,,False,,,,,,,,,,,,,,,,,,,,,,,,,,,,,,,,,,,,,,,,,,,,,,
Muon,AMZN,43,0.6325,,0.0003325688460516551,,False,,,,,,,,,,,,,,,,,,,,,,,,,,,,,,,,,,,,,,,,,,,,,,
Muon,AMZN,44,0.6325,,0.00033292355676176684,,False,,,,,,,,,,,,,,,,,,,,,,,,,,,,,,,,,,,,,,,,,,,,,,
Muon,AMZN,45,0.6325,,0.0003292988295908327,,False,,,,,,,,,,,,,,,,,,,,,,,,,,,,,,,,,,,,,,,,,,,,,,
Muon,AMZN,46,0.6325,,0.00033395765004334626,,False,,,,,,,,,,,,,,,,,,,,,,,,,,,,,,,,,,,,,,,,,,,,,,
Muon,APH,42,0.6325,,0.00022899028327729966,,False,,,,,,,,,,,,,,,,,,,,,,,,,,,,,,,,,,,,,,,,,,,,,,
Muon,APH,43,0.6325,,0.00022901107788716673,,False,,,,,,,,,,,,,,,,,,,,,,,,,,,,,,,,,,,,,,,,,,,,,,
Muon,APH,44,0.6325,,0.00022931785258666548,,False,,,,,,,,,,,,,,,,,,,,,,,,,,,,,,,,,,,,,,,,,,,,,,
Muon,APH,45,0.6325,,0.00022910336259180907,,False,,,,,,,,,,,,,,,,,,,,,,,,,,,,,,,,,,,,,,,,,,,,,,
Muon,APH,46,0.6325,,0.00022898003380134624,,False,,,,,,,,,,,,,,,,,,,,,,,,,,,,,,,,,,,,,,,,,,,,,,
Muon,AVGO,42,0.6325,,0.0008637655979741818,,False,,,,,,,,,,,,,,,,,,,,,,,,,,,,,,,,,,,,,,,,,,,,,,
Muon,AVGO,43,0.6325,,0.0008641197567894345,,False,,,,,,,,,,,,,,,,,,,,,,,,,,,,,,,,,,,,,,,,,,,,,,
Muon,AVGO,44,0.6325,,0.0008639417312763355,,False,,,,,,,,,,,,,,,,,,,,,,,,,,,,,,,,,,,,,,,,,,,,,,
Muon,AVGO,45,0.6325,,0.0008636757967964052,,False,,,,,,,,,,,,,,,,,,,,,,,,,,,,,,,,,,,,,,,,,,,,,,
Muon,AVGO,46,0.6325,,0.000863819368301876,,False,,,,,,,,,,,,,,,,,,,,,,,,,,,,,,,,,,,,,,,,,,,,,,
Muon,CDNS,42,0.6325,,0.0003909472592924007,,False,,,,,,,,,,,,,,,,,,,,,,,,,,,,,,,,,,,,,,,,,,,,,,
Muon,CDNS,43,0.6325,,0.000390943671975817,,False,,,,,,,,,,,,,,,,,,,,,,,,,,,,,,,,,,,,,,,,,,,,,,
Muon,CDNS,44,0.6325,,0.0003909692956657006,,False,,,,,,,,,,,,,,,,,,,,,,,,,,,,,,,,,,,,,,,,,,,,,,
Muon,CDNS,45,0.6325,,0.0003909633430854353,,False,,,,,,,,,,,,,,,,,,,,,,,,,,,,,,,,,,,,,,,,,,,,,,
Muon,CDNS,46,0.6325,,0.00039093925681694475,,False,,,,,,,,,,,,,,,,,,,,,,,,,,,,,,,,,,,,,,,,,,,,,,
Muon,CRM,42,0.6325,,0.0004499770267299874,,False,,,,,,,,,,,,,,,,,,,,,,,,,,,,,,,,,,,,,,,,,,,,,,
Muon,CRM,43,0.6325,,0.00045098273684738806,,False,,,,,,,,,,,,,,,,,,,,,,,,,,,,,,,,,,,,,,,,,,,,,,
Muon,CRM,44,0.6325,,0.00045041952814374654,,False,,,,,,,,,,,,,,,,,,,,,,,,,,,,,,,,,,,,,,,,,,,,,,
Muon,CRM,45,0.6325,,0.00044979557158455016,,False,,,,,,,,,,,,,,,,,,,,,,,,,,,,,,,,,,,,,,,,,,,,,,
Muon,CRM,46,0.6325,,0.00044998739446912495,,False,,,,,,,,,,,,,,,,,,,,,,,,,,,,,,,,,,,,,,,,,,,,,,
Muon,CSCO,42,0.6325,,0.0001464609115842789,,False,,,,,,,,,,,,,,,,,,,,,,,,,,,,,,,,,,,,,,,,,,,,,,
Muon,CSCO,43,0.6325,,0.00014591264346289256,,False,,,,,,,,,,,,,,,,,,,,,,,,,,,,,,,,,,,,,,,,,,,,,,
Muon,CSCO,44,0.6325,,0.00014630545462880815,,False,,,,,,,,,,,,,,,,,,,,,,,,,,,,,,,,,,,,,,,,,,,,,,
Muon,CSCO,45,0.6325,,0.00014637166230136125,,False,,,,,,,,,,,,,,,,,,,,,,,,,,,,,,,,,,,,,,,,,,,,,,
Muon,CSCO,46,0.6325,,0.00014636907036657686,,False,,,,,,,,,,,,,,,,,,,,,,,,,,,,,,,,,,,,,,,,,,,,,,
Muon,CTSH,42,0.6325,,0.00017061317093157894,,False,,,,,,,,,,,,,,,,,,,,,,,,,,,,,,,,,,,,,,,,,,,,,,
Muon,CTSH,43,0.6325,,0.00017066246696880886,,False,,,,,,,,,,,,,,,,,,,,,,,,,,,,,,,,,,,,,,,,,,,,,,
Muon,CTSH,44,0.6325,,0.00017115044057684602,,False,,,,,,,,,,,,,,,,,,,,,,,,,,,,,,,,,,,,,,,,,,,,,,
Muon,CTSH,45,0.6325,,0.00017077389059874117,,False,,,,,,,,,,,,,,,,,,,,,,,,,,,,,,,,,,,,,,,,,,,,,,
Muon,CTSH,46,0.6325,,0.00017072199277146154,,False,,,,,,,,,,,,,,,,,,,,,,,,,,,,,,,,,,,,,,,,,,,,,,
Muon,FICO,42,0.6325,,0.0003443195942848448,,False,,,,,,,,,,,,,,,,,,,,,,,,,,,,,,,,,,,,,,,,,,,,,,
Muon,FICO,43,0.6325,,0.0003445240319090545,,False,,,,,,,,,,,,,,,,,,,,,,,,,,,,,,,,,,,,,,,,,,,,,,
Muon,FICO,44,0.6325,,0.0003445311671211606,,False,,,,,,,,,,,,,,,,,,,,,,,,,,,,,,,,,,,,,,,,,,,,,,
Muon,FICO,45,0.6325,,0.00034492857084072456,,False,,,,,,,,,,,,,,,,,,,,,,,,,,,,,,,,,,,,,,,,,,,,,,
Muon,FICO,46,0.6325,,0.0003445220214349252,,False,,,,,,,,,,,,,,,,,,,,,,,,,,,,,,,,,,,,,,,,,,,,,,
Muon,FTNT,42,0.6325,,0.0007147022656032018,,False,,,,,,,,,,,,,,,,,,,,,,,,,,,,,,,,,,,,,,,,,,,,,,
Muon,FTNT,43,0.6325,,0.0007146534623292388,,False,,,,,,,,,,,,,,,,,,,,,,,,,,,,,,,,,,,,,,,,,,,,,,
Muon,FTNT,44,0.6325,,0.0007146406899053583,,False,,,,,,,,,,,,,,,,,,,,,,,,,,,,,,,,,,,,,,,,,,,,,,
Muon,FTNT,45,0.6325,,0.0007145355933557742,,False,,,,,,,,,,,,,,,,,,,,,,,,,,,,,,,,,,,,,,,,,,,,,,
Muon,FTNT,46,0.6325,,0.0007147844979371974,,False,,,,,,,,,,,,,,,,,,,,,,,,,,,,,,,,,,,,,,,,,,,,,,
Muon,GLW,42,0.6325,,0.00023436156057176136,,False,,,,,,,,,,,,,,,,,,,,,,,,,,,,,,,,,,,,,,,,,,,,,,
Muon,GLW,43,0.6325,,0.0002342859903971354,,False,,,,,,,,,,,,,,,,,,,,,,,,,,,,,,,,,,,,,,,,,,,,,,
Muon,GLW,44,0.6325,,0.00023409919369788397,,False,,,,,,,,,,,,,,,,,,,,,,,,,,,,,,,,,,,,,,,,,,,,,,
Muon,GLW,45,0.6325,,0.00023410719617333992,,False,,,,,,,,,,,,,,,,,,,,,,,,,,,,,,,,,,,,,,,,,,,,,,
Muon,GLW,46,0.6325,,0.00023421753572408486,,False,,,,,,,,,,,,,,,,,,,,,,,,,,,,,,,,,,,,,,,,,,,,,,
Muon,GOOGL,42,0.6325,,0.0003093829940235804,,False,,,,,,,,,,,,,,,,,,,,,,,,,,,,,,,,,,,,,,,,,,,,,,
Muon,GOOGL,43,0.6325,,0.0003090388875789743,,False,,,,,,,,,,,,,,,,,,,,,,,,,,,,,,,,,,,,,,,,,,,,,,
Muon,GOOGL,44,0.6325,,0.0003096817662476232,,False,,,,,,,,,,,,,,,,,,,,,,,,,,,,,,,,,,,,,,,,,,,,,,
Muon,GOOGL,45,0.6325,,0.00030923987586031515,,False,,,,,,,,,,,,,,,,,,,,,,,,,,,,,,,,,,,,,,,,,,,,,,
Muon,GOOGL,46,0.6325,,0.00030940761247639934,,False,,,,,,,,,,,,,,,,,,,,,,,,,,,,,,,,,,,,,,,,,,,,,,
Muon,GPN,42,0.6325,,0.00032884925209655965,,False,,,,,,,,,,,,,,,,,,,,,,,,,,,,,,,,,,,,,,,,,,,,,,
Muon,GPN,43,0.6325,,0.00032853583494822186,,False,,,,,,,,,,,,,,,,,,,,,,,,,,,,,,,,,,,,,,,,,,,,,,
Muon,GPN,44,0.6325,,0.0003292204210997889,,False,,,,,,,,,,,,,,,,,,,,,,,,,,,,,,,,,,,,,,,,,,,,,,
Muon,GPN,45,0.6325,,0.0003288759795761613,,False,,,,,,,,,,,,,,,,,,,,,,,,,,,,,,,,,,,,,,,,,,,,,,
Muon,GPN,46,0.6325,,0.00032884556622732254,,False,,,,,,,,,,,,,,,,,,,,,,,,,,,,,,,,,,,,,,,,,,,,,,
Muon,GRMN,42,0.6325,,0.000331106442938406,,False,,,,,,,,,,,,,,,,,,,,,,,,,,,,,,,,,,,,,,,,,,,,,,
Muon,GRMN,43,0.6325,,0.0003311436169992679,,False,,,,,,,,,,,,,,,,,,,,,,,,,,,,,,,,,,,,,,,,,,,,,,
Muon,GRMN,44,0.6325,,0.00033185079141899394,,False,,,,,,,,,,,,,,,,,,,,,,,,,,,,,,,,,,,,,,,,,,,,,,
Muon,GRMN,45,0.6325,,0.0003317825535617808,,False,,,,,,,,,,,,,,,,,,,,,,,,,,,,,,,,,,,,,,,,,,,,,,
Muon,GRMN,46,0.6325,,0.0003317674947163415,,False,,,,,,,,,,,,,,,,,,,,,,,,,,,,,,,,,,,,,,,,,,,,,,
Muon,HPE,42,0.6325,,0.0005715529209580915,,False,,,,,,,,,,,,,,,,,,,,,,,,,,,,,,,,,,,,,,,,,,,,,,
Muon,HPE,43,0.6325,,0.0005710354267523207,,False,,,,,,,,,,,,,,,,,,,,,,,,,,,,,,,,,,,,,,,,,,,,,,
Muon,HPE,44,0.6325,,0.0005715354506311746,,False,,,,,,,,,,,,,,,,,,,,,,,,,,,,,,,,,,,,,,,,,,,,,,
Muon,HPE,45,0.6325,,0.0005713663995265961,,False,,,,,,,,,,,,,,,,,,,,,,,,,,,,,,,,,,,,,,,,,,,,,,
Muon,HPE,46,0.6325,,0.0005713999271392822,,False,,,,,,,,,,,,,,,,,,,,,,,,,,,,,,,,,,,,,,,,,,,,,,
Muon,HPQ,42,0.6325,,0.0003406120828850559,,False,,,,,,,,,,,,,,,,,,,,,,,,,,,,,,,,,,,,,,,,,,,,,,
Muon,HPQ,43,0.6325,,0.0003406407814177256,,False,,,,,,,,,,,,,,,,,,,,,,,,,,,,,,,,,,,,,,,,,,,,,,
Muon,HPQ,44,0.6325,,0.0003405054489140788,,False,,,,,,,,,,,,,,,,,,,,,,,,,,,,,,,,,,,,,,,,,,,,,,
Muon,HPQ,45,0.6325,,0.0003404080394714598,,False,,,,,,,,,,,,,,,,,,,,,,,,,,,,,,,,,,,,,,,,,,,,,,
Muon,HPQ,46,0.6325,,0.0003404817568562018,,False,,,,,,,,,,,,,,,,,,,,,,,,,,,,,,,,,,,,,,,,,,,,,,
Muon,IBM,42,0.6325,,0.00017285508611214855,,False,,,,,,,,,,,,,,,,,,,,,,,,,,,,,,,,,,,,,,,,,,,,,,
Muon,IBM,43,0.6325,,0.00017273270342715833,,False,,,,,,,,,,,,,,,,,,,,,,,,,,,,,,,,,,,,,,,,,,,,,,
Muon,IBM,44,0.6325,,0.0001727734056730119,,False,,,,,,,,,,,,,,,,,,,,,,,,,,,,,,,,,,,,,,,,,,,,,,
Muon,IBM,45,0.6325,,0.00017286297032442042,,False,,,,,,,,,,,,,,,,,,,,,,,,,,,,,,,,,,,,,,,,,,,,,,
Muon,IBM,46,0.6325,,0.0001729496769488804,,False,,,,,,,,,,,,,,,,,,,,,,,,,,,,,,,,,,,,,,,,,,,,,,
Muon,INTC,42,0.6325,,0.0009386882422462343,,False,,,,,,,,,,,,,,,,,,,,,,,,,,,,,,,,,,,,,,,,,,,,,,
Muon,INTC,43,0.6325,,0.0009387242730963167,,False,,,,,,,,,,,,,,,,,,,,,,,,,,,,,,,,,,,,,,,,,,,,,,
Muon,INTC,44,0.6325,,0.0009390043203162138,,False,,,,,,,,,,,,,,,,,,,,,,,,,,,,,,,,,,,,,,,,,,,,,,
Muon,INTC,45,0.6325,,0.0009387778857397655,,False,,,,,,,,,,,,,,,,,,,,,,,,,,,,,,,,,,,,,,,,,,,,,,
Muon,INTC,46,0.6325,,0.0009387397261523696,,False,,,,,,,,,,,,,,,,,,,,,,,,,,,,,,,,,,,,,,,,,,,,,,
Muon,INTU,42,0.6325,,0.00028750020517874015,,False,,,,,,,,,,,,,,,,,,,,,,,,,,,,,,,,,,,,,,,,,,,,,,
Muon,INTU,43,0.6325,,0.00028808631751903153,,False,,,,,,,,,,,,,,,,,,,,,,,,,,,,,,,,,,,,,,,,,,,,,,
Muon,INTU,44,0.6325,,0.00028871224513129585,,False,,,,,,,,,,,,,,,,,,,,,,,,,,,,,,,,,,,,,,,,,,,,,,
Muon,INTU,45,0.6325,,0.0002882628844528602,,False,,,,,,,,,,,,,,,,,,,,,,,,,,,,,,,,,,,,,,,,,,,,,,
Muon,INTU,46,0.6325,,0.00028790892274291427,,False,,,,,,,,,,,,,,,,,,,,,,,,,,,,,,,,,,,,,,,,,,,,,,
Muon,KEYS,42,0.6325,,0.0003777208716370339,,False,,,,,,,,,,,,,,,,,,,,,,,,,,,,,,,,,,,,,,,,,,,,,,
Muon,KEYS,43,0.6325,,0.00037829011909721433,,False,,,,,,,,,,,,,,,,,,,,,,,,,,,,,,,,,,,,,,,,,,,,,,
Muon,KEYS,44,0.6325,,0.0003784552158773407,,False,,,,,,,,,,,,,,,,,,,,,,,,,,,,,,,,,,,,,,,,,,,,,,
Muon,KEYS,45,0.6325,,0.00037822485432144283,,False,,,,,,,,,,,,,,,,,,,,,,,,,,,,,,,,,,,,,,,,,,,,,,
Muon,KEYS,46,0.6325,,0.000378071655367696,,False,,,,,,,,,,,,,,,,,,,,,,,,,,,,,,,,,,,,,,,,,,,,,,
Muon,KLAC,42,0.6325,,0.0006319789028672314,,False,,,,,,,,,,,,,,,,,,,,,,,,,,,,,,,,,,,,,,,,,,,,,,
Muon,KLAC,43,0.6325,,0.0006320652349916084,,False,,,,,,,,,,,,,,,,,,,,,,,,,,,,,,,,,,,,,,,,,,,,,,
Muon,KLAC,44,0.6325,,0.0006321775455954213,,False,,,,,,,,,,,,,,,,,,,,,,,,,,,,,,,,,,,,,,,,,,,,,,
Muon,KLAC,45,0.6325,,0.0006321153391605962,,False,,,,,,,,,,,,,,,,,,,,,,,,,,,,,,,,,,,,,,,,,,,,,,
Muon,KLAC,46,0.6325,,0.0006320554979894527,,False,,,,,,,,,,,,,,,,,,,,,,,,,,,,,,,,,,,,,,,,,,,,,,
Muon,LRCX,42,0.6325,,0.000650021370756563,,False,,,,,,,,,,,,,,,,,,,,,,,,,,,,,,,,,,,,,,,,,,,,,,
Muon,LRCX,43,0.6325,,0.0006491648693564076,,False,,,,,,,,,,,,,,,,,,,,,,,,,,,,,,,,,,,,,,,,,,,,,,
Muon,LRCX,44,0.6325,,0.0006493684002962062,,False,,,,,,,,,,,,,,,,,,,,,,,,,,,,,,,,,,,,,,,,,,,,,,
Muon,LRCX,45,0.6325,,0.0006493067063351787,,False,,,,,,,,,,,,,,,,,,,,,,,,,,,,,,,,,,,,,,,,,,,,,,
Muon,LRCX,46,0.6325,,0.0006493537356613805,,False,,,,,,,,,,,,,,,,,,,,,,,,,,,,,,,,,,,,,,,,,,,,,,
Muon,MCHP,42,0.6325,,0.000524526077603537,,False,,,,,,,,,,,,,,,,,,,,,,,,,,,,,,,,,,,,,,,,,,,,,,
Muon,MCHP,43,0.6325,,0.0005248374251461533,,False,,,,,,,,,,,,,,,,,,,,,,,,,,,,,,,,,,,,,,,,,,,,,,
Muon,MCHP,44,0.6325,,0.0005248240614063526,,False,,,,,,,,,,,,,,,,,,,,,,,,,,,,,,,,,,,,,,,,,,,,,,
Muon,MCHP,45,0.6325,,0.0005247165601720255,,False,,,,,,,,,,,,,,,,,,,,,,,,,,,,,,,,,,,,,,,,,,,,,,
Muon,MCHP,46,0.6325,,0.0005251550012164646,,False,,,,,,,,,,,,,,,,,,,,,,,,,,,,,,,,,,,,,,,,,,,,,,
Muon,META,42,0.6325,,0.0004575148974574587,,False,,,,,,,,,,,,,,,,,,,,,,,,,,,,,,,,,,,,,,,,,,,,,,
Muon,META,43,0.6325,,0.00045751363226452713,,False,,,,,,,,,,,,,,,,,,,,,,,,,,,,,,,,,,,,,,,,,,,,,,
Muon,META,44,0.6325,,0.00045751325739254743,,False,,,,,,,,,,,,,,,,,,,,,,,,,,,,,,,,,,,,,,,,,,,,,,
Muon,META,45,0.6325,,0.000457519161626228,,False,,,,,,,,,,,,,,,,,,,,,,,,,,,,,,,,,,,,,,,,,,,,,,
Muon,META,46,0.6325,,0.0004575141945724967,,False,,,,,,,,,,,,,,,,,,,,,,,,,,,,,,,,,,,,,,,,,,,,,,
Muon,MRVL,42,0.6325,,0.001036920638942214,,False,,,,,,,,,,,,,,,,,,,,,,,,,,,,,,,,,,,,,,,,,,,,,,
Muon,MRVL,43,0.6325,,0.001035890881977384,,False,,,,,,,,,,,,,,,,,,,,,,,,,,,,,,,,,,,,,,,,,,,,,,
Muon,MRVL,44,0.6325,,0.00103388025016381,,False,,,,,,,,,,,,,,,,,,,,,,,,,,,,,,,,,,,,,,,,,,,,,,
Muon,MRVL,45,0.6325,,0.0010370379560208194,,False,,,,,,,,,,,,,,,,,,,,,,,,,,,,,,,,,,,,,,,,,,,,,,
Muon,MRVL,46,0.6325,,0.0010364101361976098,,False,,,,,,,,,,,,,,,,,,,,,,,,,,,,,,,,,,,,,,,,,,,,,,
Muon,MSFT,42,0.6325,,0.00016579114728503756,,False,,,,,,,,,,,,,,,,,,,,,,,,,,,,,,,,,,,,,,,,,,,,,,
Muon,MSFT,43,0.6325,,0.00016555669052260264,,False,,,,,,,,,,,,,,,,,,,,,,,,,,,,,,,,,,,,,,,,,,,,,,
Muon,MSFT,44,0.6325,,0.00016565041409598457,,False,,,,,,,,,,,,,,,,,,,,,,,,,,,,,,,,,,,,,,,,,,,,,,
Muon,MSFT,45,0.6325,,0.00016563178764449226,,False,,,,,,,,,,,,,,,,,,,,,,,,,,,,,,,,,,,,,,,,,,,,,,
Muon,MSFT,46,0.6325,,0.00016557188734175668,,False,,,,,,,,,,,,,,,,,,,,,,,,,,,,,,,,,,,,,,,,,,,,,,
Muon,MSI,42,0.6325,,0.00012039363620773195,,False,,,,,,,,,,,,,,,,,,,,,,,,,,,,,,,,,,,,,,,,,,,,,,
Muon,MSI,43,0.6325,,0.00012039175385205204,,False,,,,,,,,,,,,,,,,,,,,,,,,,,,,,,,,,,,,,,,,,,,,,,
Muon,MSI,44,0.6325,,0.00012051310173418156,,False,,,,,,,,,,,,,,,,,,,,,,,,,,,,,,,,,,,,,,,,,,,,,,
Muon,MSI,45,0.6325,,0.00012025378999255953,,False,,,,,,,,,,,,,,,,,,,,,,,,,,,,,,,,,,,,,,,,,,,,,,
Muon,MSI,46,0.6325,,0.00012066711982091267,,False,,,,,,,,,,,,,,,,,,,,,,,,,,,,,,,,,,,,,,,,,,,,,,
Muon,MU,42,0.6325,,0.0008363933474929245,,False,,,,,,,,,,,,,,,,,,,,,,,,,,,,,,,,,,,,,,,,,,,,,,
Muon,MU,43,0.6325,,0.0008349950036043843,,False,,,,,,,,,,,,,,,,,,,,,,,,,,,,,,,,,,,,,,,,,,,,,,
Muon,MU,44,0.6325,,0.0008348811555791784,,False,,,,,,,,,,,,,,,,,,,,,,,,,,,,,,,,,,,,,,,,,,,,,,
Muon,MU,45,0.6325,,0.0008350679325678992,,False,,,,,,,,,,,,,,,,,,,,,,,,,,,,,,,,,,,,,,,,,,,,,,
Muon,MU,46,0.6325,,0.000834137516677695,,False,,,,,,,,,,,,,,,,,,,,,,,,,,,,,,,,,,,,,,,,,,,,,,
Muon,NOW,42,0.6325,,0.00042348111432696144,,False,,,,,,,,,,,,,,,,,,,,,,,,,,,,,,,,,,,,,,,,,,,,,,
Muon,NOW,43,0.6325,,0.0004229863011647785,,False,,,,,,,,,,,,,,,,,,,,,,,,,,,,,,,,,,,,,,,,,,,,,,
Muon,NOW,44,0.6325,,0.00042430413147759815,,False,,,,,,,,,,,,,,,,,,,,,,,,,,,,,,,,,,,,,,,,,,,,,,
Muon,NOW,45,0.6325,,0.00042327940464019774,,False,,,,,,,,,,,,,,,,,,,,,,,,,,,,,,,,,,,,,,,,,,,,,,
Muon,NOW,46,0.6325,,0.0004234690514821855,,False,,,,,,,,,,,,,,,,,,,,,,,,,,,,,,,,,,,,,,,,,,,,,,
Muon,NVDA,42,0.6325,,0.0008916266696162955,,False,,,,,,,,,,,,,,,,,,,,,,,,,,,,,,,,,,,,,,,,,,,,,,
Muon,NVDA,43,0.6325,,0.0008914294066252532,,False,,,,,,,,,,,,,,,,,,,,,,,,,,,,,,,,,,,,,,,,,,,,,,
Muon,NVDA,44,0.6325,,0.0008905250874776689,,False,,,,,,,,,,,,,,,,,,,,,,,,,,,,,,,,,,,,,,,,,,,,,,
Muon,NVDA,45,0.6325,,0.0008909887580013779,,False,,,,,,,,,,,,,,,,,,,,,,,,,,,,,,,,,,,,,,,,,,,,,,
Muon,NVDA,46,0.6325,,0.0008908280777552771,,False,,,,,,,,,,,,,,,,,,,,,,,,,,,,,,,,,,,,,,,,,,,,,,
Muon,NXPI,42,0.6325,,0.0004584323768773355,,False,,,,,,,,,,,,,,,,,,,,,,,,,,,,,,,,,,,,,,,,,,,,,,
Muon,NXPI,43,0.6325,,0.000458419651367776,,False,,,,,,,,,,,,,,,,,,,,,,,,,,,,,,,,,,,,,,,,,,,,,,
Muon,NXPI,44,0.6325,,0.000458445594987265,,False,,,,,,,,,,,,,,,,,,,,,,,,,,,,,,,,,,,,,,,,,,,,,,
Muon,NXPI,45,0.6325,,0.0004584263835728333,,False,,,,,,,,,,,,,,,,,,,,,,,,,,,,,,,,,,,,,,,,,,,,,,
Muon,NXPI,46,0.6325,,0.00045857469733424753,,False,,,,,,,,,,,,,,,,,,,,,,,,,,,,,,,,,,,,,,,,,,,,,,
Muon,ORCL,42,0.6325,,0.0004367910759158866,,False,,,,,,,,,,,,,,,,,,,,,,,,,,,,,,,,,,,,,,,,,,,,,,
Muon,ORCL,43,0.6325,,0.00043679024807359807,,False,,,,,,,,,,,,,,,,,,,,,,,,,,,,,,,,,,,,,,,,,,,,,,
Muon,ORCL,44,0.6325,,0.00043687626482948424,,False,,,,,,,,,,,,,,,,,,,,,,,,,,,,,,,,,,,,,,,,,,,,,,
Muon,ORCL,45,0.6325,,0.00043679016923147535,,False,,,,,,,,,,,,,,,,,,,,,,,,,,,,,,,,,,,,,,,,,,,,,,
Muon,ORCL,46,0.6325,,0.00043680672607724627,,False,,,,,,,,,,,,,,,,,,,,,,,,,,,,,,,,,,,,,,,,,,,,,,
Muon,PANW,42,0.6325,,0.0007959106925186837,,False,,,,,,,,,,,,,,,,,,,,,,,,,,,,,,,,,,,,,,,,,,,,,,
Muon,PANW,43,0.6325,,0.0007959375051176472,,False,,,,,,,,,,,,,,,,,,,,,,,,,,,,,,,,,,,,,,,,,,,,,,
Muon,PANW,44,0.6325,,0.0007959151533758564,,False,,,,,,,,,,,,,,,,,,,,,,,,,,,,,,,,,,,,,,,,,,,,,,
Muon,PANW,45,0.6325,,0.0007958809376522234,,False,,,,,,,,,,,,,,,,,,,,,,,,,,,,,,,,,,,,,,,,,,,,,,
Muon,PANW,46,0.6325,,0.0007959417286951831,,False,,,,,,,,,,,,,,,,,,,,,,,,,,,,,,,,,,,,,,,,,,,,,,
Muon,PTC,42,0.6325,,0.00017519579047248478,,False,,,,,,,,,,,,,,,,,,,,,,,,,,,,,,,,,,,,,,,,,,,,,,
Muon,PTC,43,0.6325,,0.00017512112698227008,,False,,,,,,,,,,,,,,,,,,,,,,,,,,,,,,,,,,,,,,,,,,,,,,
Muon,PTC,44,0.6325,,0.00017516788036104234,,False,,,,,,,,,,,,,,,,,,,,,,,,,,,,,,,,,,,,,,,,,,,,,,
Muon,PTC,45,0.6325,,0.00017516113935954987,,False,,,,,,,,,,,,,,,,,,,,,,,,,,,,,,,,,,,,,,,,,,,,,,
Muon,PTC,46,0.6325,,0.0001751415865131156,,False,,,,,,,,,,,,,,,,,,,,,,,,,,,,,,,,,,,,,,,,,,,,,,
Muon,PYPL,42,0.6325,,0.00045256316661834717,,False,,,,,,,,,,,,,,,,,,,,,,,,,,,,,,,,,,,,,,,,,,,,,,
Muon,PYPL,43,0.6325,,0.000452312920242548,,False,,,,,,,,,,,,,,,,,,,,,,,,,,,,,,,,,,,,,,,,,,,,,,
Muon,PYPL,44,0.6325,,0.00045401705428957937,,False,,,,,,,,,,,,,,,,,,,,,,,,,,,,,,,,,,,,,,,,,,,,,,
Muon,PYPL,45,0.6325,,0.0004519902169704437,,False,,,,,,,,,,,,,,,,,,,,,,,,,,,,,,,,,,,,,,,,,,,,,,
Muon,PYPL,46,0.6325,,0.0004520105508466562,,False,,,,,,,,,,,,,,,,,,,,,,,,,,,,,,,,,,,,,,,,,,,,,,
Muon,QCOM,42,0.6325,,0.0005045757486075951,,False,,,,,,,,,,,,,,,,,,,,,,,,,,,,,,,,,,,,,,,,,,,,,,
Muon,QCOM,43,0.6325,,0.0005045661298686235,,False,,,,,,,,,,,,,,,,,,,,,,,,,,,,,,,,,,,,,,,,,,,,,,
Muon,QCOM,44,0.6325,,0.0005042802089105838,,False,,,,,,,,,,,,,,,,,,,,,,,,,,,,,,,,,,,,,,,,,,,,,,
Muon,QCOM,45,0.6325,,0.0005049313660021182,,False,,,,,,,,,,,,,,,,,,,,,,,,,,,,,,,,,,,,,,,,,,,,,,
Muon,QCOM,46,0.6325,,0.0005037440824760961,,False,,,,,,,,,,,,,,,,,,,,,,,,,,,,,,,,,,,,,,,,,,,,,,
Muon,ROP,42,0.6325,,0.00011057485506017372,,False,,,,,,,,,,,,,,,,,,,,,,,,,,,,,,,,,,,,,,,,,,,,,,
Muon,ROP,43,0.6325,,0.00011057466781013227,,False,,,,,,,,,,,,,,,,,,,,,,,,,,,,,,,,,,,,,,,,,,,,,,
Muon,ROP,44,0.6325,,0.00011051448170470182,,False,,,,,,,,,,,,,,,,,,,,,,,,,,,,,,,,,,,,,,,,,,,,,,
Muon,ROP,45,0.6325,,0.00011057576174458499,,False,,,,,,,,,,,,,,,,,,,,,,,,,,,,,,,,,,,,,,,,,,,,,,
Muon,ROP,46,0.6325,,0.0001105546419109617,,False,,,,,,,,,,,,,,,,,,,,,,,,,,,,,,,,,,,,,,,,,,,,,,
Muon,SNOW,42,0.6325,,0.0015085664911007662,,False,,,,,,,,,,,,,,,,,,,,,,,,,,,,,,,,,,,,,,,,,,,,,,
Muon,SNOW,43,0.6325,,0.0015312066865623545,,False,,,,,,,,,,,,,,,,,,,,,,,,,,,,,,,,,,,,,,,,,,,,,,
Muon,SNOW,44,0.6325,,0.0015245123740729935,,False,,,,,,,,,,,,,,,,,,,,,,,,,,,,,,,,,,,,,,,,,,,,,,
Muon,SNOW,45,0.6325,,0.0015160697042395216,,False,,,,,,,,,,,,,,,,,,,,,,,,,,,,,,,,,,,,,,,,,,,,,,
Muon,SNOW,46,0.6325,,0.0015319367067529522,,False,,,,,,,,,,,,,,,,,,,,,,,,,,,,,,,,,,,,,,,,,,,,,,
Muon,TEL,42,0.6325,,0.0001647115029670574,,False,,,,,,,,,,,,,,,,,,,,,,,,,,,,,,,,,,,,,,,,,,,,,,
Muon,TEL,43,0.6325,,0.00016459525025710857,,False,,,,,,,,,,,,,,,,,,,,,,,,,,,,,,,,,,,,,,,,,,,,,,
Muon,TEL,44,0.6325,,0.00016487916074101888,,False,,,,,,,,,,,,,,,,,,,,,,,,,,,,,,,,,,,,,,,,,,,,,,
Muon,TEL,45,0.6325,,0.00016479231614284414,,False,,,,,,,,,,,,,,,,,,,,,,,,,,,,,,,,,,,,,,,,,,,,,,
Muon,TEL,46,0.6325,,0.00016470303729413047,,False,,,,,,,,,,,,,,,,,,,,,,,,,,,,,,,,,,,,,,,,,,,,,,
Muon,TSLA,42,0.6325,,0.0013554241162180248,,False,,,,,,,,,,,,,,,,,,,,,,,,,,,,,,,,,,,,,,,,,,,,,,
Muon,TSLA,43,0.6325,,0.001356497488386644,,False,,,,,,,,,,,,,,,,,,,,,,,,,,,,,,,,,,,,,,,,,,,,,,
Muon,TSLA,44,0.6325,,0.001355780278398691,,False,,,,,,,,,,,,,,,,,,,,,,,,,,,,,,,,,,,,,,,,,,,,,,
Muon,TSLA,45,0.6325,,0.001355438610243667,,False,,,,,,,,,,,,,,,,,,,,,,,,,,,,,,,,,,,,,,,,,,,,,,
Muon,TSLA,46,0.6325,,0.0013690734170173687,,False,,,,,,,,,,,,,,,,,,,,,,,,,,,,,,,,,,,,,,,,,,,,,,
Muon,TXN,42,0.6325,,0.0002650142740951013,,False,,,,,,,,,,,,,,,,,,,,,,,,,,,,,,,,,,,,,,,,,,,,,,
Muon,TXN,43,0.6325,,0.00026505657289394,,False,,,,,,,,,,,,,,,,,,,,,,,,,,,,,,,,,,,,,,,,,,,,,,
Muon,TXN,44,0.6325,,0.0002650564546307559,,False,,,,,,,,,,,,,,,,,,,,,,,,,,,,,,,,,,,,,,,,,,,,,,
Muon,TXN,45,0.6325,,0.0002650805803203078,,False,,,,,,,,,,,,,,,,,,,,,,,,,,,,,,,,,,,,,,,,,,,,,,
Muon,TXN,46,0.6325,,0.0002650413957853166,,False,,,,,,,,,,,,,,,,,,,,,,,,,,,,,,,,,,,,,,,,,,,,,,
Muon,TYL,42,0.6325,,0.00022719183532649248,,False,,,,,,,,,,,,,,,,,,,,,,,,,,,,,,,,,,,,,,,,,,,,,,
Muon,TYL,43,0.6325,,0.00022629465139101422,,False,,,,,,,,,,,,,,,,,,,,,,,,,,,,,,,,,,,,,,,,,,,,,,
Muon,TYL,44,0.6325,,0.00022659705035270206,,False,,,,,,,,,,,,,,,,,,,,,,,,,,,,,,,,,,,,,,,,,,,,,,
Muon,TYL,45,0.6325,,0.00022622871966589066,,False,,,,,,,,,,,,,,,,,,,,,,,,,,,,,,,,,,,,,,,,,,,,,,
Muon,TYL,46,0.6325,,0.00022695402777384198,,False,,,,,,,,,,,,,,,,,,,,,,,,,,,,,,,,,,,,,,,,,,,,,,
Muon,UBER,42,0.6325,,0.0007053390145301819,,False,,,,,,,,,,,,,,,,,,,,,,,,,,,,,,,,,,,,,,,,,,,,,,
Muon,UBER,43,0.6325,,0.0007052693358609374,,False,,,,,,,,,,,,,,,,,,,,,,,,,,,,,,,,,,,,,,,,,,,,,,
Muon,UBER,44,0.6325,,0.0007052139287263574,,False,,,,,,,,,,,,,,,,,,,,,,,,,,,,,,,,,,,,,,,,,,,,,,
Muon,UBER,45,0.6325,,0.0007052832925823373,,False,,,,,,,,,,,,,,,,,,,,,,,,,,,,,,,,,,,,,,,,,,,,,,
Muon,UBER,46,0.6325,,0.000705458853446262,,False,,,,,,,,,,,,,,,,,,,,,,,,,,,,,,,,,,,,,,,,,,,,,,
Muon,WDAY,42,0.6325,,0.0004147493413516453,,False,,,,,,,,,,,,,,,,,,,,,,,,,,,,,,,,,,,,,,,,,,,,,,
Muon,WDAY,43,0.6325,,0.00041462045598339724,,False,,,,,,,,,,,,,,,,,,,,,,,,,,,,,,,,,,,,,,,,,,,,,,
Muon,WDAY,44,0.6325,,0.00041482974956561994,,False,,,,,,,,,,,,,,,,,,,,,,,,,,,,,,,,,,,,,,,,,,,,,,
Muon,WDAY,45,0.6325,,0.00041470618604065536,,False,,,,,,,,,,,,,,,,,,,,,,,,,,,,,,,,,,,,,,,,,,,,,,
Muon,WDAY,46,0.6325,,0.00041496197318101856,,False,,,,,,,,,,,,,,,,,,,,,,,,,,,,,,,,,,,,,,,,,,,,,,
Shampoo,AAPL,42,0.3162,0.95,0.00019506148244968798,,False,,,,,,,,,,,,,,,,,,,,,,,,,,,,,,,,,,,,,,,,,,,,,,
Shampoo,AAPL,43,0.3162,0.95,0.00018165794708741405,,False,,,,,,,,,,,,,,,,,,,,,,,,,,,,,,,,,,,,,,,,,,,,,,
Shampoo,AAPL,44,0.3162,0.95,0.0001989114024336376,,False,,,,,,,,,,,,,,,,,,,,,,,,,,,,,,,,,,,,,,,,,,,,,,
Shampoo,AAPL,45,0.3162,0.95,0.00018182440251900405,,False,,,,,,,,,,,,,,,,,,,,,,,,,,,,,,,,,,,,,,,,,,,,,,
Shampoo,AAPL,46,0.3162,0.95,0.0001832238896183236,,False,,,,,,,,,,,,,,,,,,,,,,,,,,,,,,,,,,,,,,,,,,,,,,
Shampoo,ACN,42,0.3162,0.95,0.00020577932003313902,,False,,,,,,,,,,,,,,,,,,,,,,,,,,,,,,,,,,,,,,,,,,,,,,
Shampoo,ACN,43,0.3162,0.95,0.00020613706616497544,,False,,,,,,,,,,,,,,,,,,,,,,,,,,,,,,,,,,,,,,,,,,,,,,
Shampoo,ACN,44,0.3162,0.95,0.00021132089631267325,,False,,,,,,,,,,,,,,,,,,,,,,,,,,,,,,,,,,,,,,,,,,,,,,
Shampoo,ACN,45,0.3162,0.95,0.0002068403378996269,,False,,,,,,,,,,,,,,,,,,,,,,,,,,,,,,,,,,,,,,,,,,,,,,
Shampoo,ACN,46,0.3162,0.95,0.00020611491152849147,,False,,,,,,,,,,,,,,,,,,,,,,,,,,,,,,,,,,,,,,,,,,,,,,
Shampoo,ADBE,42,0.3162,0.95,0.00046928613274185746,,False,,,,,,,,,,,,,,,,,,,,,,,,,,,,,,,,,,,,,,,,,,,,,,
Shampoo,ADBE,43,0.3162,0.95,0.00046931329385313406,,False,,,,,,,,,,,,,,,,,,,,,,,,,,,,,,,,,,,,,,,,,,,,,,
Shampoo,ADBE,44,0.3162,0.95,0.00046939931060902023,,False,,,,,,,,,,,,,,,,,,,,,,,,,,,,,,,,,,,,,,,,,,,,,,
Shampoo,ADBE,45,0.3162,0.95,0.0004693015069557876,,False,,,,,,,,,,,,,,,,,,,,,,,,,,,,,,,,,,,,,,,,,,,,,,
Shampoo,ADBE,46,0.3162,0.95,0.0004695554968541261,,False,,,,,,,,,,,,,,,,,,,,,,,,,,,,,,,,,,,,,,,,,,,,,,
Shampoo,ADI,42,0.3162,0.95,0.0003431247419150418,,False,,,,,,,,,,,,,,,,,,,,,,,,,,,,,,,,,,,,,,,,,,,,,,
Shampoo,ADI,43,0.3162,0.95,0.0003392838690646742,,False,,,,,,,,,,,,,,,,,,,,,,,,,,,,,,,,,,,,,,,,,,,,,,
Shampoo,ADI,44,0.3162,0.95,0.016738969812948236,,False,,,,,,,,,,,,,,,,,,,,,,,,,,,,,,,,,,,,,,,,,,,,,,
Shampoo,ADI,45,0.3162,0.95,0.0003392640796918718,,False,,,,,,,,,,,,,,,,,,,,,,,,,,,,,,,,,,,,,,,,,,,,,,
Shampoo,ADI,46,0.3162,0.95,0.0003441851684656093,,False,,,,,,,,,,,,,,,,,,,,,,,,,,,,,,,,,,,,,,,,,,,,,,
Shampoo,ADSK,42,0.3162,0.95,0.000299539732396918,,False,,,,,,,,,,,,,,,,,,,,,,,,,,,,,,,,,,,,,,,,,,,,,,
Shampoo,ADSK,43,0.3162,0.95,0.00029192039023631465,,False,,,,,,,,,,,,,,,,,,,,,,,,,,,,,,,,,,,,,,,,,,,,,,
Shampoo,ADSK,44,0.3162,0.95,0.0002926600081895394,,False,,,,,,,,,,,,,,,,,,,,,,,,,,,,,,,,,,,,,,,,,,,,,,
Shampoo,ADSK,45,0.3162,0.95,0.0002873176068225235,,False,,,,,,,,,,,,,,,,,,,,,,,,,,,,,,,,,,,,,,,,,,,,,,
Shampoo,ADSK,46,0.3162,0.95,0.0002902741864244774,,False,,,,,,,,,,,,,,,,,,,,,,,,,,,,,,,,,,,,,,,,,,,,,,
Shampoo,AMD,42,0.3162,0.95,0.0008358430294763474,,False,,,,,,,,,,,,,,,,,,,,,,,,,,,,,,,,,,,,,,,,,,,,,,
Shampoo,AMD,43,0.3162,0.95,0.0008355085811917744,,False,,,,,,,,,,,,,,,,,,,,,,,,,,,,,,,,,,,,,,,,,,,,,,
Shampoo,AMD,44,0.3162,0.95,0.0009454808853290699,,False,,,,,,,,,,,,,,,,,,,,,,,,,,,,,,,,,,,,,,,,,,,,,,
Shampoo,AMD,45,0.3162,0.95,0.000985201152544173,,False,,,,,,,,,,,,,,,,,,,,,,,,,,,,,,,,,,,,,,,,,,,,,,
Shampoo,AMD,46,0.3162,0.95,0.0008363714293828086,,False,,,,,,,,,,,,,,,,,,,,,,,,,,,,,,,,,,,,,,,,,,,,,,
Shampoo,AMZN,42,0.3162,0.95,0.0003313356764102108,,False,,,,,,,,,,,,,,,,,,,,,,,,,,,,,,,,,,,,,,,,,,,,,,
Shampoo,AMZN,43,0.3162,0.95,0.0003342093140990646,,False,,,,,,,,,,,,,,,,,,,,,,,,,,,,,,,,,,,,,,,,,,,,,,
Shampoo,AMZN,44,0.3162,0.95,0.0003286027719104101,,False,,,,,,,,,,,,,,,,,,,,,,,,,,,,,,,,,,,,,,,,,,,,,,
Shampoo,AMZN,45,0.3162,0.95,0.00033589357894564433,,False,,,,,,,,,,,,,,,,,,,,,,,,,,,,,,,,,,,,,,,,,,,,,,
Shampoo,AMZN,46,0.3162,0.95,0.0007697342249451491,,False,,,,,,,,,,,,,,,,,,,,,,,,,,,,,,,,,,,,,,,,,,,,,,
Shampoo,APH,42,0.3162,0.95,0.00022865388365018936,,False,,,,,,,,,,,,,,,,,,,,,,,,,,,,,,,,,,,,,,,,,,,,,,
Shampoo,APH,43,0.3162,0.95,0.0002287247035869215,,False,,,,,,,,,,,,,,,,,,,,,,,,,,,,,,,,,,,,,,,,,,,,,,
Shampoo,APH,44,0.3162,0.95,0.00026973573461411493,,False,,,,,,,,,,,,,,,,,,,,,,,,,,,,,,,,,,,,,,,,,,,,,,
Shampoo,APH,45,0.3162,0.95,0.09719682118249318,,True,primary 0.0972 is >50.0x off the task peer median 0.000423,,,,,,,,,,,,,,,,,,,,,,,,,,,,,,,,,,,,,,,,,,,,,
Shampoo,APH,46,0.3162,0.95,0.002497003507361841,,False,,,,,,,,,,,,,,,,,,,,,,,,,,,,,,,,,,,,,,,,,,,,,,
Shampoo,AVGO,42,0.3162,0.95,0.0008638176337751762,,False,,,,,,,,,,,,,,,,,,,,,,,,,,,,,,,,,,,,,,,,,,,,,,
Shampoo,AVGO,43,0.3162,0.95,0.0008633471828289132,,False,,,,,,,,,,,,,,,,,,,,,,,,,,,,,,,,,,,,,,,,,,,,,,
Shampoo,AVGO,44,0.3162,0.95,0.0008640152121347094,,False,,,,,,,,,,,,,,,,,,,,,,,,,,,,,,,,,,,,,,,,,,,,,,
Shampoo,AVGO,45,0.3162,0.95,0.000863253360702878,,False,,,,,,,,,,,,,,,,,,,,,,,,,,,,,,,,,,,,,,,,,,,,,,
Shampoo,AVGO,46,0.3162,0.95,0.0008634943810720292,,False,,,,,,,,,,,,,,,,,,,,,,,,,,,,,,,,,,,,,,,,,,,,,,
Shampoo,CDNS,42,0.3162,0.95,0.0003909389020273925,,False,,,,,,,,,,,,,,,,,,,,,,,,,,,,,,,,,,,,,,,,,,,,,,
Shampoo,CDNS,43,0.3162,0.95,0.00039109631032540053,,False,,,,,,,,,,,,,,,,,,,,,,,,,,,,,,,,,,,,,,,,,,,,,,
Shampoo,CDNS,44,0.3162,0.95,0.0003910229477302107,,False,,,,,,,,,,,,,,,,,,,,,,,,,,,,,,,,,,,,,,,,,,,,,,
Shampoo,CDNS,45,0.3162,0.95,0.0003926023131325131,,False,,,,,,,,,,,,,,,,,,,,,,,,,,,,,,,,,,,,,,,,,,,,,,
Shampoo,CDNS,46,0.3162,0.95,0.00039098360551097406,,False,,,,,,,,,,,,,,,,,,,,,,,,,,,,,,,,,,,,,,,,,,,,,,
Shampoo,CRM,42,0.3162,0.95,0.00045113789814489857,,False,,,,,,,,,,,,,,,,,,,,,,,,,,,,,,,,,,,,,,,,,,,,,,
Shampoo,CRM,43,0.3162,0.95,0.0004523815143676031,,False,,,,,,,,,,,,,,,,,,,,,,,,,,,,,,,,,,,,,,,,,,,,,,
Shampoo,CRM,44,0.3162,0.95,0.0004662733781274664,,False,,,,,,,,,,,,,,,,,,,,,,,,,,,,,,,,,,,,,,,,,,,,,,
Shampoo,CRM,45,0.3162,0.95,0.000451861787094641,,False,,,,,,,,,,,,,,,,,,,,,,,,,,,,,,,,,,,,,,,,,,,,,,
Shampoo,CRM,46,0.3162,0.95,0.0005329112921442304,,False,,,,,,,,,,,,,,,,,,,,,,,,,,,,,,,,,,,,,,,,,,,,,,
Shampoo,CSCO,42,0.3162,0.95,0.0001461198208508668,,False,,,,,,,,,,,,,,,,,,,,,,,,,,,,,,,,,,,,,,,,,,,,,,
Shampoo,CSCO,43,0.3162,0.95,0.00014611006413818036,,False,,,,,,,,,,,,,,,,,,,,,,,,,,,,,,,,,,,,,,,,,,,,,,
Shampoo,CSCO,44,0.3162,0.95,0.0001481786054908914,,False,,,,,,,,,,,,,,,,,,,,,,,,,,,,,,,,,,,,,,,,,,,,,,
Shampoo,CSCO,45,0.3162,0.95,0.00014624225281218372,,False,,,,,,,,,,,,,,,,,,,,,,,,,,,,,,,,,,,,,,,,,,,,,,
Shampoo,CSCO,46,0.3162,0.95,0.00014637638297345903,,False,,,,,,,,,,,,,,,,,,,,,,,,,,,,,,,,,,,,,,,,,,,,,,
Shampoo,CTSH,42,0.3162,0.95,0.00017017068922835053,,False,,,,,,,,,,,,,,,,,,,,,,,,,,,,,,,,,,,,,,,,,,,,,,
Shampoo,CTSH,43,0.3162,0.95,0.00017042797078531256,,False,,,,,,,,,,,,,,,,,,,,,,,,,,,,,,,,,,,,,,,,,,,,,,
Shampoo,CTSH,44,0.3162,0.95,0.00017537464382787231,,False,,,,,,,,,,,,,,,,,,,,,,,,,,,,,,,,,,,,,,,,,,,,,,
Shampoo,CTSH,45,0.3162,0.95,0.00017112534907129075,,False,,,,,,,,,,,,,,,,,,,,,,,,,,,,,,,,,,,,,,,,,,,,,,
Shampoo,CTSH,46,0.3162,0.95,0.00016892847245332426,,False,,,,,,,,,,,,,,,,,,,,,,,,,,,,,,,,,,,,,,,,,,,,,,
Shampoo,FICO,42,0.3162,0.95,0.000344122173609557,,False,,,,,,,,,,,,,,,,,,,,,,,,,,,,,,,,,,,,,,,,,,,,,,
Shampoo,FICO,43,0.3162,0.95,15.624751984126984,,True,diverged (reconstructed from log; the sweep line does not carry the original reason string),,,,,,,,,,,,,,,,,,,,,,,,,,,,,,,,,,,,,,,,,,,,,
Shampoo,FICO,44,0.3162,0.95,0.02411321862034066,,True,primary 0.02411 is >50.0x off the task peer median 0.000423,,,,,,,,,,,,,,,,,,,,,,,,,,,,,,,,,,,,,,,,,,,,,
Shampoo,FICO,45,0.3162,0.95,0.00034512938172728927,,False,,,,,,,,,,,,,,,,,,,,,,,,,,,,,,,,,,,,,,,,,,,,,,
Shampoo,FICO,46,0.3162,0.95,0.3586336166139633,,True,primary 0.3586 is >50.0x off the task peer median 0.000423,,,,,,,,,,,,,,,,,,,,,,,,,,,,,,,,,,,,,,,,,,,,,
Shampoo,FTNT,42,0.3162,0.95,0.0007344895096682998,,False,,,,,,,,,,,,,,,,,,,,,,,,,,,,,,,,,,,,,,,,,,,,,,
Shampoo,FTNT,43,0.3162,0.95,0.0007145307839862884,,False,,,,,,,,,,,,,,,,,,,,,,,,,,,,,,,,,,,,,,,,,,,,,,
Shampoo,FTNT,44,0.3162,0.95,0.0007145343318818107,,False,,,,,,,,,,,,,,,,,,,,,,,,,,,,,,,,,,,,,,,,,,,,,,
Shampoo,FTNT,45,0.3162,0.95,0.0007146440801166353,,False,,,,,,,,,,,,,,,,,,,,,,,,,,,,,,,,,,,,,,,,,,,,,,
Shampoo,FTNT,46,0.3162,0.95,0.000735028553261328,,False,,,,,,,,,,,,,,,,,,,,,,,,,,,,,,,,,,,,,,,,,,,,,,
Shampoo,GLW,42,0.3162,0.95,0.0005208994188005962,,False,,,,,,,,,,,,,,,,,,,,,,,,,,,,,,,,,,,,,,,,,,,,,,
Shampoo,GLW,43,0.3162,0.95,0.00023382007287292884,,False,,,,,,,,,,,,,,,,,,,,,,,,,,,,,,,,,,,,,,,,,,,,,,
Shampoo,GLW,44,0.3162,0.95,0.0002384751483246132,,False,,,,,,,,,,,,,,,,,,,,,,,,,,,,,,,,,,,,,,,,,,,,,,
Shampoo,GLW,45,0.3162,0.95,0.00023515167690458752,,False,,,,,,,,,,,,,,,,,,,,,,,,,,,,,,,,,,,,,,,,,,,,,,
Shampoo,GLW,46,0.3162,0.95,0.00024207405470035696,,False,,,,,,,,,,,,,,,,,,,,,,,,,,,,,,,,,,,,,,,,,,,,,,
Shampoo,GOOGL,42,0.3162,0.95,0.00031197153859668307,,False,,,,,,,,,,,,,,,,,,,,,,,,,,,,,,,,,,,,,,,,,,,,,,
Shampoo,GOOGL,43,0.3162,0.95,0.00030867924923619263,,False,,,,,,,,,,,,,,,,,,,,,,,,,,,,,,,,,,,,,,,,,,,,,,
Shampoo,GOOGL,44,0.3162,0.95,0.0003099928378428101,,False,,,,,,,,,,,,,,,,,,,,,,,,,,,,,,,,,,,,,,,,,,,,,,
Shampoo,GOOGL,45,0.3162,0.95,0.0003152482960589979,,False,,,,,,,,,,,,,,,,,,,,,,,,,,,,,,,,,,,,,,,,,,,,,,
Shampoo,GOOGL,46,0.3162,0.95,0.0003279752477451607,,False,,,,,,,,,,,,,,,,,,,,,,,,,,,,,,,,,,,,,,,,,,,,,,
Shampoo,GPN,42,0.3162,0.95,0.0003275677916549501,,False,,,,,,,,,,,,,,,,,,,,,,,,,,,,,,,,,,,,,,,,,,,,,,
Shampoo,GPN,43,0.3162,0.95,0.0003313564907306086,,False,,,,,,,,,,,,,,,,,,,,,,,,,,,,,,,,,,,,,,,,,,,,,,
Shampoo,GPN,44,0.3162,0.95,0.00033211408468781324,,False,,,,,,,,,,,,,,,,,,,,,,,,,,,,,,,,,,,,,,,,,,,,,,
Shampoo,GPN,45,0.3162,0.95,0.0003302301324549175,,False,,,,,,,,,,,,,,,,,,,,,,,,,,,,,,,,,,,,,,,,,,,,,,
Shampoo,GPN,46,0.3162,0.95,0.0003271415711395324,,False,,,,,,,,,,,,,,,,,,,,,,,,,,,,,,,,,,,,,,,,,,,,,,
Shampoo,GRMN,42,0.3162,0.95,0.0003319292787521605,,False,,,,,,,,,,,,,,,,,,,,,,,,,,,,,,,,,,,,,,,,,,,,,,
Shampoo,GRMN,43,0.3162,0.95,0.00033131612356377657,0.000316010150732349,False,,10000,38.8249249458313,0.00388249249458313,0.04999594638657222,0.002,18.43115234375,nan,nan,2497,3500,3500,0.35,14.254393339157104,0.0004200219932158442,0.00039533250422719497,0.0002813326888077732,0.0003193682641722262,1.1947859391550381e-05,0.00038369553696863555,0.024214539237120008,0.0834489234674655,0.3472529836090165,0.03971518184989689,7.239556148304201,29.91187536270253,4.131727795178315,8242.127974399573,460800.0,4608000000.0,nan,nan,nan,nan,nan,nan,nan,nan,nan,0,0.018202091186558113,0.4450402144772118,0.00033131612356377657,0.009704955040462433,-0.017758699203846984,-1.654706844715586
Shampoo,GRMN,44,0.3162,0.95,0.0003399256833646663,,False,,,,,,,,,,,,,,,,,,,,,,,,,,,,,,,,,,,,,,,,,,,,,,
Shampoo,GRMN,45,0.3162,0.95,0.0003305810587431388,0.00031611906359619424,False,,10000,38.07160234451294,0.003807160234451294,0.049995383940649396,0.0017,18.43115234375,nan,nan,2497,8500,1250,0.125,4.691057920455933,0.00038786157684613047,0.000396880659829398,0.00034882964805356783,0.00025214115157723427,7.843990716590454e-05,0.0003868255573965567,0.02324128291168564,-0.01870531821001644,0.5557410526052762,0.036434979923069426,7.37746317188219,28.688216030322803,3.8886288364898287,8405.214918570926,460800.0,4608000000.0,nan,nan,nan,nan,nan,nan,nan,nan,nan,0,0.018181888206210563,0.4450402144772118,0.0003305810587431388,0.009682380333148614,-0.015500678653456168,-1.654706844715586
Shampoo,GRMN,46,0.3162,0.95,0.00032988332566760833,0.0003167887462861342,False,,10000,37.89176321029663,0.003789176321029663,0.049994073135380845,0.0023,18.43115234375,nan,nan,2497,9250,9250,0.925,35.098612785339355,0.0003745968101916237,0.00037465872185877815,0.00038119434478878466,0.001092214835807681,-0.0007623315101400728,0.0003886900485952412,0.024000461903841044,0.03210424538016881,0.3149239469485683,0.0374753963202238,7.301230860173851,38.564533744910946,5.2819222516671225,8445.107139090425,460800.0,4608000000.0,nan,nan,nan,nan,nan,nan,nan,nan,nan,0,0.018162690485377112,0.45308310991957107,0.00032988332566760833,0.00964567017933679,-0.013357336217522331,-1.5961544100831697
Shampoo,HPE,42,0.3162,0.95,0.0007288976219193689,0.0003757120726944564,False,,10000,37.535643339157104,0.0037535643339157107,0.05000610067217125,0.0013,18.43115234375,nan,nan,2497,2000,2000,0.2,7.504389524459839,0.0006298774579373529,0.0005713483308813975,0.0005514585706402616,0.0008019193774089217,-7.30217554895528e-05,0.0005194566364868697,0.02493993949686437,-0.01167564581038434,0.4309000678460688,0.039013915508985496,7.192625308173382,30.579235285018992,4.251470634827884,8525.230195433382,460800.0,4608000000.0,nan,nan,nan,nan,nan,nan,nan,nan,nan,0,0.026998104043050298,0.5176991150442478,0.0007288976219193689,0.01915396287523467,-0.27902201716904584,0.910105046227687
Shampoo,HPE,43,0.3162,0.95,0.0005732553786244886,0.00038089277424337544,False,,10000,37.70496845245361,0.0037704968452453615,0.050006027323306564,0.0041,18.43115234375,nan,nan,2497,8500,750,0.075,2.85023832321167,0.0006377409789121005,0.0006000845255198434,0.0005196787155341947,0.0007134084007702768,-0.0001401530221457882,0.0004253698462670619,0.024796168603625927,-0.06119614260316647,0.8649802273208806,0.0386742191389203,7.239556148304201,65.55957700731813,9.055745361222849,8486.945172849662,460800.0,4608000000.0,nan,nan,nan,nan,nan,nan,nan,nan,nan,0,0.023942752110492408,0.4778761061946903,0.0005732553786244886,0.016136483899478256,-0.005911157715927207,-0.9210708329602321
Shampoo,HPE,44,0.3162,0.95,0.173851046068915,,True,primary 0.1739 is >50.0x off the task peer median 0.000423,,,,,,,,,,,,,,,,,,,,,,,,,,,,,,,,,,,,,,,,,,,,,
Shampoo,HPE,45,0.3162,0.95,0.001975691780961793,0.0003806368097082361,False,,10000,37.63579869270325,0.0037635798692703245,0.04999989511364344,0.0015,18.43115234375,nan,nan,2497,1000,1000,0.1,3.7475533485412598,0.0006484016422389576,0.0005874670743927836,0.0005551339030080476,0.0005163103924132884,0.0014593813885485046,0.0006355895636110542,0.024100094740284354,0.003060417758700048,0.5462540843032481,0.041914343647658815,7.37746317188219,31.22888927497335,4.233011883271255,8502.543087043372,460800.0,4608000000.0,nan,nan,nan,nan,nan,nan,nan,nan,nan,0,0.044448754549051124,0.5,0.001975691780961793,0.02951430863347547,-2.4668151068128887,0.959994473656455
Shampoo,HPE,46,0.3162,0.95,0.009398353510889513,0.0003848077156843045,False,,10000,38.137391328811646,0.0038137391328811644,0.05000086485113065,0.0011,18.43115234375,nan,nan,2497,5500,2250,0.225,8.419596195220947,0.0007078815460932646,0.0005901937828514949,0.0005883214353777276,0.0004001351771876216,0.008998218333701891,0.0005317255242615327,0.024244288107894408,-0.2241162291498056,0.4156253320109261,0.0388489633798599,7.301230860173851,28.01519886512272,3.8370515056492334,8390.715485520104,460800.0,4608000000.0,nan,nan,nan,nan,nan,nan,nan,nan,nan,0,0.09694510565721981,0.48672566371681414,0.009398353510889513,0.05921715703503839,-15.491617895407853,-0.1316365763382288
Shampoo,HPQ,42,0.3162,0.95,0.00034039913031159254,,False,,,,,,,,,,,,,,,,,,,,,,,,,,,,,,,,,,,,,,,,,,,,,,
Shampoo,HPQ,43,0.3162,0.95,0.0003408898436833942,0.0005570135477050862,False,,10000,37.64641189575195,0.0037646411895751954,0.049996989819147034,0.0012,18.43115234375,nan,nan,2497,7250,2750,0.275,10.39922547340393,0.0006993778946981961,0.0005648272172005551,0.0004970038705056952,0.0015476379776373506,-0.0012067481339539563,0.0006936189340327311,0.024560730469939764,0.09655904039652254,0.12320476433604599,0.042350502312183354,7.239556148304201,31.233818188905882,4.314327777708046,8500.146066672267,460800.0,4608000000.0,nan,nan,nan,nan,nan,nan,nan,nan,nan,0,0.0184632024222071,0.47733333333333333,0.0003408898436833942,0.01249233881632487,-0.0024499580931272025,-0.25451889691534224
Shampoo,HPQ,44,0.3162,0.95,0.00034096324569964537,0.00055632955673835,False,,10000,37.5144407749176,0.0037514440774917605,0.05000671365239283,0.0015,18.43115234375,nan,nan,2497,9750,1000,0.1,3.854463815689087,0.0006014953770505119,0.0005695671671307971,0.0005365553179267587,0.0003003976889885962,4.056555671104917e-05,0.0006359717878023719,0.024684488293187645,-0.08269293337865374,0.08876405632432142,0.042971191741526124,7.383611064693213,31.12109728001941,4.214888488484122,8530.048519714415,460800.0,4608000000.0,nan,nan,nan,nan,nan,nan,nan,nan,nan,0,0.01846519010732479,0.5226666666666666,0.00034096324569964537,0.012421254758481626,-0.002665810367632915,0.25451889691534224
Shampoo,HPQ,45,0.3162,0.95,0.0003370579982560778,0.000551323517564121,False,,10000,37.56979537010193,0.003756979537010193,0.04999539449735894,0.0046,18.43115234375,nan,nan,2497,1500,750,0.075,2.8426215648651123,0.0007452373700056118,0.0005267672663328934,0.000494647731580124,0.000269614189164713,6.74438090913648e-05,0.0006059518383285963,0.023044914563950414,0.24665953633918988,3.647152225791005,0.03606285657733679,7.37746317188219,30.737432934684385,4.16639598444006,8517.480514537385,460800.0,4608000000.0,nan,nan,nan,nan,nan,nan,nan,nan,nan,0,0.01835913936588744,0.496,0.0003370579982560778,0.012503540705120752,0.008818295740801063,0.5368864965785548
Shampoo,HPQ,46,0.3162,0.95,0.00034670539633937614,0.0005535742648400425,False,,10000,37.4364857673645,0.0037436485767364503,0.04999458592876638,0.0037,18.43115234375,nan,nan,2497,500,500,0.05,1.9027152061462402,3.3575837327830462,0.0005018951518087507,0.0005226990229641289,0.0005172613309696317,-0.00017055593463025554,0.0006023363400857999,0.023435159372284565,0.046238943836763295,1.556216859074522,0.03486036285758018,7.301230860173851,29.89279551756008,4.094213166250752,8547.810870617617,460800.0,4608000000.0,nan,nan,nan,nan,nan,nan,nan,nan,nan,0,0.01862002675452901,0.47733333333333333,0.00034670539633937614,0.012767791748046875,-0.01955167181180273,-0.25451889691534224
Shampoo,IBM,42,0.3162,0.95,0.00017382929880152304,0.00018679022551847707,False,,10000,37.47599816322327,0.0037475998163223265,0.04996752120929756,0.0013,18.43115234375,nan,nan,2497,1250,1250,0.125,4.707105875015259,0.0002666660323795894,0.0002558417457787839,0.00022535178244362507,0.00025232945336028934,-7.85001545587663e-05,0.00023602552588826125,0.023577493784995178,-0.10110714771596739,0.16618724412363953,0.02989617232233285,7.192625308173382,32.16396609768968,4.471797809506352,8538.79858266268,460800.0,4608000000.0,nan,nan,nan,nan,nan,nan,nan,nan,nan,0,0.013184433958328398,0.41909814323607425,0.00017382929880152304,0.008849041171805568,-0.014821809414678588,-1.7774495433568487
Shampoo,IBM,43,0.3162,0.95,0.00017206977914880823,,False,,,,,,,,,,,,,,,,,,,,,,,,,,,,,,,,,,,,,,,,,,,,,,
Shampoo,IBM,44,0.3162,0.95,0.01928621625143384,,False,,,,,,,,,,,,,,,,,,,,,,,,,,,,,,,,,,,,,,,,,,,,,,
Shampoo,IBM,45,0.3162,0.95,0.2713693487581122,,True,primary 0.2714 is >50.0x off the task peer median 0.000423,,,,,,,,,,,,,,,,,,,,,,,,,,,,,,,,,,,,,,,,,,,,,
Shampoo,IBM,46,0.3162,0.95,0.07981927054268974,0.00018504540626186906,True,primary 0.07982 is >50.0x off the task peer median 0.000423,10000,37.47325897216797,0.003747325897216797,0.050023409089068584,0.0019,18.43115234375,nan,nan,2497,7250,500,0.05,1.9495453834533691,0.0002883235543309735,0.0002515002784407312,0.00025679829468770266,0.00010078637569677085,0.07971848416699297,0.0002471327521720241,0.024703118456807054,-0.02101051017440426,0.9111012601392449,0.030641710851341483,7.301230860173851,26.216894101762733,3.5907499165337278,8539.422745101232,460800.0,4608000000.0,nan,nan,nan,nan,nan,nan,nan,nan,nan,0,0.28252304426840963,0.47214854111405835,0.07981927054268974,0.18938347145363135,-464.9878232079852,-0.266260258705639
Shampoo,INTC,42,0.3162,0.95,0.0009388985930296479,0.0006048505439050001,False,,10000,37.58081817626953,0.003758081817626953,0.04995573417099591,0.0016,18.43115234375,nan,nan,2497,7500,1500,0.15,5.609950542449951,0.00040037562663783154,0.00039940994560857553,0.00036518894864725945,0.0003615452442318201,0.0005773533487978278,0.00068549766334913,0.02339783054795911,0.19323361793646507,0.2781680711902786,0.03578902538865801,7.192625308173382,27.674398670461343,3.847607443003235,8514.98225767912,460800.0,4608000000.0,nan,nan,nan,nan,nan,nan,nan,nan,nan,0,0.0306414522017095,0.47745358090185674,0.0009388985930296479,0.020295083838165123,-0.00025223449694378175,0.6153498744373216
Shampoo,INTC,43,0.3162,0.95,0.0009398124520740811,0.000604182086509482,False,,10000,37.61462640762329,0.003761462640762329,0.05000699302380322,0.0043,18.43115234375,nan,nan,2497,4500,3500,0.35,13.05898642539978,0.00048538648437583147,0.0003725007527685867,0.00036840695696946835,0.00035727338399738073,0.0005825390680767004,0.0006731462567418333,0.024543806879749514,0.1682048916999712,2.113338078175449,0.035863771848380556,7.239556148304201,87.28620277716598,12.05684450663622,8507.328945187826,460800.0,4608000000.0,nan,nan,nan,nan,nan,nan,nan,nan,nan,0,0.030656360711507836,0.47480106100795755,0.0009398124520740811,0.02023792266845703,-0.0012258109385272498,0.6726138016362232
Shampoo,INTC,44,0.3162,0.95,0.0009318542858910939,0.0006107307713607262,False,,10000,37.44665789604187,0.003744665789604187,0.050001292329063904,0.0011,18.43115234375,nan,nan,2497,500,500,0.05,1.9235765933990479,0.0005058823277353152,0.00040412848544531986,0.00034738142463625743,0.00016324399621225893,0.0007686102896788349,0.0007198857970645718,0.0243736419472041,-0.009272228338746703,0.11629140254856903,0.039280110783874965,7.383611064693213,31.22823763524525,4.2293990517149185,8545.488916217117,460800.0,4608000000.0,nan,nan,nan,nan,nan,nan,nan,nan,nan,0,0.030526288439492507,0.5039787798408488,0.0009318542858910939,0.020372209094819568,0.007252392741962876,1.3660215303735312
Shampoo,INTC,45,0.3162,0.95,0.0009270166120831928,,False,,,,,,,,,,,,,,,,,,,,,,,,,,,,,,,,,,,,,,,,,,,,,,
Shampoo,INTC,46,0.3162,0.95,0.00096925383522397,,False,,,,,,,,,,,,,,,,,,,,,,,,,,,,,,,,,,,,,,,,,,,,,,
Shampoo,INTU,42,0.3162,0.95,0.0002882324908145521,,False,,,,,,,,,,,,,,,,,,,,,,,,,,,,,,,,,,,,,,,,,,,,,,
Shampoo,INTU,43,0.3162,0.95,0.00028833242320509817,,False,,,,,,,,,,,,,,,,,,,,,,,,,,,,,,,,,,,,,,,,,,,,,,
Shampoo,INTU,44,0.3162,0.95,0.0002933875435874576,,False,,,,,,,,,,,,,,,,,,,,,,,,,,,,,,,,,,,,,,,,,,,,,,
Shampoo,INTU,45,0.3162,0.95,0.0002868996647299913,,False,,,,,,,,,,,,,,,,,,,,,,,,,,,,,,,,,,,,,,,,,,,,,,
Shampoo,INTU,46,0.3162,0.95,0.0002888140697327871,,False,,,,,,,,,,,,,,,,,,,,,,,,,,,,,,,,,,,,,,,,,,,,,,
Shampoo,KEYS,42,0.3162,0.95,0.0003780707023864569,,False,,,,,,,,,,,,,,,,,,,,,,,,,,,,,,,,,,,,,,,,,,,,,,
Shampoo,KEYS,43,0.3162,0.95,0.00037403809007748154,,False,,,,,,,,,,,,,,,,,,,,,,,,,,,,,,,,,,,,,,,,,,,,,,
Shampoo,KEYS,44,0.3162,0.95,0.00037814364876858025,,False,,,,,,,,,,,,,,,,,,,,,,,,,,,,,,,,,,,,,,,,,,,,,,
Shampoo,KEYS,45,0.3162,0.95,0.0003781502618808155,,False,,,,,,,,,,,,,,,,,,,,,,,,,,,,,,,,,,,,,,,,,,,,,,
Shampoo,KEYS,46,0.3162,0.95,0.0003780173354370649,,False,,,,,,,,,,,,,,,,,,,,,,,,,,,,,,,,,,,,,,,,,,,,,,
Shampoo,KLAC,42,0.3162,0.95,0.0006319248960131691,,False,,,,,,,,,,,,,,,,,,,,,,,,,,,,,,,,,,,,,,,,,,,,,,
Shampoo,KLAC,43,0.3162,0.95,0.0006566919662334301,,False,,,,,,,,,,,,,,,,,,,,,,,,,,,,,,,,,,,,,,,,,,,,,,
Shampoo,KLAC,44,0.3162,0.95,0.0006387997714300004,,False,,,,,,,,,,,,,,,,,,,,,,,,,,,,,,,,,,,,,,,,,,,,,,
Shampoo,KLAC,45,0.3162,0.95,0.0006326516627003907,,False,,,,,,,,,,,,,,,,,,,,,,,,,,,,,,,,,,,,,,,,,,,,,,
Shampoo,KLAC,46,0.3162,0.95,0.0006360133331288736,,False,,,,,,,,,,,,,,,,,,,,,,,,,,,,,,,,,,,,,,,,,,,,,,
Shampoo,LRCX,42,0.3162,0.95,0.0006545428088102391,,False,,,,,,,,,,,,,,,,,,,,,,,,,,,,,,,,,,,,,,,,,,,,,,
Shampoo,LRCX,43,0.3162,0.95,0.0006491149228716654,,False,,,,,,,,,,,,,,,,,,,,,,,,,,,,,,,,,,,,,,,,,,,,,,
Shampoo,LRCX,44,0.3162,0.95,0.0006492845516986947,,False,,,,,,,,,,,,,,,,,,,,,,,,,,,,,,,,,,,,,,,,,,,,,,
Shampoo,LRCX,45,0.3162,0.95,0.0006508869390008311,,False,,,,,,,,,,,,,,,,,,,,,,,,,,,,,,,,,,,,,,,,,,,,,,
Shampoo,LRCX,46,0.3162,0.95,0.0006490879194446342,,False,,,,,,,,,,,,,,,,,,,,,,,,,,,,,,,,,,,,,,,,,,,,,,
Shampoo,MCHP,42,0.3162,0.95,0.0005656033360138141,,False,,,,,,,,,,,,,,,,,,,,,,,,,,,,,,,,,,,,,,,,,,,,,,
Shampoo,MCHP,43,0.3162,0.95,0.0005245265112352119,,False,,,,,,,,,,,,,,,,,,,,,,,,,,,,,,,,,,,,,,,,,,,,,,
Shampoo,MCHP,44,0.3162,0.95,0.0005332589464843589,,False,,,,,,,,,,,,,,,,,,,,,,,,,,,,,,,,,,,,,,,,,,,,,,
Shampoo,MCHP,45,0.3162,0.95,0.0005265769188996976,,False,,,,,,,,,,,,,,,,,,,,,,,,,,,,,,,,,,,,,,,,,,,,,,
Shampoo,MCHP,46,0.3162,0.95,0.0005246923556403508,,False,,,,,,,,,,,,,,,,,,,,,,,,,,,,,,,,,,,,,,,,,,,,,,
Shampoo,META,42,0.3162,0.95,0.00045838905205516694,,False,,,,,,,,,,,,,,,,,,,,,,,,,,,,,,,,,,,,,,,,,,,,,,
Shampoo,META,43,0.3162,0.95,0.00045818540285218434,,False,,,,,,,,,,,,,,,,,,,,,,,,,,,,,,,,,,,,,,,,,,,,,,
Shampoo,META,44,0.3162,0.95,0.0004584875965268357,,False,,,,,,,,,,,,,,,,,,,,,,,,,,,,,,,,,,,,,,,,,,,,,,
Shampoo,META,45,0.3162,0.95,0.0004575163500863801,,False,,,,,,,,,,,,,,,,,,,,,,,,,,,,,,,,,,,,,,,,,,,,,,
Shampoo,META,46,0.3162,0.95,0.000457698865881506,,False,,,,,,,,,,,,,,,,,,,,,,,,,,,,,,,,,,,,,,,,,,,,,,
Shampoo,MRVL,42,0.3162,0.95,0.0010244644508159981,,False,,,,,,,,,,,,,,,,,,,,,,,,,,,,,,,,,,,,,,,,,,,,,,
Shampoo,MRVL,43,0.3162,0.95,0.0010444329529212266,,False,,,,,,,,,,,,,,,,,,,,,,,,,,,,,,,,,,,,,,,,,,,,,,
Shampoo,MRVL,44,0.3162,0.95,0.0010430033087099671,,False,,,,,,,,,,,,,,,,,,,,,,,,,,,,,,,,,,,,,,,,,,,,,,
Shampoo,MRVL,45,0.3162,0.95,0.0010345807624241663,,False,,,,,,,,,,,,,,,,,,,,,,,,,,,,,,,,,,,,,,,,,,,,,,
Shampoo,MRVL,46,0.3162,0.95,0.0010415226536453085,,False,,,,,,,,,,,,,,,,,,,,,,,,,,,,,,,,,,,,,,,,,,,,,,
Shampoo,MSFT,42,0.3162,0.95,0.00016849545180482208,,False,,,,,,,,,,,,,,,,,,,,,,,,,,,,,,,,,,,,,,,,,,,,,,
Shampoo,MSFT,43,0.3162,0.95,0.0001655690490253388,,False,,,,,,,,,,,,,,,,,,,,,,,,,,,,,,,,,,,,,,,,,,,,,,
Shampoo,MSFT,44,0.3162,0.95,0.00016421012619815807,,False,,,,,,,,,,,,,,,,,,,,,,,,,,,,,,,,,,,,,,,,,,,,,,
Shampoo,MSFT,45,0.3162,0.95,0.0001653720028501339,,False,,,,,,,,,,,,,,,,,,,,,,,,,,,,,,,,,,,,,,,,,,,,,,
Shampoo,MSFT,46,0.3162,0.95,0.00016618137637143413,,False,,,,,,,,,,,,,,,,,,,,,,,,,,,,,,,,,,,,,,,,,,,,,,
Shampoo,MSI,42,0.3162,0.95,0.00011965850240023678,,False,,,,,,,,,,,,,,,,,,,,,,,,,,,,,,,,,,,,,,,,,,,,,,
Shampoo,MSI,43,0.3162,0.95,0.00011961222207420087,,False,,,,,,,,,,,,,,,,,,,,,,,,,,,,,,,,,,,,,,,,,,,,,,
Shampoo,MSI,44,0.3162,0.95,0.00043725632328205007,,False,,,,,,,,,,,,,,,,,,,,,,,,,,,,,,,,,,,,,,,,,,,,,,
Shampoo,MSI,45,0.3162,0.95,0.00011983212260972886,,False,,,,,,,,,,,,,,,,,,,,,,,,,,,,,,,,,,,,,,,,,,,,,,
Shampoo,MSI,46,0.3162,0.95,0.00012023330089591799,,False,,,,,,,,,,,,,,,,,,,,,,,,,,,,,,,,,,,,,,,,,,,,,,
Shampoo,MU,42,0.3162,0.95,0.0008372628184222671,0.000808666966638135,False,,10000,37.75534772872925,0.0037755347728729246,0.05000145298855133,0.0013,18.43115234375,nan,nan,2497,4750,4750,0.475,17.91085910797119,0.0011148784497270108,0.0010262493468727746,0.0010578147260634628,0.0009088753722608089,-7.161255383854185e-05,0.0009543334214304496,0.024706672731808595,0.09659436999620787,0.4964101270656283,0.04990393575280903,7.192625308173382,29.21496282034968,4.0617940694270676,8475.620521341452,460800.0,4608000000.0,nan,nan,nan,nan,nan,nan,nan,nan,nan,0,0.028935494093280438,0.48148148148148145,0.0008372628184222671,0.020629084299481106,-0.006813862013937522,-0.25521644200741234
Shampoo,MU,43,0.3162,0.95,0.0008356665019635801,0.000807572106783839,False,,10000,37.66301989555359,0.0037663019895553588,0.050005121067229555,0.0014,18.43115234375,nan,nan,2497,7250,1750,0.175,6.4866509437561035,0.0011314566616121705,0.001056186389925966,0.0009507793278439915,0.0008361918153241277,-5.25313360547606e-07,0.0009707655145271794,0.024669495365802204,0.11810721546203606,0.09812748149851178,0.050609952583908956,7.239556148304201,30.978103085109012,4.279005846562202,8496.397816410321,460800.0,4608000000.0,nan,nan,nan,nan,nan,nan,nan,nan,nan,0,0.028907896878942612,0.47619047619047616,0.0008356665019635801,0.020631906216737453,-0.004894281323855498,-0.43193267581776207
Shampoo,MU,44,0.3162,0.95,0.000835969019188452,0.0008060190658670522,False,,10000,37.41318488121033,0.0037413184881210327,0.05002382385975149,0.0015,18.43115234375,nan,nan,2497,8500,500,0.05,1.9007115364074707,0.0012309709340388485,0.0010916967635326703,0.0009994787254782997,0.0005235100979916751,0.0003124589211967769,0.0010082080351173704,0.025337417970878195,-0.04073606689840637,0.18252361643045442,0.05939715001732108,7.383611064693213,32.93869444822427,4.46105491738721,8553.134436857596,460800.0,4608000000.0,nan,nan,nan,nan,nan,nan,nan,nan,nan,0,0.0289131288377521,0.4973544973544973,0.000835969019188452,0.020687074257583215,-0.0052580602100038565,0.08169701056524635
Shampoo,MU,45,0.3162,0.95,0.0008372360121005427,0.0008061364569777836,False,,10000,37.27643299102783,0.003727643299102783,0.04999893202925924,0.0012,18.43115234375,nan,nan,2497,2500,2500,0.25,9.353339672088623,0.001205754373791423,0.0010424605494981263,0.0009619192159264953,0.0008348844712600112,2.351540840531477e-06,0.0009643741507907388,0.024369476797954048,-0.07537845522621388,0.1781740369857762,0.05593104213476179,7.37746317188219,30.08944030576404,4.078561912778402,8584.512366755202,460800.0,4608000000.0,nan,nan,nan,nan,nan,nan,nan,nan,nan,0,0.028935030881278537,0.47619047619047616,0.0008372360121005427,0.020665693535375847,-0.006781627241643884,-0.43193267581776207
Shampoo,MU,46,0.3162,0.95,0.0008369340467705297,0.0008077431736953695,False,,10000,37.45050001144409,0.003745050001144409,0.04999536595060639,0.0013,18.43115234375,nan,nan,2497,7750,7750,0.775,28.898141622543335,0.0013855601077709422,0.0009988064640021493,0.000985805298791771,0.0009604782098904252,-0.00012354416311989547,0.000959006389298342,0.02372497005388511,0.0770513493481513,0.7543436254471487,0.054554470814764465,7.301230860173851,27.36995245392865,3.7486764873062706,8544.612218854612,460800.0,4608000000.0,nan,nan,nan,nan,nan,nan,nan,nan,nan,0,0.028929812421972765,0.47619047619047616,0.0008369340467705297,0.020658563684534142,-0.006418512012572375,-0.43193267581776207
Shampoo,NOW,42,0.3162,0.95,0.00043123369179074724,0.0006916287598336578,False,,10000,37.42214107513428,0.0037422141075134276,0.049995089291555335,0.0015,18.43115234375,nan,nan,2497,1250,500,0.05,1.9163835048675537,0.0009045180243358132,0.000851100919657628,0.0007327332511877925,0.0004060688952449709,2.5164796545776324e-05,0.0008138350402580724,0.024833858891948217,0.06539241395325855,0.4514327994725569,0.059491384401917445,7.192625308173382,31.63664939524735,4.398484286300421,8551.08742595781,460800.0,4608000000.0,nan,nan,nan,nan,nan,nan,nan,nan,nan,0,0.020766166998046297,0.40634920634920635,0.00043123369179074724,0.014637436942448692,-0.02412612289344951,-1.5694227407315364
Shampoo,NOW,43,0.3162,0.95,0.0004222879334101601,0.0006914126455404197,False,,10000,37.48693490028381,0.003748693490028381,0.054272401733867576,0.0045,18.43115234375,nan,nan,2497,5250,3750,0.375,14.111488580703735,0.0008160592871776941,0.0009056918051727352,0.000706938639482447,0.0008408005232922733,-0.00041851258988211316,0.025215415757075844,0.02879136003444847,-0.07874104332735017,0.5691198595893645,0.04805664997547864,7.239556148304201,31.544002028528148,4.357173476155308,8536.307405532301,460800.0,4608000000.0,nan,nan,nan,nan,nan,nan,nan,nan,nan,0,0.020549645578699406,0.5936507936507937,0.0004222879334101601,0.014242484077574715,-0.0028810647705377335,1.5694227407315364
Shampoo,NOW,44,0.3162,0.95,0.00042286874755980477,0.0006880257160040983,False,,10000,37.365352392196655,0.0037365352392196654,0.05176892584747947,0.0037,18.43115234375,nan,nan,2497,1250,1250,0.125,4.705660343170166,0.0008769008072792789,0.0007636615977980922,0.0006903708236601461,0.0004165337304584682,6.335017101336568e-06,0.0023417221834004247,0.027293176339848135,-0.12713830114833094,0.4039848952112193,0.05128759127110238,7.383611064693213,30.08540842913469,4.0746198798304025,8564.083556370486,460800.0,4608000000.0,nan,nan,nan,nan,nan,nan,nan,nan,nan,0,0.020563772697630284,0.6,0.00042286874755980477,0.0143325684562562,-0.004260425786434041,1.6620449760484912
Shampoo,NOW,45,0.3162,0.95,0.00042549527826763335,0.0006911863282227971,False,,10000,37.75567579269409,0.003775567579269409,0.04999041587954863,0.0012,18.43115234375,nan,nan,2497,2750,2750,0.275,10.400501251220703,0.0011369922727510777,0.0008932125387921165,0.000746115900359194,0.0005710082477889955,-0.00014551296952136216,0.0008763134803196466,0.02401119400893618,-0.01613203163995532,0.257166771569788,0.055261776782572256,7.37746317188219,27.00927940951646,3.6610524214417275,8475.546875575237,460800.0,4608000000.0,nan,nan,nan,nan,nan,nan,nan,nan,nan,0,0.02062753689289231,0.40634920634920635,0.00042549527826763335,0.014413252330961681,-0.010498107956625757,-1.831963083114616
Shampoo,NOW,46,0.3162,0.95,0.00042170011808001804,,False,,,,,,,,,,,,,,,,,,,,,,,,,,,,,,,,,,,,,,,,,,,,,,
Shampoo,NVDA,42,0.3162,0.95,0.000890055188426265,,False,,,,,,,,,,,,,,,,,,,,,,,,,,,,,,,,,,,,,,,,,,,,,,
Shampoo,NVDA,43,0.3162,0.95,0.000889465607032574,,False,,,,,,,,,,,,,,,,,,,,,,,,,,,,,,,,,,,,,,,,,,,,,,
Shampoo,NVDA,44,0.3162,0.95,0.000889778767944013,,False,,,,,,,,,,,,,,,,,,,,,,,,,,,,,,,,,,,,,,,,,,,,,,
Shampoo,NVDA,45,0.3162,0.95,0.0012940900824057362,,False,,,,,,,,,,,,,,,,,,,,,,,,,,,,,,,,,,,,,,,,,,,,,,
Shampoo,NVDA,46,0.3162,0.95,0.002778938207676802,,False,,,,,,,,,,,,,,,,,,,,,,,,,,,,,,,,,,,,,,,,,,,,,,
Shampoo,NXPI,42,0.3162,0.95,0.00045840643325784644,,False,,,,,,,,,,,,,,,,,,,,,,,,,,,,,,,,,,,,,,,,,,,,,,
Shampoo,NXPI,43,0.3162,0.95,0.0004583668199780887,,False,,,,,,,,,,,,,,,,,,,,,,,,,,,,,,,,,,,,,,,,,,,,,,
Shampoo,NXPI,44,0.3162,0.95,0.00045838159798919007,,False,,,,,,,,,,,,,,,,,,,,,,,,,,,,,,,,,,,,,,,,,,,,,,
Shampoo,NXPI,45,0.3162,0.95,0.00045836620422762617,,False,,,,,,,,,,,,,,,,,,,,,,,,,,,,,,,,,,,,,,,,,,,,,,
Shampoo,NXPI,46,0.3162,0.95,0.00045884690008872795,,False,,,,,,,,,,,,,,,,,,,,,,,,,,,,,,,,,,,,,,,,,,,,,,
Shampoo,ORCL,42,0.3162,0.95,0.0004587025238723351,,False,,,,,,,,,,,,,,,,,,,,,,,,,,,,,,,,,,,,,,,,,,,,,,
Shampoo,ORCL,43,0.3162,0.95,0.00045211431841370923,,False,,,,,,,,,,,,,,,,,,,,,,,,,,,,,,,,,,,,,,,,,,,,,,
Shampoo,ORCL,44,0.3162,0.95,0.00043734837146032425,,False,,,,,,,,,,,,,,,,,,,,,,,,,,,,,,,,,,,,,,,,,,,,,,
Shampoo,ORCL,45,0.3162,0.95,0.018116659588283963,,False,,,,,,,,,,,,,,,,,,,,,,,,,,,,,,,,,,,,,,,,,,,,,,
Shampoo,ORCL,46,0.3162,0.95,0.00043679249507409557,,False,,,,,,,,,,,,,,,,,,,,,,,,,,,,,,,,,,,,,,,,,,,,,,
Shampoo,PANW,42,0.3162,0.95,0.0007959762291543803,,False,,,,,,,,,,,,,,,,,,,,,,,,,,,,,,,,,,,,,,,,,,,,,,
Shampoo,PANW,43,0.3162,0.95,0.0007959529757499695,,False,,,,,,,,,,,,,,,,,,,,,,,,,,,,,,,,,,,,,,,,,,,,,,
Shampoo,PANW,44,0.3162,0.95,0.0009334892224354349,,False,,,,,,,,,,,,,,,,,,,,,,,,,,,,,,,,,,,,,,,,,,,,,,
Shampoo,PANW,45,0.3162,0.95,0.0007960539145074832,,False,,,,,,,,,,,,,,,,,,,,,,,,,,,,,,,,,,,,,,,,,,,,,,
Shampoo,PANW,46,0.3162,0.95,0.000796962505692889,,False,,,,,,,,,,,,,,,,,,,,,,,,,,,,,,,,,,,,,,,,,,,,,,
Shampoo,PTC,42,0.3162,0.95,0.0008800934073786256,,False,,,,,,,,,,,,,,,,,,,,,,,,,,,,,,,,,,,,,,,,,,,,,,
Shampoo,PTC,43,0.3162,0.95,0.0001751162781917229,,False,,,,,,,,,,,,,,,,,,,,,,,,,,,,,,,,,,,,,,,,,,,,,,
Shampoo,PTC,44,0.3162,0.95,0.00017587879978159747,,False,,,,,,,,,,,,,,,,,,,,,,,,,,,,,,,,,,,,,,,,,,,,,,
Shampoo,PTC,45,0.3162,0.95,0.00017521881237231865,,False,,,,,,,,,,,,,,,,,,,,,,,,,,,,,,,,,,,,,,,,,,,,,,
Shampoo,PTC,46,0.3162,0.95,0.0001756415638343367,,False,,,,,,,,,,,,,,,,,,,,,,,,,,,,,,,,,,,,,,,,,,,,,,
Shampoo,PYPL,42,0.3162,0.95,0.0004727248102426529,,False,,,,,,,,,,,,,,,,,,,,,,,,,,,,,,,,,,,,,,,,,,,,,,
Shampoo,PYPL,43,0.3162,0.95,0.00045465420310695966,0.000550726882549895,False,,10000,37.82660102844238,0.003782660102844238,0.05000075376675941,0.0033,18.43115234375,nan,nan,2497,8750,8750,0.875,33.118730306625366,0.0007600895813429804,0.0006894924249847264,0.0005878739948319884,0.003163166344165802,-0.0027085121410588423,0.0006291113313840551,0.024272430246237812,0.07616495576256825,0.5356159000628948,0.04068089704960581,7.239556148304201,57.75831541335677,7.97815697953888,8459.655144785207,460800.0,4608000000.0,nan,nan,nan,nan,nan,nan,nan,nan,nan,0,0.02132262186287042,0.4583333333333333,0.00045465420310695966,0.015581660469373067,-0.01887984721362934,-0.9941912295175683
Shampoo,PYPL,44,0.3162,0.95,0.00045262311274806656,0.0005505739891228555,False,,10000,37.72948503494263,0.0037729485034942627,0.05132241448203234,0.0041,18.43115234375,nan,nan,2497,9000,2000,0.2,7.549193620681763,0.0008568760186146021,62.22369903877069,0.0006924658387767819,0.0003044021432287991,0.00014822096951926745,0.0025770963329971924,0.02520169551132421,-0.2691492698908657,1.3452534037852601,0.05411713607609271,7.383611064693213,73.63157109932685,9.97229816876686,8481.43036417371,460800.0,4608000000.0,nan,nan,nan,nan,nan,nan,nan,nan,nan,0,0.02127494095756946,0.4583333333333333,0.00045262311274806656,0.01551793615023295,-0.014328174710869668,-0.9941912295175683
Shampoo,PYPL,45,0.3162,0.95,0.00045043881982564926,0.0005501009085599114,False,,10000,37.79832744598389,0.0037798327445983885,0.049996363554541005,0.0028,18.43115234375,nan,nan,2497,1500,750,0.075,2.8309879302978516,0.0008270207555510468,0.0007239466751589585,0.0006479907534251513,0.00033088724012486637,0.0001195515797007829,0.0006368769867760282,0.02390501624687988,0.02875999114987331,0.4207315933642748,0.04555281624197958,7.37746317188219,30.47600637835325,4.130960150978022,8465.98306386174,460800.0,4608000000.0,nan,nan,nan,nan,nan,nan,nan,nan,nan,0,0.02122354399777872,0.4583333333333333,0.00045043881982564926,0.015473073720932007,-0.009433175338041222,-0.9941912295175683
Shampoo,PYPL,46,0.3162,0.95,0.00045399712398648263,0.0005492460953087366,False,,10000,38.14254856109619,0.003814254856109619,0.050003273563771475,0.0028,18.43115234375,nan,nan,2497,3500,3500,0.35,13.468146324157715,0.0006817502948888059,0.0006913425713022573,0.0006497637634209187,0.0006206450052559376,-0.00016664788126945495,0.0006029947763808558,0.024328739847897546,-0.08746976096352714,1.6159112925147674,0.03681365475058554,7.301230860173851,30.090885528022632,4.121344209530465,8389.580981654348,460800.0,4608000000.0,nan,nan,nan,nan,nan,nan,nan,nan,nan,0,0.02130720826355444,0.44166666666666665,0.00045399712398648263,0.015596888462702433,-0.01740733322540744,-1.1809854022776023
Shampoo,QCOM,42,0.3162,0.95,0.0005078858957088813,0.0007288299441653791,False,,10000,38.31647038459778,0.003831647038459778,0.04999359593504957,0.0017,18.43115234375,nan,nan,2497,7500,4500,0.45,17.46076226234436,0.0006002339253864005,0.0004572785069262097,0.0004528852148664997,0.00021775407367385924,0.0002901318220350221,0.0008364669451103529,0.024079334668852922,0.13348110547157083,1.0301117968693159,0.038581632822751996,7.192625308173382,29.610552365239652,4.116793395534107,8351.499936920904,460800.0,4608000000.0,nan,nan,nan,nan,nan,nan,nan,nan,nan,0,0.022536323917375728,0.4576719576719577,0.0005078858957088813,0.01643028082670989,-0.013018347938559716,-0.5393494505252394
Shampoo,QCOM,43,0.3162,0.95,0.0005049428375309737,0.0007273559545016099,False,,10000,37.87727475166321,0.0037877274751663206,0.05000476689460539,0.0018,18.43115234375,nan,nan,2497,7500,7500,0.75,28.506511211395264,0.0005197711508170927,0.0005433297337308816,0.0004653853175779695,0.0003745698486454785,0.0001303729888854952,0.0008407152861322276,0.025048096222333956,0.04552090488584158,0.1983673605646978,0.039501749724149694,7.239556148304201,30.90593938776055,4.26903787395861,8448.337481987102,460800.0,4608000000.0,nan,nan,nan,nan,nan,nan,nan,nan,nan,0,0.022470933170008176,0.46296296296296297,0.0005049428375309737,0.0163590289928295,-0.007148187025526775,-0.19042909700102936
Shampoo,QCOM,44,0.3162,0.95,0.0005047231439560179,0.0007283449647281151,False,,10000,37.984272480010986,0.0037984272480010984,0.04999256483638117,0.0022,18.43115234375,nan,nan,2497,5500,5500,0.55,21.095498085021973,0.0004843255003498287,0.00046534772310051855,0.0004601628762073588,0.00014223510515876114,0.00036248803879725675,0.0008124373870942493,0.023343270714892526,-0.11442160077891121,0.09834741647493501,0.038167439587414254,7.383611064693213,31.69244870483554,4.2922695178761225,8424.539397678294,460800.0,4608000000.0,nan,nan,nan,nan,nan,nan,nan,nan,nan,0,0.022466044243613915,0.4576719576719577,0.0005047231439560179,0.016326283651684956,-0.006709990918419173,-0.5393494505252394
Shampoo,QCOM,45,0.3162,0.95,0.0005051662761067587,0.0007283573757748389,False,,10000,37.468587160110474,0.0037468587160110474,0.04999532592799397,0.0019,18.43115234375,nan,nan,2497,7250,750,0.075,2.9689323902130127,0.00047512595758008534,0.0005230546274784116,0.0004520839755039619,0.00020200398284941912,0.0003031622932573396,0.0007977247813814459,0.023418187673908433,0.02577730032107672,0.37179198369198113,0.035423922911286355,7.37746317188219,27.639299297009785,3.746450324869362,8540.48749243142,460800.0,4608000000.0,nan,nan,nan,nan,nan,nan,nan,nan,nan,0,0.02247590434458108,0.4576719576719577,0.0005051662761067587,0.016343000704649266,-0.007593852831212278,-0.5393494505252394
Shampoo,QCOM,46,0.3162,0.95,0.0005062372280807091,0.0007284683637340759,False,,10000,37.72508001327515,0.003772508001327515,0.04999573432178696,0.0016,18.43115234375,nan,nan,2497,2000,1250,0.125,4.737361907958984,0.0005465390400202381,0.0005465128594040724,0.0005381588137503327,0.0005142259760759771,-7.988747995267944e-06,0.0008377676179423135,0.023713586400343416,-0.020744426352413824,0.769572294516203,0.04590649530291556,7.301230860173851,30.336986337078343,4.155050965797839,8482.420710238246,460800.0,4608000000.0,nan,nan,nan,nan,nan,nan,nan,nan,nan,0,0.022499716177781202,0.4576719576719577,0.0005062372280807091,0.016379782762477008,-0.009729950739303606,-0.5393494505252394
Shampoo,ROP,42,0.3162,0.95,0.00011053946480233833,,False,,,,,,,,,,,,,,,,,,,,,,,,,,,,,,,,,,,,,,,,,,,,,,
Shampoo,ROP,43,0.3162,0.95,0.00011128862265241209,0.00021561466414352944,False,,10000,37.628066301345825,0.0037628066301345826,0.0500007890979912,0.0013,18.43115234375,nan,nan,2497,9000,9000,0.9,33.867255210876465,0.00032727340849767074,0.000280444844046103,0.0002420738522053008,0.00023372130817733705,-0.00012243268552492498,0.0002805282314488703,0.024695967914922137,0.06346024612746175,0.10936533110814525,0.032200457528233514,7.239556148304201,28.992520062067413,4.004737233629805,8504.290319817861,460800.0,4608000000.0,nan,nan,nan,nan,nan,nan,nan,nan,nan,0,0.01054934228529969,0.47214854111405835,0.00011128862265241209,0.0074960460107793255,-0.007395308439235526,-0.3450198414898484
Shampoo,ROP,44,0.3162,0.95,0.00011571946125181895,0.00021909572559579297,False,,10000,37.80207371711731,0.003780207371711731,0.04999740928561631,0.0019,18.43115234375,nan,nan,2497,1500,1250,0.125,4.721684694290161,0.00026983666332348086,0.0002837224396595171,0.00023048617840804625,4.689912748290226e-05,6.882033376891669e-05,0.00024240390951030396,0.023989961416315164,-0.13817655553326108,0.13280119068958812,0.02843015724793076,7.383611064693213,33.770587672553816,4.573722447819233,8465.144065763236,460800.0,4608000000.0,nan,nan,nan,nan,nan,nan,nan,nan,nan,0,0.010757298046062447,0.5278514588859416,0.00011571946125181895,0.007565683788723416,-0.04750368529852267,0.3450198414898484
Shampoo,ROP,45,0.3162,0.95,0.00011078077097418447,,False,,,,,,,,,,,,,,,,,,,,,,,,,,,,,,,,,,,,,,,,,,,,,,
Shampoo,ROP,46,0.3162,0.95,0.00011324492238816761,0.0002183655489344812,False,,10000,37.637768507003784,0.0037637768507003786,0.05000461829390377,0.0016,18.43115234375,nan,nan,2497,6750,1250,0.125,4.711757183074951,0.0002469443388489311,0.000293284473047187,0.0002515328751804528,0.0001895054883789271,-7.62605659907595e-05,0.0002756623557203685,0.024799624499215477,-0.1181382622419882,0.22901830431676354,0.026536400429904457,7.301230860173851,29.288661447839853,4.011469026079044,8502.098097033919,460800.0,4608000000.0,nan,nan,nan,nan,nan,nan,nan,nan,nan,0,0.010641659757207407,0.4482758620689655,0.00011324492238816761,0.007624440722995334,-0.025103921671482343,-0.738929533167098
Shampoo,SNOW,42,0.3162,0.95,0.001512062932373187,0.0008331151487671327,False,,10000,37.28653335571289,0.0037286533355712892,0.05003238869847345,0.002,18.43115234375,nan,nan,2497,7250,4750,0.475,17.741836309432983,0.001980330501345356,0.0017850221818003053,0.0016906862336996797,0.001956036314368248,-0.0004439733819950611,0.0016435587440795701,0.02502969601906226,0.07996188051014161,0.3916758003958865,0.054355800524353966,7.192625308173382,29.717992874876423,4.131730988559379,8582.18695063994,460800.0,4608000000.0,nan,nan,nan,nan,nan,nan,nan,nan,nan,0,0.0388852534050273,0.42201834862385323,0.001512062932373187,0.02225884385065201,-0.02291609018684615,-0.6779454056483954
Shampoo,SNOW,43,0.3162,0.95,0.0015343244469493901,0.0008321939227736999,False,,10000,37.13176393508911,0.003713176393508911,0.05404768394198942,0.0044,18.43115234375,nan,nan,2497,9500,2250,0.225,8.339481115341187,210.2492007005213,0.0018030527490335172,0.0020091873950485025,0.0013403493212535977,0.0001939751256957924,0.007060652401002797,0.02649476286627516,0.17643222254764998,2.7300853023553966,0.06158915907144545,7.239556148304201,82.44475241709463,11.388094895348875,8617.958483184353,460800.0,4608000000.0,nan,nan,nan,nan,nan,nan,nan,nan,nan,0,0.039170453749597926,0.42201834862385323,0.0015343244469493901,0.022678887078521448,-0.03797608601399527,-0.6779454056483954
Shampoo,SNOW,44,0.3162,0.95,0.001815884348449357,0.0007933545335430966,False,,10000,37.49761128425598,0.003749761128425598,0.05000077555663148,0.0042,18.43115234375,nan,nan,2497,500,500,0.05,1.8995838165283203,0.002189979145860394,0.0017151054190017796,0.0016936262280023591,0.0015417011454701424,0.0002741832029792147,0.0009653529809757071,0.024078727634843963,0.42195457281305265,19.94590040225077,0.06252985224127769,7.383611064693213,31.15580974339145,4.219589773948361,8533.87693349836,460800.0,4608000000.0,nan,nan,nan,nan,nan,nan,nan,nan,nan,0,0.04261319453466681,0.5321100917431193,0.001815884348449357,0.025793381787221365,-0.2284523865894641,-1.265391138286974
Shampoo,SNOW,45,0.3162,0.95,0.0015295994117719318,0.0008318993811295411,False,,10000,37.417266845703125,0.0037417266845703127,0.04999717051342064,0.0023,18.43115234375,nan,nan,2497,8250,6500,0.65,24.399816751480103,0.002104886670604912,0.001796612436550047,0.005856208033134666,0.0015689603751525283,-3.936096338059644e-05,0.0010210629075001448,0.02372082032796729,0.13912800701500694,0.5243375841226198,0.05901360157877204,7.37746317188219,42.04045399525112,5.698497303989315,8552.201349167965,460800.0,4608000000.0,nan,nan,nan,nan,nan,nan,nan,nan,nan,0,0.03911009347690097,0.42201834862385323,0.0015295994117719318,0.022581323571161393,-0.03477958247817026,-0.6779454056483954
Shampoo,SNOW,46,0.3162,0.95,0.0015495188465905845,0.0008312997834704747,False,,10000,37.358267068862915,0.0037358267068862915,0.050783164730131065,0.0038,18.43115234375,nan,nan,2497,2250,500,0.05,1.8545842170715332,0.0019864237550688527,0.0021531770643032177,0.0017941431808151133,0.0006902316818013787,0.0008592871647892057,0.0010929258516615824,0.02586674150841291,0.2878963834388586,1.8686027016847686,0.07393697872757911,7.301230860173851,32.22424820881113,4.413536405838815,8565.707810004687,460800.0,4608000000.0,nan,nan,nan,nan,nan,nan,nan,nan,nan,0,0.03936392824135549,0.42201834862385323,0.0015495188465905845,0.02295068425869723,-0.048255152804762336,-0.6779454056483954
Shampoo,TEL,42,0.3162,0.95,0.0001651223689790756,0.0003611162423455114,False,,10000,37.43166208267212,0.003743166208267212,0.049873111540892655,0.0013,18.43115234375,nan,nan,2497,8750,500,0.05,1.8963346481323242,0.0003491628990240713,0.000399049243723293,0.0003198549535731713,0.00021298631327226758,-4.786394429319199e-05,0.000424848758593827,0.024343686389187772,-0.0002595964256054228,0.48027342578803184,0.034168953634798514,7.192625308173382,26.101615061266926,3.628941303477355,8548.912396495867,460800.0,4608000000.0,nan,nan,nan,nan,nan,nan,nan,nan,nan,0,0.012849994901908544,0.5,0.0001651223689790756,0.009699999339996821,-0.003329092995969951,-0.15036013081822847
Shampoo,TEL,43,0.3162,0.95,0.00016457916646407395,0.00036117086676134674,False,,10000,37.795833587646484,0.0037795833587646486,0.05000167423226458,0.0012,18.43115234375,nan,nan,2497,9000,9000,0.9,34.0474328994751,0.00037722934105435574,0.00039492821864950774,0.00030920978997788916,0.00027058421983383596,-0.000106005053369762,0.00040357830264507846,0.024673293211987822,0.10793152752984436,0.25113285650921835,0.03512523043900727,7.239556148304201,29.775893497240542,4.112944618050275,8466.541669412778,460800.0,4608000000.0,nan,nan,nan,nan,nan,nan,nan,nan,nan,0,0.012828841197242796,0.5,0.00016457916646407395,0.009684136304905805,-2.8444573473063173e-05,0.15036013081822847
Shampoo,TEL,44,0.3162,0.95,0.00016485739045988315,0.0003610364005799635,False,,10000,37.27526378631592,0.003727526378631592,0.04998968703031792,0.0017,18.43115234375,nan,nan,2497,250,nan,nan,nan,0.00048195691184736554,0.0003825003520980559,0.0003650237650794779,0.00017927064618561417,-1.4413255725731022e-05,0.00042692229272329606,0.02354327151444458,-0.08478446122976403,0.2399264995706174,0.04127770122140644,7.383611064693213,34.76222016780444,4.7080242801560415,8584.781635199986,460800.0,4608000000.0,nan,nan,nan,nan,nan,nan,nan,nan,nan,0,0.012839680309878558,0.5,0.00016485739045988315,0.009692921209587622,-0.001719010370771823,-0.15036013081822847
Shampoo,TEL,45,0.3162,0.95,0.00016538932840660136,0.0003610445428590243,False,,10000,37.511921882629395,0.0037511921882629395,0.04999705506054854,0.0009,18.43115234375,nan,nan,2497,9750,1000,0.1,3.802565574645996,0.0003737164509317947,0.00038345421316362166,0.00030030495722574316,0.00033512053778395057,-0.0001697312093773492,0.0004201405389344766,0.023570067266480737,-0.05185426466672427,0.17557759602932346,0.03316325396299361,7.37746317188219,28.304474132257948,3.836613409353925,8530.621304907922,460800.0,4608000000.0,nan,nan,nan,nan,nan,nan,nan,nan,nan,0,0.012860378237307072,0.5,0.00016538932840660136,0.009721526393183955,-0.004951212166995678,-0.15036013081822847
Shampoo,TEL,46,0.3162,0.95,0.0001655111000651405,0.00035801917235478165,False,,10000,37.491559743881226,0.0037491559743881224,0.04999750325233407,0.0022,18.43115234375,nan,nan,2497,8250,8250,0.825,31.0108802318573,0.00032622265689775747,0.0003350190468313166,0.00034980251429296935,0.00035610771737992764,-0.00019059661731478714,0.0003995914124943063,0.024076956186108205,-0.09895944077581335,0.3528559584300885,0.029189873579889527,7.301230860173851,26.328361120616133,3.6060167970074604,8535.254392883062,460800.0,4608000000.0,nan,nan,nan,nan,nan,nan,nan,nan,nan,0,0.012865111739318104,0.5079787234042553,0.0001655111000651405,0.009720965037270197,-0.0056911303771696176,0.22250935198458954
Shampoo,TSLA,42,0.3162,0.95,0.0013547448512634945,0.0015697273489547103,False,,10000,37.323641300201416,0.0037323641300201415,0.050735316145635666,0.0043,18.43115234375,nan,nan,2497,9500,5500,0.55,20.479642868041992,0.0016634404579643344,0.8715564284881943,0.0013120213155189847,0.0015162165509536862,-0.0001614716996901917,0.00255957816750031,0.024685977610599076,-0.03282912657338666,3.2638385868561874,0.06691456511616706,7.192625308173382,76.63375560296072,10.654490164513017,8573.654360949855,460800.0,4608000000.0,nan,nan,nan,nan,nan,nan,nan,nan,nan,0,0.03680685875300274,0.4972677595628415,0.0013547448512634945,0.026593333385029776,-1.0578614129341801e-05,0.3845774534987678
Shampoo,TSLA,43,0.3162,0.95,0.0013547534011100811,0.0015696731332230241,False,,10000,37.09400939941406,0.0037094009399414062,0.04999492348249916,0.0036,18.43115234375,nan,nan,2497,4750,3000,0.3,11.122081995010376,0.001499915879507681,0.0014889226064976502,0.0013989503260405155,0.001189874717965722,0.00016487868314435904,0.0017830258425721628,0.024244094019187177,-0.15018772131894564,1.3978862432776804,0.06263141930103298,7.239556148304201,88.4493636653305,12.21751193766885,8626.729900086097,460800.0,4608000000.0,nan,nan,nan,nan,nan,nan,nan,nan,nan,0,0.036806974897566375,0.4972677595628415,0.0013547534011100811,0.026592814857191074,-1.6889719149926208e-05,0.3845774534987678
Shampoo,TSLA,44,0.3162,0.95,0.0013625164175294136,0.0015841853128720637,False,,10000,37.311654567718506,0.0037311654567718506,0.050006490190055514,0.0021,18.43115234375,nan,nan,2497,1500,1500,0.15,5.61417555809021,0.001458976405513887,0.0014557385773666335,0.0013484407588513693,0.0015864018350839615,-0.00022388541755454785,0.0018097818463067236,0.024526465933662388,-0.0737910232718398,0.11804563834836299,0.05518274698406455,7.383611064693213,33.56264074350179,4.545559137586604,8576.408730929325,460800.0,4608000000.0,nan,nan,nan,nan,nan,nan,nan,nan,nan,0,0.036912280036993296,0.5382513661202186,0.0013625164175294136,0.026541173132390922,-0.005747192760381159,0.8155339934481886
Shampoo,TSLA,45,0.3162,0.95,0.0013549155224867858,0.0015669713281605342,False,,10000,37.222240924835205,0.0037222240924835205,0.051033968239793746,0.0064,18.43115234375,nan,nan,2497,1500,500,0.05,1.8852195739746094,0.0013621248731251864,0.005042592608857364,0.0013085455992105535,0.0031690257601439953,-0.0018141102376572095,0.05840881748244685,0.025104150468120718,-0.03677837694694457,2.355893152910104,0.0556439807638525,7.37746317188219,31.87599886499738,4.320726260821842,8597.01060573415,460800.0,4608000000.0,nan,nan,nan,nan,nan,nan,nan,nan,nan,0,0.03680917715036273,0.5300546448087432,0.0013549155224867858,0.026578415938413858,-0.00013656029148889637,0.5807062359880508
Shampoo,TSLA,46,0.3162,0.95,0.001358283592052147,0.0015697655612475251,False,,10000,37.24815225601196,0.0037248152256011964,0.05710948332834121,0.0056,18.43115234375,nan,nan,2497,7750,7750,0.775,28.881669521331787,0.04029310714601667,0.0013145594995305648,0.0013333358887506479,0.000540547538548708,0.000817736053503439,0.024835305516243314,0.026360919021072467,0.157216308387305,7.3963262109514645,0.05226777829229829,7.301230860173851,95.46451005542475,13.07512553481313,8591.030175150529,460800.0,4608000000.0,nan,nan,nan,nan,nan,nan,nan,nan,nan,0,0.03685489915943533,0.5027322404371585,0.001358283592052147,0.026587762467848147,-0.002622714929189307,-0.3845774534987678
Shampoo,TXN,42,0.3162,0.95,0.00026503307794136974,,False,,,,,,,,,,,,,,,,,,,,,,,,,,,,,,,,,,,,,,,,,,,,,,
Shampoo,TXN,43,0.3162,0.95,0.00026514751728249605,0.0003522968893025851,False,,10000,37.42242169380188,0.003742242169380188,0.05000906813864806,0.0012,18.43115234375,nan,nan,2497,1750,1750,0.175,6.630394458770752,0.00036576059327494894,0.0003702519750735372,0.0003290033802609109,0.00026624888414517045,-1.1013668626743962e-06,0.00042321035955290013,0.024784403124565018,0.011820758065870782,0.1281520049874389,0.03679554127156733,7.239556148304201,31.853996646432595,4.399993037403833,8551.02330411183,460800.0,4608000000.0,nan,nan,nan,nan,nan,nan,nan,nan,nan,0,0.01628335092302859,0.5,0.00026514751728249605,0.012446383319834553,-0.0005436316663027796,-0.21894925911594168
Shampoo,TXN,44,0.3162,0.95,0.000514825737034833,0.00034948005600380326,False,,10000,37.42531728744507,0.003742531728744507,0.05000053691644362,0.0019,18.43115234375,nan,nan,2497,5500,3500,0.35,13.166144609451294,0.0004498090785598135,0.0003382886774346773,0.0002987379444999844,6.041774759069085e-05,0.00045440798944414217,0.00038263725225417736,0.02431094946169969,-0.022728848949004184,0.2263625075865064,0.03777690138667821,7.383611064693213,30.833103749343316,4.175884059871513,8550.36171215973,460800.0,4608000000.0,nan,nan,nan,nan,nan,nan,nan,nan,nan,0,0.02268977163910719,0.4947089947089947,0.000514825737034833,0.017458259743988198,-0.9427133162982022,0.2616971868109134
Shampoo,TXN,45,0.3162,0.95,0.000265013801042365,0.00035232068372974344,False,,10000,37.39761447906494,0.0037397614479064943,0.04999603784819241,0.0013,18.43115234375,nan,nan,2497,2000,750,0.075,2.8460381031036377,0.00035382047638039094,0.0003658335948680934,0.00030315264032317453,0.0002653526025824249,-3.3880154005986587e-07,0.0003912028903005432,0.023470116366085605,-0.017151329883066432,0.2975003995913387,0.029517892654985185,7.37746317188219,30.38279632729369,4.118325719753098,8556.695512734774,460800.0,4608000000.0,nan,nan,nan,nan,nan,nan,nan,nan,nan,0,0.016279244486227393,0.5,0.000265013801042365,0.012445989739957941,-3.904865574066996e-05,0.21894925911594168
Shampoo,TXN,46,0.3162,0.95,0.0002648032137325832,0.00035279514935035607,False,,10000,37.535173654556274,0.0037535173654556276,0.05000072274017099,0.0013,18.43115234375,nan,nan,2497,250,nan,nan,nan,0.0003704901706996881,0.00033872173429201743,0.0003566725420408831,0.0002837792271748185,-1.897601344223531e-05,0.00041835930897477186,0.024499270466767302,-0.008525311433229309,0.3000395147235306,0.031836154125630844,7.301230860173851,31.490230662868957,4.313003008114599,8525.336873222544,460800.0,4608000000.0,nan,nan,nan,nan,nan,nan,nan,nan,nan,0,0.016272775231428203,0.5,0.0002648032137325832,0.01244909927327797,0.0007556100831810353,0.21894925911594168
Shampoo,TYL,42,0.3162,0.95,0.0002283427726339411,0.0005632702172276828,False,,10000,37.585946559906006,0.0037585946559906005,0.04995862706989626,0.0014,18.43115234375,nan,nan,2497,500,500,0.05,1.954092025756836,0.00040096802600341435,0.000376215467230071,0.00032777993284724297,0.0001351107785012573,9.32319941326838e-05,0.0006462889528068597,0.023417906877372732,-0.057508708680048405,0.46409642331527723,0.03655362352728841,7.192625308173382,32.82712204025261,4.563997237969468,8513.820437912107,460800.0,4608000000.0,nan,nan,nan,nan,nan,nan,nan,nan,nan,0,0.015111014943872602,0.4894179894179894,0.0002283427726339411,0.010259608743052004,-0.01772003800018651,-0.9111216109985153
Shampoo,TYL,43,0.3162,0.95,0.0002270234088418345,0.0005625507717739682,False,,10000,37.50473475456238,0.0037504734754562376,0.04999592728134906,0.002,18.43115234375,nan,nan,2497,5500,500,0.05,1.897789716720581,0.00044577520641824684,0.00037928865889128385,0.000351310817914477,0.000280278327409178,-5.325491856734353e-05,0.0006316538710363266,0.024058319513541128,0.0068425271952909815,0.09773977220071975,0.04145159088075161,7.239556148304201,33.75204593145215,4.662170613782484,8532.256049646441,460800.0,4608000000.0,nan,nan,nan,nan,nan,nan,nan,nan,nan,0,0.01506729600299385,0.4894179894179894,0.0002270234088418345,0.010233219969209539,-0.01183965495521333,-0.9111216109985153
Shampoo,TYL,44,0.3162,0.95,0.00022570171920710771,0.0005625700998053311,False,,10000,37.43917465209961,0.003743917465209961,0.050020902917816995,0.0012,18.43115234375,nan,nan,2497,250,nan,nan,nan,0.00042495139457797106,0.0004153099394565354,0.0003293391115277417,0.0004096858319826424,-0.0001839841127755347,0.0006155193633411495,0.024376056185648524,-0.024338501015825412,0.21435855876777096,0.04030517283827066,7.383611064693213,30.472960631553008,4.127108045718704,8547.196966107644,460800.0,4608000000.0,nan,nan,nan,nan,nan,nan,nan,nan,nan,0,0.015023372431218887,0.4894179894179894,0.00022570171920710771,0.010211329611520919,-0.0059489056673656115,-0.9111216109985153
Shampoo,TYL,45,0.3162,0.95,0.0002261452061474008,0.0005630320358023404,False,,10000,37.65616321563721,0.003765616321563721,0.0499938335737201,0.0013,18.43115234375,nan,nan,2497,5000,750,0.075,2.7798306941986084,0.0004987501188711399,0.00041649540369603,0.00038243331308857373,0.00022692049969919026,-7.752935517894627e-07,0.0006292148647215597,0.02356219436362202,0.052912074070966215,0.4208706580377375,0.04225417040288447,7.37746317188219,29.47133282999877,3.994778712325288,8497.94489596635,460800.0,4608000000.0,nan,nan,nan,nan,nan,nan,nan,nan,nan,0,0.015038125087503455,0.5052910052910053,0.0002261452061474008,0.010206068634356141,-0.007925519774838241,-0.6368929264503355
Shampoo,TYL,46,0.3162,0.95,0.0002269428321924159,0.0005630381227488227,False,,10000,37.90356159210205,0.0037903561592102053,0.0499952875421193,0.0019,18.43115234375,nan,nan,2497,4000,1750,0.175,6.525479316711426,0.00044974475381062516,0.0003714243775660883,0.0003415968787360444,0.00024915067479014397,-2.2207842597728053e-05,0.0005970324570732296,0.02353230075086455,-0.11757041674161059,0.4884626137818572,0.03501219637691971,7.301230860173851,27.92809728541533,3.82512179388207,8442.478399356494,460800.0,4608000000.0,nan,nan,nan,nan,nan,nan,nan,nan,nan,0,0.01506462187352925,0.4894179894179894,0.0002269428321924159,0.010232043014001595,-0.011480526134264535,-0.9111216109985153
Shampoo,UBER,42,0.3162,0.95,0.0007103431287785651,0.00045106843323774743,False,,10000,37.50656342506409,0.003750656342506409,0.05009482178557786,0.0046,18.43115234375,nan,nan,2497,5000,5000,0.5,18.951887845993042,0.001415865793265158,0.001296841069701436,0.0013100824299913188,0.0006980011239647865,1.2342004813778538e-05,0.0005546711874959614,0.024573959955686498,0.03567874741641427,10.629784732005751,0.05018838923424469,7.192625308173382,93.82692224786277,13.044878361902432,8531.840050857798,460800.0,4608000000.0,nan,nan,nan,nan,nan,nan,nan,nan,nan,0,0.026652263108009517,0.46099290780141844,0.0007103431287785651,0.017686536614324004,-0.01964829047897676,-0.5863408748457569
Shampoo,UBER,43,0.3162,0.95,0.0007252178456581814,0.00045617554389255146,False,,10000,37.07451295852661,0.003707451295852661,0.05000801401163212,0.0039,18.43115234375,nan,nan,2497,3250,750,0.075,2.8507652282714844,0.0015492284147082937,0.0013193184335900646,0.001399976273517892,0.001010008156299591,-0.00028479031064140967,0.011129268622325189,0.024603924856846607,-0.011006500877616853,3.599215748503032,0.052939356304705136,7.239556148304201,33.92908083194616,4.686624447258929,8631.266454072313,460800.0,4608000000.0,nan,nan,nan,nan,nan,nan,nan,nan,nan,0,0.026929869024155714,0.46099290780141844,0.0007252178456581814,0.018105038454834844,-0.04099991481824383,-0.5863408748457569
Shampoo,UBER,44,0.3162,0.95,0.0007085646961776304,0.0004507670520057141,False,,10000,37.648088455200195,0.0037648088455200196,0.050032864795833853,0.0032,18.43115234375,nan,nan,2497,9250,1500,0.15,5.695474147796631,0.0015489363819380017,0.0016189584510318091,0.0014061798276130818,0.0012335256906226277,-0.0005249609944449974,0.005093499079734119,0.024029683407525156,-0.14720740342069796,2.6640879389498777,0.06713242270052432,7.383611064693213,77.07281745848994,10.438363665582958,8499.767534832159,460800.0,4608000000.0,nan,nan,nan,nan,nan,nan,nan,nan,nan,0,0.02661887856724303,0.46099290780141844,0.0007085646961776304,0.017640278372966067,-0.017095473836133745,-0.5863408748457569
Shampoo,UBER,45,0.3162,0.95,0.0007036925411560166,0.00045063546006108673,False,,10000,37.84775137901306,0.003784775137901306,0.049997552499921584,0.0025,18.43115234375,nan,nan,2497,9000,9000,0.9,34.015971660614014,0.0013379564844795552,0.0014179950146503667,0.0012848518065415036,0.0013128917198628187,-0.0006091991787068021,0.0005801198563450034,0.023375001458254552,-0.03805662025863395,1.13597859987547,0.051523455791175364,7.37746317188219,58.57251108346601,7.939383731077655,8454.927659914905,460800.0,4608000000.0,nan,nan,nan,nan,nan,nan,nan,nan,nan,0,0.026527203794520383,0.46099290780141844,0.0007036925411560166,0.01750316754193373,-0.010101833245452774,-0.5863408748457569
Shampoo,UBER,46,0.3162,0.95,0.0007049064611045408,0.0004505445839653552,False,,10000,37.37427496910095,0.0037374274969100953,0.04999583502300947,0.0028,18.43115234375,nan,nan,2497,8000,3250,0.325,12.281751871109009,0.0018882169559265533,0.0015172317829170437,0.0012921199924874089,0.0013335651019588113,-0.0006286586408542705,0.0011703607707989692,0.023325271743150914,0.05048488714645857,2.9947896730325323,0.06699778921902177,7.301230860173851,76.63830134680865,10.496627598073758,8562.039003152806,460800.0,4608000000.0,nan,nan,nan,nan,nan,nan,nan,nan,nan,0,0.026550074596967534,0.46099290780141844,0.0007049064611045408,0.017540297038118605,-0.011844331131536823,-0.5863408748457569
Shampoo,WDAY,42,0.3162,0.95,0.0004207817958546923,0.0006361659070179595,False,,10000,37.45240092277527,0.0037452400922775267,0.04999077027298588,0.0028,18.43115234375,nan,nan,2497,1750,1750,0.175,6.595970869064331,0.0008424565037696012,0.0007758121272086716,0.0006257956767248807,0.001245891209691763,-0.0008251094138370706,0.0007999513332809729,0.02382600712802345,-0.056319988344599135,0.5898022108757016,0.04971904698759316,7.192625308173382,30.28147908661655,4.210073205426955,8544.178533702603,460800.0,4608000000.0,nan,nan,nan,nan,nan,nan,nan,nan,nan,0,0.020512966529848683,0.5,0.0004207817958546923,0.013079537973775491,-0.015918192612268234,-0.29053930460164684
Shampoo,WDAY,43,0.3162,0.95,0.0004143048222962912,0.0006391212392707601,False,,10000,37.719756841659546,0.0037719756841659547,0.04999680870920213,0.0013,18.43115234375,nan,nan,2497,3000,2250,0.225,8.583065032958984,0.0008437820139958247,0.0007375220785917867,0.0006549521581305185,0.0004723261226899922,-5.802130039370097e-05,0.0007139436759357712,0.02438468668654234,0.19167253528305903,0.1712003137592863,0.044376561790704705,7.239556148304201,31.780690339425384,4.389867236110837,8483.617785324011,460800.0,4608000000.0,nan,nan,nan,nan,nan,nan,nan,nan,nan,0,0.020354479170351946,0.5162337662337663,0.0004143048222962912,0.012888433097244857,-0.00028045510586571787,0.39259644049279185
Shampoo,WDAY,44,0.3162,0.95,0.0006073420117427776,,False,,,,,,,,,,,,,,,,,,,,,,,,,,,,,,,,,,,,,,,,,,,,,,
Shampoo,WDAY,45,0.3162,0.95,0.00041622629800400175,0.0006363122975787433,False,,10000,38.72009778022766,0.003872009778022766,0.05000114306190217,0.0013,18.43115234375,nan,nan,2497,1000,750,0.075,2.8279757499694824,0.0008252322975372808,0.0007133740591621261,0.0006459804829997673,0.00041011942084878683,6.106877155214916e-06,0.0007518982738916073,0.024083340200817017,-0.10765887728407875,0.33802239718647115,0.04553868882358074,7.37746317188219,31.34241334918734,4.248399838665822,8264.441939591572,460800.0,4608000000.0,nan,nan,nan,nan,nan,nan,nan,nan,nan,0,0.020401624886366324,0.5032467532467533,0.00041622629800400175,0.012906174381057938,-0.0049195867112639124,-0.047334365175556524
Shampoo,WDAY,46,0.3162,0.95,0.00041390771602655384,0.0006358556036840432,False,,10000,40.709763050079346,0.004070976305007934,0.049994252445331275,0.0038,18.43115234375,nan,nan,2497,4750,4750,0.475,19.283814430236816,0.0007166320682972045,0.0006967831427401517,0.000631612746018328,0.0006699006189592183,-0.0002559929029326644,0.0007002815364009105,0.023708582048104485,0.0856171512743687,0.5079820665370356,0.040174118429422374,7.301230860173851,31.32686648589619,4.290628126385564,7860.522293051674,460800.0,4608000000.0,nan,nan,nan,nan,nan,nan,nan,nan,nan,0,0.02034472206805868,0.5162337662337663,0.00041390771602655384,0.012937779550428515,0.0006783018741198799,0.2198825408315753
Sophia,AAPL,42,0.003162,,0.00018334294122362892,,False,,,,,,,,,,,,,,,,,,,,,,,,,,,,,,,,,,,,,,,,,,,,,,
Sophia,AAPL,43,0.003162,,0.0002015597290462918,,False,,,,,,,,,,,,,,,,,,,,,,,,,,,,,,,,,,,,,,,,,,,,,,
Sophia,AAPL,44,0.003162,,0.00018413928608414988,,False,,,,,,,,,,,,,,,,,,,,,,,,,,,,,,,,,,,,,,,,,,,,,,
Sophia,AAPL,45,0.003162,,0.00018255026252181442,,False,,,,,,,,,,,,,,,,,,,,,,,,,,,,,,,,,,,,,,,,,,,,,,
Sophia,AAPL,46,0.003162,,0.00018946363260506323,,False,,,,,,,,,,,,,,,,,,,,,,,,,,,,,,,,,,,,,,,,,,,,,,
Sophia,ACN,42,0.003162,,0.00021034759030771005,,False,,,,,,,,,,,,,,,,,,,,,,,,,,,,,,,,,,,,,,,,,,,,,,
Sophia,ACN,43,0.003162,,0.00021178251694119166,,False,,,,,,,,,,,,,,,,,,,,,,,,,,,,,,,,,,,,,,,,,,,,,,
Sophia,ACN,44,0.003162,,0.00035676856835683185,,False,,,,,,,,,,,,,,,,,,,,,,,,,,,,,,,,,,,,,,,,,,,,,,
Sophia,ACN,45,0.003162,,0.00020678098949175033,,False,,,,,,,,,,,,,,,,,,,,,,,,,,,,,,,,,,,,,,,,,,,,,,
Sophia,ACN,46,0.003162,,0.00022390013728192242,,False,,,,,,,,,,,,,,,,,,,,,,,,,,,,,,,,,,,,,,,,,,,,,,
Sophia,ADBE,42,0.003162,,0.00046833127579361044,,False,,,,,,,,,,,,,,,,,,,,,,,,,,,,,,,,,,,,,,,,,,,,,,
Sophia,ADBE,43,0.003162,,0.0004708282058201139,,False,,,,,,,,,,,,,,,,,,,,,,,,,,,,,,,,,,,,,,,,,,,,,,
Sophia,ADBE,44,0.003162,,0.00047205857656620166,,False,,,,,,,,,,,,,,,,,,,,,,,,,,,,,,,,,,,,,,,,,,,,,,
Sophia,ADBE,45,0.003162,,0.00047470195583565526,,False,,,,,,,,,,,,,,,,,,,,,,,,,,,,,,,,,,,,,,,,,,,,,,
Sophia,ADBE,46,0.003162,,0.0005622404041113677,,False,,,,,,,,,,,,,,,,,,,,,,,,,,,,,,,,,,,,,,,,,,,,,,
Sophia,ADI,42,0.003162,,0.00033929400027744356,,False,,,,,,,,,,,,,,,,,,,,,,,,,,,,,,,,,,,,,,,,,,,,,,
Sophia,ADI,43,0.003162,,0.0003460638579868135,,False,,,,,,,,,,,,,,,,,,,,,,,,,,,,,,,,,,,,,,,,,,,,,,
Sophia,ADI,44,0.003162,,0.0003362940575079943,,False,,,,,,,,,,,,,,,,,,,,,,,,,,,,,,,,,,,,,,,,,,,,,,
Sophia,ADI,45,0.003162,,0.00034685377721433287,,False,,,,,,,,,,,,,,,,,,,,,,,,,,,,,,,,,,,,,,,,,,,,,,
Sophia,ADI,46,0.003162,,0.0003912037721386662,,False,,,,,,,,,,,,,,,,,,,,,,,,,,,,,,,,,,,,,,,,,,,,,,
Sophia,ADSK,42,0.003162,,0.0003144850254689575,,False,,,,,,,,,,,,,,,,,,,,,,,,,,,,,,,,,,,,,,,,,,,,,,
Sophia,ADSK,43,0.003162,,0.00030287617334613095,,False,,,,,,,,,,,,,,,,,,,,,,,,,,,,,,,,,,,,,,,,,,,,,,
Sophia,ADSK,44,0.003162,,0.00033962702940380763,,False,,,,,,,,,,,,,,,,,,,,,,,,,,,,,,,,,,,,,,,,,,,,,,
Sophia,ADSK,45,0.003162,,0.0003179519698418007,,False,,,,,,,,,,,,,,,,,,,,,,,,,,,,,,,,,,,,,,,,,,,,,,
Sophia,ADSK,46,0.003162,,0.00032345252850699046,,False,,,,,,,,,,,,,,,,,,,,,,,,,,,,,,,,,,,,,,,,,,,,,,
Sophia,AMD,42,0.003162,,0.0008776872246353714,,False,,,,,,,,,,,,,,,,,,,,,,,,,,,,,,,,,,,,,,,,,,,,,,
Sophia,AMD,43,0.003162,,0.0009910226972014815,,False,,,,,,,,,,,,,,,,,,,,,,,,,,,,,,,,,,,,,,,,,,,,,,
Sophia,AMD,44,0.003162,,0.0009317396494446608,,False,,,,,,,,,,,,,,,,,,,,,,,,,,,,,,,,,,,,,,,,,,,,,,
Sophia,AMD,45,0.003162,,0.000832979956631938,,False,,,,,,,,,,,,,,,,,,,,,,,,,,,,,,,,,,,,,,,,,,,,,,
Sophia,AMD,46,0.003162,,0.0010567062273227348,,False,,,,,,,,,,,,,,,,,,,,,,,,,,,,,,,,,,,,,,,,,,,,,,
Sophia,AMZN,42,0.003162,,0.00033951018537793843,,False,,,,,,,,,,,,,,,,,,,,,,,,,,,,,,,,,,,,,,,,,,,,,,
Sophia,AMZN,43,0.003162,,0.00034102166771257994,,False,,,,,,,,,,,,,,,,,,,,,,,,,,,,,,,,,,,,,,,,,,,,,,
Sophia,AMZN,44,0.003162,,0.00033668448369969766,,False,,,,,,,,,,,,,,,,,,,,,,,,,,,,,,,,,,,,,,,,,,,,,,
Sophia,AMZN,45,0.003162,,0.000334962492897397,,False,,,,,,,,,,,,,,,,,,,,,,,,,,,,,,,,,,,,,,,,,,,,,,
Sophia,AMZN,46,0.003162,,0.00036082223609641744,,False,,,,,,,,,,,,,,,,,,,,,,,,,,,,,,,,,,,,,,,,,,,,,,
Sophia,APH,42,0.003162,,0.0002360582430526693,,False,,,,,,,,,,,,,,,,,,,,,,,,,,,,,,,,,,,,,,,,,,,,,,
Sophia,APH,43,0.003162,,0.00022810413723900203,,False,,,,,,,,,,,,,,,,,,,,,,,,,,,,,,,,,,,,,,,,,,,,,,
Sophia,APH,44,0.003162,,0.0010920371958818384,,False,,,,,,,,,,,,,,,,,,,,,,,,,,,,,,,,,,,,,,,,,,,,,,
Sophia,APH,45,0.003162,,0.0002380046185362276,,False,,,,,,,,,,,,,,,,,,,,,,,,,,,,,,,,,,,,,,,,,,,,,,
Sophia,APH,46,0.003162,,0.0005408285392655267,,False,,,,,,,,,,,,,,,,,,,,,,,,,,,,,,,,,,,,,,,,,,,,,,
Sophia,AVGO,42,0.003162,,0.0008780446948197783,,False,,,,,,,,,,,,,,,,,,,,,,,,,,,,,,,,,,,,,,,,,,,,,,
Sophia,AVGO,43,0.003162,,0.0014120349808344765,,False,,,,,,,,,,,,,,,,,,,,,,,,,,,,,,,,,,,,,,,,,,,,,,
Sophia,AVGO,44,0.003162,,0.0010931252960174802,,False,,,,,,,,,,,,,,,,,,,,,,,,,,,,,,,,,,,,,,,,,,,,,,
Sophia,AVGO,45,0.003162,,0.0008997049911943062,,False,,,,,,,,,,,,,,,,,,,,,,,,,,,,,,,,,,,,,,,,,,,,,,
Sophia,AVGO,46,0.003162,,0.0009198835287144576,,False,,,,,,,,,,,,,,,,,,,,,,,,,,,,,,,,,,,,,,,,,,,,,,
Sophia,CDNS,42,0.003162,,0.00043934567895515886,,False,,,,,,,,,,,,,,,,,,,,,,,,,,,,,,,,,,,,,,,,,,,,,,
Sophia,CDNS,43,0.003162,,0.0005416214939147707,,False,,,,,,,,,,,,,,,,,,,,,,,,,,,,,,,,,,,,,,,,,,,,,,
Sophia,CDNS,44,0.003162,,0.00039787913756395775,,False,,,,,,,,,,,,,,,,,,,,,,,,,,,,,,,,,,,,,,,,,,,,,,
Sophia,CDNS,45,0.003162,,0.0004015545602198,,False,,,,,,,,,,,,,,,,,,,,,,,,,,,,,,,,,,,,,,,,,,,,,,
Sophia,CDNS,46,0.003162,,0.00039868387911054824,,False,,,,,,,,,,,,,,,,,,,,,,,,,,,,,,,,,,,,,,,,,,,,,,
Sophia,CRM,42,0.003162,,0.0005066278513777192,,False,,,,,,,,,,,,,,,,,,,,,,,,,,,,,,,,,,,,,,,,,,,,,,
Sophia,CRM,43,0.003162,,0.0006051916215154859,,False,,,,,,,,,,,,,,,,,,,,,,,,,,,,,,,,,,,,,,,,,,,,,,
Sophia,CRM,44,0.003162,,0.0005395428607703516,,False,,,,,,,,,,,,,,,,,,,,,,,,,,,,,,,,,,,,,,,,,,,,,,
Sophia,CRM,45,0.003162,,0.0004644699039913359,,False,,,,,,,,,,,,,,,,,,,,,,,,,,,,,,,,,,,,,,,,,,,,,,
Sophia,CRM,46,0.003162,,0.0005365297513664084,,False,,,,,,,,,,,,,,,,,,,,,,,,,,,,,,,,,,,,,,,,,,,,,,
Sophia,CSCO,42,0.003162,,0.000146925104437051,,False,,,,,,,,,,,,,,,,,,,,,,,,,,,,,,,,,,,,,,,,,,,,,,
Sophia,CSCO,43,0.003162,,0.00015812373114010644,,False,,,,,,,,,,,,,,,,,,,,,,,,,,,,,,,,,,,,,,,,,,,,,,
Sophia,CSCO,44,0.003162,,0.0001465154210568736,,False,,,,,,,,,,,,,,,,,,,,,,,,,,,,,,,,,,,,,,,,,,,,,,
Sophia,CSCO,45,0.003162,,0.00014978850250521665,,False,,,,,,,,,,,,,,,,,,,,,,,,,,,,,,,,,,,,,,,,,,,,,,
Sophia,CSCO,46,0.003162,,0.00014928345957761089,,False,,,,,,,,,,,,,,,,,,,,,,,,,,,,,,,,,,,,,,,,,,,,,,
Sophia,CTSH,42,0.003162,,0.00017846775827584443,,False,,,,,,,,,,,,,,,,,,,,,,,,,,,,,,,,,,,,,,,,,,,,,,
Sophia,CTSH,43,0.003162,,0.0001707205539027219,,False,,,,,,,,,,,,,,,,,,,,,,,,,,,,,,,,,,,,,,,,,,,,,,
Sophia,CTSH,44,0.003162,,0.0001818237717820223,,False,,,,,,,,,,,,,,,,,,,,,,,,,,,,,,,,,,,,,,,,,,,,,,
Sophia,CTSH,45,0.003162,,0.00017112040172809017,,False,,,,,,,,,,,,,,,,,,,,,,,,,,,,,,,,,,,,,,,,,,,,,,
Sophia,CTSH,46,0.003162,,0.00017168120574698878,,False,,,,,,,,,,,,,,,,,,,,,,,,,,,,,,,,,,,,,,,,,,,,,,
Sophia,FICO,42,0.003162,,0.0007357498009999593,,False,,,,,,,,,,,,,,,,,,,,,,,,,,,,,,,,,,,,,,,,,,,,,,
Sophia,FICO,43,0.003162,,0.002045735795661886,,False,,,,,,,,,,,,,,,,,,,,,,,,,,,,,,,,,,,,,,,,,,,,,,
Sophia,FICO,44,0.003162,,0.0038283719587578345,,False,,,,,,,,,,,,,,,,,,,,,,,,,,,,,,,,,,,,,,,,,,,,,,
Sophia,FICO,45,0.003162,,0.0039751822986300025,,False,,,,,,,,,,,,,,,,,,,,,,,,,,,,,,,,,,,,,,,,,,,,,,
Sophia,FICO,46,0.003162,,0.0003577758553166869,,False,,,,,,,,,,,,,,,,,,,,,,,,,,,,,,,,,,,,,,,,,,,,,,
Sophia,FTNT,42,0.003162,,0.0007172577753268853,,False,,,,,,,,,,,,,,,,,,,,,,,,,,,,,,,,,,,,,,,,,,,,,,
Sophia,FTNT,43,0.003162,,0.0008841964302870332,,False,,,,,,,,,,,,,,,,,,,,,,,,,,,,,,,,,,,,,,,,,,,,,,
Sophia,FTNT,44,0.003162,,0.0008576348345115702,,False,,,,,,,,,,,,,,,,,,,,,,,,,,,,,,,,,,,,,,,,,,,,,,
Sophia,FTNT,45,0.003162,,0.0008613289033294355,,False,,,,,,,,,,,,,,,,,,,,,,,,,,,,,,,,,,,,,,,,,,,,,,
Sophia,FTNT,46,0.003162,,0.0007421683382104944,,False,,,,,,,,,,,,,,,,,,,,,,,,,,,,,,,,,,,,,,,,,,,,,,
Sophia,GLW,42,0.003162,,0.00024116196960368485,,False,,,,,,,,,,,,,,,,,,,,,,,,,,,,,,,,,,,,,,,,,,,,,,
Sophia,GLW,43,0.003162,,0.00024104128202433308,,False,,,,,,,,,,,,,,,,,,,,,,,,,,,,,,,,,,,,,,,,,,,,,,
Sophia,GLW,44,0.003162,,0.00024604659389566494,,False,,,,,,,,,,,,,,,,,,,,,,,,,,,,,,,,,,,,,,,,,,,,,,
Sophia,GLW,45,0.003162,,0.00023283070278546167,,False,,,,,,,,,,,,,,,,,,,,,,,,,,,,,,,,,,,,,,,,,,,,,,
Sophia,GLW,46,0.003162,,0.00023652053383923082,,False,,,,,,,,,,,,,,,,,,,,,,,,,,,,,,,,,,,,,,,,,,,,,,
Sophia,GOOGL,42,0.003162,,0.00036471577548476125,,False,,,,,,,,,,,,,,,,,,,,,,,,,,,,,,,,,,,,,,,,,,,,,,
Sophia,GOOGL,43,0.003162,,0.0003868851554456842,,False,,,,,,,,,,,,,,,,,,,,,,,,,,,,,,,,,,,,,,,,,,,,,,
Sophia,GOOGL,44,0.003162,,0.0004826814882338993,,False,,,,,,,,,,,,,,,,,,,,,,,,,,,,,,,,,,,,,,,,,,,,,,
Sophia,GOOGL,45,0.003162,,0.0003328103394735427,,False,,,,,,,,,,,,,,,,,,,,,,,,,,,,,,,,,,,,,,,,,,,,,,
Sophia,GOOGL,46,0.003162,,0.0003351222664590866,,False,,,,,,,,,,,,,,,,,,,,,,,,,,,,,,,,,,,,,,,,,,,,,,
Sophia,GPN,42,0.003162,,0.000326880682555456,,False,,,,,,,,,,,,,,,,,,,,,,,,,,,,,,,,,,,,,,,,,,,,,,
Sophia,GPN,43,0.003162,,0.0003308149241896533,,False,,,,,,,,,,,,,,,,,,,,,,,,,,,,,,,,,,,,,,,,,,,,,,
Sophia,GPN,44,0.003162,,0.00032879885226961165,,False,,,,,,,,,,,,,,,,,,,,,,,,,,,,,,,,,,,,,,,,,,,,,,
Sophia,GPN,45,0.003162,,0.00032864735713080757,,False,,,,,,,,,,,,,,,,,,,,,,,,,,,,,,,,,,,,,,,,,,,,,,
Sophia,GPN,46,0.003162,,0.0003275921538708702,,False,,,,,,,,,,,,,,,,,,,,,,,,,,,,,,,,,,,,,,,,,,,,,,
Sophia,GRMN,42,0.003162,,0.00036792595077444004,,False,,,,,,,,,,,,,,,,,,,,,,,,,,,,,,,,,,,,,,,,,,,,,,
Sophia,GRMN,43,0.003162,,0.0004497620636823947,,False,,,,,,,,,,,,,,,,,,,,,,,,,,,,,,,,,,,,,,,,,,,,,,
Sophia,GRMN,44,0.003162,,0.00043942081549810984,,False,,,,,,,,,,,,,,,,,,,,,,,,,,,,,,,,,,,,,,,,,,,,,,
Sophia,GRMN,45,0.003162,,0.0006267565583425855,,False,,,,,,,,,,,,,,,,,,,,,,,,,,,,,,,,,,,,,,,,,,,,,,
Sophia,GRMN,46,0.003162,,0.0009138705553831878,,False,,,,,,,,,,,,,,,,,,,,,,,,,,,,,,,,,,,,,,,,,,,,,,
Sophia,HPE,42,0.003162,,0.0005924596997170612,,False,,,,,,,,,,,,,,,,,,,,,,,,,,,,,,,,,,,,,,,,,,,,,,
Sophia,HPE,43,0.003162,,0.0016865162500019732,,False,,,,,,,,,,,,,,,,,,,,,,,,,,,,,,,,,,,,,,,,,,,,,,
Sophia,HPE,44,0.003162,,0.0005880707296831854,,False,,,,,,,,,,,,,,,,,,,,,,,,,,,,,,,,,,,,,,,,,,,,,,
Sophia,HPE,45,0.003162,,0.0007043692829280064,,False,,,,,,,,,,,,,,,,,,,,,,,,,,,,,,,,,,,,,,,,,,,,,,
Sophia,HPE,46,0.003162,,0.0007945606163863478,,False,,,,,,,,,,,,,,,,,,,,,,,,,,,,,,,,,,,,,,,,,,,,,,
Sophia,HPQ,42,0.003162,,0.00034186969358454306,,False,,,,,,,,,,,,,,,,,,,,,,,,,,,,,,,,,,,,,,,,,,,,,,
Sophia,HPQ,43,0.003162,,0.0003998792045330875,,False,,,,,,,,,,,,,,,,,,,,,,,,,,,,,,,,,,,,,,,,,,,,,,
Sophia,HPQ,44,0.003162,,0.0003424905753009534,,False,,,,,,,,,,,,,,,,,,,,,,,,,,,,,,,,,,,,,,,,,,,,,,
Sophia,HPQ,45,0.003162,,0.0003368092907799615,,False,,,,,,,,,,,,,,,,,,,,,,,,,,,,,,,,,,,,,,,,,,,,,,
Sophia,HPQ,46,0.003162,,0.0003377009557668494,,False,,,,,,,,,,,,,,,,,,,,,,,,,,,,,,,,,,,,,,,,,,,,,,
Sophia,IBM,42,0.003162,,0.00026418170127919113,,False,,,,,,,,,,,,,,,,,,,,,,,,,,,,,,,,,,,,,,,,,,,,,,
Sophia,IBM,43,0.003162,,0.0002156044676821068,,False,,,,,,,,,,,,,,,,,,,,,,,,,,,,,,,,,,,,,,,,,,,,,,
Sophia,IBM,44,0.003162,,0.0012242972220062578,,False,,,,,,,,,,,,,,,,,,,,,,,,,,,,,,,,,,,,,,,,,,,,,,
Sophia,IBM,45,0.003162,,0.0003736644746765258,,False,,,,,,,,,,,,,,,,,,,,,,,,,,,,,,,,,,,,,,,,,,,,,,
Sophia,IBM,46,0.003162,,0.007944312675920114,,False,,,,,,,,,,,,,,,,,,,,,,,,,,,,,,,,,,,,,,,,,,,,,,
Sophia,INTC,42,0.003162,,0.0009274260392264714,,False,,,,,,,,,,,,,,,,,,,,,,,,,,,,,,,,,,,,,,,,,,,,,,
Sophia,INTC,43,0.003162,,0.0009613913833779633,,False,,,,,,,,,,,,,,,,,,,,,,,,,,,,,,,,,,,,,,,,,,,,,,
Sophia,INTC,44,0.003162,,0.000953386384974081,,False,,,,,,,,,,,,,,,,,,,,,,,,,,,,,,,,,,,,,,,,,,,,,,
Sophia,INTC,45,0.003162,,0.001085315431867327,,False,,,,,,,,,,,,,,,,,,,,,,,,,,,,,,,,,,,,,,,,,,,,,,
Sophia,INTC,46,0.003162,,0.0009301110865577818,,False,,,,,,,,,,,,,,,,,,,,,,,,,,,,,,,,,,,,,,,,,,,,,,
Sophia,INTU,42,0.003162,,0.0003308532020402333,,False,,,,,,,,,,,,,,,,,,,,,,,,,,,,,,,,,,,,,,,,,,,,,,
Sophia,INTU,43,0.003162,,0.0003014463320295647,,False,,,,,,,,,,,,,,,,,,,,,,,,,,,,,,,,,,,,,,,,,,,,,,
Sophia,INTU,44,0.003162,,0.0002936490234874544,,False,,,,,,,,,,,,,,,,,,,,,,,,,,,,,,,,,,,,,,,,,,,,,,
Sophia,INTU,45,0.003162,,0.0002929976298695519,,False,,,,,,,,,,,,,,,,,,,,,,,,,,,,,,,,,,,,,,,,,,,,,,
Sophia,INTU,46,0.003162,,0.0002958862278511915,,False,,,,,,,,,,,,,,,,,,,,,,,,,,,,,,,,,,,,,,,,,,,,,,
Sophia,KEYS,42,0.003162,,0.0003783497237419897,,False,,,,,,,,,,,,,,,,,,,,,,,,,,,,,,,,,,,,,,,,,,,,,,
Sophia,KEYS,43,0.003162,,0.0003740464647610982,,False,,,,,,,,,,,,,,,,,,,,,,,,,,,,,,,,,,,,,,,,,,,,,,
Sophia,KEYS,44,0.003162,,0.0003844972613245942,,False,,,,,,,,,,,,,,,,,,,,,,,,,,,,,,,,,,,,,,,,,,,,,,
Sophia,KEYS,45,0.003162,,0.0003799045270727586,,False,,,,,,,,,,,,,,,,,,,,,,,,,,,,,,,,,,,,,,,,,,,,,,
Sophia,KEYS,46,0.003162,,0.0003780292332634445,,False,,,,,,,,,,,,,,,,,,,,,,,,,,,,,,,,,,,,,,,,,,,,,,
Sophia,KLAC,42,0.003162,,0.0006431053397516725,,False,,,,,,,,,,,,,,,,,,,,,,,,,,,,,,,,,,,,,,,,,,,,,,
Sophia,KLAC,43,0.003162,,0.0006305048705408813,,False,,,,,,,,,,,,,,,,,,,,,,,,,,,,,,,,,,,,,,,,,,,,,,
Sophia,KLAC,44,0.003162,,0.0006914980827815949,,False,,,,,,,,,,,,,,,,,,,,,,,,,,,,,,,,,,,,,,,,,,,,,,
Sophia,KLAC,45,0.003162,,0.0007122406568476762,,False,,,,,,,,,,,,,,,,,,,,,,,,,,,,,,,,,,,,,,,,,,,,,,
Sophia,KLAC,46,0.003162,,0.0006635943575510903,,False,,,,,,,,,,,,,,,,,,,,,,,,,,,,,,,,,,,,,,,,,,,,,,
Sophia,LRCX,42,0.003162,,0.0006549146282609808,,False,,,,,,,,,,,,,,,,,,,,,,,,,,,,,,,,,,,,,,,,,,,,,,
Sophia,LRCX,43,0.003162,,0.0006496585787288727,,False,,,,,,,,,,,,,,,,,,,,,,,,,,,,,,,,,,,,,,,,,,,,,,
Sophia,LRCX,44,0.003162,,0.0017430192579037298,,False,,,,,,,,,,,,,,,,,,,,,,,,,,,,,,,,,,,,,,,,,,,,,,
Sophia,LRCX,45,0.003162,,0.0008510790331653817,,False,,,,,,,,,,,,,,,,,,,,,,,,,,,,,,,,,,,,,,,,,,,,,,
Sophia,LRCX,46,0.003162,,0.0009514375653847185,,False,,,,,,,,,,,,,,,,,,,,,,,,,,,,,,,,,,,,,,,,,,,,,,
Sophia,MCHP,42,0.003162,,0.0005244997443345489,,False,,,,,,,,,,,,,,,,,,,,,,,,,,,,,,,,,,,,,,,,,,,,,,
Sophia,MCHP,43,0.003162,,0.0005211929086024168,,False,,,,,,,,,,,,,,,,,,,,,,,,,,,,,,,,,,,,,,,,,,,,,,
Sophia,MCHP,44,0.003162,,0.0005233289388121751,,False,,,,,,,,,,,,,,,,,,,,,,,,,,,,,,,,,,,,,,,,,,,,,,
Sophia,MCHP,45,0.003162,,0.0005326978665180307,,False,,,,,,,,,,,,,,,,,,,,,,,,,,,,,,,,,,,,,,,,,,,,,,
Sophia,MCHP,46,0.003162,,0.0005141086679287057,,False,,,,,,,,,,,,,,,,,,,,,,,,,,,,,,,,,,,,,,,,,,,,,,
Sophia,META,42,0.003162,,0.000520264577565703,,False,,,,,,,,,,,,,,,,,,,,,,,,,,,,,,,,,,,,,,,,,,,,,,
Sophia,META,43,0.003162,,0.0005169574101016207,,False,,,,,,,,,,,,,,,,,,,,,,,,,,,,,,,,,,,,,,,,,,,,,,
Sophia,META,44,0.003162,,0.0006271223039747034,,False,,,,,,,,,,,,,,,,,,,,,,,,,,,,,,,,,,,,,,,,,,,,,,
Sophia,META,45,0.003162,,0.00046754984548256833,,False,,,,,,,,,,,,,,,,,,,,,,,,,,,,,,,,,,,,,,,,,,,,,,
Sophia,META,46,0.003162,,0.0004733135021707547,,False,,,,,,,,,,,,,,,,,,,,,,,,,,,,,,,,,,,,,,,,,,,,,,
Sophia,MRVL,42,0.003162,,0.0010431232275786224,,False,,,,,,,,,,,,,,,,,,,,,,,,,,,,,,,,,,,,,,,,,,,,,,
Sophia,MRVL,43,0.003162,,0.0010375484587654236,,False,,,,,,,,,,,,,,,,,,,,,,,,,,,,,,,,,,,,,,,,,,,,,,
Sophia,MRVL,44,0.003162,,0.0011559856474084198,,False,,,,,,,,,,,,,,,,,,,,,,,,,,,,,,,,,,,,,,,,,,,,,,
Sophia,MRVL,45,0.003162,,0.0010575882341495898,,False,,,,,,,,,,,,,,,,,,,,,,,,,,,,,,,,,,,,,,,,,,,,,,
Sophia,MRVL,46,0.003162,,0.0011751177922758476,,False,,,,,,,,,,,,,,,,,,,,,,,,,,,,,,,,,,,,,,,,,,,,,,
Sophia,MSFT,42,0.003162,,0.00016802084193658578,,False,,,,,,,,,,,,,,,,,,,,,,,,,,,,,,,,,,,,,,,,,,,,,,
Sophia,MSFT,43,0.003162,,0.00018324137285903648,,False,,,,,,,,,,,,,,,,,,,,,,,,,,,,,,,,,,,,,,,,,,,,,,
Sophia,MSFT,44,0.003162,,0.00021520164356660592,,False,,,,,,,,,,,,,,,,,,,,,,,,,,,,,,,,,,,,,,,,,,,,,,
Sophia,MSFT,45,0.003162,,0.000169744705239301,,False,,,,,,,,,,,,,,,,,,,,,,,,,,,,,,,,,,,,,,,,,,,,,,
Sophia,MSFT,46,0.003162,,0.0001685329018131135,,False,,,,,,,,,,,,,,,,,,,,,,,,,,,,,,,,,,,,,,,,,,,,,,
Sophia,MSI,42,0.003162,,0.00013190242782156305,,False,,,,,,,,,,,,,,,,,,,,,,,,,,,,,,,,,,,,,,,,,,,,,,
Sophia,MSI,43,0.003162,,0.0003497121589524405,,False,,,,,,,,,,,,,,,,,,,,,,,,,,,,,,,,,,,,,,,,,,,,,,
Sophia,MSI,44,0.003162,,0.0001338171580481151,,False,,,,,,,,,,,,,,,,,,,,,,,,,,,,,,,,,,,,,,,,,,,,,,
Sophia,MSI,45,0.003162,,0.00012750493944006623,,False,,,,,,,,,,,,,,,,,,,,,,,,,,,,,,,,,,,,,,,,,,,,,,
Sophia,MSI,46,0.003162,,0.00013723337737025408,,False,,,,,,,,,,,,,,,,,,,,,,,,,,,,,,,,,,,,,,,,,,,,,,
Sophia,MU,42,0.003162,,0.0008648489675824604,,False,,,,,,,,,,,,,,,,,,,,,,,,,,,,,,,,,,,,,,,,,,,,,,
Sophia,MU,43,0.003162,,0.0008474179991969356,,False,,,,,,,,,,,,,,,,,,,,,,,,,,,,,,,,,,,,,,,,,,,,,,
Sophia,MU,44,0.003162,,0.0008524109919865926,,False,,,,,,,,,,,,,,,,,,,,,,,,,,,,,,,,,,,,,,,,,,,,,,
Sophia,MU,45,0.003162,,0.000908714044031012,,False,,,,,,,,,,,,,,,,,,,,,,,,,,,,,,,,,,,,,,,,,,,,,,
Sophia,MU,46,0.003162,,0.000868656490214918,,False,,,,,,,,,,,,,,,,,,,,,,,,,,,,,,,,,,,,,,,,,,,,,,
Sophia,NOW,42,0.003162,,0.0007529209057490031,,False,,,,,,,,,,,,,,,,,,,,,,,,,,,,,,,,,,,,,,,,,,,,,,
Sophia,NOW,43,0.003162,,0.0005823263573268104,,False,,,,,,,,,,,,,,,,,,,,,,,,,,,,,,,,,,,,,,,,,,,,,,
Sophia,NOW,44,0.003162,,0.000658421620490059,,False,,,,,,,,,,,,,,,,,,,,,,,,,,,,,,,,,,,,,,,,,,,,,,
Sophia,NOW,45,0.003162,,0.00043426425684066046,,False,,,,,,,,,,,,,,,,,,,,,,,,,,,,,,,,,,,,,,,,,,,,,,
Sophia,NOW,46,0.003162,,0.0006022527104332334,,False,,,,,,,,,,,,,,,,,,,,,,,,,,,,,,,,,,,,,,,,,,,,,,
Sophia,NVDA,42,0.003162,,0.0009275339740924735,,False,,,,,,,,,,,,,,,,,,,,,,,,,,,,,,,,,,,,,,,,,,,,,,
Sophia,NVDA,43,0.003162,,0.001307502546638408,,False,,,,,,,,,,,,,,,,,,,,,,,,,,,,,,,,,,,,,,,,,,,,,,
Sophia,NVDA,44,0.003162,,0.02149655579259156,,True,primary 0.0215 is >50.0x off the task peer median 0.000423,,,,,,,,,,,,,,,,,,,,,,,,,,,,,,,,,,,,,,,,,,,,,
Sophia,NVDA,45,0.003162,,0.0009926402221911799,,False,,,,,,,,,,,,,,,,,,,,,,,,,,,,,,,,,,,,,,,,,,,,,,
Sophia,NVDA,46,0.003162,,0.02386598990707801,,True,primary 0.02387 is >50.0x off the task peer median 0.000423,,,,,,,,,,,,,,,,,,,,,,,,,,,,,,,,,,,,,,,,,,,,,
Sophia,NXPI,42,0.003162,,0.0006346311779390025,,False,,,,,,,,,,,,,,,,,,,,,,,,,,,,,,,,,,,,,,,,,,,,,,
Sophia,NXPI,43,0.003162,,0.00048617484976765866,,False,,,,,,,,,,,,,,,,,,,,,,,,,,,,,,,,,,,,,,,,,,,,,,
Sophia,NXPI,44,0.003162,,0.000592059011958519,,False,,,,,,,,,,,,,,,,,,,,,,,,,,,,,,,,,,,,,,,,,,,,,,
Sophia,NXPI,45,0.003162,,0.0005226007998810655,,False,,,,,,,,,,,,,,,,,,,,,,,,,,,,,,,,,,,,,,,,,,,,,,
Sophia,NXPI,46,0.003162,,0.00045593768440330655,,False,,,,,,,,,,,,,,,,,,,,,,,,,,,,,,,,,,,,,,,,,,,,,,
Sophia,ORCL,42,0.003162,,0.0004706933069481421,,False,,,,,,,,,,,,,,,,,,,,,,,,,,,,,,,,,,,,,,,,,,,,,,
Sophia,ORCL,43,0.003162,,0.0016649122591371889,,False,,,,,,,,,,,,,,,,,,,,,,,,,,,,,,,,,,,,,,,,,,,,,,
Sophia,ORCL,44,0.003162,,0.0043769075126244275,,False,,,,,,,,,,,,,,,,,,,,,,,,,,,,,,,,,,,,,,,,,,,,,,
Sophia,ORCL,45,0.003162,,0.004054938674603821,,False,,,,,,,,,,,,,,,,,,,,,,,,,,,,,,,,,,,,,,,,,,,,,,
Sophia,ORCL,46,0.003162,,0.001666497931909309,,False,,,,,,,,,,,,,,,,,,,,,,,,,,,,,,,,,,,,,,,,,,,,,,
Sophia,PANW,42,0.003162,,0.000890802995414491,,False,,,,,,,,,,,,,,,,,,,,,,,,,,,,,,,,,,,,,,,,,,,,,,
Sophia,PANW,43,0.003162,,0.003376860527475928,,False,,,,,,,,,,,,,,,,,,,,,,,,,,,,,,,,,,,,,,,,,,,,,,
Sophia,PANW,44,0.003162,,0.0008093496416784396,,False,,,,,,,,,,,,,,,,,,,,,,,,,,,,,,,,,,,,,,,,,,,,,,
Sophia,PANW,45,0.003162,,0.0009390099602899734,,False,,,,,,,,,,,,,,,,,,,,,,,,,,,,,,,,,,,,,,,,,,,,,,
Sophia,PANW,46,0.003162,,0.0012549670638552137,,False,,,,,,,,,,,,,,,,,,,,,,,,,,,,,,,,,,,,,,,,,,,,,,
Sophia,PTC,42,0.003162,,0.0004144539987599408,,False,,,,,,,,,,,,,,,,,,,,,,,,,,,,,,,,,,,,,,,,,,,,,,
Sophia,PTC,43,0.003162,,0.0001779298776041263,,False,,,,,,,,,,,,,,,,,,,,,,,,,,,,,,,,,,,,,,,,,,,,,,
Sophia,PTC,44,0.003162,,0.00020119323143883358,,False,,,,,,,,,,,,,,,,,,,,,,,,,,,,,,,,,,,,,,,,,,,,,,
Sophia,PTC,45,0.003162,,0.00022312661721592857,,False,,,,,,,,,,,,,,,,,,,,,,,,,,,,,,,,,,,,,,,,,,,,,,
Sophia,PTC,46,0.003162,,0.0002049047243658197,,False,,,,,,,,,,,,,,,,,,,,,,,,,,,,,,,,,,,,,,,,,,,,,,
Sophia,PYPL,42,0.003162,,0.0004597444087266922,,False,,,,,,,,,,,,,,,,,,,,,,,,,,,,,,,,,,,,,,,,,,,,,,
Sophia,PYPL,43,0.003162,,0.00045672754446665447,,False,,,,,,,,,,,,,,,,,,,,,,,,,,,,,,,,,,,,,,,,,,,,,,
Sophia,PYPL,44,0.003162,,0.00045978395889202753,,False,,,,,,,,,,,,,,,,,,,,,,,,,,,,,,,,,,,,,,,,,,,,,,
Sophia,PYPL,45,0.003162,,0.0004635401380558809,,False,,,,,,,,,,,,,,,,,,,,,,,,,,,,,,,,,,,,,,,,,,,,,,
Sophia,PYPL,46,0.003162,,0.00047374237328767776,,False,,,,,,,,,,,,,,,,,,,,,,,,,,,,,,,,,,,,,,,,,,,,,,
Sophia,QCOM,42,0.003162,,0.000539905968166533,,False,,,,,,,,,,,,,,,,,,,,,,,,,,,,,,,,,,,,,,,,,,,,,,
Sophia,QCOM,43,0.003162,,0.0004991881115726693,,False,,,,,,,,,,,,,,,,,,,,,,,,,,,,,,,,,,,,,,,,,,,,,,
Sophia,QCOM,44,0.003162,,0.0007080420772865336,,False,,,,,,,,,,,,,,,,,,,,,,,,,,,,,,,,,,,,,,,,,,,,,,
Sophia,QCOM,45,0.003162,,0.0005137306593713307,,False,,,,,,,,,,,,,,,,,,,,,,,,,,,,,,,,,,,,,,,,,,,,,,
Sophia,QCOM,46,0.003162,,0.000517509641155364,,False,,,,,,,,,,,,,,,,,,,,,,,,,,,,,,,,,,,,,,,,,,,,,,
Sophia,ROP,42,0.003162,,0.00011187098013660896,,False,,,,,,,,,,,,,,,,,,,,,,,,,,,,,,,,,,,,,,,,,,,,,,
Sophia,ROP,43,0.003162,,0.0001536457548065791,,False,,,,,,,,,,,,,,,,,,,,,,,,,,,,,,,,,,,,,,,,,,,,,,
Sophia,ROP,44,0.003162,,0.00013304109532366354,,False,,,,,,,,,,,,,,,,,,,,,,,,,,,,,,,,,,,,,,,,,,,,,,
Sophia,ROP,45,0.003162,,0.0001171305775642395,,False,,,,,,,,,,,,,,,,,,,,,,,,,,,,,,,,,,,,,,,,,,,,,,
Sophia,ROP,46,0.003162,,0.0001504368705566598,,False,,,,,,,,,,,,,,,,,,,,,,,,,,,,,,,,,,,,,,,,,,,,,,
Sophia,SNOW,42,0.003162,,0.0016374548367404063,,False,,,,,,,,,,,,,,,,,,,,,,,,,,,,,,,,,,,,,,,,,,,,,,
Sophia,SNOW,43,0.003162,,0.0018504811536281481,,False,,,,,,,,,,,,,,,,,,,,,,,,,,,,,,,,,,,,,,,,,,,,,,
Sophia,SNOW,44,0.003162,,0.001708308764553945,,False,,,,,,,,,,,,,,,,,,,,,,,,,,,,,,,,,,,,,,,,,,,,,,
Sophia,SNOW,45,0.003162,,0.0015945850162331118,,False,,,,,,,,,,,,,,,,,,,,,,,,,,,,,,,,,,,,,,,,,,,,,,
Sophia,SNOW,46,0.003162,,0.001602186659060487,,False,,,,,,,,,,,,,,,,,,,,,,,,,,,,,,,,,,,,,,,,,,,,,,
Sophia,TEL,42,0.003162,,0.00016423891342821575,,False,,,,,,,,,,,,,,,,,,,,,,,,,,,,,,,,,,,,,,,,,,,,,,
Sophia,TEL,43,0.003162,,0.00017310381329879558,,False,,,,,,,,,,,,,,,,,,,,,,,,,,,,,,,,,,,,,,,,,,,,,,
Sophia,TEL,44,0.003162,,0.00016803499409761378,,False,,,,,,,,,,,,,,,,,,,,,,,,,,,,,,,,,,,,,,,,,,,,,,
Sophia,TEL,45,0.003162,,0.00016775325177207826,,False,,,,,,,,,,,,,,,,,,,,,,,,,,,,,,,,,,,,,,,,,,,,,,
Sophia,TEL,46,0.003162,,0.00016864911510200097,,False,,,,,,,,,,,,,,,,,,,,,,,,,,,,,,,,,,,,,,,,,,,,,,
Sophia,TSLA,42,0.003162,,0.0013589311004336415,,False,,,,,,,,,,,,,,,,,,,,,,,,,,,,,,,,,,,,,,,,,,,,,,
Sophia,TSLA,43,0.003162,,0.001358045743462818,,False,,,,,,,,,,,,,,,,,,,,,,,,,,,,,,,,,,,,,,,,,,,,,,
Sophia,TSLA,44,0.003162,,0.0013591554321226527,,False,,,,,,,,,,,,,,,,,,,,,,,,,,,,,,,,,,,,,,,,,,,,,,
Sophia,TSLA,45,0.003162,,0.0013701432063931325,,False,,,,,,,,,,,,,,,,,,,,,,,,,,,,,,,,,,,,,,,,,,,,,,
Sophia,TSLA,46,0.003162,,0.0014229514559761423,,False,,,,,,,,,,,,,,,,,,,,,,,,,,,,,,,,,,,,,,,,,,,,,,
Sophia,TXN,42,0.003162,,0.00026378749066559726,,False,,,,,,,,,,,,,,,,,,,,,,,,,,,,,,,,,,,,,,,,,,,,,,
Sophia,TXN,43,0.003162,,0.0003212692718657236,,False,,,,,,,,,,,,,,,,,,,,,,,,,,,,,,,,,,,,,,,,,,,,,,
Sophia,TXN,44,0.003162,,0.000261185503510571,,False,,,,,,,,,,,,,,,,,,,,,,,,,,,,,,,,,,,,,,,,,,,,,,
Sophia,TXN,45,0.003162,,0.00026287221246295504,,False,,,,,,,,,,,,,,,,,,,,,,,,,,,,,,,,,,,,,,,,,,,,,,
Sophia,TXN,46,0.003162,,0.00026318691079578704,,False,,,,,,,,,,,,,,,,,,,,,,,,,,,,,,,,,,,,,,,,,,,,,,
Sophia,TYL,42,0.003162,,0.000235487820294799,,False,,,,,,,,,,,,,,,,,,,,,,,,,,,,,,,,,,,,,,,,,,,,,,
Sophia,TYL,43,0.003162,,0.000258621163469143,,False,,,,,,,,,,,,,,,,,,,,,,,,,,,,,,,,,,,,,,,,,,,,,,
Sophia,TYL,44,0.003162,,0.00027059838569984233,,False,,,,,,,,,,,,,,,,,,,,,,,,,,,,,,,,,,,,,,,,,,,,,,
Sophia,TYL,45,0.003162,,0.00024068353589249666,,False,,,,,,,,,,,,,,,,,,,,,,,,,,,,,,,,,,,,,,,,,,,,,,
Sophia,TYL,46,0.003162,,0.00024353793610340703,,False,,,,,,,,,,,,,,,,,,,,,,,,,,,,,,,,,,,,,,,,,,,,,,
Sophia,UBER,42,0.003162,,0.0008380570462052251,,False,,,,,,,,,,,,,,,,,,,,,,,,,,,,,,,,,,,,,,,,,,,,,,
Sophia,UBER,43,0.003162,,0.0008000761375460826,,False,,,,,,,,,,,,,,,,,,,,,,,,,,,,,,,,,,,,,,,,,,,,,,
Sophia,UBER,44,0.003162,,0.0008765280666485638,,False,,,,,,,,,,,,,,,,,,,,,,,,,,,,,,,,,,,,,,,,,,,,,,
Sophia,UBER,45,0.003162,,0.0012714070543436936,,False,,,,,,,,,,,,,,,,,,,,,,,,,,,,,,,,,,,,,,,,,,,,,,
Sophia,UBER,46,0.003162,,0.0008085230496567739,,False,,,,,,,,,,,,,,,,,,,,,,,,,,,,,,,,,,,,,,,,,,,,,,
Sophia,WDAY,42,0.003162,,0.000430454294402878,,False,,,,,,,,,,,,,,,,,,,,,,,,,,,,,,,,,,,,,,,,,,,,,,
Sophia,WDAY,43,0.003162,,0.00047679922797463155,,False,,,,,,,,,,,,,,,,,,,,,,,,,,,,,,,,,,,,,,,,,,,,,,
Sophia,WDAY,44,0.003162,,0.0005440054485550174,,False,,,,,,,,,,,,,,,,,,,,,,,,,,,,,,,,,,,,,,,,,,,,,,
Sophia,WDAY,45,0.003162,,0.00043710959809167046,,False,,,,,,,,,,,,,,,,,,,,,,,,,,,,,,,,,,,,,,,,,,,,,,
Sophia,WDAY,46,0.003162,,0.0004419161418041626,,False,,,,,,,,,,,,,,,,,,,,,,,,,,,,,,,,,,,,,,,,,,,,,,
Lion,AAPL,42,0.003162,,0.00018184663599761074,,False,,,,,,,,,,,,,,,,,,,,,,,,,,,,,,,,,,,,,,,,,,,,,,
Lion,AAPL,43,0.003162,,5578.587962962963,,True,diverged (reconstructed from log; the sweep line does not carry the original reason string),,,,,,,,,,,,,,,,,,,,,,,,,,,,,,,,,,,,,,,,,,,,,
Lion,AAPL,44,0.003162,,0.00018185383034130884,,False,,,,,,,,,,,,,,,,,,,,,,,,,,,,,,,,,,,,,,,,,,,,,,
Lion,AAPL,45,0.003162,,0.0001818629957380749,,False,,,,,,,,,,,,,,,,,,,,,,,,,,,,,,,,,,,,,,,,,,,,,,
Lion,AAPL,46,0.003162,,0.00018185361352547136,,False,,,,,,,,,,,,,,,,,,,,,,,,,,,,,,,,,,,,,,,,,,,,,,
Lion,ACN,42,0.003162,,0.00020451169638406662,,False,,,,,,,,,,,,,,,,,,,,,,,,,,,,,,,,,,,,,,,,,,,,,,
Lion,ACN,43,0.003162,,0.00020544439869582968,,False,,,,,,,,,,,,,,,,,,,,,,,,,,,,,,,,,,,,,,,,,,,,,,
Lion,ACN,44,0.003162,,0.0002050617778742755,,False,,,,,,,,,,,,,,,,,,,,,,,,,,,,,,,,,,,,,,,,,,,,,,
Lion,ACN,45,0.003162,,0.0002046484874669837,,False,,,,,,,,,,,,,,,,,,,,,,,,,,,,,,,,,,,,,,,,,,,,,,
Lion,ACN,46,0.003162,,0.00020501143717891956,,False,,,,,,,,,,,,,,,,,,,,,,,,,,,,,,,,,,,,,,,,,,,,,,
Lion,ADBE,42,0.003162,,0.0004693085239047096,,False,,,,,,,,,,,,,,,,,,,,,,,,,,,,,,,,,,,,,,,,,,,,,,
Lion,ADBE,43,0.003162,,0.00046935188707220493,,False,,,,,,,,,,,,,,,,,,,,,,,,,,,,,,,,,,,,,,,,,,,,,,
Lion,ADBE,44,0.003162,,0.0004693561839678931,,False,,,,,,,,,,,,,,,,,,,,,,,,,,,,,,,,,,,,,,,,,,,,,,
Lion,ADBE,45,0.003162,,0.00046942245077203823,,False,,,,,,,,,,,,,,,,,,,,,,,,,,,,,,,,,,,,,,,,,,,,,,
Lion,ADBE,46,0.003162,,0.00046929153342726367,,False,,,,,,,,,,,,,,,,,,,,,,,,,,,,,,,,,,,,,,,,,,,,,,
Lion,ADI,42,0.003162,,0.00033926120195439254,,False,,,,,,,,,,,,,,,,,,,,,,,,,,,,,,,,,,,,,,,,,,,,,,
Lion,ADI,43,0.003162,,0.00033926206921774244,,False,,,,,,,,,,,,,,,,,,,,,,,,,,,,,,,,,,,,,,,,,,,,,,
Lion,ADI,44,0.003162,,0.00033926254227047874,,False,,,,,,,,,,,,,,,,,,,,,,,,,,,,,,,,,,,,,,,,,,,,,,
Lion,ADI,45,0.003162,,0.00033925789058523835,,False,,,,,,,,,,,,,,,,,,,,,,,,,,,,,,,,,,,,,,,,,,,,,,
Lion,ADI,46,0.003162,,0.00033925923090132455,,False,,,,,,,,,,,,,,,,,,,,,,,,,,,,,,,,,,,,,,,,,,,,,,
Lion,ADSK,42,0.003162,,0.00028944273710881593,,False,,,,,,,,,,,,,,,,,,,,,,,,,,,,,,,,,,,,,,,,,,,,,,
Lion,ADSK,43,0.003162,,0.00028900808048626733,,False,,,,,,,,,,,,,,,,,,,,,,,,,,,,,,,,,,,,,,,,,,,,,,
Lion,ADSK,44,0.003162,,0.0002891893188158671,,False,,,,,,,,,,,,,,,,,,,,,,,,,,,,,,,,,,,,,,,,,,,,,,
Lion,ADSK,45,0.003162,,0.0002895156069407387,,False,,,,,,,,,,,,,,,,,,,,,,,,,,,,,,,,,,,,,,,,,,,,,,
Lion,ADSK,46,0.003162,,0.0002891502722545906,,False,,,,,,,,,,,,,,,,,,,,,,,,,,,,,,,,,,,,,,,,,,,,,,
Lion,AMD,42,0.003162,,0.0008355330222498172,,False,,,,,,,,,,,,,,,,,,,,,,,,,,,,,,,,,,,,,,,,,,,,,,
Lion,AMD,43,0.003162,,0.0008353364688378793,,False,,,,,,,,,,,,,,,,,,,,,,,,,,,,,,,,,,,,,,,,,,,,,,
Lion,AMD,44,0.003162,,0.0008352890847221254,,False,,,,,,,,,,,,,,,,,,,,,,,,,,,,,,,,,,,,,,,,,,,,,,
Lion,AMD,45,0.003162,,0.0008352405179745306,,False,,,,,,,,,,,,,,,,,,,,,,,,,,,,,,,,,,,,,,,,,,,,,,
Lion,AMD,46,0.003162,,0.0008356927563904455,,False,,,,,,,,,,,,,,,,,,,,,,,,,,,,,,,,,,,,,,,,,,,,,,
Lion,AMZN,42,0.003162,,0.0003322891142002489,,False,,,,,,,,,,,,,,,,,,,,,,,,,,,,,,,,,,,,,,,,,,,,,,
Lion,AMZN,43,0.003162,,0.00033225966666741344,,False,,,,,,,,,,,,,,,,,,,,,,,,,,,,,,,,,,,,,,,,,,,,,,
Lion,AMZN,44,0.003162,,0.00033208321799676886,,False,,,,,,,,,,,,,,,,,,,,,,,,,,,,,,,,,,,,,,,,,,,,,,
Lion,AMZN,45,0.003162,,0.00033336329870123084,,False,,,,,,,,,,,,,,,,,,,,,,,,,,,,,,,,,,,,,,,,,,,,,,
Lion,AMZN,46,0.003162,,0.0003341670547212873,,False,,,,,,,,,,,,,,,,,,,,,,,,,,,,,,,,,,,,,,,,,,,,,,
Lion,APH,42,0.003162,,0.00022882802618874444,,False,,,,,,,,,,,,,,,,,,,,,,,,,,,,,,,,,,,,,,,,,,,,,,
Lion,APH,43,0.003162,,0.00022872210179687176,,False,,,,,,,,,,,,,,,,,,,,,,,,,,,,,,,,,,,,,,,,,,,,,,
Lion,APH,44,0.003162,,0.4785221644810268,,True,primary 0.4785 is >50.0x off the task peer median 0.000423,,,,,,,,,,,,,,,,,,,,,,,,,,,,,,,,,,,,,,,,,,,,,
Lion,APH,45,0.003162,,0.00022907233821651922,,False,,,,,,,,,,,,,,,,,,,,,,,,,,,,,,,,,,,,,,,,,,,,,,
Lion,APH,46,0.003162,,0.000228969587220086,,False,,,,,,,,,,,,,,,,,,,,,,,,,,,,,,,,,,,,,,,,,,,,,,
Lion,AVGO,42,0.003162,,0.0008638952932660542,,False,,,,,,,,,,,,,,,,,,,,,,,,,,,,,,,,,,,,,,,,,,,,,,
Lion,AVGO,43,0.003162,,0.0008635940375151458,,False,,,,,,,,,,,,,,,,,,,,,,,,,,,,,,,,,,,,,,,,,,,,,,
Lion,AVGO,44,0.003162,,0.0008638823631579283,,False,,,,,,,,,,,,,,,,,,,,,,,,,,,,,,,,,,,,,,,,,,,,,,
Lion,AVGO,45,0.003162,,0.0008636714604796556,,False,,,,,,,,,,,,,,,,,,,,,,,,,,,,,,,,,,,,,,,,,,,,,,
Lion,AVGO,46,0.003162,,0.0008636511980541168,,False,,,,,,,,,,,,,,,,,,,,,,,,,,,,,,,,,,,,,,,,,,,,,,
Lion,CDNS,42,0.003162,,295560.1058201058,,True,diverged (reconstructed from log; the sweep line does not carry the original reason string),,,,,,,,,,,,,,,,,,,,,,,,,,,,,,,,,,,,,,,,,,,,,
Lion,CDNS,43,0.003162,,0.000390950255293064,,False,,,,,,,,,,,,,,,,,,,,,,,,,,,,,,,,,,,,,,,,,,,,,,
Lion,CDNS,44,0.003162,,0.00039094229223866943,,False,,,,,,,,,,,,,,,,,,,,,,,,,,,,,,,,,,,,,,,,,,,,,,
Lion,CDNS,45,0.003162,,0.00039095372434646365,,False,,,,,,,,,,,,,,,,,,,,,,,,,,,,,,,,,,,,,,,,,,,,,,
Lion,CDNS,46,0.003162,,0.00039095033413518674,,False,,,,,,,,,,,,,,,,,,,,,,,,,,,,,,,,,,,,,,,,,,,,,,
Lion,CRM,42,0.003162,,0.00045023712689283666,,False,,,,,,,,,,,,,,,,,,,,,,,,,,,,,,,,,,,,,,,,,,,,,,
Lion,CRM,43,0.003162,,0.0004487373920344802,,False,,,,,,,,,,,,,,,,,,,,,,,,,,,,,,,,,,,,,,,,,,,,,,
Lion,CRM,44,0.003162,,0.00044968211776995787,,False,,,,,,,,,,,,,,,,,,,,,,,,,,,,,,,,,,,,,,,,,,,,,,
Lion,CRM,45,0.003162,,189646.5185185185,,True,diverged (reconstructed from log; the sweep line does not carry the original reason string),,,,,,,,,,,,,,,,,,,,,,,,,,,,,,,,,,,,,,,,,,,,,
Lion,CRM,46,0.003162,,0.0035996717750710785,,False,,,,,,,,,,,,,,,,,,,,,,,,,,,,,,,,,,,,,,,,,,,,,,
Lion,CSCO,42,0.003162,,0.0001466223014094842,,False,,,,,,,,,,,,,,,,,,,,,,,,,,,,,,,,,,,,,,,,,,,,,,
Lion,CSCO,43,0.003162,,0.00014608620454079258,,False,,,,,,,,,,,,,,,,,,,,,,,,,,,,,,,,,,,,,,,,,,,,,,
Lion,CSCO,44,0.003162,,0.00014607046568204486,,False,,,,,,,,,,,,,,,,,,,,,,,,,,,,,,,,,,,,,,,,,,,,,,
Lion,CSCO,45,0.003162,,0.00014572637894796946,,False,,,,,,,,,,,,,,,,,,,,,,,,,,,,,,,,,,,,,,,,,,,,,,
Lion,CSCO,46,0.003162,,0.00014602272677673864,,False,,,,,,,,,,,,,,,,,,,,,,,,,,,,,,,,,,,,,,,,,,,,,,
Lion,CTSH,42,0.003162,,0.0001715951692805719,,False,,,,,,,,,,,,,,,,,,,,,,,,,,,,,,,,,,,,,,,,,,,,,,
Lion,CTSH,43,0.003162,,0.00017136627088778865,,False,,,,,,,,,,,,,,,,,,,,,,,,,,,,,,,,,,,,,,,,,,,,,,
Lion,CTSH,44,0.003162,,0.00017065148820322027,,False,,,,,,,,,,,,,,,,,,,,,,,,,,,,,,,,,,,,,,,,,,,,,,
Lion,CTSH,45,0.003162,,0.00016972268857653178,,False,,,,,,,,,,,,,,,,,,,,,,,,,,,,,,,,,,,,,,,,,,,,,,
Lion,CTSH,46,0.003162,,0.0001708651109347268,,False,,,,,,,,,,,,,,,,,,,,,,,,,,,,,,,,,,,,,,,,,,,,,,
Lion,FICO,42,0.003162,,0.00034448267921568853,,False,,,,,,,,,,,,,,,,,,,,,,,,,,,,,,,,,,,,,,,,,,,,,,
Lion,FICO,43,0.003162,,0.0003470101999858069,,False,,,,,,,,,,,,,,,,,,,,,,,,,,,,,,,,,,,,,,,,,,,,,,
Lion,FICO,44,0.003162,,0.0003439828595787129,,False,,,,,,,,,,,,,,,,,,,,,,,,,,,,,,,,,,,,,,,,,,,,,,
Lion,FICO,45,0.003162,,0.0003440130561117142,,False,,,,,,,,,,,,,,,,,,,,,,,,,,,,,,,,,,,,,,,,,,,,,,
Lion,FICO,46,0.003162,,0.00034440572930391505,,False,,,,,,,,,,,,,,,,,,,,,,,,,,,,,,,,,,,,,,,,,,,,,,
Lion,FTNT,42,0.003162,,0.0007146933564433346,,False,,,,,,,,,,,,,,,,,,,,,,,,,,,,,,,,,,,,,,,,,,,,,,
Lion,FTNT,43,0.003162,,0.0007147177186592546,,False,,,,,,,,,,,,,,,,,,,,,,,,,,,,,,,,,,,,,,,,,,,,,,
Lion,FTNT,44,0.003162,,0.0007145822678924238,,False,,,,,,,,,,,,,,,,,,,,,,,,,,,,,,,,,,,,,,,,,,,,,,
Lion,FTNT,45,0.003162,,0.0007147227645551086,,False,,,,,,,,,,,,,,,,,,,,,,,,,,,,,,,,,,,,,,,,,,,,,,
Lion,FTNT,46,0.003162,,0.0007147151957113276,,False,,,,,,,,,,,,,,,,,,,,,,,,,,,,,,,,,,,,,,,,,,,,,,
Lion,GLW,42,0.003162,,0.00023407611266645806,,False,,,,,,,,,,,,,,,,,,,,,,,,,,,,,,,,,,,,,,,,,,,,,,
Lion,GLW,43,0.003162,,0.00023410891098950905,,False,,,,,,,,,,,,,,,,,,,,,,,,,,,,,,,,,,,,,,,,,,,,,,
Lion,GLW,44,0.003162,,0.000234110330147718,,False,,,,,,,,,,,,,,,,,,,,,,,,,,,,,,,,,,,,,,,,,,,,,,
Lion,GLW,45,0.003162,,0.00023404573873868063,,False,,,,,,,,,,,,,,,,,,,,,,,,,,,,,,,,,,,,,,,,,,,,,,
Lion,GLW,46,0.003162,,0.00023413183433668955,,False,,,,,,,,,,,,,,,,,,,,,,,,,,,,,,,,,,,,,,,,,,,,,,
Lion,GOOGL,42,0.003162,,0.00031003450590466695,,False,,,,,,,,,,,,,,,,,,,,,,,,,,,,,,,,,,,,,,,,,,,,,,
Lion,GOOGL,43,0.003162,,0.00030838832180336037,,False,,,,,,,,,,,,,,,,,,,,,,,,,,,,,,,,,,,,,,,,,,,,,,
Lion,GOOGL,44,0.003162,,0.000307778399142008,,False,,,,,,,,,,,,,,,,,,,,,,,,,,,,,,,,,,,,,,,,,,,,,,
Lion,GOOGL,45,0.003162,,0.0003093484217527682,,False,,,,,,,,,,,,,,,,,,,,,,,,,,,,,,,,,,,,,,,,,,,,,,
Lion,GOOGL,46,0.003162,,665110.5608465609,,True,diverged (reconstructed from log; the sweep line does not carry the original reason string),,,,,,,,,,,,,,,,,,,,,,,,,,,,,,,,,,,,,,,,,,,,,
Lion,GPN,42,0.003162,,0.00032815841770676707,,False,,,,,,,,,,,,,,,,,,,,,,,,,,,,,,,,,,,,,,,,,,,,,,
Lion,GPN,43,0.003162,,0.00032890097252906317,,False,,,,,,,,,,,,,,,,,,,,,,,,,,,,,,,,,,,,,,,,,,,,,,
Lion,GPN,44,0.003162,,0.0003275577984158955,,False,,,,,,,,,,,,,,,,,,,,,,,,,,,,,,,,,,,,,,,,,,,,,,
Lion,GPN,45,0.003162,,0.0003283845763357859,,False,,,,,,,,,,,,,,,,,,,,,,,,,,,,,,,,,,,,,,,,,,,,,,
Lion,GPN,46,0.003162,,0.00032877510108014264,,False,,,,,,,,,,,,,,,,,,,,,,,,,,,,,,,,,,,,,,,,,,,,,,
Lion,GRMN,42,0.003162,,0.00033225150650771206,,False,,,,,,,,,,,,,,,,,,,,,,,,,,,,,,,,,,,,,,,,,,,,,,
Lion,GRMN,43,0.003162,,0.00033275089251301275,,False,,,,,,,,,,,,,,,,,,,,,,,,,,,,,,,,,,,,,,,,,,,,,,
Lion,GRMN,44,0.003162,,0.00033234256915945227,,False,,,,,,,,,,,,,,,,,,,,,,,,,,,,,,,,,,,,,,,,,,,,,,
Lion,GRMN,45,0.003162,,0.000330797776027962,,False,,,,,,,,,,,,,,,,,,,,,,,,,,,,,,,,,,,,,,,,,,,,,,
Lion,GRMN,46,0.003162,,0.0003328924535443543,,False,,,,,,,,,,,,,,,,,,,,,,,,,,,,,,,,,,,,,,,,,,,,,,
Lion,HPE,42,0.003162,,0.0005712830300988822,,False,,,,,,,,,,,,,,,,,,,,,,,,,,,,,,,,,,,,,,,,,,,,,,
Lion,HPE,43,0.003162,,0.0005712832870154545,,False,,,,,,,,,,,,,,,,,,,,,,,,,,,,,,,,,,,,,,,,,,,,,,
Lion,HPE,44,0.003162,,0.0005712885538051868,,False,,,,,,,,,,,,,,,,,,,,,,,,,,,,,,,,,,,,,,,,,,,,,,
Lion,HPE,45,0.003162,,0.0005712422445930284,,False,,,,,,,,,,,,,,,,,,,,,,,,,,,,,,,,,,,,,,,,,,,,,,
Lion,HPE,46,0.003162,,0.0005712513651313452,,False,,,,,,,,,,,,,,,,,,,,,,,,,,,,,,,,,,,,,,,,,,,,,,
Lion,HPQ,42,0.003162,,0.000340556696293846,,False,,,,,,,,,,,,,,,,,,,,,,,,,,,,,,,,,,,,,,,,,,,,,,
Lion,HPQ,43,0.003162,,0.0003397712316462603,,False,,,,,,,,,,,,,,,,,,,,,,,,,,,,,,,,,,,,,,,,,,,,,,
Lion,HPQ,44,0.003162,,0.0003358074439265741,,False,,,,,,,,,,,,,,,,,,,,,,,,,,,,,,,,,,,,,,,,,,,,,,
Lion,HPQ,45,0.003162,,0.00034058338435238633,,False,,,,,,,,,,,,,,,,,,,,,,,,,,,,,,,,,,,,,,,,,,,,,,
Lion,HPQ,46,0.003162,,0.00033978045617461835,,False,,,,,,,,,,,,,,,,,,,,,,,,,,,,,,,,,,,,,,,,,,,,,,
Lion,IBM,42,0.003162,,0.00017310542956231132,,False,,,,,,,,,,,,,,,,,,,,,,,,,,,,,,,,,,,,,,,,,,,,,,
Lion,IBM,43,0.003162,,0.00017287631435369057,,False,,,,,,,,,,,,,,,,,,,,,,,,,,,,,,,,,,,,,,,,,,,,,,
Lion,IBM,44,0.003162,,0.00017312736738295782,,False,,,,,,,,,,,,,,,,,,,,,,,,,,,,,,,,,,,,,,,,,,,,,,
Lion,IBM,45,0.003162,,0.00017315626302093426,,False,,,,,,,,,,,,,,,,,,,,,,,,,,,,,,,,,,,,,,,,,,,,,,
Lion,IBM,46,0.003162,,0.0001731091351420791,,False,,,,,,,,,,,,,,,,,,,,,,,,,,,,,,,,,,,,,,,,,,,,,,
Lion,INTC,42,0.003162,,0.0009389800369424164,,False,,,,,,,,,,,,,,,,,,,,,,,,,,,,,,,,,,,,,,,,,,,,,,
Lion,INTC,43,0.003162,,0.0009387533658395999,,False,,,,,,,,,,,,,,,,,,,,,,,,,,,,,,,,,,,,,,,,,,,,,,
Lion,INTC,44,0.003162,,0.0009386619878193689,,False,,,,,,,,,,,,,,,,,,,,,,,,,,,,,,,,,,,,,,,,,,,,,,
Lion,INTC,45,0.003162,,0.0009391920434104071,,False,,,,,,,,,,,,,,,,,,,,,,,,,,,,,,,,,,,,,,,,,,,,,,
Lion,INTC,46,0.003162,,0.0009386618301351234,,False,,,,,,,,,,,,,,,,,,,,,,,,,,,,,,,,,,,,,,,,,,,,,,
Lion,INTU,42,0.003162,,0.0002894829071703411,,False,,,,,,,,,,,,,,,,,,,,,,,,,,,,,,,,,,,,,,,,,,,,,,
Lion,INTU,43,0.003162,,0.000288167327800125,,False,,,,,,,,,,,,,,,,,,,,,,,,,,,,,,,,,,,,,,,,,,,,,,
Lion,INTU,44,0.003162,,0.00028758854777724655,,False,,,,,,,,,,,,,,,,,,,,,,,,,,,,,,,,,,,,,,,,,,,,,,
Lion,INTU,45,0.003162,,0.000287371298308095,,False,,,,,,,,,,,,,,,,,,,,,,,,,,,,,,,,,,,,,,,,,,,,,,
Lion,INTU,46,0.003162,,0.00028847784750045294,,False,,,,,,,,,,,,,,,,,,,,,,,,,,,,,,,,,,,,,,,,,,,,,,
Lion,KEYS,42,0.003162,,0.00037867642303769905,,False,,,,,,,,,,,,,,,,,,,,,,,,,,,,,,,,,,,,,,,,,,,,,,
Lion,KEYS,43,0.003162,,0.00037843947724778524,,False,,,,,,,,,,,,,,,,,,,,,,,,,,,,,,,,,,,,,,,,,,,,,,
Lion,KEYS,44,0.003162,,0.0003782898880714594,,False,,,,,,,,,,,,,,,,,,,,,,,,,,,,,,,,,,,,,,,,,,,,,,
Lion,KEYS,45,0.003162,,0.00037848989861880163,,False,,,,,,,,,,,,,,,,,,,,,,,,,,,,,,,,,,,,,,,,,,,,,,
Lion,KEYS,46,0.003162,,0.00037824763923652413,,False,,,,,,,,,,,,,,,,,,,,,,,,,,,,,,,,,,,,,,,,,,,,,,
Lion,KLAC,42,0.003162,,0.0006320815553110113,,False,,,,,,,,,,,,,,,,,,,,,,,,,,,,,,,,,,,,,,,,,,,,,,
Lion,KLAC,43,0.003162,,0.0006320788746788388,,False,,,,,,,,,,,,,,,,,,,,,,,,,,,,,,,,,,,,,,,,,,,,,,
Lion,KLAC,44,0.003162,,15637115.25925926,,True,diverged (reconstructed from log; the sweep line does not carry the original reason string),,,,,,,,,,,,,,,,,,,,,,,,,,,,,,,,,,,,,,,,,,,,,
Lion,KLAC,45,0.003162,,0.0006320787958367161,,False,,,,,,,,,,,,,,,,,,,,,,,,,,,,,,,,,,,,,,,,,,,,,,
Lion,KLAC,46,0.003162,,0.0006320783622050411,,False,,,,,,,,,,,,,,,,,,,,,,,,,,,,,,,,,,,,,,,,,,,,,,
Lion,LRCX,42,0.003162,,0.0006488437453905741,,False,,,,,,,,,,,,,,,,,,,,,,,,,,,,,,,,,,,,,,,,,,,,,,
Lion,LRCX,43,0.003162,,0.000649231490950105,,False,,,,,,,,,,,,,,,,,,,,,,,,,,,,,,,,,,,,,,,,,,,,,,
Lion,LRCX,44,0.003162,,0.0006493117916520941,,False,,,,,,,,,,,,,,,,,,,,,,,,,,,,,,,,,,,,,,,,,,,,,,
Lion,LRCX,45,0.003162,,0.0006491318345069885,,False,,,,,,,,,,,,,,,,,,,,,,,,,,,,,,,,,,,,,,,,,,,,,,
Lion,LRCX,46,0.003162,,0.0008232799314317249,,False,,,,,,,,,,,,,,,,,,,,,,,,,,,,,,,,,,,,,,,,,,,,,,
Lion,MCHP,42,0.003162,,0.00606880301520938,,False,,,,,,,,,,,,,,,,,,,,,,,,,,,,,,,,,,,,,,,,,,,,,,
Lion,MCHP,43,0.003162,,0.0005247598050763367,,False,,,,,,,,,,,,,,,,,,,,,,,,,,,,,,,,,,,,,,,,,,,,,,
Lion,MCHP,44,0.003162,,0.0005247585436023732,,False,,,,,,,,,,,,,,,,,,,,,,,,,,,,,,,,,,,,,,,,,,,,,,
Lion,MCHP,45,0.003162,,1.7343110584077381,,True,diverged (reconstructed from log; the sweep line does not carry the original reason string),,,,,,,,,,,,,,,,,,,,,,,,,,,,,,,,,,,,,,,,,,,,,
Lion,MCHP,46,0.003162,,0.0005247583464970665,,False,,,,,,,,,,,,,,,,,,,,,,,,,,,,,,,,,,,,,,,,,,,,,,
Lion,META,42,0.003162,,0.0004583597183227539,,False,,,,,,,,,,,,,,,,,,,,,,,,,,,,,,,,,,,,,,,,,,,,,,
Lion,META,43,0.003162,,0.0004575226760510379,,False,,,,,,,,,,,,,,,,,,,,,,,,,,,,,,,,,,,,,,,,,,,,,,
Lion,META,44,0.003162,,0.0004578972200177751,,False,,,,,,,,,,,,,,,,,,,,,,,,,,,,,,,,,,,,,,,,,,,,,,
Lion,META,45,0.003162,,0.0004576557087448408,,False,,,,,,,,,,,,,,,,,,,,,,,,,,,,,,,,,,,,,,,,,,,,,,
Lion,META,46,0.003162,,0.0004575353279803534,,False,,,,,,,,,,,,,,,,,,,,,,,,,,,,,,,,,,,,,,,,,,,,,,
Lion,MRVL,42,0.003162,,0.0010362781544841786,,False,,,,,,,,,,,,,,,,,,,,,,,,,,,,,,,,,,,,,,,,,,,,,,
Lion,MRVL,43,0.003162,,0.0010371747471037366,,False,,,,,,,,,,,,,,,,,,,,,,,,,,,,,,,,,,,,,,,,,,,,,,
Lion,MRVL,44,0.003162,,0.001037822198615503,,False,,,,,,,,,,,,,,,,,,,,,,,,,,,,,,,,,,,,,,,,,,,,,,
Lion,MRVL,45,0.003162,,0.0010351749166609748,,False,,,,,,,,,,,,,,,,,,,,,,,,,,,,,,,,,,,,,,,,,,,,,,
Lion,MRVL,46,0.003162,,0.0010368512578742214,,False,,,,,,,,,,,,,,,,,,,,,,,,,,,,,,,,,,,,,,,,,,,,,,
Lion,MSFT,42,0.003162,,0.00016560275403280106,,False,,,,,,,,,,,,,,,,,,,,,,,,,,,,,,,,,,,,,,,,,,,,,,
Lion,MSFT,43,0.003162,,0.000165559252891591,,False,,,,,,,,,,,,,,,,,,,,,,,,,,,,,,,,,,,,,,,,,,,,,,
Lion,MSFT,44,0.003162,,0.00016561473803545433,,False,,,,,,,,,,,,,,,,,,,,,,,,,,,,,,,,,,,,,,,,,,,,,,
Lion,MSFT,45,0.003162,,0.00016560598655983254,,False,,,,,,,,,,,,,,,,,,,,,,,,,,,,,,,,,,,,,,,,,,,,,,
Lion,MSFT,46,0.003162,,0.00016563732630361325,,False,,,,,,,,,,,,,,,,,,,,,,,,,,,,,,,,,,,,,,,,,,,,,,
Lion,MSI,42,0.003162,,0.00012045563568198491,,False,,,,,,,,,,,,,,,,,,,,,,,,,,,,,,,,,,,,,,,,,,,,,,
Lion,MSI,43,0.003162,,0.00012042108312170341,,False,,,,,,,,,,,,,,,,,,,,,,,,,,,,,,,,,,,,,,,,,,,,,,
Lion,MSI,44,0.003162,,0.00012043661501987902,,False,,,,,,,,,,,,,,,,,,,,,,,,,,,,,,,,,,,,,,,,,,,,,,
Lion,MSI,45,0.003162,,0.00012044119771826205,,False,,,,,,,,,,,,,,,,,,,,,,,,,,,,,,,,,,,,,,,,,,,,,,
Lion,MSI,46,0.003162,,0.0001204452186665207,,False,,,,,,,,,,,,,,,,,,,,,,,,,,,,,,,,,,,,,,,,,,,,,,
Lion,MU,42,0.003162,,0.0008625470141254405,,False,,,,,,,,,,,,,,,,,,,,,,,,,,,,,,,,,,,,,,,,,,,,,,
Lion,MU,43,0.003162,,0.0008370560155343757,,False,,,,,,,,,,,,,,,,,,,,,,,,,,,,,,,,,,,,,,,,,,,,,,
Lion,MU,44,0.003162,,0.0008659496824577372,,False,,,,,,,,,,,,,,,,,,,,,,,,,,,,,,,,,,,,,,,,,,,,,,
Lion,MU,45,0.003162,,0.0008350709285685625,,False,,,,,,,,,,,,,,,,,,,,,,,,,,,,,,,,,,,,,,,,,,,,,,
Lion,MU,46,0.003162,,0.0008378651722398384,,False,,,,,,,,,,,,,,,,,,,,,,,,,,,,,,,,,,,,,,,,,,,,,,
Lion,NOW,42,0.003162,,0.00042326824059562076,,False,,,,,,,,,,,,,,,,,,,,,,,,,,,,,,,,,,,,,,,,,,,,,,
Lion,NOW,43,0.003162,,0.0004233260949452718,,False,,,,,,,,,,,,,,,,,,,,,,,,,,,,,,,,,,,,,,,,,,,,,,
Lion,NOW,44,0.003162,,0.00042339681632935056,,False,,,,,,,,,,,,,,,,,,,,,,,,,,,,,,,,,,,,,,,,,,,,,,
Lion,NOW,45,0.003162,,0.0005060561119563996,,False,,,,,,,,,,,,,,,,,,,,,,,,,,,,,,,,,,,,,,,,,,,,,,
Lion,NOW,46,0.003162,,0.00042340424325731067,,False,,,,,,,,,,,,,,,,,,,,,,,,,,,,,,,,,,,,,,,,,,,,,,
Lion,NVDA,42,0.003162,,0.0008912291476335475,,False,,,,,,,,,,,,,,,,,,,,,,,,,,,,,,,,,,,,,,,,,,,,,,
Lion,NVDA,43,0.003162,,0.0008904807782047009,,False,,,,,,,,,,,,,,,,,,,,,,,,,,,,,,,,,,,,,,,,,,,,,,
Lion,NVDA,44,0.003162,,0.0008912258362643933,,False,,,,,,,,,,,,,,,,,,,,,,,,,,,,,,,,,,,,,,,,,,,,,,
Lion,NVDA,45,0.003162,,0.0008905394367440037,,False,,,,,,,,,,,,,,,,,,,,,,,,,,,,,,,,,,,,,,,,,,,,,,
Lion,NVDA,46,0.003162,,0.0008909731472610796,,False,,,,,,,,,,,,,,,,,,,,,,,,,,,,,,,,,,,,,,,,,,,,,,
Lion,NXPI,42,0.003162,,0.00045832076184348957,,False,,,,,,,,,,,,,,,,,,,,,,,,,,,,,,,,,,,,,,,,,,,,,,
Lion,NXPI,43,0.003162,,0.00045837638463527375,,False,,,,,,,,,,,,,,,,,,,,,,,,,,,,,,,,,,,,,,,,,,,,,,
Lion,NXPI,44,0.003162,,0.0004584084857593883,,False,,,,,,,,,,,,,,,,,,,,,,,,,,,,,,,,,,,,,,,,,,,,,,
Lion,NXPI,45,0.003162,,0.00045839978315285085,,False,,,,,,,,,,,,,,,,,,,,,,,,,,,,,,,,,,,,,,,,,,,,,,
Lion,NXPI,46,0.003162,,0.000458397730651309,,False,,,,,,,,,,,,,,,,,,,,,,,,,,,,,,,,,,,,,,,,,,,,,,
Lion,ORCL,42,0.003162,,0.00043679781691737907,,False,,,,,,,,,,,,,,,,,,,,,,,,,,,,,,,,,,,,,,,,,,,,,,
Lion,ORCL,43,0.003162,,0.00043680357239233756,,False,,,,,,,,,,,,,,,,,,,,,,,,,,,,,,,,,,,,,,,,,,,,,,
Lion,ORCL,44,0.003162,,0.0004368018378656377,,False,,,,,,,,,,,,,,,,,,,,,,,,,,,,,,,,,,,,,,,,,,,,,,
Lion,ORCL,45,0.003162,,0.0004370739220311402,,False,,,,,,,,,,,,,,,,,,,,,,,,,,,,,,,,,,,,,,,,,,,,,,
Lion,ORCL,46,0.003162,,0.0004370296521792336,,False,,,,,,,,,,,,,,,,,,,,,,,,,,,,,,,,,,,,,,,,,,,,,,
Lion,PANW,42,0.003162,,0.0007961033635838017,,False,,,,,,,,,,,,,,,,,,,,,,,,,,,,,,,,,,,,,,,,,,,,,,
Lion,PANW,43,0.003162,,0.0007960761238814919,,False,,,,,,,,,,,,,,,,,,,,,,,,,,,,,,,,,,,,,,,,,,,,,,
Lion,PANW,44,0.003162,,0.0007961378165870715,,False,,,,,,,,,,,,,,,,,,,,,,,,,,,,,,,,,,,,,,,,,,,,,,
Lion,PANW,45,0.003162,,0.0007960658734011801,,False,,,,,,,,,,,,,,,,,,,,,,,,,,,,,,,,,,,,,,,,,,,,,,
Lion,PANW,46,0.003162,,0.0021813591574407687,,False,,,,,,,,,,,,,,,,,,,,,,,,,,,,,,,,,,,,,,,,,,,,,,
Lion,PTC,42,0.003162,,0.00017515603433210383,,False,,,,,,,,,,,,,,,,,,,,,,,,,,,,,,,,,,,,,,,,,,,,,,
Lion,PTC,43,0.003162,,0.00017517235465150662,,False,,,,,,,,,,,,,,,,,,,,,,,,,,,,,,,,,,,,,,,,,,,,,,
Lion,PTC,44,0.003162,,0.0001751154897704957,,False,,,,,,,,,,,,,,,,,,,,,,,,,,,,,,,,,,,,,,,,,,,,,,
Lion,PTC,45,0.003162,,0.00017515504880556985,,False,,,,,,,,,,,,,,,,,,,,,,,,,,,,,,,,,,,,,,,,,,,,,,
Lion,PTC,46,0.003162,,0.00017515719725341394,,False,,,,,,,,,,,,,,,,,,,,,,,,,,,,,,,,,,,,,,,,,,,,,,
Lion,PYPL,42,0.003162,,0.00045375904689232507,,False,,,,,,,,,,,,,,,,,,,,,,,,,,,,,,,,,,,,,,,,,,,,,,
Lion,PYPL,43,0.003162,,0.0004437574185431004,,False,,,,,,,,,,,,,,,,,,,,,,,,,,,,,,,,,,,,,,,,,,,,,,
Lion,PYPL,44,0.003162,,0.0004489284319182237,,False,,,,,,,,,,,,,,,,,,,,,,,,,,,,,,,,,,,,,,,,,,,,,,
Lion,PYPL,45,0.003162,,0.00045132307956616085,,False,,,,,,,,,,,,,,,,,,,,,,,,,,,,,,,,,,,,,,,,,,,,,,
Lion,PYPL,46,0.003162,,0.0004512895829975605,,False,,,,,,,,,,,,,,,,,,,,,,,,,,,,,,,,,,,,,,,,,,,,,,
Lion,QCOM,42,0.003162,,0.00050700921072531,,False,,,,,,,,,,,,,,,,,,,,,,,,,,,,,,,,,,,,,,,,,,,,,,
Lion,QCOM,43,0.003162,,0.0005053692551516983,,False,,,,,,,,,,,,,,,,,,,,,,,,,,,,,,,,,,,,,,,,,,,,,,
Lion,QCOM,44,0.003162,,0.0005019354441809276,,False,,,,,,,,,,,,,,,,,,,,,,,,,,,,,,,,,,,,,,,,,,,,,,
Lion,QCOM,45,0.003162,,0.0005040861784465729,,False,,,,,,,,,,,,,,,,,,,,,,,,,,,,,,,,,,,,,,,,,,,,,,
Lion,QCOM,46,0.003162,,0.0005045458280220234,,False,,,,,,,,,,,,,,,,,,,,,,,,,,,,,,,,,,,,,,,,,,,,,,
Lion,ROP,42,0.003162,,0.00011052086791664204,,False,,,,,,,,,,,,,,,,,,,,,,,,,,,,,,,,,,,,,,,,,,,,,,
Lion,ROP,43,0.003162,,0.00011052189286423739,,False,,,,,,,,,,,,,,,,,,,,,,,,,,,,,,,,,,,,,,,,,,,,,,
Lion,ROP,44,0.003162,,0.00011051795075810145,,False,,,,,,,,,,,,,,,,,,,,,,,,,,,,,,,,,,,,,,,,,,,,,,
Lion,ROP,45,0.003162,,0.00011051425503359901,,False,,,,,,,,,,,,,,,,,,,,,,,,,,,,,,,,,,,,,,,,,,,,,,
Lion,ROP,46,0.003162,,0.00011054218485557213,,False,,,,,,,,,,,,,,,,,,,,,,,,,,,,,,,,,,,,,,,,,,,,,,
Lion,SNOW,42,0.003162,,0.0015218751419574842,,False,,,,,,,,,,,,,,,,,,,,,,,,,,,,,,,,,,,,,,,,,,,,,,
Lion,SNOW,43,0.003162,,0.0015324434829414439,,False,,,,,,,,,,,,,,,,,,,,,,,,,,,,,,,,,,,,,,,,,,,,,,
Lion,SNOW,44,0.003162,,0.0015291588022074568,,False,,,,,,,,,,,,,,,,,,,,,,,,,,,,,,,,,,,,,,,,,,,,,,
Lion,SNOW,45,0.003162,,0.0015405029605288023,,False,,,,,,,,,,,,,,,,,,,,,,,,,,,,,,,,,,,,,,,,,,,,,,
Lion,SNOW,46,0.003162,,0.0015277969180990797,,False,,,,,,,,,,,,,,,,,,,,,,,,,,,,,,,,,,,,,,,,,,,,,,
Lion,TEL,42,0.003162,,0.00016484200639068765,,False,,,,,,,,,,,,,,,,,,,,,,,,,,,,,,,,,,,,,,,,,,,,,,
Lion,TEL,43,0.003162,,0.00016462270702634539,,False,,,,,,,,,,,,,,,,,,,,,,,,,,,,,,,,,,,,,,,,,,,,,,
Lion,TEL,44,0.003162,,0.00016462351515810327,,False,,,,,,,,,,,,,,,,,,,,,,,,,,,,,,,,,,,,,,,,,,,,,,
Lion,TEL,45,0.003162,,0.0001648048224745604,,False,,,,,,,,,,,,,,,,,,,,,,,,,,,,,,,,,,,,,,,,,,,,,,
Lion,TEL,46,0.003162,,0.0001646240473424316,,False,,,,,,,,,,,,,,,,,,,,,,,,,,,,,,,,,,,,,,,,,,,,,,
Lion,TSLA,42,0.003162,,0.0013555008205559736,,False,,,,,,,,,,,,,,,,,,,,,,,,,,,,,,,,,,,,,,,,,,,,,,
Lion,TSLA,43,0.003162,,0.0013739036732032652,,False,,,,,,,,,,,,,,,,,,,,,,,,,,,,,,,,,,,,,,,,,,,,,,
Lion,TSLA,44,0.003162,,0.001355510021819443,,False,,,,,,,,,,,,,,,,,,,,,,,,,,,,,,,,,,,,,,,,,,,,,,
Lion,TSLA,45,0.003162,,0.001350616171060364,,False,,,,,,,,,,,,,,,,,,,,,,,,,,,,,,,,,,,,,,,,,,,,,,
Lion,TSLA,46,0.003162,,0.0013554819294663725,,False,,,,,,,,,,,,,,,,,,,,,,,,,,,,,,,,,,,,,,,,,,,,,,
Lion,TXN,42,0.003162,,0.0002650360345209717,,False,,,,,,,,,,,,,,,,,,,,,,,,,,,,,,,,,,,,,,,,,,,,,,
Lion,TXN,43,0.003162,,0.00026509008079609545,,False,,,,,,,,,,,,,,,,,,,,,,,,,,,,,,,,,,,,,,,,,,,,,,
Lion,TXN,44,0.003162,,0.11092853041552993,,True,primary 0.1109 is >50.0x off the task peer median 0.000423,,,,,,,,,,,,,,,,,,,,,,,,,,,,,,,,,,,,,,,,,,,,,
Lion,TXN,45,0.003162,,0.0002650279926244544,,False,,,,,,,,,,,,,,,,,,,,,,,,,,,,,,,,,,,,,,,,,,,,,,
Lion,TXN,46,0.003162,,0.00026507202594999285,,False,,,,,,,,,,,,,,,,,,,,,,,,,,,,,,,,,,,,,,,,,,,,,,
Lion,TYL,42,0.003162,,0.00022660627488106015,,False,,,,,,,,,,,,,,,,,,,,,,,,,,,,,,,,,,,,,,,,,,,,,,
Lion,TYL,43,0.003162,,0.00022579457551713975,,False,,,,,,,,,,,,,,,,,,,,,,,,,,,,,,,,,,,,,,,,,,,,,,
Lion,TYL,44,0.003162,,0.00022649388543512455,,False,,,,,,,,,,,,,,,,,,,,,,,,,,,,,,,,,,,,,,,,,,,,,,
Lion,TYL,45,0.003162,,0.00022674121317409334,,False,,,,,,,,,,,,,,,,,,,,,,,,,,,,,,,,,,,,,,,,,,,,,,
Lion,TYL,46,0.003162,,0.00022632163510751473,,False,,,,,,,,,,,,,,,,,,,,,,,,,,,,,,,,,,,,,,,,,,,,,,
Lion,UBER,42,0.003162,,0.0007063858735729271,,False,,,,,,,,,,,,,,,,,,,,,,,,,,,,,,,,,,,,,,,,,,,,,,
Lion,UBER,43,0.003162,,0.0007062110997421641,,False,,,,,,,,,,,,,,,,,,,,,,,,,,,,,,,,,,,,,,,,,,,,,,
Lion,UBER,44,0.003162,,0.0007035195512670867,,False,,,,,,,,,,,,,,,,,,,,,,,,,,,,,,,,,,,,,,,,,,,,,,
Lion,UBER,45,0.003162,,0.0007054040759382113,,False,,,,,,,,,,,,,,,,,,,,,,,,,,,,,,,,,,,,,,,,,,,,,,
Lion,UBER,46,0.003162,,0.0007072555976854243,,False,,,,,,,,,,,,,,,,,,,,,,,,,,,,,,,,,,,,,,,,,,,,,,
Lion,WDAY,42,0.003162,,0.0004157111435741573,,False,,,,,,,,,,,,,,,,,,,,,,,,,,,,,,,,,,,,,,,,,,,,,,
Lion,WDAY,43,0.003162,,0.0004150239484650748,,False,,,,,,,,,,,,,,,,,,,,,,,,,,,,,,,,,,,,,,,,,,,,,,
Lion,WDAY,44,0.003162,,0.0004146340024935735,,False,,,,,,,,,,,,,,,,,,,,,,,,,,,,,,,,,,,,,,,,,,,,,,
Lion,WDAY,45,0.003162,,0.0004167540313361527,,False,,,,,,,,,,,,,,,,,,,,,,,,,,,,,,,,,,,,,,,,,,,,,,
Lion,WDAY,46,0.003162,,0.0004146525321842788,,False,,,,,,,,,,,,,,,,,,,,,,,,,,,,,,,,,,,,,,,,,,,,,,
SGD,AAPL,42,0.9487,,0.00018210647992356115,0.00039782333595366945,False,,10000,18.00326442718506,0.0018003264427185058,0.07691730575065472,0.3881,17.49072265625,nan,nan,2497,9250,4000,0.4,7.2402215003967285,9.640415685639681,0.0003960529412996654,0.00031989096200153613,0.0001937151828315109,-1.1608702907949756e-05,2.459284548435188,0.016772998483708095,0.6330667906254058,85.10269328347823,8.373344230651854,7.192625308173382,104.2177762147633,14.489532229120126,17774.554236774842,460800.0,4608000000.0,nan,nan,nan,nan,nan,nan,nan,nan,nan,0,0.01349468339471368,0.5596816976127321,0.00018210647992356115,0.009970977823570292,-0.002590945429215674,0.8184087983404611
SGD,AAPL,43,0.9487,,0.0001817575838199999,0.00039778811862045004,False,,10000,17.695724487304688,0.0017695724487304687,0.0769705556279477,0.3881,17.49072265625,nan,nan,2497,7250,4000,0.4,7.005037069320679,9.403471801078082,0.0003740817318504677,0.0003258578668605542,0.0001361915492452681,4.556603457473178e-05,3.063174112303086,0.021901749854325,0.6681930582569682,6.528653344582716,7.4442497253417965,7.239556148304201,91.9345857020959,12.698925710194365,18083.464185350265,460800.0,4608000000.0,nan,nan,nan,nan,nan,nan,nan,nan,nan,0,0.01348175002809353,0.5596816976127321,0.0001817575838199999,0.00993552220561517,-0.0006700908035435216,0.8184087983404611
SGD,AAPL,44,0.9487,,0.00018201338708716096,0.000397796893309535,False,,10000,17.855035543441772,0.0017855035543441772,0.07730294970650634,0.388,17.49072265625,nan,nan,2497,6750,4000,0.4,7.143455743789673,9.454653482966817,0.00036308823373164706,0.00032606159492001364,0.0002250328252557665,-4.3019438168605555e-05,4.574848575874153,0.02514728282019412,0.4270554893956036,31.982788464733034,7.779146838188171,7.383611064693213,102.26433390016149,13.850178862909885,17922.114981033308,460800.0,4608000000.0,nan,nan,nan,nan,nan,nan,nan,nan,nan,0,0.013491233712569098,0.5596816976127321,0.00018201338708716096,0.009962797164916992,-0.002078420916642898,0.8184087983404611
SGD,AAPL,45,0.9487,,0.00018187872474155728,0.0003977753913687142,False,,10000,17.482168436050415,0.0017482168436050414,0.0769602215263487,0.3878,17.49072265625,nan,nan,2497,8750,4000,0.4,7.091075897216797,9.593704309657653,0.0003886756745221379,0.0003028338562593622,0.0002380451769568026,-5.616645221524533e-05,2.3761925651010736,0.020752048216379458,0.5606704490786554,17.524584566724165,8.62234272956848,7.37746317188219,93.970574988473,12.737518683471594,18304.365455038176,460800.0,4608000000.0,nan,nan,nan,nan,nan,nan,nan,nan,nan,0,0.013486242054091914,0.5596816976127321,0.00018187872474155728,0.00994994148375496,-0.0013370346219370166,0.8184087983404611
SGD,AAPL,46,0.9487,,0.00018166202716726475,0.00039816764368618833,False,,10000,17.702430725097656,0.0017702430725097657,0.07695116849231468,0.3879,17.49072265625,nan,nan,2497,7750,4000,0.4,7.069414377212524,9.350369561010684,0.0003922017383241785,0.00034413579876941294,0.00022419814195018262,-4.253611478291787e-05,4.156115742616286,0.020641604236608685,0.5719591477813192,131.94140297072954,7.343650436401367,7.301230860173851,93.70782564134403,12.834524402247533,18076.613600092747,460800.0,4608000000.0,nan,nan,nan,nan,nan,nan,nan,nan,nan,0,0.013478205636035709,0.5596816976127321,0.00018166202716726475,0.009899801047390732,-0.00014400169980599564,0.8184087983404611
SGD,ACN,42,0.9487,,0.0002060769490464024,0.0003743645208900108,False,,10000,17.80238652229309,0.0017802386522293091,0.07691810341649477,0.3875,17.49072265625,nan,nan,2497,8750,4000,0.4,7.046642303466797,9.34064774803564,0.0002859085889470131,0.00023298091122164768,0.00015459090354852378,5.1486045497878605e-05,3.30917931457693,0.017042274902249237,0.7379081156288436,10.413223206793605,7.1602130889892575,7.192625308173382,99.95360542253262,13.896679048323252,17975.11808876181,460800.0,4608000000.0,nan,nan,nan,nan,nan,nan,nan,nan,nan,0,0.014355380491174812,0.47619047619047616,0.0002060769490464024,0.010049362661977293,-0.008884893943363448,-0.454156146275745
SGD,ACN,43,0.9487,,0.0002056166687339702,0.0003743224656234053,False,,10000,17.86440372467041,0.001786440372467041,0.07695976007721925,0.3872,17.49072265625,nan,nan,2497,7250,4000,0.4,7.179120779037476,9.358772033139884,0.00026709931778441784,0.0002157690927422891,0.00016076852625701576,4.4848142476954444e-05,4.183422622913238,0.013000861268895509,0.8649962622123556,1737.7361142775878,7.37176854610443,7.239556148304201,171.04393502995106,23.626301326500037,17912.71653573782,460800.0,4608000000.0,nan,nan,nan,nan,nan,nan,nan,nan,nan,0,0.014339339898822755,0.47619047619047616,0.0002056166687339702,0.010033253008726413,-0.0066315130759682095,-0.454156146275745
SGD,ACN,44,0.9487,,0.0002054686426485657,0.0003743237699690801,False,,10000,18.213894367218018,0.0018213894367218018,0.0771547937566795,0.3882,17.49072265625,nan,nan,2497,10000,4000,0.4,7.294064998626709,9.43551172590602,0.00023951648818578238,0.0002187441320644758,0.00016546501137781888,4.000363127074682e-05,4.5124617192109024,0.022618912730730627,0.5364645470093203,368.4406735627456,7.708069825172424,7.383611064693213,102.17304555638782,13.83781521821438,17569.004933725035,460800.0,4608000000.0,nan,nan,nan,nan,nan,nan,nan,nan,nan,0,0.014334177431878179,0.47619047619047616,0.0002054686426485657,0.010027713876552683,-0.005906826097801909,-0.454156146275745
SGD,ACN,45,0.9487,,0.0002065399888331297,0.00037436408610811914,False,,10000,17.846853494644165,0.0017846853494644164,0.07695782855448587,0.3879,17.49072265625,nan,nan,2497,8500,4000,0.4,7.230696201324463,9.315263571055365,0.0002537129232791518,0.00021861233626087762,0.00022268641623668373,-1.6146427403554013e-05,3.6679970881827133,0.015354271682502174,0.7345890613358855,286.30490185086296,6.935632061958313,7.37746317188219,132.82829915639851,18.004603487910117,17930.331534129076,460800.0,4608000000.0,nan,nan,nan,nan,nan,nan,nan,nan,nan,0,0.01437149918530178,0.47619047619047616,0.0002065399888331297,0.010066172433277917,-0.01115178428838104,-0.454156146275745
SGD,ACN,46,0.9487,,0.00020579295972036936,0.0003743312403124903,False,,10000,17.94616937637329,0.001794616937637329,0.07698120503206524,0.3881,17.49072265625,nan,nan,2497,8000,4000,0.4,7.159341335296631,9.316345209243103,0.00026900225424322983,0.00023456594937565294,0.0003342332493048161,-0.00012844028958444676,3.8252818667501693,0.021039372737394018,0.5809608711291988,50.97301859295261,7.01877703666687,7.301230860173851,96.27326466539299,13.18589516057305,17831.10330059017,460800.0,4608000000.0,nan,nan,nan,nan,nan,nan,nan,nan,nan,0,0.014345485691337515,0.47619047619047616,0.00020579295972036936,0.010039467029470615,-0.007494575703493878,-0.454156146275745
SGD,ADBE,42,0.9487,,0.0004694173260340615,0.0007181528076252823,False,,10000,17.833127737045288,0.0017833127737045288,0.07692017662255651,0.3882,17.49072265625,nan,nan,2497,9250,4000,0.4,7.235084533691406,9.576994628982613,0.00043456271453016463,0.000381117175138634,0.0009022945305332541,-0.00043287720449919267,5.117760045271353,0.018963906518092568,0.6679624689482985,93.18488825540875,8.423261356353759,7.192625308173382,89.6547725499377,12.464818992872877,17944.132107305802,460800.0,4608000000.0,nan,nan,nan,nan,nan,nan,nan,nan,nan,0,0.021666040848158243,0.4947089947089947,0.0004694173260340615,0.013974003060154182,-0.0002928355096067925,-0.18390016530866893
SGD,ADBE,43,0.9487,,0.0004693354090685567,0.0007178864839538655,False,,10000,17.982027053833008,0.0017982027053833009,0.07695221508169564,0.388,17.49072265625,nan,nan,2497,6500,4000,0.4,7.249815464019775,9.575965476459473,0.00043968027272749946,0.0003578052270823888,0.0003188920672982931,0.00015044334177026356,4.875169890964346,0.021435777961740284,0.642799753167602,7.686169614872779,8.109519529342652,7.239556148304201,93.07067236873617,12.855853378599337,17795.54657781418,460800.0,4608000000.0,nan,nan,nan,nan,nan,nan,nan,nan,nan,0,0.021664150319561502,0.5052910052910053,0.0004693354090685567,0.01397110419298606,-0.00011827664874530797,0.18390016530866893
SGD,ADBE,44,0.9487,,0.00046938263550006524,0.0007179079068434333,False,,10000,18.165085792541504,0.0018165085792541504,0.07718734392432834,0.3879,17.49072265625,nan,nan,2497,6750,4000,0.4,7.273717164993286,9.511448374755517,0.0004291783963652951,0.00037595354437282785,0.00021514132095035166,0.0002542413145497136,2.8143798345138062,0.022554218558907373,0.39084638118401765,20.79161375131982,7.766371846199036,7.383611064693213,111.07439864351429,15.043370739643557,17616.21187230453,460800.0,4608000000.0,nan,nan,nan,nan,nan,nan,nan,nan,nan,0,0.02166524025945859,0.5052910052910053,0.00046938263550006524,0.013972002362448072,-0.00021891260414097502,0.18390016530866893
SGD,ADBE,45,0.9487,,0.0004694244218251062,0.0007179314641168326,False,,10000,17.950453519821167,0.0017950453519821167,0.07693360480440428,0.388,17.49072265625,nan,nan,2497,8000,4000,0.4,7.259901285171509,9.341140170844785,0.0004088231120535702,0.00037198942749085216,0.0002777996123768389,0.00019162480944826725,3.3398404034949283,0.01873969852023447,0.5942928690534167,162.48679585631578,7.136550045013427,7.37746317188219,99.67048768879066,13.510130158109895,17826.847641852117,460800.0,4608000000.0,nan,nan,nan,nan,nan,nan,nan,nan,nan,0,0.021666204601293374,0.5052910052910053,0.0004694244218251062,0.013972633099429822,-0.0003079561039067702,0.18390016530866893
SGD,ADBE,46,0.9487,,0.0004692844770572804,0.0007178865630051185,False,,10000,18.071184396743774,0.0018071184396743773,0.07695567350835349,0.3878,17.49072265625,nan,nan,2497,8750,4000,0.4,7.140487194061279,9.314204628687783,0.0004299666031984124,0.000384491853956773,0.0005606682971119881,-9.138382005470768e-05,3.5964522182724554,0.015129699908624814,0.6667832609239649,77.3984169010347,6.990127420425415,7.301230860173851,135.06820730238917,18.49937495322166,17707.74914220124,460800.0,4608000000.0,nan,nan,nan,nan,nan,nan,nan,nan,nan,0,0.02166297479704208,0.5052910052910053,0.0004692844770572804,0.013970117720346602,-9.74438299317093e-06,0.18390016530866893
SGD,ADI,42,0.9487,,0.00033934568128888567,0.00045757379076525137,False,,10000,18.045686721801758,0.0018045686721801758,0.07681144651856632,0.3877,17.49072265625,nan,nan,2497,7500,4000,0.4,7.280737400054932,9.651568148689702,0.00037223311428015904,0.0003301235332679261,0.0001342550094705075,0.00020509067181837817,3.4158746990258866,0.012868551425489917,0.7891274957588787,43.5789895175244,7.700883150100708,7.192625308173382,139.76242441486306,19.43135064411644,17732.76932783026,460800.0,4608000000.0,nan,nan,nan,nan,nan,nan,nan,nan,nan,0,0.018421337662854066,0.5185185185185185,0.00033934568128888567,0.01403696827156834,-0.00026132979099191544,0.2572895384050634
SGD,ADI,43,0.9487,,0.00033926605074493973,0.0004574530004506402,False,,10000,18.118008613586426,0.0018118008613586425,0.07695878221789584,0.3878,17.49072265625,nan,nan,2497,6750,4000,0.4,7.085790395736694,9.399602263074708,0.0004058525333719585,0.00032698481930871224,0.00025334651581943035,8.591953492550938e-05,2.6863526770630832,0.0179975424058505,0.6528694474109372,43.06191278403572,8.565265464782714,7.239556148304201,116.33969967457409,16.07000447145169,17661.98520073761,460800.0,4608000000.0,nan,nan,nan,nan,nan,nan,nan,nan,nan,0,0.01841917616900766,0.5185185185185185,0.00033926605074493973,0.014024656285684575,-2.6609391790666237e-05,0.2572895384050634
SGD,ADI,44,0.9487,,0.0003393253794422856,0.00045754971965870743,False,,10000,17.97021245956421,0.0017970212459564208,0.07715078790430256,0.3874,17.49072265625,nan,nan,2497,9250,4000,0.4,7.158364772796631,9.544494481446899,0.00038178010978472024,0.0003309902185782267,0.0001166432848549448,0.00022268209458734081,4.904265760820042,0.021774688709509,0.5622815719637327,101.81532892639325,8.159427118301391,7.383611064693213,108.12057531929088,14.643319423513441,17807.246337240034,460800.0,4608000000.0,nan,nan,nan,nan,nan,nan,nan,nan,nan,0,0.018420786613016438,0.5185185185185185,0.0003393253794422856,0.014035626063271174,-0.00020148770901728952,0.2572895384050634
SGD,ADI,45,0.9487,,0.0003393718568736283,0.00045753327699807973,False,,10000,17.68793272972107,0.001768793272972107,0.0770441768127977,0.3878,17.49072265625,nan,nan,2497,8500,4000,0.4,7.088935375213623,9.576574525449564,0.0003950989647483061,0.00031718136064188483,0.0003710891178343445,-3.1717260960716206e-05,4.895676034724827,0.022073346865269853,0.7706364115662664,32.62302088909873,8.13445348739624,7.37746317188219,97.16252788054283,13.170181350529743,18091.43017953157,460800.0,4608000000.0,nan,nan,nan,nan,nan,nan,nan,nan,nan,0,0.018422048118318123,0.5185185185185185,0.0003393718568736283,0.014019102015823284,-0.0003384854073631427,0.2572895384050634
SGD,ADI,46,0.9487,,0.0003392570627429498,0.0004574546605269536,False,,10000,17.727437019348145,0.0017727437019348145,0.07703685001641125,0.3881,17.49072265625,nan,nan,2497,5500,4000,0.4,7.0880067348480225,9.432565776061576,0.00037980993358239005,0.0003515521200320098,0.0004004805232398212,-6.122346049687138e-05,4.491853512431873,0.017856840002335186,0.6524826974583303,41.99469183008841,7.694723749160766,7.301230860173851,138.54208208478087,18.975167987152513,18051.114757917032,460800.0,4608000000.0,nan,nan,nan,nan,nan,nan,nan,nan,nan,0,0.018418932182484134,0.5185185185185185,0.0003392570627429498,0.014027481987362816,-1.1619821749242476e-07,0.2572895384050634
SGD,ADSK,42,0.9487,,0.00028928174149422416,0.0007620222214362349,False,,10000,17.89663338661194,0.0017896633386611939,0.07691899619152083,0.388,17.49072265625,nan,nan,2497,6250,4000,0.4,7.109107971191406,9.494323071087905,0.0005947017481105297,0.0005590825616870662,0.00016824097838252783,0.00012104076311169633,4.657838178756877,0.01661103063943134,0.5798443385281699,93.95965620478214,7.8746854066848755,7.192625308173382,111.24233344746484,15.466165507197207,17880.45790999913,460800.0,4608000000.0,nan,nan,nan,nan,nan,nan,nan,nan,nan,0,0.0170082844959221,0.4444444444444444,0.00028928174149422416,0.012511518266465928,-0.008522393254485339,-0.910808831292842
SGD,ADSK,43,0.9487,,0.00029048905091941674,0.0007619581899212906,False,,10000,17.83839225769043,0.001783839225769043,0.07694641226894838,0.388,17.49072265625,nan,nan,2497,6000,4000,0.4,7.08603310585022,9.324459286041876,0.0006132111464543454,0.000498261640969505,0.0003521277103573084,-6.163865943789164e-05,3.8994602955827617,0.025987221169466647,0.6170902909225587,5.171896266939967,7.0912635803222654,7.239556148304201,75.80025897801193,10.470290916352301,17938.836380394237,460800.0,4608000000.0,nan,nan,nan,nan,nan,nan,nan,nan,nan,0,0.017043739346734234,0.4444444444444444,0.00029048905091941674,0.012562128601881562,-0.012731433841024486,-0.910808831292842
SGD,ADSK,44,0.9487,,0.0002891455614377582,0.0007620476759397066,False,,10000,17.908432483673096,0.0017908432483673097,0.0772823591290158,0.3881,17.49072265625,nan,nan,2497,6750,4000,0.4,7.052013397216797,9.50777935666516,0.0005470565419478128,0.0005373283268581741,0.00020721773034892976,8.192783108882843e-05,2.8278244636161856,0.029064879954033545,0.40158002965616196,2.681426694305823,7.745224094390869,7.383611064693213,82.53017969567972,11.177481989851916,17868.677244183164,460800.0,4608000000.0,nan,nan,nan,nan,nan,nan,nan,nan,nan,0,0.01700428067980996,0.4444444444444444,0.0002891455614377582,0.012505440484909784,-0.008047628978830712,-0.910808831292842
SGD,ADSK,45,0.9487,,0.0002910093892188299,0.0007619970040865223,False,,10000,17.74659013748169,0.0017746590137481689,0.0771278050438819,0.3881,17.49072265625,nan,nan,2497,9250,4000,0.4,7.137592315673828,9.639186070082875,0.0005888290047447282,0.0005366868705869079,0.001429725089110434,-0.001138715699891604,2.490662235729404,0.02590711543794085,0.5500063459730119,6.741912319697298,8.291536426544189,7.37746317188219,84.56617629129693,11.46277173074953,18031.632979686838,460800.0,4608000000.0,nan,nan,nan,nan,nan,nan,nan,nan,nan,0,0.017058997309889874,0.4444444444444444,0.0002910093892188299,0.012582323538563239,-0.014545488279149588,-0.910808831292842
SGD,ADSK,46,0.9487,,0.0002901767178502663,0.0007619515496160371,False,,10000,18.00076150894165,0.001800076150894165,0.07694811204443593,0.3878,17.49072265625,nan,nan,2497,7750,4000,0.4,7.123601198196411,9.539443890069297,0.0006106682240321908,0.0005120165587067026,0.0011686562793329358,-0.0008784795614826695,4.5998594435132665,0.020897517457491827,0.48758509182183485,14.057719818457656,8.165466308593746,7.301230860173851,92.19751261898278,12.627667085818933,17777.025701998442,460800.0,4608000000.0,nan,nan,nan,nan,nan,nan,nan,nan,nan,0,0.017034574190459423,0.4444444444444444,0.0002901767178502663,0.012549309503464471,-0.011642547647360502,-0.910808831292842
SGD,AMD,42,0.9487,,0.0008350030455009016,0.0013437027640304767,False,,10000,17.96816897392273,0.001796816897392273,0.07691978963564675,0.3876,17.49072265625,nan,nan,2497,7000,4000,0.4,7.235010862350464,9.315010507348001,0.0013759643309937577,0.0012581083778237614,0.0066286129876971245,-0.005793609942196223,3.647080078594362,0.022267565985001285,0.4054756427519135,5.957525034723599,6.9437607526779175,7.192625308173382,80.1556325552407,11.144141272610902,17809.27152145648,460800.0,4608000000.0,nan,nan,nan,nan,nan,nan,nan,nan,nan,0,0.02889641925050406,0.5092838196286472,0.0008350030455009016,0.0211311660746418,-0.00013560745909013683,-0.08512321927901365
SGD,AMD,43,0.9487,,0.0008359824223493142,0.0013434714600641469,False,,10000,17.696735382080078,0.0017696735382080077,0.07706759763487575,0.3875,17.49072265625,nan,nan,2497,9750,4000,0.4,7.164468050003052,9.482648453637445,0.00140967559528745,0.0012114111308035493,0.0025436999276280403,-0.001707717505278726,5.04134494773443,0.017903818214238098,0.7065959318262637,178.48599414213402,8.458997011184692,7.239556148304201,130.72808012592222,18.05747168029687,18082.431199374532,460800.0,4608000000.0,nan,nan,nan,nan,nan,nan,nan,nan,nan,0,0.0289133606201236,0.5092838196286472,0.0008359824223493142,0.021129035445117447,-0.0013086686407184356,-0.08512321927901365
SGD,AMD,44,0.9487,,0.0008354142860130027,0.0013434516972508923,False,,10000,17.764750957489014,0.0017764750957489014,0.07730299854748614,0.3884,17.49072265625,nan,nan,2497,9250,4000,0.4,7.1789398193359375,9.55885795916812,0.001718053948929327,0.0012000914811158224,0.0006188221159391105,0.0002165921700738922,2.673951453670615,0.019542097385366025,0.35860967024063156,212.76067345069194,7.9699047088623045,7.383611064693213,146.07481745751278,19.7836554739469,18013.19932746363,460800.0,4608000000.0,nan,nan,nan,nan,nan,nan,nan,nan,nan,0,0.02890353414399358,0.5092838196286472,0.0008354142860130027,0.0211285081490007,-0.0006281760570110428,-0.08512321927901365
SGD,AMD,45,0.9487,,0.0008350047800276014,0.0013437002343903801,False,,10000,17.71787405014038,0.001771787405014038,0.07692738848732875,0.3878,17.49072265625,nan,nan,2497,9500,4000,0.4,7.205620288848877,9.36507315535803,0.001394989935937794,0.0012817223797093615,0.0008584316819906235,-2.342690196302207e-05,3.2179731747017324,0.022571220381400702,0.49559907983526114,4.414018327537866,7.280821561813354,7.37746317188219,79.63288454717285,10.794074154199587,18060.857589032505,460800.0,4608000000.0,nan,nan,nan,nan,nan,nan,nan,nan,nan,0,0.028896449263319558,0.5092838196286472,0.0008350047800276014,0.021131139583688563,-0.0001376850106917793,-0.08512321927901365
SGD,AMD,46,0.9487,,0.0008358215844189679,0.0013434472703807235,False,,10000,17.86814045906067,0.001786814045906067,0.07715793368838846,0.3885,17.49072265625,nan,nan,2497,5500,4000,0.4,7.180020332336426,9.48530015389359,0.0014841881858409264,0.0013331002471830154,0.0013686858583241701,-0.0005328642739052022,2.877053579132484,0.024122282833631766,0.36143553971550985,16.943380211192494,7.696065616607666,7.301230860173851,104.16925185909153,14.26735489591287,17908.97047922705,460800.0,4608000000.0,nan,nan,nan,nan,nan,nan,nan,nan,nan,0,0.02891057910902111,0.5092838196286472,0.0008358215844189679,0.021128562392381135,-0.0011160229467463978,-0.08512321927901365
SGD,AMZN,42,0.9487,,0.0003326102775871438,0.0008323146746708796,False,,10000,17.798632860183716,0.0017798632860183715,0.07691683888253774,0.3876,17.49072265625,nan,nan,2497,6000,4000,0.4,7.069334268569946,9.317863407608856,0.00047356768924906764,0.0004121992961885767,0.000396895658923313,-6.428538133616921e-05,3.846177063056874,0.01896013310622643,0.5620314780961384,13.350431810901206,7.049745321273803,7.192625308173382,95.51350507253903,13.279366153551985,17978.908970916153,460800.0,4608000000.0,nan,nan,nan,nan,nan,nan,nan,nan,nan,0,0.018237606136418887,0.4693333333333333,0.0003326102775871438,0.01346476746614648,-0.011922998205256663,-1.2042107154628319
SGD,AMZN,43,0.9487,,0.00033473416611000346,0.00083245823174636,False,,10000,17.671895742416382,0.0017671895742416381,0.0769470809795678,0.3878,17.49072265625,nan,nan,2497,9500,4000,0.4,7.106294631958008,9.55685183519901,0.0004220085507299752,0.0003974487762546985,0.00018897872359957546,0.000145755442510428,5.084890009785829,0.01574153110449484,0.5445960812633032,12.37107422987538,8.409632730484008,7.239556148304201,123.33401467548799,17.036129308062325,18107.847888211032,460800.0,4608000000.0,nan,nan,nan,nan,nan,nan,nan,nan,nan,0,0.018295741748013482,0.4693333333333333,0.00033473416611000346,0.01351296964776579,-0.01838464953334218,-1.2042107154628319
SGD,AMZN,44,0.9487,,0.0003330603478446839,0.0008323266904613384,False,,10000,17.841309547424316,0.0017841309547424317,0.07717144388748146,0.3886,17.49072265625,nan,nan,2497,7750,4000,0.4,7.160560369491577,9.616060060903177,0.0004838886545780561,0.00040038860256676575,0.00024173686688300222,9.13234809616817e-05,2.467234539474256,0.024522834010943302,0.5760602285079113,55.566853582321585,8.340747690200805,7.383611064693213,95.39093580657152,12.919279600561543,17935.903143735166,460800.0,4608000000.0,nan,nan,nan,nan,nan,nan,nan,nan,nan,0,0.018249941036745404,0.4693333333333333,0.0003330603478446839,0.013474130125903578,-0.013292277734791691,-1.2042107154628319
SGD,AMZN,45,0.9487,,0.00033317750723904405,0.0008323091410831684,False,,10000,17.618616342544556,0.0017618616342544556,0.07692070724793793,0.3876,17.49072265625,nan,nan,2497,4750,4000,0.4,7.161323547363281,9.632164246158128,0.00044504156380103025,0.00040505658782149785,0.00029493222245946527,3.824528477957878e-05,2.560393921300715,0.013834774220024859,0.5418481844600063,442.5874573297512,8.156384801864624,7.37746317188219,148.8303387320996,20.17364712837041,18162.606743826982,460800.0,4608000000.0,nan,nan,nan,nan,nan,nan,nan,nan,nan,0,0.018253150611306643,0.4693333333333333,0.00033317750723904405,0.013476629105825273,-0.01364871977401183,-1.2042107154628319
SGD,AMZN,46,0.9487,,0.00040104244121168026,0.0008459035850646325,False,,10000,17.827674388885498,0.0017827674388885498,0.0776330133193005,0.3883,17.49072265625,nan,nan,2497,5750,4000,0.4,7.101297378540039,9.638954458657928,0.00048100537222739556,0.00041762318267027983,0.000394493225030601,6.549216181079231e-06,2.448939088217411,0.022673456954881984,0.5318330782805001,267.93322886217044,8.374990701675415,7.301230860173851,149.70016217690016,20.503414430226034,17949.62107898387,460800.0,4608000000.0,nan,nan,nan,nan,nan,nan,nan,nan,nan,0,0.020026044072948612,0.49066666666666664,0.00040104244121168026,0.014925630004317672,-0.22011885039286883,-1.5141269598192664
SGD,APH,42,0.9487,,0.00022904484202622107,0.0002830302644155386,False,,10000,17.75251531600952,0.001775251531600952,0.07692208052846194,0.3872,17.49072265625,nan,nan,2497,6000,4000,0.4,7.117770433425903,9.524958877118133,0.00031160290515797767,0.0002574775371721244,0.00011097324022557586,0.00011807160180064521,5.191949243444397,0.02265182894253981,0.6364594433499271,2.7556584928751455,8.556038570404052,7.192625308173382,79.89746026311907,11.108247244900568,18025.614641290776,460800.0,4608000000.0,nan,nan,nan,nan,nan,nan,nan,nan,nan,0,0.015134227500147507,0.4601063829787234,0.00022904484202622107,0.010470133609872647,-0.00845648862195958,-1.4047444824252193
SGD,APH,43,0.9487,,0.00022940690476427634,0.0002830465687364735,False,,10000,18.108768939971924,0.0018108768939971924,0.0770408206382853,0.3876,17.49072265625,nan,nan,2497,9000,4000,0.4,7.271311044692993,9.631974144419752,0.00029572943238113914,0.0002478829636460501,0.00013065681559965014,9.875008916462619e-05,2.4801303590176293,0.026068927163119322,0.7234507711971018,5.569017069076735,8.330267667770386,7.239556148304201,78.59405403477187,10.856197869696997,17670.99691098583,460800.0,4608000000.0,nan,nan,nan,nan,nan,nan,nan,nan,nan,0,0.01514618449525412,0.4601063829787234,0.00022940690476427634,0.010481944159855918,-0.01005060667434643,-1.4047444824252193
SGD,APH,44,0.9487,,0.00022964670308052548,0.0002830723394449573,False,,10000,17.779990673065186,0.0017779990673065186,0.0771460369376248,0.388,17.49072265625,nan,nan,2497,10000,4000,0.4,7.173237085342407,9.561946227841442,0.00028924700083930293,0.00025456295818125104,0.0004218076937831938,-0.00019216099070266834,4.852413746212313,0.02222753832539939,0.6859870312008938,48.94385314940502,8.084404563903808,7.383611064693213,103.93286548252046,14.076156581364954,17997.759722380863,460800.0,4608000000.0,nan,nan,nan,nan,nan,nan,nan,nan,nan,0,0.015154098557173418,0.4601063829787234,0.00022964670308052548,0.01049040675794006,-0.01110640939770291,-1.4047444824252193
SGD,APH,45,0.9487,,0.00022918529926784455,0.00028303301144658096,False,,10000,17.9871084690094,0.00179871084690094,0.07694513530932301,0.3879,17.49072265625,nan,nan,2497,8500,4000,0.4,7.3600451946258545,9.572723931091264,0.0002807497583016553,0.0002454309756121377,0.0004702730802819133,-0.00024108778101406873,4.931263602330813,0.01760485235229352,0.6291227490386238,38.256973906933005,8.167204189300536,7.37746317188219,109.28799664623538,14.813763769471054,17790.51927947946,460800.0,4608000000.0,nan,nan,nan,nan,nan,nan,nan,nan,nan,0,0.015138867172541166,0.4601063829787234,0.00022918529926784455,0.010474348825121682,-0.009074904716537935,-1.4047444824252193
SGD,APH,46,0.9487,,0.0002278376508642126,0.0002833202046487945,False,,10000,17.862637758255005,0.0017862637758255006,0.07695994066819509,0.388,17.49072265625,nan,nan,2497,7000,4000,0.4,7.144139051437378,9.439476757789095,0.00030312229938356136,0.00026484211905020675,0.00039128848584368825,-0.00016345083497947566,2.9630728121637886,0.020986831729622343,0.6016596748798991,3.7798610573689504,7.576100993156433,7.301230860173851,95.4827502597439,13.077623771708863,17914.487453126334,460800.0,4608000000.0,nan,nan,nan,nan,nan,nan,nan,nan,nan,0,0.01509429199612266,0.5398936170212766,0.0002278376508642126,0.010434348747213051,-0.0031413732516900605,1.4047444824252193
SGD,AVGO,42,0.9487,,0.0008637741129234355,0.0004991004811673961,False,,10000,17.960339784622192,0.0017960339784622193,0.07691872744135055,0.388,17.49072265625,nan,nan,2497,8250,4000,0.4,7.090153455734253,9.627295544752519,0.000581942737413563,0.0005076267639089066,0.0001952650345629081,0.0006685090783605273,2.6221839656023023,0.02177568965054754,0.6248866674408681,40.14831626582326,8.04036374092102,7.192625308173382,79.6597744968272,11.075201485374935,17817.034857769613,460800.0,4608000000.0,nan,nan,nan,nan,nan,nan,nan,nan,nan,0,0.02939003424501978,0.5238095238095238,0.0008637741129234355,0.020176430858632244,-0.0040217711757455366,1.4391859399277436
SGD,AVGO,43,0.9487,,0.000862394927670716,0.0004992839196000238,False,,10000,17.873375177383423,0.0017873375177383424,0.07696270554110156,0.3877,17.49072265625,nan,nan,2497,9500,4000,0.4,7.224788427352905,9.578547009214589,0.0005896853609460051,0.0004931937896909416,0.0004703543963842094,0.0003920405312865066,2.40018914559581,0.01965977749205393,0.6028460792810343,20.69965115147538,8.544098901748658,7.239556148304201,99.59385265832799,13.75690037042629,17903.725335823587,460800.0,4608000000.0,nan,nan,nan,nan,nan,nan,nan,nan,nan,0,0.02936656138656203,0.5238095238095238,0.000862394927670716,0.020185268745220527,-0.002418652953635192,1.4391859399277436
SGD,AVGO,44,0.9487,,0.0008638844918952418,0.0004991007183211552,False,,10000,18.104329109191895,0.0018104329109191895,0.07715566373908474,0.388,17.49072265625,nan,nan,2497,4250,4000,0.4,7.2719385623931885,9.572676867734641,0.0005700926847632589,0.0005284324927895142,0.00038648510235361755,0.0004773993895416242,5.060936075825598,0.024128685949238483,0.558783779255999,16.436749316802334,8.336118030548095,7.383611064693213,110.4989665428735,14.96543704357005,17675.3304731701,460800.0,4608000000.0,nan,nan,nan,nan,nan,nan,nan,nan,nan,0,0.029391912014961562,0.5238095238095238,0.0008638844918952418,0.020175807690494273,-0.0041500719538256625,1.4391859399277436
SGD,AVGO,45,0.9487,,0.0008645716798368585,0.0004991373981025555,False,,10000,17.74419403076172,0.0017744194030761718,0.07693013191929891,0.3879,17.49072265625,nan,nan,2497,7500,4000,0.4,7.132051229476929,9.561336857806337,0.0006213742111511688,0.0004941929523153362,0.0005627153441309929,0.00030185633570586564,2.7171155293239324,0.02002283254501219,0.4426690552289156,5.851857970564524,7.890217971801757,7.37746317188219,92.74882173626055,12.571912536243515,18034.067901040817,460800.0,4608000000.0,nan,nan,nan,nan,nan,nan,nan,nan,nan,0,0.029403599776844647,0.5238095238095238,0.0008645716798368585,0.020174658487713527,-0.004948835940786989,1.4391859399277436
SGD,AVGO,46,0.9487,,0.0008636686221632378,0.0004991019436155769,False,,10000,17.803523302078247,0.0017803523302078246,0.07699085249457942,0.388,17.49072265625,nan,nan,2497,5250,4000,0.4,6.980550765991211,9.56118645449148,0.0006106932890134379,0.0005323923704483386,0.0004133113834541291,0.00045035723870910866,5.1205059823867725,0.020059205196289814,0.5919138014017081,55.67674545661986,8.439896869659425,7.301230860173851,112.47740319699282,15.405265954611194,17973.97035241028,460800.0,4608000000.0,nan,nan,nan,nan,nan,nan,nan,nan,nan,0,0.02938823952133298,0.5238095238095238,0.0008636686221632378,0.020177035104660762,-0.0038991522892661834,1.4391859399277436
SGD,CDNS,42,0.9487,,0.00039094844192424146,0.0005600250051887978,False,,10000,17.641945362091064,0.0017641945362091064,0.07691932164122967,0.3878,17.49072265625,nan,nan,2497,9250,4000,0.4,7.0753865242004395,9.390553411756567,0.0003820024951017452,0.000375359290968015,0.00022521079517900944,0.00016573764674523202,3.1093963095478068,0.017079695266519587,0.70905415390298,192.02457288381493,7.393125605583191,7.192625308173382,100.95394935665108,14.03575815939299,18138.58922200352,460800.0,4608000000.0,nan,nan,nan,nan,nan,nan,nan,nan,nan,0,0.019772416188322595,0.5211640211640212,0.00039094844192424146,0.014424109585070736,-2.480588387498983e-05,0.5255742308309481
SGD,CDNS,43,0.9487,,0.00039094312008095797,0.0005601519615011443,False,,10000,17.807151079177856,0.0017807151079177856,0.07698600356613088,0.3876,17.49072265625,nan,nan,2497,8000,4000,0.4,7.099401235580444,9.406096082704355,0.0004135459045924584,0.00034862816730358995,0.00032254477264359593,6.839834743736203e-05,3.0577995761400953,0.023617557354545408,0.6402720670419974,3.5333147847320694,7.440479850769043,7.239556148304201,84.6900651524772,11.698239977365887,17970.308589911405,460800.0,4608000000.0,nan,nan,nan,nan,nan,nan,nan,nan,nan,0,0.019772281610399896,0.5211640211640212,0.00039094312008095797,0.014424109585070736,-1.1192898821565933e-05,0.5255742308309481
SGD,CDNS,44,0.9487,,0.00039095971634779024,0.0005601279299202269,False,,10000,17.737139225006104,0.0017737139225006103,0.07730968588742992,0.3884,17.49072265625,nan,nan,2497,9750,4000,0.4,7.148252010345459,9.575535905781665,0.00039909189404713273,0.0003410652282887891,0.00017483359260950238,0.00021612612373828787,5.071669052816821,0.030221919910346867,0.44174624287843417,3.6533745571260137,8.366676521301269,7.383611064693213,75.09028521785366,10.16985924095037,18041.2408078107,460800.0,4608000000.0,nan,nan,nan,nan,nan,nan,nan,nan,nan,0,0.019772701291118272,0.5211640211640212,0.00039095971634779024,0.014424235732467086,-5.364524480278021e-05,0.5255742308309481
SGD,CDNS,45,0.9487,,0.0003912370040933922,0.0005603281272184943,False,,10000,18.030165910720825,0.0018030165910720825,0.07692420823697335,0.3877,17.49072265625,nan,nan,2497,9000,4000,0.4,7.319056749343872,9.398597548453743,0.0004006825250903889,0.0003358006347553239,0.0008435280760750175,-0.00045229107198162526,3.08345759063574,0.015207371677563943,0.6558893661646608,442.1659838611947,7.433525419235227,7.37746317188219,119.78332947668369,16.236384606190278,17748.03413260476,460800.0,4608000000.0,nan,nan,nan,nan,nan,nan,nan,nan,nan,0,0.019779711931506794,0.5211640211640212,0.0003912370040933922,0.014433399079337952,-0.0007629321845452619,0.5255742308309481
SGD,CDNS,46,0.9487,,0.0003909621210325332,0.0005601876136162553,False,,10000,17.82726216316223,0.001782726216316223,0.07698419617010244,0.3881,17.49072265625,nan,nan,2497,10000,4000,0.4,7.099202632904053,9.316529982813906,0.000414824688769189,0.00037122868367398383,0.00034180685179308057,4.915526923945262e-05,3.6215422944370554,0.01563940679952307,0.5841722722185896,83.92092105533614,6.944605302810669,7.301230860173851,136.1901244608203,18.653036326203424,17950.036134053116,460800.0,4608000000.0,nan,nan,nan,nan,nan,nan,nan,nan,nan,0,0.01977276209922461,0.5211640211640212,0.0003909621210325332,0.014424109585070736,-5.979629730834546e-05,0.5255742308309481
SGD,CRM,42,0.9487,,0.0004502741432694531,0.0007316499395142816,False,,10000,17.764554977416992,0.0017764554977416991,0.07691900044810417,0.3883,17.49072265625,nan,nan,2497,7750,4000,0.4,7.137758493423462,9.413401348181461,0.0005854151980878552,0.0005474804887910373,0.0001718937128316611,0.000278380430437792,4.419994635764761,0.01852594435495331,0.5078739561388134,14.094105284155061,7.6038635730743405,7.192625308173382,93.41151843865745,12.987124232998585,18013.39805060114,460800.0,4608000000.0,nan,nan,nan,nan,nan,nan,nan,nan,nan,0,0.021219664070608026,0.47619047619047616,0.0004502741432694531,0.013152273874434213,-0.006930188312151309,-0.9214713153438326
SGD,CRM,43,0.9487,,0.0004490708942135806,0.0007317245638971304,False,,10000,17.83944272994995,0.001783944272994995,0.07697032108290998,0.3881,17.49072265625,nan,nan,2497,6750,4000,0.4,7.016572713851929,9.315816418534329,0.000555495575819417,0.0005157460931988965,0.00020331694395281374,0.00024575395026076686,3.627960309029509,0.019124078182304348,0.6490971081895397,34.84301136082315,6.942623567581177,7.239556148304201,109.28762218483297,15.095900901387798,17937.78005535814,460800.0,4608000000.0,nan,nan,nan,nan,nan,nan,nan,nan,nan,0,0.021191292886786794,0.47619047619047616,0.0004490708942135806,0.013119654680686023,-0.004239410223898954,-0.9214713153438326
SGD,CRM,44,0.9487,,0.00047532433555239723,0.0007770741333695875,False,,10000,18.067755699157715,0.0018067755699157715,0.07722889281364682,0.3876,17.49072265625,nan,nan,2497,5750,4000,0.4,7.164236783981323,9.323026737875365,0.0005971122705973527,0.0005299941174069471,0.00047848850954324007,-3.1641739908428368e-06,3.8286152364388295,0.02478566111007376,0.3876397035405567,6.69321943766068,6.920674252510071,7.383611064693213,103.82737991670191,14.06187013467995,17711.10952174972,460800.0,4608000000.0,nan,nan,nan,nan,nan,nan,nan,nan,nan,0,0.021801934215853355,0.47883597883597884,0.00047532433555239723,0.013549853884984576,-0.0629489386884663,-0.8394930205856936
SGD,CRM,45,0.9487,,2.4028962957795965,0.0007318172910169201,True,primary outside absolute sane range,10000,17.72346830368042,0.001772346830368042,0.07698916848273973,0.3881,17.49072265625,nan,nan,2497,8500,4000,0.4,7.198470592498779,9.392866738500391,0.0005819589675800766,0.0005052278590362995,0.0002879312669392675,2.4026083645126572,3.092030269531444,0.016185791382272666,0.6632400503369719,206.1379657178618,7.407764649391174,7.37746317188219,133.61907244084625,18.1117911845511,18055.156841595697,460800.0,4608000000.0,nan,nan,nan,nan,nan,nan,nan,nan,nan,0,1.5501278320769538,0.47619047619047616,2.4028962957795965,0.09276509158825748,-5372.5015784728585,-0.9214713153438326
SGD,CRM,46,0.9487,,0.000450663859882052,0.000731669465173777,False,,10000,17.78447675704956,0.001778447675704956,0.07696762950808642,0.3877,17.49072265625,nan,nan,2497,6000,4000,0.4,7.097025632858276,9.392206942595182,0.0006032379818163872,0.0005077025246900633,0.00030852860072627664,0.00014213525915577534,3.085520929830671,0.017951253389203167,0.528965857105151,10.882513021554258,7.411738562583923,7.301230860173851,120.34472351721644,16.48279938300032,17993.219838371446,460800.0,4608000000.0,nan,nan,nan,nan,nan,nan,nan,nan,nan,0,0.0212288449964206,0.47619047619047616,0.000450663859882052,0.013164434483442356,-0.007801696099081434,-0.9214713153438326
SGD,CSCO,42,0.9487,,0.00014644944991068864,0.000284246013398512,False,,10000,17.831949710845947,0.0017831949710845948,0.07691789316615254,0.3882,17.49072265625,nan,nan,2497,9250,4000,0.4,7.122204065322876,9.36262213223262,0.00034417846887407276,0.00031575261502039457,0.00018174739670939744,-3.5297946798708795e-05,3.239120895060878,0.015303972236618914,0.7086460655591039,140.29801441902296,7.2420081615448,7.192625308173382,110.15402618655543,15.31485674102629,17945.317544573718,460800.0,4608000000.0,nan,nan,nan,nan,nan,nan,nan,nan,nan,0,0.012101630051802469,0.45478723404255317,0.00014644944991068864,0.008095366614205497,-0.006535222112748373,-0.6309806781005214
SGD,CSCO,43,0.9487,,0.0001460638725095325,0.0002842710726457186,False,,10000,17.803012132644653,0.0017803012132644653,0.07693723286577565,0.3882,17.49072265625,nan,nan,2497,7000,4000,0.4,7.20624041557312,9.322047444848936,0.00033655451958277885,0.0002650658713571271,0.00026317755691707134,-0.00011711368440753885,3.5056078269016595,0.019316061368687267,0.7114618787777562,130.5106895771012,6.964104080200194,7.239556148304201,99.73807112073305,13.776821268814356,17974.48643048606,460800.0,4608000000.0,nan,nan,nan,nan,nan,nan,nan,nan,nan,0,0.01208568874783446,0.45478723404255317,0.0001460638725095325,0.00806912038692091,-0.0038851798261365644,-0.6309806781005214
SGD,CSCO,44,0.9487,,0.00014635041434928853,0.0002842429303996443,False,,10000,18.015007495880127,0.0018015007495880127,0.0763763984509829,0.388,17.49072265625,nan,nan,2497,8750,4000,0.4,7.083433151245117,9.324005982914906,0.00031367667008523007,0.00029025637449993694,0.00043194592581130564,-0.0002855955114620171,3.060282375736236,0.019675894390417344,0.6139207391372884,283.5367195938331,7.6443706035614,7.383611064693213,117.28912312536247,15.885062484698441,17762.967907350645,460800.0,4608000000.0,nan,nan,nan,nan,nan,nan,nan,nan,nan,0,0.01209753753246042,0.45478723404255317,0.00014635041434928853,0.0080890176157472,-0.005854558710791435,-0.6309806781005214
SGD,CSCO,45,0.9487,,0.00014632630837026726,0.00028424302921371055,False,,10000,17.91348147392273,0.001791348147392273,0.07726199470259586,0.3882,17.49072265625,nan,nan,2497,9000,4000,0.4,7.20514178276062,9.337414706323193,0.0003082233377179734,0.0002868014236440723,0.00026885964325629175,-0.00012253333488602448,4.080641647525771,0.028734123433394886,0.38246082881771837,2.9534153477536873,7.264742684364319,7.37746317188219,79.30169397419476,10.749181951383806,17863.640882194508,460800.0,4608000000.0,nan,nan,nan,nan,nan,nan,nan,nan,nan,0,0.012096541173834248,0.45478723404255317,0.00014632630837026726,0.00808741806676148,-0.005688880267047169,-0.6309806781005214
SGD,CSCO,46,0.9487,,0.00014559893065659458,0.0002846062894841404,False,,10000,18.403647422790527,0.0018403647422790528,0.07695562374641604,0.388,17.49072265625,nan,nan,2497,8750,4000,0.4,7.339597702026367,9.6265244285111,0.000317083191997666,0.00028399381752981627,0.00023713920381851494,-9.154027316192036e-05,2.4143071951431896,0.018636527584103117,0.6951690099264177,126.64749170513593,8.46291742324829,7.301230860173851,105.09859676580335,14.39464095555264,17387.857561524546,460800.0,4608000000.0,nan,nan,nan,nan,nan,nan,nan,nan,nan,0,0.012066438192631436,0.5452127659574468,0.00014559893065659458,0.008028387392639483,-0.0006896720826674585,0.6309806781005214
SGD,CTSH,42,0.9487,,0.0001709786435914418,0.00041032675406660893,False,,10000,17.779354333877563,0.0017779354333877563,0.07692071832205558,0.3883,17.49072265625,nan,nan,2497,9000,4000,0.4,7.190298557281494,9.562133864649814,0.0004500787453787214,0.00036552392215394053,0.00014032013132236898,3.0658512269072813e-05,4.808720141640125,0.013201417112649754,0.6928383775734205,186.46881583881012,8.044035387039184,7.192625308173382,128.94635100960707,17.92757796837799,17998.403878495064,460800.0,4608000000.0,nan,nan,nan,nan,nan,nan,nan,nan,nan,0,0.013075880222434045,0.4708994708994709,0.0001709786435914418,0.00967369003901406,-0.010569028025014582,-0.6068268288485892
SGD,CTSH,43,0.9487,,0.00017152959234500057,0.00041048793957151213,False,,10000,17.787353515625,0.0017787353515625,0.07746178946666032,0.3878,17.49072265625,nan,nan,2497,7750,4000,0.4,7.1697304248809814,9.319134659286398,0.00041400498404433705,0.00034265794551361283,0.00024198787286877632,-7.045828052377575e-05,3.87955599332838,0.02940052656075783,0.6459914903433169,33.458069094757455,7.07310779094696,7.239556148304201,86.03447724908735,11.883943640555938,17990.309784921148,460800.0,4608000000.0,nan,nan,nan,nan,nan,nan,nan,nan,nan,0,0.01309693064595673,0.4708994708994709,0.00017152959234500057,0.009695835214443308,-0.01382540984370495,-0.6068268288485892
SGD,CTSH,44,0.9487,,0.00017053980833638913,0.0004103434338809957,False,,10000,17.954909086227417,0.0017954909086227418,0.07718618389757875,0.3883,17.49072265625,nan,nan,2497,9750,4000,0.4,7.2252466678619385,13.032991735820504,0.0003758141743225414,0.0003527089470767243,0.00032427479163743556,-0.00015373498330104642,3.409346132349122,0.022514149265523035,0.5171320788453448,20.371993962427506,7.167106866836548,7.383611064693213,109.14942084031634,14.782661205198716,17822.42385429068,460800.0,4608000000.0,nan,nan,nan,nan,nan,nan,nan,nan,nan,0,0.013059089108218427,0.4708994708994709,0.00017053980833638913,0.009654377503369851,-0.00797529287864518,-0.6068268288485892
SGD,CTSH,45,0.9487,,0.00017070044916142862,0.0004103355287556939,False,,10000,17.6074275970459,0.0017607427597045899,0.07871896034454127,0.3879,17.49072265625,nan,nan,2497,8000,4000,0.4,7.072133302688599,9.341072468455504,0.0004156248650466828,0.0003299502630171972,0.00021443364676088095,-4.373319759945233e-05,3.3365519761543596,0.028649945274296235,0.6105531812730075,672.7485818580453,7.149802422523497,7.37746317188219,127.619021405736,17.298496574287466,18174.148281245143,460800.0,4608000000.0,nan,nan,nan,nan,nan,nan,nan,nan,nan,0,0.013065238197653675,0.4708994708994709,0.00017070044916142862,0.009661644224136595,-0.00892476024492761,-0.6068268288485892
SGD,CTSH,46,0.9487,,0.00017067380052394968,0.00041032896750169346,False,,10000,18.070480823516846,0.0018070480823516846,0.07698383435881773,0.3882,17.49072265625,nan,nan,2497,10000,4000,0.4,7.140320301055908,9.532961338457598,0.00041694139780095113,0.00037523613133143177,0.0002881943073589355,-0.00011752050683498579,4.75399277611147,0.016175847317866504,0.6235664781084458,249.45497367003466,7.984716129302979,7.301230860173851,129.8481998072914,17.78442598159395,17708.438592489103,460800.0,4608000000.0,nan,nan,nan,nan,nan,nan,nan,nan,nan,0,0.013064218328087972,0.4708994708994709,0.00017067380052394968,0.009660434470605599,-0.008767253511281714,-0.6068268288485892
SGD,FICO,42,0.9487,,0.00034470154494835586,0.0007005613741887343,False,,10000,17.812071084976196,0.0017812071084976197,0.07691791642118138,0.388,17.49072265625,nan,nan,2497,7500,4000,0.4,7.10523796081543,9.60963462566272,0.0005118948599016043,0.00046234550699045544,0.00019992582383565605,0.0001447757211126998,2.412556669500939,0.020467120355926773,0.6317482572195007,15.570987991713118,8.588003396987911,7.192625308173382,85.77619877746751,11.925575864489316,17965.344876144572,460800.0,4608000000.0,nan,nan,nan,nan,nan,nan,nan,nan,nan,0,0.01856613974277787,0.6031746031746031,0.00034470154494835586,0.013623224995123646,-0.0021802682911649107,2.0359688915627197
SGD,FICO,43,0.9487,,0.004114844811656488,0.0007005635876238188,False,,10000,17.956117868423462,0.0017956117868423462,0.07694456161380517,0.3877,17.49072265625,nan,nan,2497,4750,4000,0.4,7.166191577911377,9.40653162439832,0.0004574886789610382,0.00044535617268201923,0.0004662707797251642,0.003648574031931324,4.428216559165701,0.020675973564825097,0.6062956312858339,133.67396493566363,7.612652277946471,7.239556148304201,103.12360854800627,14.244465604726614,17821.22407219951,460800.0,4608000000.0,nan,nan,nan,nan,nan,nan,nan,nan,nan,0,0.06414705614177854,0.6031746031746031,0.004114844811656488,0.024127672589014448,-10.963440076661822,2.0359688915627197
SGD,FICO,44,0.9487,,0.00034600894444833987,0.0007010011363092721,False,,10000,17.69424605369568,0.001769424605369568,0.07712753158947405,0.3881,17.49072265625,nan,nan,2497,5000,4000,0.4,7.079277515411377,9.496886690560036,0.0005377257934563619,0.00043340864364170356,0.00020565901650115848,0.0001403499279471814,4.686948987699111,0.025750392240323255,0.36913257004635325,8.67180015881726,7.871388030052185,7.383611064693213,95.68078630063891,12.958535527170868,18084.975139879654,460800.0,4608000000.0,nan,nan,nan,nan,nan,nan,nan,nan,nan,0,0.018601315664445346,0.6031746031746031,0.00034600894444833987,0.01369390538129857,-0.005981382619950626,2.0359688915627197
SGD,FICO,45,0.9487,,0.0003440574048057435,0.0007007427968144101,False,,10000,17.761146545410156,0.0017761146545410156,0.07700362391837366,0.3879,17.49072265625,nan,nan,2497,8750,4000,0.4,7.124408483505249,9.441393078760786,0.0005291774659494535,0.00042795026064359207,0.00044213945511728525,-9.808205031154176e-05,2.840297866928118,0.021466686374461856,0.6465436346575997,272.00179476972966,7.814937734603881,7.37746317188219,95.9287787157438,13.002949181957053,18016.85489063737,460800.0,4608000000.0,nan,nan,nan,nan,nan,nan,nan,nan,nan,0,0.018548784456285633,0.6031746031746031,0.0003440574048057435,0.01357135570869244,-0.00030750459050610246,2.0359688915627197
SGD,FICO,46,0.9487,,30.7675212880291,0.0007005582121386136,True,primary outside absolute sane range,10000,17.87240433692932,0.001787240433692932,0.0769512190040734,0.3879,17.49072265625,nan,nan,2497,9750,4000,0.4,7.067938327789307,9.322523253747377,0.00048725765677370714,0.0004839165668594036,0.00038611661875620484,30.767135171410345,3.5522436524324497,0.016830770474356656,0.45212101275186883,1372.635882943999,6.924500370025635,7.301230860173851,115.60024077648251,15.832979807151302,17904.697877654417,460800.0,4608000000.0,nan,nan,nan,nan,nan,nan,nan,nan,nan,0,5.5468478695588095,0.5423280423280423,30.7675212880291,2.2983495318700395,-89452.04478896623,1.2089690024080275
SGD,FTNT,42,0.9487,,0.0007148512772151402,0.0009461467398888868,False,,10000,18.060790538787842,0.0018060790538787842,0.0769157094860482,0.388,17.49072265625,nan,nan,2497,9500,4000,0.4,7.207671165466309,9.596072841339955,0.000728378756680228,0.0006724477038042393,0.000600963132455945,0.00011388814475919522,2.4433318714312957,0.020009785780933972,0.6985331706412435,10.68447443388461,8.46481795310974,7.192625308173382,83.98440143532699,11.676459962385476,17717.93982731594,460800.0,4608000000.0,nan,nan,nan,nan,nan,nan,nan,nan,nan,0,0.02673670281121328,0.4656084656084656,0.0007148512772151402,0.014903343543804511,-0.0005623622924164629,-0.35000747849044117
SGD,FTNT,43,0.9487,,0.0007149216043886053,0.0009461627082419965,False,,10000,17.81524682044983,0.0017815246820449828,0.07707149401493539,0.3882,17.49072265625,nan,nan,2497,10000,4000,0.4,7.165857553482056,9.606175624219036,0.0006720114110213699,0.0006907587228117229,0.00036620526225306094,0.0003487163421355444,2.420880885367198,0.020777474249474074,0.6444619143518364,110.27497957131442,8.478837585449218,7.239556148304201,106.99796571317353,14.779630618409778,17962.142384279363,460800.0,4608000000.0,nan,nan,nan,nan,nan,nan,nan,nan,nan,0,0.026738017959239337,0.4656084656084656,0.0007149216043886053,0.014907009387142444,-0.000660797764322929,-0.35000747849044117
SGD,FTNT,44,0.9487,,0.0007170191990635383,0.0009473255521738877,False,,10000,17.847806215286255,0.0017847806215286256,0.07712355269557651,0.388,17.49072265625,nan,nan,2497,8750,4000,0.4,7.327374219894409,9.602818362973354,0.000749351557533941,0.000668730860287936,0.00043098069727420807,0.0002860385017893302,2.3803109058073115,0.021407565883387002,0.3621635582308863,52.67023489284631,8.63455753326416,7.383611064693213,109.20258062109733,14.789860904683861,17929.37440826352,460800.0,4608000000.0,nan,nan,nan,nan,nan,nan,nan,nan,nan,0,0.026777214176675255,0.4656084656084656,0.0007170191990635383,0.01500002038541925,-0.003596757102968917,-0.35000747849044117
SGD,FTNT,45,0.9487,,0.0007149066243852888,0.0009461589137818516,False,,10000,17.770240306854248,0.0017770240306854248,0.0769251985313413,0.3882,17.49072265625,nan,nan,2497,10000,4000,0.4,7.137361526489258,9.324388155177845,0.0008382235493454892,0.0006266557595703082,0.0004213488718960434,0.00029355775248924535,3.9648824486794587,0.019056462427216418,0.4107767208548961,10.044535697294368,7.152096652984619,7.37746317188219,92.49315523137828,12.537257465940122,18007.63492638708,460800.0,4608000000.0,nan,nan,nan,nan,nan,nan,nan,nan,nan,0,0.026737737832234213,0.4656084656084656,0.0007149066243852888,0.014906255025712271,-0.0006398305673922522,-0.35000747849044117
SGD,FTNT,46,0.9487,,0.0007145975632642312,0.000946147135145152,False,,10000,17.716996908187866,0.0017716996908187866,0.0770957137451794,0.3878,17.49072265625,nan,nan,2497,8000,4000,0.4,7.045940399169922,9.611982082483818,0.0007798073728944167,0.0006939683008251336,0.0006721615791320801,4.243598413215116e-05,2.404008991384412,0.018883105367629167,0.5585335649756318,1145.9600220185778,8.515689277648926,7.301230860173851,128.14504261602798,17.55115610917372,18061.75175501175,460800.0,4608000000.0,nan,nan,nan,nan,nan,nan,nan,nan,nan,0,0.026731957714769626,0.5343915343915344,0.0007145975632642312,0.014886216511802068,-0.00020724418861028937,0.35000747849044117
SGD,GLW,42,0.9487,,0.00023416626863378696,0.0003470025502086002,False,,10000,17.768762588500977,0.0017768762588500978,0.07691824586970016,0.388,17.49072265625,nan,nan,2497,4250,4000,0.4,7.208000898361206,9.3687862331734,0.00046239935958168154,0.0003682801486712955,0.0001274947717320174,0.00010667149690176956,3.188553717014482,0.019650461932910084,0.635856212513182,47.6748150443973,7.298612642288208,7.192625308173382,101.58699524318844,14.123771347820588,18009.132510278876,460800.0,4608000000.0,nan,nan,nan,nan,nan,nan,nan,nan,nan,0,0.015302492236030932,0.4654255319148936,0.00023416626863378696,0.010431284626955709,-0.003901015852751488,-0.966301231898722
SGD,GLW,43,0.9487,,0.00023403582434174876,0.0003470120758845888,False,,10000,18.318024158477783,0.0018318024158477783,0.07694236510481034,0.3878,17.49072265625,nan,nan,2497,7000,4000,0.4,7.285681247711182,9.321498938304751,0.0004294484837870279,0.00037288621312753733,0.0002883943379856646,-5.435851364391585e-05,3.910397115507264,0.017067946410720895,0.6883881731194322,50.428791556072156,7.026411628723144,7.239556148304201,116.42886774292185,16.082321258077986,17469.132982440166,460800.0,4608000000.0,nan,nan,nan,nan,nan,nan,nan,nan,nan,0,0.015298229451206069,0.5345744680851063,0.00023403582434174876,0.010426531393061239,-0.00334178433724186,0.966301231898722
SGD,GLW,44,0.9487,,0.00023452697134522535,0.00034702156203495095,False,,10000,17.986951112747192,0.0017986951112747192,0.07714467928855795,0.388,17.49072265625,nan,nan,2497,7750,4000,0.4,7.286117076873779,9.418228708504893,0.00040947966913858745,0.00037563850512084464,0.00016578500799369067,6.874196335153468e-05,3.714706169933512,0.019638744991985792,0.5280464126481486,8.620060653363183,8.347949647903443,7.383611064693213,130.95189033781207,17.735480537970766,17790.674917285945,460800.0,4608000000.0,nan,nan,nan,nan,nan,nan,nan,nan,nan,0,0.015314273451431685,0.4654255319148936,0.00023452697134522535,0.01044412201674527,-0.00544739493009061,-0.966301231898722
SGD,GLW,45,0.9487,,0.00023395950516695699,0.0003470471351153022,False,,10000,17.742616891860962,0.0017742616891860963,0.07697264894435553,0.3881,17.49072265625,nan,nan,2497,6500,4000,0.4,7.072391748428345,9.577214697367463,0.00043565632177269825,0.00036224218305430243,0.00030473893275484443,-7.077942758788744e-05,5.154227930443599,0.017687659250572287,0.5305566629940943,216.4618901648866,8.4553391456604,7.37746317188219,120.49163814676248,16.332394393508277,18035.67094698376,460800.0,4608000000.0,nan,nan,nan,nan,nan,nan,nan,nan,nan,0,0.015295734868483991,0.5345744680851063,0.00023395950516695699,0.010423361939727944,-0.0030145941849217817,0.9519555939827326
SGD,GLW,46,0.9487,,0.00023468733622283532,0.0003470458702952539,False,,10000,18.03182578086853,0.001803182578086853,0.07694448363613796,0.3879,17.49072265625,nan,nan,2497,5750,4000,0.4,7.2703540325164795,9.629472485186017,0.0004906920899839739,0.0004042336589763938,0.0003550819237716496,-0.00012039458754881428,2.505286980458103,0.015068463311633182,0.4176229302594064,410.2888984667402,8.201645374298094,7.301230860173851,141.42811122475496,19.370447796166165,17746.400386117013,460800.0,4608000000.0,nan,nan,nan,nan,nan,nan,nan,nan,nan,0,0.015319508354475197,0.4654255319148936,0.00023468733622283532,0.010449234139982356,-0.006134899857589415,-0.966301231898722
SGD,GOOGL,42,0.9487,,0.0003103307946018441,0.0005400199788951114,False,,10000,18.057873487472534,0.0018057873487472534,0.0769161493321757,0.3878,17.49072265625,nan,nan,2497,9250,4000,0.4,7.300877571105957,9.638907267823836,0.0003077709351471555,0.0002648660685931367,0.00023856958432588726,7.176121027595685e-05,2.564341510008758,0.023224921919122395,0.4538859380142115,9.270941586858747,8.158593463897704,7.192625308173382,72.2395436513138,10.043557193118897,17720.801966078496,460800.0,4608000000.0,nan,nan,nan,nan,nan,nan,nan,nan,nan,0,0.017616208292417643,0.41909814323607425,0.0003103307946018441,0.012693840359884596,-0.013768184437060516,-1.1073815342933746
SGD,GOOGL,43,0.9487,,0.0003083430664249198,0.0005400067773358576,False,,10000,17.789878129959106,0.0017789878129959107,0.07698911109815898,0.3878,17.49072265625,nan,nan,2497,6750,4000,0.4,7.088789463043213,9.392829198746174,0.000337463565004936,0.0002835630459850269,0.00015597903984598815,0.00015236402657893165,4.350217581522966,0.023855280019549865,0.45253507779764734,12.126526595521218,7.531432557106018,7.239556148304201,86.4020335492179,11.934714197838879,17987.75672673681,460800.0,4608000000.0,nan,nan,nan,nan,nan,nan,nan,nan,nan,0,0.017559700066485186,0.41909814323607425,0.0003083430664249198,0.01259080064359796,-0.007274805049235722,-1.1073815342933746
SGD,GOOGL,44,0.9487,,0.00030876294014945863,0.0005399525481762874,False,,10000,17.758943796157837,0.0017758943796157838,0.07713561225739819,0.3881,17.49072265625,nan,nan,2497,7750,4000,0.4,7.0587477684021,9.548328511168581,0.00030204850215635943,0.0002635418971074726,9.896268602460623e-05,0.0002098002541248524,4.967875853246254,0.026046561489873898,0.4707118814302146,3.6473564012546666,8.223335886001587,7.383611064693213,85.72368198032241,11.60999424661383,18019.089630163267,460800.0,4608000000.0,nan,nan,nan,nan,nan,nan,nan,nan,nan,0,0.017571651605624856,0.41909814323607425,0.00030876294014945863,0.012614856952081912,-0.008646420856698978,-1.1073815342933746
SGD,GOOGL,45,0.9487,,0.00030890881778701903,0.0005399426667696602,False,,10000,17.96106505393982,0.0017961065053939819,0.07704340715465034,0.3877,17.49072265625,nan,nan,2497,5500,4000,0.4,7.093284845352173,9.506773014416757,0.000326764620439001,0.00026154981185427367,0.0002231566031696275,8.575221461739154e-05,2.8017889276285737,0.0144625136891235,0.7438576826918512,1564.8040185327245,8.010972690582275,7.37746317188219,189.3070893349407,25.660187645049724,17816.315404403424,460800.0,4608000000.0,nan,nan,nan,nan,nan,nan,nan,nan,nan,0,0.017575802052453227,0.41909814323607425,0.00030890881778701903,0.01262304770252692,-0.009122964307597403,-1.1073815342933746
SGD,GOOGL,46,0.9487,,0.00031363674336009554,0.0005408967363423314,False,,10000,17.847833156585693,0.0017847833156585692,0.07701246621113474,0.3877,17.49072265625,nan,nan,2497,7750,4000,0.4,7.209881544113159,9.493147411325321,0.00030802788972818734,0.0002916066958051796,0.0003429714124649763,-2.933466910488077e-05,4.663223364944868,0.019422208367642586,0.6516720986249561,72.37391552518524,7.868521308898925,7.301230860173851,111.41595029151766,15.25988595967567,17929.347343877584,460800.0,4608000000.0,nan,nan,nan,nan,nan,nan,nan,nan,nan,0,0.017709792301438647,0.41909814323607425,0.00031363674336009554,0.012849396498745712,-0.024567839929821034,-1.1073815342933746
SGD,GPN,42,0.9487,,0.0003289549990936562,0.0005800971855219226,False,,10000,17.80551528930664,0.001780551528930664,0.07691788492120881,0.3875,17.49072265625,nan,nan,2497,6500,4000,0.4,7.156630754470825,9.386605932974938,0.00042002249660289643,0.0003542687157912905,0.00017639498400967568,0.0001525600150839805,3.1082940390596403,0.01320320418444125,0.5325052933542633,90.99926751167193,7.3909462690353385,7.192625308173382,135.25105553478707,18.80412919342451,17971.959519317064,460800.0,4608000000.0,nan,nan,nan,nan,nan,nan,nan,nan,nan,0,0.018137116614656702,0.4960212201591512,0.0003289549990936562,0.012681875279340794,-0.004773505910350195,-0.32842959592167353
SGD,GPN,43,0.9487,,0.00032865403900070794,0.0005798206642388665,False,,10000,17.70254373550415,0.001770254373550415,0.07694710582960845,0.388,17.49072265625,nan,nan,2497,6250,4000,0.4,7.1399476528167725,9.575909972780359,0.00038176308488042715,0.00036082236388117466,0.0002486776502337307,7.997638876697726e-05,2.7061204995278687,0.01891735598041469,0.5691077681053329,21.39925019535739,7.934207105636596,7.239556148304201,108.24878042026283,14.952405672773061,18076.498201679868,460800.0,4608000000.0,nan,nan,nan,nan,nan,nan,nan,nan,nan,0,0.018128817915151224,0.4960212201591512,0.00032865403900070794,0.012678505882384285,-0.003854241182457807,-0.32842959592167353
SGD,GPN,44,0.9487,,0.000330590460666273,0.000580252165503464,False,,10000,18.083364963531494,0.0018083364963531494,0.07711525753494432,0.3879,17.49072265625,nan,nan,2497,5000,4000,0.4,7.278620004653931,9.581608316306669,0.0003989648297449427,0.00033779796621482736,0.00018794713832903653,0.00014264332233723646,4.890974194835029,0.023287582222376844,0.5739433591047438,75.15233933015911,8.133094549179077,7.383611064693213,107.75413700886165,14.593690819403799,17695.821582174565,460800.0,4608000000.0,nan,nan,nan,nan,nan,nan,nan,nan,nan,0,0.018182146756262667,0.4960212201591512,0.000330590460666273,0.012728429975963775,-0.009768926142988299,-0.32842959592167353
SGD,GPN,45,0.9487,,0.0010730390037809099,0.0021892760729600013,False,,10000,17.853502988815308,0.0017853502988815309,0.07739974457565307,0.387,17.49072265625,nan,nan,2497,8250,4000,0.4,7.0729265213012695,9.497142906705902,0.0005498907749365348,0.00034403123285505605,0.00033399436506442726,0.0007390446387164826,3.515369745522853,0.010962687593391866,0.690532681369516,324.14538220135444,7.50059905052185,7.37746317188219,165.2998758412633,22.40605910054185,17923.653425351346,460800.0,4608000000.0,nan,nan,nan,nan,nan,nan,nan,nan,nan,0,0.032757274059068316,0.4854111405835544,0.0010730390037809099,0.015176341647193545,-2.277533902138794,0.04503370048712631
SGD,GPN,46,0.9487,,0.0003284286490823857,0.0005798394389114582,False,,10000,17.744519472122192,0.0017744519472122193,0.07698272305103554,0.3882,17.49072265625,nan,nan,2497,7750,4000,0.4,7.0909693241119385,9.435477736020827,0.0004048752285967752,0.00037223164927302347,0.0002291485434398055,9.928010564258017e-05,2.982184678277604,0.021899365173731374,0.5401062069994211,64.87200433085683,7.563214612007141,7.301230860173851,92.69180454763277,12.695366893990485,18033.737149250002,460800.0,4608000000.0,nan,nan,nan,nan,nan,nan,nan,nan,nan,0,0.01812260050551205,0.4960212201591512,0.0003284286490823857,0.012672441977041739,-0.00316580106434583,-0.32842959592167353
SGD,GRMN,42,0.9487,,0.00033289493707121996,0.0003160688462877147,False,,10000,17.895384550094604,0.0017895384550094605,0.07947340918803916,0.3877,17.49072265625,nan,nan,2497,10000,4000,0.4,7.1726648807525635,9.567792203806684,0.00034450869646135884,0.00031360905820667923,0.000107072432001587,0.00022582250506963296,4.747233287090328,0.017335406351331357,0.5398035658147854,71.94966067872494,8.202075672149657,7.192625308173382,101.28605857821468,14.081931734038427,17881.70570485496,460800.0,4608000000.0,nan,nan,nan,nan,nan,nan,nan,nan,nan,0,0.018245408657281973,0.4450402144772118,0.00033289493707121996,0.009758260515001085,-0.022608602566040803,-1.654706844715586
SGD,GRMN,43,0.9487,,0.00033305944116027267,0.0003160848541664508,False,,10000,17.921003580093384,0.0017921003580093384,0.07694091754411361,0.3881,17.49072265625,nan,nan,2497,9750,4000,0.4,7.2603137493133545,9.439825234333993,0.0003593839356767894,0.00027986843115107335,0.0003191322321072221,1.392720905305059e-05,4.509047013830153,0.021356203418843558,0.6517305176441023,3.346078484735187,7.703413677215576,7.239556148304201,85.80878838196689,11.85276923393526,17856.14285326383,460800.0,4608000000.0,nan,nan,nan,nan,nan,nan,nan,nan,nan,0,0.01824991619597944,0.4450402144772118,0.00033305944116027267,0.009764175566415938,-0.023113937066176593,-1.654706844715586
SGD,GRMN,44,0.9487,,0.00033049782117207843,0.0003160694786977388,False,,10000,17.858986616134644,0.0017858986616134643,0.07726230271009278,0.3879,17.49072265625,nan,nan,2497,7750,4000,0.4,7.0831897258758545,9.545883933065713,0.00033694641972348646,0.0003270225067744469,0.0006935009732842445,-0.0003630031521121661,3.687456117190549,0.020953595672788122,0.5963487686150597,253.81164171829332,7.348729968070984,7.383611064693213,129.19400222177362,17.497400809686553,17918.149941995984,460800.0,4608000000.0,nan,nan,nan,nan,nan,nan,nan,nan,nan,0,0.018179599037714732,0.4450402144772118,0.00033049782117207843,0.00967973439151017,-0.015244983998043526,-1.654706844715586
SGD,GRMN,45,0.9487,,0.0003323874697483406,0.0003160315736219168,False,,10000,17.994330883026123,0.0017994330883026122,0.07693004191900966,0.388,17.49072265625,nan,nan,2497,5500,4000,0.4,7.04878306388855,9.577672363877682,0.0003616305491240403,0.00031460916116105936,0.00026617757976055145,6.620988998778916e-05,4.902760349101074,0.020832838216672055,0.6930839835959264,19.786170738035413,8.066051006317139,7.37746317188219,94.04465154869,12.747559609260193,17783.378669659392,460800.0,4608000000.0,nan,nan,nan,nan,nan,nan,nan,nan,nan,0,0.018231496640384207,0.4450402144772118,0.0003323874697483406,0.0097403400158756,-0.021049731005952976,-1.654706844715586
SGD,GRMN,46,0.9487,,0.00033104581334603524,0.0003160255459638742,False,,10000,18.049655437469482,0.0018049655437469482,0.07698707983685349,0.3877,17.49072265625,nan,nan,2497,6250,4000,0.4,7.3617353439331055,9.542939583534935,0.0003430543548981581,0.0003357283467439681,0.0010912091238424182,-0.000760163310496383,4.769775641395591,0.016197989740087536,0.7035083697994855,29.994052046321134,7.973627781867981,7.301230860173851,140.30865329227615,19.217123246659707,17728.87028833295,460800.0,4608000000.0,nan,nan,nan,nan,nan,nan,nan,nan,nan,0,0.018194664419714787,0.4450402144772118,0.00033104581334603524,0.009696829886663528,-0.016928342465905244,-1.654706844715586
SGD,HPE,42,0.9487,,0.0005720309784700131,0.0003805400166676674,False,,10000,17.620624780654907,0.0017620624780654906,0.07692314854510374,0.388,17.41650390625,nan,nan,2497,8500,4000,0.4,7.157615661621094,9.544172052925031,0.0005790991380480516,0.0005126825700646574,0.0007476119790226221,-0.00017558100055260902,5.027540113599114,0.02333578177835937,0.38558753654903366,4.611929081526593,8.325680780410766,7.192625308173382,73.67166870998454,10.242667392428645,18160.53652940373,460800.0,4608000000.0,nan,nan,nan,nan,nan,nan,nan,nan,nan,0,0.023917169114885086,0.4778761061946903,0.0005720309784700131,0.01611088884287867,-0.0037626601652347436,-0.9210708329602321
SGD,HPE,43,0.9487,,0.0005718950053741192,0.0003805176971794723,False,,10000,17.99678111076355,0.001799678111076355,0.07786526622071203,0.3882,17.41650390625,nan,nan,2497,5500,4000,0.4,7.194630861282349,9.315571899449905,0.0005697188238950266,0.0005010723926686295,0.0006147259846329689,-4.283097925884968e-05,3.8188209187676487,0.025715088753122634,0.596514952178932,105.63352866410177,7.023578739166259,7.239556148304201,135.3649756611474,18.697966130541772,17780.957496261028,460800.0,4608000000.0,nan,nan,nan,nan,nan,nan,nan,nan,nan,0,0.02391432636254091,0.4778761061946903,0.0005718950053741192,0.016107639362072122,-0.0035240634430599993,-0.9210708329602321
SGD,HPE,44,0.9487,,0.0005722647725508131,0.00038059310608611996,False,,10000,17.942436456680298,0.0017942436456680297,0.0772133215342095,0.3878,17.41650390625,nan,nan,2497,7500,4000,0.4,7.099268674850464,9.395672577918795,0.0005799916586827985,0.0005261047891388888,0.0003650934959296137,0.0002071712766211994,3.0908167486215805,0.021488326580627642,0.549356713048476,3.3052053337371268,7.410256814956665,7.383611064693213,119.3018110472944,16.157651046622586,17834.813057446172,460800.0,4608000000.0,nan,nan,nan,nan,nan,nan,nan,nan,nan,0,0.023922056194040118,0.4778761061946903,0.0005722647725508131,0.016116257371573614,-0.004172906773036278,-0.9210708329602321
SGD,HPE,45,0.9487,,0.0005718055341778131,0.00038050340883659595,False,,10000,17.753900051116943,0.0017753900051116944,0.07718760465885884,0.3881,17.41650390625,nan,nan,2497,6500,4000,0.4,7.043790578842163,9.325294560760646,0.0005822549642471259,0.0005300063872421029,0.0004869101394433528,8.489539473446027e-05,3.96795309054139,0.023564237191969713,0.5457634998028646,24.65165068773355,7.168220114707947,7.37746317188219,104.95065921251107,14.225846577250392,18024.20871350281,460800.0,4608000000.0,nan,nan,nan,nan,nan,nan,nan,nan,nan,0,0.023912455628350114,0.5221238938053098,0.0005718055341778131,0.016105586084826238,-0.0033670652219974784,0.9210708329602321
SGD,HPE,46,0.9487,,0.0005718332169384792,0.00038050766631122276,False,,10000,17.65580677986145,0.001765580677986145,0.07699323411777614,0.3875,17.41650390625,nan,nan,2497,7750,4000,0.4,7.12767767906189,9.315334456180478,0.0005961118665043092,0.0005232375367540434,0.0004124256665818393,0.0001594075503566399,3.7222350012878627,0.020580750206613648,0.583221569889608,86.83538674273791,6.930958008766174,7.301230860173851,101.02938445540262,13.837308584020995,18124.348776007115,460800.0,4608000000.0,nan,nan,nan,nan,nan,nan,nan,nan,nan,0,0.0239130344569333,0.4778761061946903,0.0005718332169384792,0.016106124581961798,-0.003415641125283919,-0.9210708329602321
SGD,HPQ,42,0.9487,,0.00034053998176382963,0.0005569816109988671,False,,10000,17.9851131439209,0.0017985113143920899,0.07691983859991816,0.3879,17.49072265625,nan,nan,2497,5250,4000,0.4,7.277074098587036,9.528013350658467,0.000575826824050553,0.0004884973429567376,0.0008252407424151897,-0.0004847007606513601,4.9911420967591775,0.01294170318666138,0.6746675410604505,605.3002286947142,8.281570196151733,7.192625308173382,144.9412271240576,20.151366283372607,17792.49301571185,460800.0,4608000000.0,nan,nan,nan,nan,nan,nan,nan,nan,nan,0,0.018453725416940334,0.47733333333333333,0.00034053998176382963,0.012475067976290586,-0.0014211240779617995,-0.25451889691534224
SGD,HPQ,43,0.9487,,0.00034104358582269577,0.0005570503855889925,False,,10000,17.90410876274109,0.001790410876274109,0.07695866130879338,0.3875,17.49072265625,nan,nan,2497,9000,4000,0.4,7.175804138183594,9.511378791490852,0.0005604040265528763,0.0004630794403073997,0.0015575527213513851,-0.0012165091355286893,2.528697930746141,0.017189652456530608,0.6172064449390959,244.50406971748214,8.25773377418518,7.239556148304201,117.10865577038147,16.176220388568034,17872.992408643553,460800.0,4608000000.0,nan,nan,nan,nan,nan,nan,nan,nan,nan,0,0.018467365427225827,0.47733333333333333,0.00034104358582269577,0.012498860636716166,-0.0029020654350027097,-0.25451889691534224
SGD,HPQ,44,0.9487,,0.0003406375488906941,0.0005569815714732405,False,,10000,17.875948667526245,0.0017875948667526245,0.07707372372385815,0.3882,17.49072265625,nan,nan,2497,10000,4000,0.4,7.19942831993103,9.561502735525835,0.0005670666288625611,0.0004772314840756504,0.0002650330716278404,7.56044772628537e-05,2.7241735975820216,0.022123073216264333,0.5302916966793398,20.01081282157653,7.902525687217712,7.383611064693213,98.40914010608158,13.328050359620406,17901.147846845044,460800.0,4608000000.0,nan,nan,nan,nan,nan,nan,nan,nan,nan,0,0.018456368789409636,0.47733333333333333,0.0003406375488906941,0.012480382566098814,-0.0017080383526135723,-0.25451889691534224
SGD,HPQ,45,0.9487,,0.00034029695092054903,0.0005570375397603772,False,,10000,17.954634189605713,0.0017954634189605713,0.07702247909054091,0.3881,17.49072265625,nan,nan,2497,9250,4000,0.4,7.16180419921875,9.314060743575814,0.0006045348208331639,0.00047944582993032797,0.00028618675423786044,5.411019668268859e-05,3.694432966217033,0.020832619846446684,0.33868233779658063,92.08892798318651,6.924319314956665,7.37746317188219,101.10782782117992,13.704958664725478,17822.696726689883,460800.0,4608000000.0,nan,nan,nan,nan,nan,nan,nan,nan,nan,0,0.01844713936957568,0.47733333333333333,0.00034029695092054903,0.01246217445090965,-0.0007064467029203048,-0.25451889691534224
SGD,HPQ,46,0.9487,,0.0003408445094628309,0.0005570061168873025,False,,10000,17.565931797027588,0.0017565931797027588,0.07693985619601755,0.3878,17.49072265625,nan,nan,2497,7000,4000,0.4,7.023893594741821,9.636486730499698,0.0005590103733618527,0.0004894376529498011,0.00039406016003340483,-5.321565057057393e-05,2.4719757441177155,0.01968249249804998,0.5954889993370077,48.019168293510994,8.323342990875243,7.301230860173851,99.07643028710638,13.56982571631042,18217.08086411611,460800.0,4608000000.0,nan,nan,nan,nan,nan,nan,nan,nan,nan,0,0.01846197469023373,0.47733333333333333,0.0003408445094628309,0.012490338118618759,-0.0023166443897535416,-0.25451889691534224
SGD,IBM,42,0.9487,,0.00017268874894374263,0.0001867216287936709,False,,10000,18.04016089439392,0.0018040160894393922,0.07691774076699187,0.3879,17.49072265625,nan,nan,2497,9750,4000,0.4,7.256792068481445,9.636526552915399,0.00024367762198575043,0.00020111959559576616,0.00017413563909940422,-1.4468901556615832e-06,2.379282125109257,0.01597302429410938,0.5821491903384728,19.277433023028898,8.562200593948365,7.192625308173382,109.1010618055245,15.168461741159637,17738.200999052162,460800.0,4608000000.0,nan,nan,nan,nan,nan,nan,nan,nan,nan,0,0.013141109121521768,0.5809018567639257,0.00017268874894374263,0.008783795846202386,-0.008163237595195216,1.7774495433568487
SGD,IBM,43,0.9487,,0.00017258428313114024,0.00018673075921339446,False,,10000,17.924121856689453,0.0017924121856689452,0.07811807887673561,0.3879,17.49072265625,nan,nan,2497,7000,4000,0.4,7.150886058807373,9.345326413191795,0.0002433725201213555,0.000206392175102827,0.00029354740399867296,-0.00012096312086753273,4.124481178980516,0.029646220852912443,0.7167321623569071,22.234877501191637,7.30837664604187,7.239556148304201,106.66789057398377,14.734037334453125,17853.036403039903,460800.0,4608000000.0,nan,nan,nan,nan,nan,nan,nan,nan,nan,0,0.013137133748696487,0.5809018567639257,0.00017258428313114024,0.008777642376208431,-0.007553362357257454,1.7774495433568487
SGD,IBM,44,0.9487,,0.00017314662457143187,0.00018672554183069527,False,,10000,17.655983924865723,0.0017655983924865723,0.07699951194970987,0.3877,17.49072265625,nan,nan,2497,9750,4000,0.4,7.0625855922698975,9.335337849807862,0.0002303875150647899,0.00019938867954046155,0.00011338684271322563,5.975978185820624e-05,4.041460387348431,0.026311564182415474,0.5622114413326949,11.006072212325082,7.232745909690856,7.383611064693213,73.71856733422607,9.984080511327564,18124.166931831507,460800.0,4608000000.0,nan,nan,nan,nan,nan,nan,nan,nan,nan,0,0.01315851908732255,0.5809018567639257,0.00017314662457143187,0.008810771205437877,-0.010836332270155902,1.7774495433568487
SGD,IBM,45,0.9487,,0.00017260543253055956,0.00018667154982488415,False,,10000,17.687638998031616,0.0017687638998031617,0.07699485735913433,0.388,17.49072265625,nan,nan,2497,8250,4000,0.4,7.076998710632324,9.315190660539885,0.00022393373900780563,0.0002064439689314332,0.0001741087471600622,-1.5033146295026294e-06,3.6343245646774887,0.023234530717979644,0.773745017671597,21.002264818106692,6.946770238876343,7.37746317188219,86.52017470628645,11.727632207781367,18091.73061682294,460800.0,4608000000.0,nan,nan,nan,nan,nan,nan,nan,nan,nan,0,0.013137938671289326,0.5809018567639257,0.00017260543253055956,0.008778874836270772,-0.00767683332523994,1.7774495433568487
SGD,IBM,46,0.9487,,0.00017288378464481817,0.0001867153837446825,False,,10000,17.535173654556274,0.0017535173654556274,0.0771332094159377,0.3882,17.49072265625,nan,nan,2497,4750,4000,0.4,7.042612075805664,9.317941257001623,0.00023896678926298766,0.00020687583755654395,0.00010847303201444447,6.44107526303737e-05,3.5764891060725046,0.022222738176862582,0.7318893750272936,45.73073578780909,6.92849793434143,7.301230860173851,118.63125822180325,16.24811767956869,18249.035128138145,460800.0,4608000000.0,nan,nan,nan,nan,nan,nan,nan,nan,nan,0,0.013148527850859128,0.5809018567639257,0.00017288378464481817,0.008795551522068245,-0.009301863157344714,1.7774495433568487
SGD,INTC,42,0.9487,,0.0009386678221364501,0.0006044193193197883,False,,10000,17.98075795173645,0.001798075795173645,0.07691402460345372,0.3875,17.49072265625,nan,nan,2497,4250,4000,0.4,7.149237394332886,9.63570479947145,0.00040001674906157617,0.0003312240531692208,0.00037036315188743174,0.0005683046702490183,2.624776475641291,0.016234359450342333,0.5885334257027178,71.89018641066475,8.04292426109314,7.192625308173382,121.95198365509466,16.955142028115077,17796.802607483893,460800.0,4608000000.0,nan,nan,nan,nan,nan,nan,nan,nan,nan,0,0.030637686305209962,0.47480106100795755,0.0009386678221364501,0.020286953638470363,-6.383557032307863e-06,0.6726138016362232
SGD,INTC,43,0.9487,,0.0009386624608721052,0.0006044431137469466,False,,10000,18.19546365737915,0.001819546365737915,0.07697153076013456,0.388,17.49072265625,nan,nan,2497,6000,4000,0.4,7.405879735946655,9.483019606169012,0.0004222564956864883,0.0003353845909927753,0.0003419970744289458,0.0005966653864431594,4.638329937091281,0.023541114723267174,0.6358177500686802,29.530697636007947,7.844424152374268,7.239556148304201,87.81512348262777,12.129904331662328,17586.801085457602,460800.0,4608000000.0,nan,nan,nan,nan,nan,nan,nan,nan,nan,0,0.030637598810482933,0.47480106100795755,0.0009386624608721052,0.020292746326910756,-6.719533718335668e-07,0.6726138016362232
SGD,INTC,44,0.9487,,0.0009388236141709424,0.0006043169479471303,False,,10000,17.876623392105103,0.0017876623392105104,0.07706224666415004,0.3877,17.49072265625,nan,nan,2497,10000,4000,0.4,7.214200496673584,9.550918634462032,0.0004114271895554337,0.0003326042876608954,0.00014513308997265995,0.0007936905241982824,5.2029873050289694,0.024593645676423505,0.39095872222698547,42.216637061452985,8.606131935119627,7.383611064693213,84.72921075315949,11.475307950376171,17900.47219662984,460800.0,4608000000.0,nan,nan,nan,nan,nan,nan,nan,nan,nan,0,0.030640228689925643,0.47480106100795755,0.0009388236141709424,0.020257461638677688,-0.00017235603986964776,0.6726138016362232
SGD,INTC,45,0.9487,,0.0009401108695085718,0.0006052802269907782,False,,10000,18.051074743270874,0.0018051074743270874,0.0770057729724093,0.3882,17.49072265625,nan,nan,2497,6500,4000,0.4,7.225174427032471,9.447785315666236,0.0003761705085566357,0.00031654418622208185,0.00020926768775098026,0.0007308431817575915,2.937319266799558,0.0227258865461089,0.6567701361697733,3.686107364982366,7.600250029563902,7.37746317188219,93.9774334391998,12.738448332399281,17727.4763165717,460800.0,4608000000.0,nan,nan,nan,nan,nan,nan,nan,nan,nan,0,0.030661227462522953,0.47214854111405835,0.0009401108695085718,0.020240961559235104,-0.0015437288775657088,0.5595799896196225
SGD,INTC,46,0.9487,,0.0009387595943672947,0.000604378212668219,False,,10000,17.873268127441406,0.0017873268127441405,0.0769562972008289,0.3877,17.49072265625,nan,nan,2497,10000,4000,0.4,7.22346305847168,9.31279841129494,0.0004073257590185163,0.0003483559910092717,0.00027466309256851673,0.000664096501798778,3.8716162699885026,0.019037878902878936,0.6648671885588643,26.369133714275335,6.978758907318115,7.301230860173851,101.05898111753285,13.84136223780856,17903.83256818565,460800.0,4608000000.0,nan,nan,nan,nan,nan,nan,nan,nan,nan,0,0.030639183970322947,0.47480106100795755,0.0009387595943672947,0.020262904898830193,-0.00010415277263087219,0.6726138016362232
SGD,INTU,42,0.9487,,0.0002881292273443212,0.0007617966091601222,False,,10000,17.943549156188965,0.0017943549156188964,0.07691302855696662,0.3875,17.49072265625,nan,nan,2497,9000,4000,0.4,7.1643970012664795,9.621843124333203,0.00034470587113725847,0.00030784298771392005,0.00015618556062690914,0.00013194366671741205,2.4014811662863704,0.01711922240959763,0.6704710402920561,44.202043171788134,8.542416715621947,7.192625308173382,99.53726871204265,13.838795216947124,17833.70710078434,460800.0,4608000000.0,nan,nan,nan,nan,nan,nan,nan,nan,nan,0,0.01697436971861757,0.4588859416445623,0.0002881292273443212,0.012474366596766881,-0.010211347760242795,-0.8083000375955952
SGD,INTU,43,0.9487,,0.00028792039427176985,0.0007618064905667495,False,,10000,18.178048133850098,0.0018178048133850099,0.07702360464448016,0.3882,17.49072265625,nan,nan,2497,6750,4000,0.4,7.364599943161011,9.572885144822735,0.00035169565569749946,0.00029710900645614393,0.00013220121036283672,0.00015571918390893313,4.89275382482575,0.019946984877420828,0.6264252615684082,73.32936884462947,8.135109853744506,7.239556148304201,112.20407381874153,15.49875040958475,17603.650163304097,460800.0,4608000000.0,nan,nan,nan,nan,nan,nan,nan,nan,nan,0,0.016968217180121484,0.4588859416445623,0.00028792039427176985,0.012465463113532495,-0.009479157063646548,-0.8083000375955952
SGD,INTU,44,0.9487,,0.0006959866436700973,0.0007645007153721007,False,,10000,17.887492418289185,0.0017887492418289185,0.07715391595982467,0.388,17.49072265625,nan,nan,2497,4500,4000,0.4,7.181664705276489,9.385614619918226,0.00033203888485885356,0.00030218322186474855,0.00013870379189029336,0.0005572828517798039,3.10377999275491,0.018357239712270056,0.4796392253133791,893.145286195188,7.450902009010314,7.383611064693213,161.63334890378465,21.890826519381474,17889.59528350737,460800.0,4608000000.0,nan,nan,nan,nan,nan,nan,nan,nan,nan,0,0.026381558780142186,0.4588859416445623,0.0006959866436700973,0.015338419606445958,-1.440202307157418,-0.8083000375955952
SGD,INTU,45,0.9487,,0.0002887047354191069,0.0007618071229767736,False,,10000,17.945707082748413,0.0017945707082748412,0.07817364960664736,0.3872,17.49072265625,nan,nan,2497,7500,4000,0.4,7.186821460723877,9.314633619148731,0.0003458792942085873,0.00029356112058167633,0.00021950100199319422,6.920373342591266e-05,3.0918464229389544,0.018684160363694226,0.6092132097442673,544.6876581253433,8.061745023727417,7.37746317188219,165.1289479740634,22.38289017875701,17831.56264194364,460800.0,4608000000.0,nan,nan,nan,nan,nan,nan,nan,nan,nan,0,0.016991313528362275,0.4588859416445623,0.0002887047354191069,0.012498323248807716,-0.0122291395449734,-0.8083000375955952
SGD,INTU,46,0.9487,,0.0002876892685890198,0.0007618274391487992,False,,10000,17.750297784805298,0.0017750297784805298,0.07702265947027465,0.3881,17.49072265625,nan,nan,2497,6500,4000,0.4,7.2210071086883545,9.575536892499324,0.0003453282892867635,0.0003234582652096503,0.00020849023712798953,7.919903146103024e-05,2.690694075408926,0.021333874711949828,0.5214964292053923,6.425522673819309,7.902352476119995,7.301230860173851,103.93468786958006,14.235228259458879,18027.86656762052,460800.0,4608000000.0,nan,nan,nan,nan,nan,nan,nan,nan,nan,0,0.016961405265750233,0.4588859416445623,0.0002876892685890198,0.012455337262027478,-0.008668806133180329,-0.8083000375955952
SGD,KEYS,42,0.9487,,0.0003785797676374746,,False,,,,,,,,,,,,,,,,,,,,,,,,,,,,,,,,,,,,,,,,,,,,,,
SGD,KEYS,43,0.9487,,0.00037852640068808266,,False,,,,,,,,,,,,,,,,,,,,,,,,,,,,,,,,,,,,,,,,,,,,,,
SGD,KEYS,44,0.9487,,0.0003780239774275196,,False,,,,,,,,,,,,,,,,,,,,,,,,,,,,,,,,,,,,,,,,,,,,,,
SGD,KEYS,45,0.9487,,0.0003788791770158812,,False,,,,,,,,,,,,,,,,,,,,,,,,,,,,,,,,,,,,,,,,,,,,,,
SGD,KEYS,46,0.9487,,0.0003783287581547286,,False,,,,,,,,,,,,,,,,,,,,,,,,,,,,,,,,,,,,,,,,,,,,,,
SGD,KLAC,42,0.9487,,0.0006319450401755237,,False,,,,,,,,,,,,,,,,,,,,,,,,,,,,,,,,,,,,,,,,,,,,,,
SGD,KLAC,43,0.9487,,0.0006319215846440149,,False,,,,,,,,,,,,,,,,,,,,,,,,,,,,,,,,,,,,,,,,,,,,,,
SGD,KLAC,44,0.9487,,0.000631987299553301,,False,,,,,,,,,,,,,,,,,,,,,,,,,,,,,,,,,,,,,,,,,,,,,,
SGD,KLAC,45,0.9487,,0.0006323878175367124,,False,,,,,,,,,,,,,,,,,,,,,,,,,,,,,,,,,,,,,,,,,,,,,,
SGD,KLAC,46,0.9487,,0.0006321074943693857,,False,,,,,,,,,,,,,,,,,,,,,,,,,,,,,,,,,,,,,,,,,,,,,,
SGD,LRCX,42,0.9487,,0.0006490823216539211,,False,,,,,,,,,,,,,,,,,,,,,,,,,,,,,,,,,,,,,,,,,,,,,,
SGD,LRCX,43,0.9487,,0.0006489638613645361,,False,,,,,,,,,,,,,,,,,,,,,,,,,,,,,,,,,,,,,,,,,,,,,,
SGD,LRCX,44,0.9487,,0.0006490850811282163,,False,,,,,,,,,,,,,,,,,,,,,,,,,,,,,,,,,,,,,,,,,,,,,,
SGD,LRCX,45,0.9487,,0.0006490842927069891,,False,,,,,,,,,,,,,,,,,,,,,,,,,,,,,,,,,,,,,,,,,,,,,,
SGD,LRCX,46,0.9487,,0.008456069956380855,,False,,,,,,,,,,,,,,,,,,,,,,,,,,,,,,,,,,,,,,,,,,,,,,
SGD,MCHP,42,0.9487,,0.000523854776349648,,False,,,,,,,,,,,,,,,,,,,,,,,,,,,,,,,,,,,,,,,,,,,,,,
SGD,MCHP,43,0.9487,,0.0005253256549910893,,False,,,,,,,,,,,,,,,,,,,,,,,,,,,,,,,,,,,,,,,,,,,,,,
SGD,MCHP,44,0.9487,,0.0005237157382662334,,False,,,,,,,,,,,,,,,,,,,,,,,,,,,,,,,,,,,,,,,,,,,,,,
SGD,MCHP,45,0.9487,,0.0005254247989604082,,False,,,,,,,,,,,,,,,,,,,,,,,,,,,,,,,,,,,,,,,,,,,,,,
SGD,MCHP,46,0.9487,,0.0005242195788514678,,False,,,,,,,,,,,,,,,,,,,,,,,,,,,,,,,,,,,,,,,,,,,,,,
SGD,META,42,0.9487,,0.00045753204785053085,,False,,,,,,,,,,,,,,,,,,,,,,,,,,,,,,,,,,,,,,,,,,,,,,
SGD,META,43,0.9487,,0.00045751250764858797,,False,,,,,,,,,,,,,,,,,,,,,,,,,,,,,,,,,,,,,,,,,,,,,,
SGD,META,44,0.9487,,0.00045762248571563815,,False,,,,,,,,,,,,,,,,,,,,,,,,,,,,,,,,,,,,,,,,,,,,,,
SGD,META,45,0.9487,,0.00045768785401710174,,False,,,,,,,,,,,,,,,,,,,,,,,,,,,,,,,,,,,,,,,,,,,,,,
SGD,META,46,0.9487,,0.00045781798145306184,,False,,,,,,,,,,,,,,,,,,,,,,,,,,,,,,,,,,,,,,,,,,,,,,
SGD,MRVL,42,0.9487,,0.0010375060417034008,,False,,,,,,,,,,,,,,,,,,,,,,,,,,,,,,,,,,,,,,,,,,,,,,
SGD,MRVL,43,0.9487,,0.0010384327520138372,,False,,,,,,,,,,,,,,,,,,,,,,,,,,,,,,,,,,,,,,,,,,,,,,
SGD,MRVL,44,0.9487,,0.0010369770899020805,,False,,,,,,,,,,,,,,,,,,,,,,,,,,,,,,,,,,,,,,,,,,,,,,
SGD,MRVL,45,0.9487,,0.0010361023365505159,,False,,,,,,,,,,,,,,,,,,,,,,,,,,,,,,,,,,,,,,,,,,,,,,
SGD,MRVL,46,0.9487,,0.001034656529704099,,False,,,,,,,,,,,,,,,,,,,,,,,,,,,,,,,,,,,,,,,,,,,,,,
SGD,MSFT,42,0.9487,,0.0001653898803014604,,False,,,,,,,,,,,,,,,,,,,,,,,,,,,,,,,,,,,,,,,,,,,,,,
SGD,MSFT,43,0.9487,,0.00016716524722084166,,False,,,,,,,,,,,,,,,,,,,,,,,,,,,,,,,,,,,,,,,,,,,,,,
SGD,MSFT,44,0.9487,,0.0001661903249523627,,False,,,,,,,,,,,,,,,,,,,,,,,,,,,,,,,,,,,,,,,,,,,,,,
SGD,MSFT,45,0.9487,,0.00016566961215286658,,False,,,,,,,,,,,,,,,,,,,,,,,,,,,,,,,,,,,,,,,,,,,,,,
SGD,MSFT,46,0.9487,,0.00017008260286674297,,False,,,,,,,,,,,,,,,,,,,,,,,,,,,,,,,,,,,,,,,,,,,,,,
SGD,MSI,42,0.9487,,0.000120574795695209,,False,,,,,,,,,,,,,,,,,,,,,,,,,,,,,,,,,,,,,,,,,,,,,,
SGD,MSI,43,0.9487,,0.00012186489920452158,,False,,,,,,,,,,,,,,,,,,,,,,,,,,,,,,,,,,,,,,,,,,,,,,
SGD,MSI,44,0.9487,,0.00012080682806237034,,False,,,,,,,,,,,,,,,,,,,,,,,,,,,,,,,,,,,,,,,,,,,,,,
SGD,MSI,45,0.9487,,0.00012052967829048319,,False,,,,,,,,,,,,,,,,,,,,,,,,,,,,,,,,,,,,,,,,,,,,,,
SGD,MSI,46,0.9487,,0.00012035725056809724,,False,,,,,,,,,,,,,,,,,,,,,,,,,,,,,,,,,,,,,,,,,,,,,,
SGD,MU,42,0.9487,,0.0008345680735098622,,False,,,,,,,,,,,,,,,,,,,,,,,,,,,,,,,,,,,,,,,,,,,,,,
SGD,MU,43,0.9487,,0.0008342756480766983,,False,,,,,,,,,,,,,,,,,,,,,,,,,,,,,,,,,,,,,,,,,,,,,,
SGD,MU,44,0.9487,,0.0008363302737947494,,False,,,,,,,,,,,,,,,,,,,,,,,,,,,,,,,,,,,,,,,,,,,,,,
SGD,MU,45,0.9487,,0.000834377748625619,,False,,,,,,,,,,,,,,,,,,,,,,,,,,,,,,,,,,,,,,,,,,,,,,
SGD,MU,46,0.9487,,0.0008354345484385415,,False,,,,,,,,,,,,,,,,,,,,,,,,,,,,,,,,,,,,,,,,,,,,,,
SGD,NOW,42,0.9487,,0.00042115364755902974,,False,,,,,,,,,,,,,,,,,,,,,,,,,,,,,,,,,,,,,,,,,,,,,,
SGD,NOW,43,0.9487,,0.0004278601162017338,,False,,,,,,,,,,,,,,,,,,,,,,,,,,,,,,,,,,,,,,,,,,,,,,
SGD,NOW,44,0.9487,,0.00042351966812497095,,False,,,,,,,,,,,,,,,,,,,,,,,,,,,,,,,,,,,,,,,,,,,,,,
SGD,NOW,45,0.9487,,0.0004233544308041769,,False,,,,,,,,,,,,,,,,,,,,,,,,,,,,,,,,,,,,,,,,,,,,,,
SGD,NOW,46,0.9487,,0.0004229787796262711,,False,,,,,,,,,,,,,,,,,,,,,,,,,,,,,,,,,,,,,,,,,,,,,,
SGD,NVDA,42,0.9487,,0.0008910938545509621,,False,,,,,,,,,,,,,,,,,,,,,,,,,,,,,,,,,,,,,,,,,,,,,,
SGD,NVDA,43,0.9487,,0.0008912644689045255,,False,,,,,,,,,,,,,,,,,,,,,,,,,,,,,,,,,,,,,,,,,,,,,,
SGD,NVDA,44,0.9487,,0.0008931569952182669,,False,,,,,,,,,,,,,,,,,,,,,,,,,,,,,,,,,,,,,,,,,,,,,,
SGD,NVDA,45,0.9487,,0.0008912296206862838,,False,,,,,,,,,,,,,,,,,,,,,,,,,,,,,,,,,,,,,,,,,,,,,,
SGD,NVDA,46,0.9487,,0.0008875215179705746,,False,,,,,,,,,,,,,,,,,,,,,,,,,,,,,,,,,,,,,,,,,,,,,,
SGD,NXPI,42,0.9487,,0.00045838467674150284,,False,,,,,,,,,,,,,,,,,,,,,,,,,,,,,,,,,,,,,,,,,,,,,,
SGD,NXPI,43,0.9487,,0.0004583119360868596,,False,,,,,,,,,,,,,,,,,,,,,,,,,,,,,,,,,,,,,,,,,,,,,,
SGD,NXPI,44,0.9487,,0.00045846074244864385,,False,,,,,,,,,,,,,,,,,,,,,,,,,,,,,,,,,,,,,,,,,,,,,,
SGD,NXPI,45,0.9487,,0.00045854148785930035,,False,,,,,,,,,,,,,,,,,,,,,,,,,,,,,,,,,,,,,,,,,,,,,,
SGD,NXPI,46,0.9487,,0.0004576121972612113,,False,,,,,,,,,,,,,,,,,,,,,,,,,,,,,,,,,,,,,,,,,,,,,,
SGD,ORCL,42,0.9487,,0.0004370220833354526,,False,,,,,,,,,,,,,,,,,,,,,,,,,,,,,,,,,,,,,,,,,,,,,,
SGD,ORCL,43,0.9487,,0.0004368156352371135,,False,,,,,,,,,,,,,,,,,,,,,,,,,,,,,,,,,,,,,,,,,,,,,,
SGD,ORCL,44,0.9487,,0.00043693827415900257,,False,,,,,,,,,,,,,,,,,,,,,,,,,,,,,,,,,,,,,,,,,,,,,,
SGD,ORCL,45,0.9487,,0.0004372213568006243,,False,,,,,,,,,,,,,,,,,,,,,,,,,,,,,,,,,,,,,,,,,,,,,,
SGD,ORCL,46,0.9487,,0.00043679253449515693,,False,,,,,,,,,,,,,,,,,,,,,,,,,,,,,,,,,,,,,,,,,,,,,,
SGD,PANW,42,0.9487,,0.000796027386644084,,False,,,,,,,,,,,,,,,,,,,,,,,,,,,,,,,,,,,,,,,,,,,,,,
SGD,PANW,43,0.9487,,0.0007958241329071628,,False,,,,,,,,,,,,,,,,,,,,,,,,,,,,,,,,,,,,,,,,,,,,,,
SGD,PANW,44,0.9487,,0.0007959366034550272,,False,,,,,,,,,,,,,,,,,,,,,,,,,,,,,,,,,,,,,,,,,,,,,,
SGD,PANW,45,0.9487,,0.0007985285512960641,,False,,,,,,,,,,,,,,,,,,,,,,,,,,,,,,,,,,,,,,,,,,,,,,
SGD,PANW,46,0.9487,,0.0007959815442182456,,False,,,,,,,,,,,,,,,,,,,,,,,,,,,,,,,,,,,,,,,,,,,,,,
SGD,PTC,42,0.9487,,0.00017509116697563695,,False,,,,,,,,,,,,,,,,,,,,,,,,,,,,,,,,,,,,,,,,,,,,,,
SGD,PTC,43,0.9487,,0.0001751802191532478,,False,,,,,,,,,,,,,,,,,,,,,,,,,,,,,,,,,,,,,,,,,,,,,,
SGD,PTC,44,0.9487,,0.00017509380818674805,,False,,,,,,,,,,,,,,,,,,,,,,,,,,,,,,,,,,,,,,,,,,,,,,
SGD,PTC,45,0.9487,,0.0001751277102995171,,False,,,,,,,,,,,,,,,,,,,,,,,,,,,,,,,,,,,,,,,,,,,,,,
SGD,PTC,46,0.9487,,0.00017554098099627823,,False,,,,,,,,,,,,,,,,,,,,,,,,,,,,,,,,,,,,,,,,,,,,,,
SGD,PYPL,42,0.9487,,0.0004524955525994301,,False,,,,,,,,,,,,,,,,,,,,,,,,,,,,,,,,,,,,,,,,,,,,,,
SGD,PYPL,43,0.9487,,0.0004519655058781306,,False,,,,,,,,,,,,,,,,,,,,,,,,,,,,,,,,,,,,,,,,,,,,,,
SGD,PYPL,44,0.9487,,0.0004522801997760932,,False,,,,,,,,,,,,,,,,,,,,,,,,,,,,,,,,,,,,,,,,,,,,,,
SGD,PYPL,45,0.9487,,0.00045240757366021476,,False,,,,,,,,,,,,,,,,,,,,,,,,,,,,,,,,,,,,,,,,,,,,,,
SGD,PYPL,46,0.9487,,0.00045021604746580123,,False,,,,,,,,,,,,,,,,,,,,,,,,,,,,,,,,,,,,,,,,,,,,,,
SGD,QCOM,42,0.9487,,0.0005037321773155657,,False,,,,,,,,,,,,,,,,,,,,,,,,,,,,,,,,,,,,,,,,,,,,,,
SGD,QCOM,43,0.9487,,0.0005067967312045829,,False,,,,,,,,,,,,,,,,,,,,,,,,,,,,,,,,,,,,,,,,,,,,,,
SGD,QCOM,44,0.9487,,0.0005059493754906629,,False,,,,,,,,,,,,,,,,,,,,,,,,,,,,,,,,,,,,,,,,,,,,,,
SGD,QCOM,45,0.9487,,0.0005059498879644605,,False,,,,,,,,,,,,,,,,,,,,,,,,,,,,,,,,,,,,,,,,,,,,,,
SGD,QCOM,46,0.9487,,0.0005051461713654655,,False,,,,,,,,,,,,,,,,,,,,,,,,,,,,,,,,,,,,,,,,,,,,,,
SGD,ROP,42,0.9487,,0.00011059543285420332,,False,,,,,,,,,,,,,,,,,,,,,,,,,,,,,,,,,,,,,,,,,,,,,,
SGD,ROP,43,0.9487,,0.00011064664081290916,,False,,,,,,,,,,,,,,,,,,,,,,,,,,,,,,,,,,,,,,,,,,,,,,
SGD,ROP,44,0.9487,,0.00011052039486390573,,False,,,,,,,,,,,,,,,,,,,,,,,,,,,,,,,,,,,,,,,,,,,,,,
SGD,ROP,45,0.9487,,0.00011103101587169385,,False,,,,,,,,,,,,,,,,,,,,,,,,,,,,,,,,,,,,,,,,,,,,,,
SGD,ROP,46,0.9487,,0.00011098524801945561,,False,,,,,,,,,,,,,,,,,,,,,,,,,,,,,,,,,,,,,,,,,,,,,,
SGD,SNOW,42,0.9487,,0.0015222129471805118,,False,,,,,,,,,,,,,,,,,,,,,,,,,,,,,,,,,,,,,,,,,,,,,,
SGD,SNOW,43,0.9487,,0.0015076048877261101,,False,,,,,,,,,,,,,,,,,,,,,,,,,,,,,,,,,,,,,,,,,,,,,,
SGD,SNOW,44,0.9487,,0.0015252127286491043,,False,,,,,,,,,,,,,,,,,,,,,,,,,,,,,,,,,,,,,,,,,,,,,,
SGD,SNOW,45,0.9487,,0.001538309345551587,,False,,,,,,,,,,,,,,,,,,,,,,,,,,,,,,,,,,,,,,,,,,,,,,
SGD,SNOW,46,0.9487,,0.0015418709964927183,,False,,,,,,,,,,,,,,,,,,,,,,,,,,,,,,,,,,,,,,,,,,,,,,
SGD,TEL,42,0.9487,,0.00016488536955818297,,False,,,,,,,,,,,,,,,,,,,,,,,,,,,,,,,,,,,,,,,,,,,,,,
SGD,TEL,43,0.9487,,0.00016502594506299055,,False,,,,,,,,,,,,,,,,,,,,,,,,,,,,,,,,,,,,,,,,,,,,,,
SGD,TEL,44,0.9487,,0.00016478126839039817,,False,,,,,,,,,,,,,,,,,,,,,,,,,,,,,,,,,,,,,,,,,,,,,,
SGD,TEL,45,0.9487,,0.0001646195730519673,,False,,,,,,,,,,,,,,,,,,,,,,,,,,,,,,,,,,,,,,,,,,,,,,
SGD,TEL,46,0.9487,,0.00016492826952820732,,False,,,,,,,,,,,,,,,,,,,,,,,,,,,,,,,,,,,,,,,,,,,,,,
SGD,TSLA,42,0.9487,,0.0013551367599456037,,False,,,,,,,,,,,,,,,,,,,,,,,,,,,,,,,,,,,,,,,,,,,,,,
SGD,TSLA,43,0.9487,,0.001357259971847951,,False,,,,,,,,,,,,,,,,,,,,,,,,,,,,,,,,,,,,,,,,,,,,,,
SGD,TSLA,44,0.9487,,0.001353210927358742,,False,,,,,,,,,,,,,,,,,,,,,,,,,,,,,,,,,,,,,,,,,,,,,,
SGD,TSLA,45,0.9487,,0.0013560139742053922,,False,,,,,,,,,,,,,,,,,,,,,,,,,,,,,,,,,,,,,,,,,,,,,,
SGD,TSLA,46,0.9487,,0.0013577823267608392,,False,,,,,,,,,,,,,,,,,,,,,,,,,,,,,,,,,,,,,,,,,,,,,,
SGD,TXN,42,0.9487,,0.00026530275742212933,,False,,,,,,,,,,,,,,,,,,,,,,,,,,,,,,,,,,,,,,,,,,,,,,
SGD,TXN,43,0.9487,,0.0002650045370929456,,False,,,,,,,,,,,,,,,,,,,,,,,,,,,,,,,,,,,,,,,,,,,,,,
SGD,TXN,44,0.9487,,0.00026501064735745625,,False,,,,,,,,,,,,,,,,,,,,,,,,,,,,,,,,,,,,,,,,,,,,,,
SGD,TXN,45,0.9487,,0.00026553743100040175,,False,,,,,,,,,,,,,,,,,,,,,,,,,,,,,,,,,,,,,,,,,,,,,,
SGD,TXN,46,0.9487,,0.0002651541005997431,,False,,,,,,,,,,,,,,,,,,,,,,,,,,,,,,,,,,,,,,,,,,,,,,
SGD,TYL,42,0.9487,,0.0002262114729515459,,False,,,,,,,,,,,,,,,,,,,,,,,,,,,,,,,,,,,,,,,,,,,,,,
SGD,TYL,43,0.9487,,0.0002260497874683804,,False,,,,,,,,,,,,,,,,,,,,,,,,,,,,,,,,,,,,,,,,,,,,,,
SGD,TYL,44,0.9487,,0.00022669794855925142,,False,,,,,,,,,,,,,,,,,,,,,,,,,,,,,,,,,,,,,,,,,,,,,,
SGD,TYL,45,0.9487,,0.00022663656996671486,,False,,,,,,,,,,,,,,,,,,,,,,,,,,,,,,,,,,,,,,,,,,,,,,
SGD,TYL,46,0.9487,,0.00022588268158927797,,False,,,,,,,,,,,,,,,,,,,,,,,,,,,,,,,,,,,,,,,,,,,,,,
SGD,UBER,42,0.9487,,0.0007038289077684913,,False,,,,,,,,,,,,,,,,,,,,,,,,,,,,,,,,,,,,,,,,,,,,,,
SGD,UBER,43,0.9487,,0.0007072982548827856,,False,,,,,,,,,,,,,,,,,,,,,,,,,,,,,,,,,,,,,,,,,,,,,,
SGD,UBER,44,0.9487,,0.000689144705382871,,False,,,,,,,,,,,,,,,,,,,,,,,,,,,,,,,,,,,,,,,,,,,,,,
SGD,UBER,45,0.9487,,0.0007043088405904635,,False,,,,,,,,,,,,,,,,,,,,,,,,,,,,,,,,,,,,,,,,,,,,,,
SGD,UBER,46,0.9487,,0.0007048036745736296,,False,,,,,,,,,,,,,,,,,,,,,,,,,,,,,,,,,,,,,,,,,,,,,,
SGD,WDAY,42,0.9487,,0.0004150779409842058,,False,,,,,,,,,,,,,,,,,,,,,,,,,,,,,,,,,,,,,,,,,,,,,,
SGD,WDAY,43,0.9487,,0.00041537170673345593,,False,,,,,,,,,,,,,,,,,,,,,,,,,,,,,,,,,,,,,,,,,,,,,,
SGD,WDAY,44,0.9487,,0.0004150467840108004,,False,,,,,,,,,,,,,,,,,,,,,,,,,,,,,,,,,,,,,,,,,,,,,,
SGD,WDAY,45,0.9487,,0.00041501586893936254,,False,,,,,,,,,,,,,,,,,,,,,,,,,,,,,,,,,,,,,,,,,,,,,,
SGD,WDAY,46,0.9487,,0.0004150301411554411,,False,,,,,,,,,,,,,,,,,,,,,,,,,,,,,,,,,,,,,,,,,,,,,,
