label,opt,unit,seed,lr_used,knob_used,primary,best_val_primary,diverged,fail_reason,reused_from_main,steps_run,wall_s,sec_per_step,mean_step_size,clip_freq,peak_mem_mb,steps_to_90pct_best,frac_budget_to_90pct_best,final_train_loss,gen_gap_loss,auc_val_curve,update_weight_ratio,update_cos_sim_sampled,grad_norm_mean,grad_norm_p95,weight_norm_growth,throughput_samples_per_s,flops_per_step_est,hess_trace,hess_top_eig,eviekf_cos_mean,eviekf_cos_min,eviekf_b_simple_mean,eviekf_eff_rank_mean,eviekf_gain_lo_min,eviekf_gain_hi_max,eviekf_n_active_steps,rmse,dir_acc,test_loss,mae,r2,sign_sharpe
small,AdamW,AAPL,42,0.9999,,0.00018233750705365782,0.00039791325675397714,False,,,10000,17.37866759300232,0.0017378667593002319,0.1580924095205072,0.0023,17.37841796875,750,0.075,0.0002878121449612081,-0.00010547463790755028,0.0008385668585416064,0.02475601550297659,0.16775969965126025,40.023981747653025,0.08162287808954714,23.935868555661884,18413.379408260906,132096.0,nan,nan,nan,nan,nan,nan,nan,nan,0,0.013503240613040183,0.4403183023872679,0.00018233750705365782,0.009989570688318324,-0.003862870013561226,-0.8184087983404611
small,AdamW,AAPL,43,0.9999,,0.00018331325716442533,0.00039846329537247474,False,,,10000,17.319710731506348,0.0017319710731506348,0.15810090103673413,0.0033,17.37841796875,4750,0.475,0.0002891744952648878,-0.00010586123810046248,0.0008687715381252143,0.025026095481811915,0.012082400872498273,313.9383547073742,0.0747981496155262,14.817526662286808,18476.059153683604,132096.0,nan,nan,nan,nan,nan,nan,nan,nan,0,0.01353932262576032,0.4403183023872679,0.00018331325716442533,0.010048511797788913,-0.009234882181759163,-0.8184087983404611
small,AdamW,AAPL,44,0.9999,,0.0001819129816438786,0.00039777835579070235,False,,,10000,17.246299505233765,0.0017246299505233765,0.15809987372861828,0.0034,17.37841796875,1000,0.1,0.0002363621024414897,-5.44491207976111e-05,0.000533842701660746,0.024700328157153832,0.1497207094743279,76.69620775504303,0.061803589947521616,14.789668555066811,18554.705019641406,132096.0,nan,nan,nan,nan,nan,nan,nan,nan,0,0.013487512062788993,0.5596816976127321,0.0001819129816438786,0.009953320972503179,-0.0015256366974929492,0.8184087983404611
small,AdamW,ACN,42,0.9999,,0.00020774820494273352,0.0003748494212760217,False,,,10000,17.315643310546875,0.0017315643310546875,0.1580351480001645,0.0035,17.37841796875,1750,0.175,0.00023890308511909097,-3.115488017635745e-05,0.0004978640516671989,0.024779541316927077,0.1063809156301414,75.40903561969249,0.05303595829755067,15.484024370909667,18480.399154739433,132096.0,nan,nan,nan,nan,nan,nan,nan,nan,0,0.014413473035418407,0.47619047619047616,0.00020774820494273352,0.010111161009975212,-0.01706681256902498,-0.454156146275745
small,AdamW,ACN,43,0.9999,,0.0002070526006045165,0.0003746024651615942,False,,,10000,17.22647976875305,0.0017226479768753052,0.15804249941389167,0.0029,17.37841796875,2500,0.25,0.00016001961193978786,4.703298866472864e-05,0.0005395572625203481,0.024976062978712812,0.26348463017148976,22.23655987108704,0.05331418011337519,15.15285313633302,18576.05293104892,132096.0,nan,nan,nan,nan,nan,nan,nan,nan,0,0.014389322451196807,0.47619047619047616,0.0002070526006045165,0.01008536071373672,-0.01366136274925589,-0.454156146275745
small,AdamW,ACN,44,0.9999,,0.00020461738424957114,0.0003746187892453424,False,,,10000,17.459156274795532,0.0017459156274795531,0.15809910509724123,0.0048,17.37841796875,1500,0.15,0.00018872418149840087,1.589320275117027e-05,0.0005101659802979274,0.02482259410206555,0.25404845024002864,77.1867016891722,0.053050003200769406,22.565439030538567,18328.49165007818,132096.0,nan,nan,nan,nan,nan,nan,nan,nan,0,0.014304453301317431,0.47619047619047616,0.00020461738424957114,0.009994166237967355,-0.0017393452438678736,-0.454156146275745
small,AdamW,ADBE,42,0.9999,,0.00046996598836606144,0.0007183368389423077,False,,,10000,17.0893816947937,0.0017089381694793701,0.1580599633713246,0.0019,17.37841796875,8250,0.825,0.0009909713407978415,-0.0005210053524317801,0.0010870958141977994,0.024865182802082778,0.03506669396988736,62.791358092515004,0.08471519425511359,15.230276817469045,18725.077695320502,132096.0,nan,nan,nan,nan,nan,nan,nan,nan,0,0.021678698954643506,0.5052910052910053,0.00046996598836606144,0.01398221147123468,-0.0014619934621911135,0.18390016530866893
small,AdamW,ADBE,43,0.9999,,0.0004697725886390323,0.0007181818984863928,False,,,10000,16.934404134750366,0.0016934404134750366,0.15809589938489418,0.0017,17.37841796875,500,0.05,0.00041020193020813167,5.957065843090062e-05,0.0010622577696262326,0.025012943118999403,-0.015566743275509312,91.35947743097582,0.08547108545899387,16.57757970450139,18896.442854067813,132096.0,nan,nan,nan,nan,nan,nan,nan,nan,0,0.021674237902150846,0.5052910052910053,0.0004697725886390323,0.01397791615238896,-0.0010498732642187925,0.18390016530866893
small,AdamW,ADBE,44,0.9999,,0.00046928759132112773,0.0007178836381087569,False,,,10000,17.537721633911133,0.0017537721633911134,0.15809972052454127,0.0067,17.37841796875,1750,0.175,0.00015901676670182496,0.00031027082461930277,0.0009213399499531126,0.024735933711656007,0.1593315949174458,150.73841918769003,0.07236588448286052,19.76213564064543,18246.383805137175,132096.0,nan,nan,nan,nan,nan,nan,nan,nan,0,0.021663046676797974,0.5052910052910053,0.00046928759132112773,0.013970222422685573,-1.6380643824920327e-05,0.18390016530866893
small,AdamW,ADI,42,0.9999,,0.00034148281528836204,0.0004595233527671753,False,,,10000,17.476388931274414,0.0017476388931274415,0.15807336731569185,0.0016,17.37841796875,2250,0.225,0.00021973843104206026,0.00012174438424630179,0.0007576971490115752,0.02481546034033304,0.29760570992469526,32.657787960421864,0.07688548527657985,15.391730510957668,18310.418774633265,132096.0,nan,nan,nan,nan,nan,nan,nan,nan,0,0.018479253645327834,0.5185185185185185,0.00034148281528836204,0.014022079094377145,-0.006560783752328714,0.2572895384050634
small,AdamW,ADI,43,0.9999,,0.00033996877058473215,0.0004582537501180836,False,,,10000,17.24725651741028,0.0017247256517410278,0.15809724312640988,0.0033,17.37841796875,9500,0.95,0.0002648206427693367,7.514812781539545e-05,0.0008757113239833759,0.02497471439383508,0.06321815999505756,254.6358216478751,0.08604379706084726,13.184050638622235,18553.67546003478,132096.0,nan,nan,nan,nan,nan,nan,nan,nan,0,0.01843824206872044,0.48148148148148145,0.00033996877058473215,0.01406908287573113,-0.0020979588156333495,-0.2572895384050634
small,AdamW,ADI,44,0.9999,,0.0003393225411258677,0.00045754628092920115,False,,,10000,17.3764169216156,0.0017376416921615601,0.15809987159392738,0.0038,17.37841796875,1000,0.1,0.00023072233307175338,0.00010860020805411434,0.000726794115963383,0.024816474936850377,0.032399394972669915,42.61491013250564,0.06742898114025586,22.029945574130323,18415.76439167572,132096.0,nan,nan,nan,nan,nan,nan,nan,nan,0,0.018420709571725723,0.5185185185185185,0.0003393225411258677,0.014035421704489088,-0.00019312143736271992,0.2572895384050634
small,AdamW,ADSK,42,0.9999,,0.00029185437966906835,0.0007621201659387239,False,,,10000,17.586129426956177,0.0017586129426956176,0.15809253400117226,0.0035,17.37841796875,8000,0.8,0.0003283553523942828,-3.650097272521447e-05,0.001089844942125327,0.02484026202704808,0.08342387637723953,98.55286718974033,0.07798844985663887,16.12668747511311,18196.15858788695,132096.0,nan,nan,nan,nan,nan,nan,nan,nan,0,0.017083746066629192,0.4444444444444444,0.00029185437966906835,0.012613513482310785,-0.017491376902295297,-0.910808831292842
small,AdamW,ADSK,43,0.9999,,0.0002899058163166046,0.0007619750278381834,False,,,10000,17.67185378074646,0.001767185378074646,0.15809665826093325,0.0026,17.37841796875,500,0.05,0.0003958720189984888,-0.00010596620268188417,0.001263297194811241,0.02484765569707967,0.038985909871216994,113.23112344240232,0.0857807874679565,21.137069430217633,18107.890885145338,132096.0,nan,nan,nan,nan,nan,nan,nan,nan,0,0.017026620813203205,0.4444444444444444,0.0002899058163166046,0.012536762883423497,-0.010698104138227915,-0.910808831292842
small,AdamW,ADSK,44,0.9999,,0.00028849266981952407,0.0007622460155335282,False,,,10000,17.45392107963562,0.001745392107963562,0.1581017308605758,0.005,17.37841796875,4500,0.45,0.00020074896747246385,8.774370234706022e-05,0.0011782006684966633,0.024733842119604343,-0.03435508299185108,106.47950706799364,0.07926557585597037,18.195114982105753,18333.98916724565,132096.0,nan,nan,nan,nan,nan,nan,nan,nan,0,0.016985071969807017,0.4444444444444444,0.00028849266981952407,0.012475168894207666,-0.00577145415370639,-0.910808831292842
small,AdamW,AMD,42,0.9999,,0.0008350983656272686,0.001343593040891288,False,,,10000,17.239993572235107,0.0017239993572235107,0.15809250687389764,0.0057,17.37841796875,5250,0.525,0.007472813595086336,-0.006637715229459068,0.0017052821595595986,0.02506831385362678,0.21229929362209674,46.721605169684324,0.08250197693705558,17.23853492788938,18561.491839263665,132096.0,nan,nan,nan,nan,nan,nan,nan,nan,0,0.02889806854492647,0.5092838196286472,0.0008350983656272686,0.021129895770360552,-0.0002497783630177608,-0.08512321927901365
small,AdamW,AMD,43,0.9999,,0.0008352773372458402,0.0013456154881484946,False,,,10000,17.403568983078003,0.0017403568983078003,0.15809263779143745,0.0032,17.37841796875,500,0.05,0.002843908965587616,-0.0020086316283417756,0.0017127097524575357,0.02450170017990832,0.21935622348531247,100.82657543999993,0.09121381789445875,16.39900111193054,18387.03316033311,132096.0,nan,nan,nan,nan,nan,nan,nan,nan,0,0.028901164980772664,0.4907161803713528,0.0008352773372458402,0.021159391554575118,-0.00046414391464355553,0.08512321927901365
small,AdamW,AMD,44,0.9999,,0.0008356853452309099,0.0013434374680253492,False,,,10000,17.36532998085022,0.001736532998085022,0.15810333329006918,0.0036,17.37841796875,2000,0.2,0.0007805141503922641,5.517119483864578e-05,0.001894696966236257,0.024820497912013705,-0.351572921073135,87.91130599429977,0.09547665156424046,15.60977683281215,18427.521985063515,132096.0,nan,nan,nan,nan,nan,nan,nan,nan,0,0.0289082227961338,0.5092838196286472,0.0008356853452309099,0.021128071679009333,-0.0009528407118521987,-0.08512321927901365
small,AdamW,AMZN,42,0.9999,,0.0003329407837655809,0.0008323067695455779,False,,,10000,17.247471570968628,0.0017247471570968629,0.15807522556172454,0.0038,17.37841796875,4250,0.425,0.00039233267307281494,-5.939188930723403e-05,0.0009638774089324168,0.024549515925997665,0.17258556554003773,68.01305448431035,0.05751892179250709,19.059181123845413,18553.444119811273,132096.0,nan,nan,nan,nan,nan,nan,nan,nan,0,0.018246665003928277,0.4693333333333333,0.0003329407837655809,0.013471691696732133,-0.012928519758696355,-1.2042107154628319
small,AdamW,AMZN,43,0.9999,,0.0003308471706178453,0.000832667401361845,False,,,10000,17.136958599090576,0.0017136958599090577,0.15809757282156223,0.0023,17.37841796875,5750,0.575,0.0004992865142412484,-0.00016843934362340305,0.001364620352921612,0.024995039672285915,-0.0631141901686814,161.127468165334,0.07767267376184463,14.43911050026821,18673.091736183676,132096.0,nan,nan,nan,nan,nan,nan,nan,nan,0,0.018189204782448443,0.4693333333333333,0.0003308471706178453,0.013423505914274348,-0.006558977275200828,-1.2042107154628319
small,AdamW,AMZN,44,0.9999,,0.000330243949536924,0.0008329836854251689,False,,,10000,17.481987237930298,0.0017481987237930297,0.15809674489165515,0.0036,17.37841796875,1750,0.175,0.0003731483593583107,-4.29044098213867e-05,0.0010007370765262873,0.024672614771051968,0.09139250019298531,102.95164433454053,0.06840997897088527,15.35845812847304,18304.555176982554,132096.0,nan,nan,nan,nan,nan,nan,nan,nan,0,0.018172615374153607,0.5306666666666666,0.000330243949536924,0.013410163304162405,-0.004723756520103928,1.2042107154628319
small,AdamW,APH,42,0.9999,,0.00022806057696619992,0.0002832028728265029,False,,,10000,17.240085124969482,0.0017240085124969483,0.1580814911709512,0.0019,17.37841796875,1750,0.175,0.0001863504876382649,4.171008932793503e-05,0.0005320743725108167,0.024810434603574634,0.36333061993684435,92.19988140746158,0.07321156412363049,19.225649276616455,18561.393269255477,132096.0,nan,nan,nan,nan,nan,nan,nan,nan,0,0.015101674641118445,0.5398936170212766,0.00022806057696619992,0.010440765234528394,-0.004122889674603503,1.4047444824252193
small,AdamW,APH,43,0.9999,,0.0002292723212607954,0.00028303706282329814,False,,,10000,17.436277151107788,0.0017436277151107787,0.15809195294199269,0.0038,17.37841796875,5750,0.575,0.00023421141668222845,-4.939095421433045e-06,0.00037445084460493674,0.024771179764966404,0.2491195025936559,119.59098470269853,0.04300736803561449,14.698836719319887,18352.541498783718,132096.0,nan,nan,nan,nan,nan,nan,nan,nan,0,0.015141741024756546,0.4601063829787234,0.0002292723212607954,0.010477182095643705,-0.009458051932025313,-1.4047444824252193
small,AdamW,APH,44,0.9999,,0.0002282567558780549,0.0002831319836153592,False,,,10000,17.242817163467407,0.0017242817163467406,0.15809830301212455,0.0042,17.37841796875,4500,0.45,0.00045311206486076117,-0.00022485530898270627,0.0003715053472840477,0.024713943837709924,0.17312860049263096,112.72774558287614,0.05070784464478492,16.187008862504662,18558.452308941047,132096.0,nan,nan,nan,nan,nan,nan,nan,nan,0,0.01510816851501382,0.5398936170212766,0.0002282567558780549,0.010446744621115387,-0.0049866414833794614,1.4047444824252193
small,AdamW,AVGO,42,0.9999,,0.0008659566994066592,0.0004993549076252338,False,,,10000,17.18848419189453,0.0017188484191894531,0.15807537915672373,0.0034,17.37841796875,1500,0.15,0.00022398706641979516,0.000641969632986864,0.0007045711365020463,0.0248548926751171,0.33207427124577926,19.28588449468421,0.05767149627208709,22.568343344756983,18617.115763523838,132096.0,nan,nan,nan,nan,nan,nan,nan,nan,0,0.02942714222289788,0.5238095238095238,0.0008659566994066592,0.020179733397468688,-0.006558735775453073,1.4391859399277436
small,AdamW,AVGO,43,0.9999,,0.000861167276977862,0.0004999975943122682,False,,,10000,17.55017066001892,0.001755017066001892,0.1580903372820379,0.0013,17.37841796875,2500,0.25,0.0005936025409027934,0.0002675647360750686,0.0009954679811324328,0.02501746910088141,0.08413791373321884,622.2194163994953,0.08294912092387671,19.43222119511415,18233.440927671014,132096.0,nan,nan,nan,nan,nan,nan,nan,nan,0,0.02934565175588816,0.5238095238095238,0.000861167276977862,0.02019800458635603,-0.000991673371145918,1.4391859399277436
small,AdamW,AVGO,44,0.9999,,0.0008688504418368062,0.0005002045504926687,False,,,10000,17.529090404510498,0.0017529090404510498,0.15809882520751453,0.005,17.37841796875,1000,0.1,0.0003628729609772563,0.0005059774808595499,0.0007312388572896863,0.0246643848961371,0.05512452616206225,55.3983415744182,0.06737867370247835,18.235388116133976,18255.368225932543,132096.0,nan,nan,nan,nan,nan,nan,nan,nan,0,0.02947626913021399,0.47619047619047616,0.0008688504418368062,0.02020264428759378,-0.009922323959647983,-1.4391859399277436
small,AdamW,CDNS,42,0.9999,,0.0003911927342414856,0.0005602918822189857,False,,,10000,17.555187225341797,0.0017555187225341796,0.15808927472284295,0.0021,17.37841796875,500,0.05,0.00034483050694689155,4.636222729459405e-05,0.000716409142719664,0.024725914252110813,0.47883791876663484,33.224790953041826,0.05950278770178555,42.62595389487905,18228.23054476251,132096.0,nan,nan,nan,nan,nan,nan,nan,nan,0,0.019778592827637803,0.5211640211640212,0.0003911927342414856,0.01443183737457114,-0.000649692316286643,0.5255742308309481
small,AdamW,CDNS,43,0.9999,,0.00039133303379886367,0.0005604084037659339,False,,,10000,17.102922439575195,0.0017102922439575195,0.15809065060741528,0.002,17.37841796875,500,0.05,0.0003258358337916434,6.549720000722029e-05,0.000887898588771602,0.02486574614160964,0.26284448843432173,31.42155883803123,0.06891418062150477,43.82760820321445,18710.252655975222,132096.0,nan,nan,nan,nan,nan,nan,nan,nan,0,0.01978213926244742,0.5211640211640212,0.00039133303379886367,0.01443680001314355,-0.0010085709370635243,0.5255742308309481
small,AdamW,CDNS,44,0.9999,,0.0003909753270880886,0.0005601345702254803,False,,,10000,17.247689962387085,0.0017247689962387085,0.1580979839497859,0.0043,17.37841796875,500,0.05,0.00020508385205175728,0.00018589147503633133,0.0007066599442457283,0.024651066759826215,0.28419848255404073,61.13777462715277,0.06022821906954048,14.036613223882291,18553.20919484524,132096.0,nan,nan,nan,nan,nan,nan,nan,nan,0,0.01977309604204887,0.5211640211640212,0.0003909753270880886,0.014424726445838887,-9.357666762599415e-05,0.5255742308309481
small,AdamW,CRM,42,0.9999,,0.0004490371497850569,0.0007317774491853992,False,,,10000,17.082230806350708,0.0017082230806350707,0.15808221683042242,0.0037,17.37841796875,500,0.05,0.00021056155674159527,0.00023847559304346165,0.0010003953531616554,0.024674418900575115,0.28726785978983466,76.85397277574582,0.06891710832715033,24.364268652203684,18732.91630511354,132096.0,nan,nan,nan,nan,nan,nan,nan,nan,0,0.02119049668566211,0.47619047619047616,0.0004490371497850569,0.01311879309396895,-0.004163948898225023,-0.9214713153438326
small,AdamW,CRM,43,0.9999,,0.0004495234479979863,0.0007316851173218745,False,,,10000,17.64693331718445,0.0017646933317184447,0.1580995441326113,0.0019,17.37841796875,1500,0.15,0.00037214322946965694,7.738021852832938e-05,0.0011902511340780646,0.024761648479402504,-0.05246540888246122,43.20295419172803,0.07980289533734321,14.517657793984,18133.462298992567,132096.0,nan,nan,nan,nan,nan,nan,nan,nan,0,0.021201968021813126,0.47619047619047616,0.0004495234479979863,0.013131506228573108,-0.005251438283170318,-0.9214713153438326
small,AdamW,CRM,44,0.9999,,0.0004502692944789059,0.0007316498604630285,False,,,10000,17.58254337310791,0.001758254337310791,0.1581001277231657,0.0037,17.37841796875,nan,nan,0.0004986296989955008,-4.836040451659492e-05,0.0010493468656139716,0.02471798087093871,-0.4639775576336289,112.21868732201057,0.07646732181310653,24.01788435299805,18199.86979184323,132096.0,nan,nan,nan,nan,nan,nan,nan,nan,0,0.02121954981800759,0.47619047619047616,0.0004502692944789059,0.01315212123608463,-0.006919345154373424,-0.9214713153438326
small,AdamW,CSCO,42,0.9999,,0.00014669405759642364,0.00028427312797829705,False,,,10000,17.380194664001465,0.0017380194664001465,0.1580859386367178,0.002,17.37841796875,750,0.075,0.00023827301629353315,-9.15789586971095e-05,0.0006376142546890269,0.024954102125464575,-0.11822136329592589,34.40113150222232,0.08578724488615987,23.6489207377312,18411.761558850456,132096.0,nan,nan,nan,nan,nan,nan,nan,nan,0,0.012111732229389141,0.45478723404255317,0.00014669405759642364,0.00810975750918111,-0.008216390949107089,-0.6309806781005214
small,AdamW,CSCO,43,0.9999,,0.00014705981605898135,0.0002843330290652713,False,,,10000,17.21595573425293,0.001721595573425293,0.1580924986882283,0.0058,17.37841796875,1500,0.15,0.00026875428739003837,-0.00012169447133105702,0.0005547113877238525,0.024829853256168575,0.42801316125726246,402.89309146077306,0.07294589765369891,16.818379492675692,18587.408386705294,132096.0,nan,nan,nan,nan,nan,nan,nan,nan,0,0.012126822174790119,0.45478723404255317,0.00014705981605898135,0.008128755307071424,-0.010730219273997976,-0.6309806781005214
small,AdamW,CSCO,44,0.9999,,0.00014674870504273308,0.0002842823572120869,False,,,10000,17.21179461479187,0.001721179461479187,0.15810063207815064,0.003,17.37841796875,1000,0.1,0.00030176262953318655,-0.00015501392449045347,0.000544861501263557,0.02493398318645845,0.35435722178749135,200.83961720617768,0.07119317874312393,15.787513505049024,18591.90207423176,132096.0,nan,nan,nan,nan,nan,nan,nan,nan,0,0.012113987990861353,0.45478723404255317,0.00014674870504273308,0.008112764232373112,-0.008591978426851332,-0.6309806781005214
small,AdamW,CTSH,42,0.9999,,0.00017230108222633441,0.0004105717734253375,False,,,10000,17.0503830909729,0.00170503830909729,0.15808777220271752,0.0015,17.37841796875,500,0.05,0.0002517729881219566,-7.947190589562217e-05,0.0007563415233970361,0.024833679664217827,0.2203423428821777,16.62096843352669,0.08007471039891238,24.145608456224444,18767.90675567986,132096.0,nan,nan,nan,nan,nan,nan,nan,nan,0,0.01312635068198067,0.4708994708994709,0.00017230108222633441,0.009729097759912885,-0.018385299682190492,-0.6068268288485892
small,AdamW,CTSH,43,0.9999,,0.00017015216132951162,0.0004104164772387841,False,,,10000,17.349438428878784,0.0017349438428878785,0.15809445670162756,0.0053,17.37841796875,nan,nan,0.00024976994609460235,-7.961778476509073e-05,0.000644838440858498,0.024976440313503587,0.2652083781251864,113.45298081226277,0.05926680639386177,23.954981200391224,18444.40102841301,132096.0,nan,nan,nan,nan,nan,nan,nan,nan,0,0.013044238625903454,0.4708994708994709,0.00017015216132951162,0.009636265890938895,-0.005684105799789396,-0.6068268288485892
small,AdamW,CTSH,44,0.9999,,0.0001727459291932444,0.0004107062000810942,False,,,10000,17.063514232635498,0.00170635142326355,0.15809934925993258,0.0031,17.37841796875,500,0.05,0.0002664224011823535,-9.36764719891091e-05,0.000591225040888921,0.024889802332621634,0.18484048002774595,57.301657437715065,0.06720754727721213,20.085930899230675,18753.46400731283,132096.0,nan,nan,nan,nan,nan,nan,nan,nan,0,0.013143284566395281,0.4708994708994709,0.0001727459291932444,0.009748052667688441,-0.02101456704288096,-0.6068268288485892
small,AdamW,FICO,42,0.9999,,0.0003442433933732371,0.0007006007417127371,False,,,10000,17.19007444381714,0.0017190074443817138,0.15807916765083335,0.0037,17.37841796875,4250,0.425,0.00019883696222677827,0.0001454064311464588,0.0008233996310996528,0.024700817932921962,0.4516114101644662,36.63603334762591,0.05809100158512588,16.217529623825722,18615.393496163502,132096.0,nan,nan,nan,nan,nan,nan,nan,nan,0,0.01855379727638623,0.6031746031746031,0.0003442433933732371,0.013589939743122727,-0.0008482450519324836,2.0359688915627197
small,AdamW,FICO,43,0.9999,,0.0003449677553757158,0.0007006107021706174,False,,,10000,17.121132135391235,0.0017121132135391236,0.1580895179965898,0.0035,17.37841796875,1250,0.125,0.0005444816779345274,-0.00019951392255881158,0.0008254200574825193,0.02475461668797296,0.36879409008284525,100.08657445665092,0.0627693600952625,21.893463598809557,18690.352803161033,132096.0,nan,nan,nan,nan,nan,nan,nan,nan,0,0.018573307604616788,0.6031746031746031,0.0003449677553757158,0.013639011080302889,-0.0029542446235120146,2.0359688915627197
small,AdamW,FICO,44,0.9999,,0.0003443579115564861,0.0007005667496739395,False,,,10000,17.347310304641724,0.0017347310304641724,0.1580998899257089,0.0035,17.37841796875,2000,0.2,0.00018333991465624422,0.0001610179969002419,0.0009773657701862416,0.02479355498812546,0.14051179416975354,83.23974599471964,0.07478620819747446,16.816177927568788,18446.66374097059,132096.0,nan,nan,nan,nan,nan,nan,nan,nan,0,0.018556883131509078,0.6031746031746031,0.0003443579115564861,0.013599452518281482,-0.0011811935556298447,2.0359688915627197
small,AdamW,FTNT,42,0.9999,,0.0007145460005159732,0.0009461712457773224,False,,,10000,17.258838176727295,0.0017258838176727295,0.15809316701078077,0.0043,17.37841796875,750,0.075,0.000804500188678503,-8.995418816252988e-05,0.0013104238536806568,0.02476164900880526,0.4237421968299584,171.3304701262529,0.07183706462383259,15.30263511851449,18541.22489145906,132096.0,nan,nan,nan,nan,nan,nan,nan,nan,0,0.026730993257190673,0.5343915343915344,0.0007145460005159732,0.014881234951120205,-0.00013507288970138198,0.35000747849044117
small,AdamW,FTNT,43,0.9999,,0.0007146175891634017,0.0009461414434549347,False,,,10000,17.180691957473755,0.0017180691957473756,0.15808377321954795,0.0014,17.37841796875,750,0.075,0.000417739269323647,0.0002968783198397547,0.0013747200281662348,0.024726837614294634,0.12114449959223113,39.773663927638225,0.08747929409146302,21.867908503397786,18625.55948224176,132096.0,nan,nan,nan,nan,nan,nan,nan,nan,0,0.02673233228065598,0.5343915343915344,0.0007146175891634017,0.01488795103850188,-0.00023527402029666078,0.35000747849044117
small,AdamW,FTNT,44,0.9999,,0.000714489391871861,0.000946227688371977,False,,,10000,17.266464710235596,0.0017266464710235596,0.15809732254345538,0.0054,17.37841796875,1750,0.175,0.000612630567047745,0.00010185882482411604,0.0012609307550130503,0.024743070032013766,0.2959210100228592,149.7802761427402,0.07335922755300997,19.027429399573478,18533.035301100364,132096.0,nan,nan,nan,nan,nan,nan,nan,nan,0,0.026729934378368028,0.5343915343915344,0.000714489391871861,0.014874200972299727,-5.5838956036557974e-05,0.35000747849044117
small,AdamW,GLW,42,0.9999,,0.0002344922611006984,0.0003470174118441675,False,,,10000,17.04640817642212,0.0017046408176422119,0.15809730588765084,0.0012,17.37841796875,5500,0.55,0.0001700641878414899,6.442807325920849e-05,0.0007466501265912204,0.024781271815329135,0.22703185960956007,77.9264413026425,0.08728448264300823,15.943035318170917,18772.283092611302,132096.0,nan,nan,nan,nan,nan,nan,nan,nan,0,0.015313140145009396,0.4654255319148936,0.0002344922611006984,0.010442973444701503,-0.005298587631992646,-0.966301231898722
small,AdamW,GLW,43,0.9999,,0.00023486961921056113,0.00034708247102540116,False,,,10000,17.310935020446777,0.0017310935020446777,0.15809362706831548,0.0035,17.37841796875,500,0.05,0.0004164581187069416,-0.00018158849949638048,0.0006013645083046621,0.02485670809777425,0.1651486689005636,161.1593789167841,0.0850211601704359,15.009971933004497,18485.425519882814,132096.0,nan,nan,nan,nan,nan,nan,nan,nan,0,0.015325456574293671,0.4654255319148936,0.00023486961921056113,0.010455012321472168,-0.006916370551973694,-0.966301231898722
small,AdamW,GLW,44,0.9999,,0.0002352316622380857,0.0003471777673109141,False,,,10000,17.164076805114746,0.0017164076805114745,0.15809902596920905,0.0046,17.37841796875,4250,0.425,0.00015831711061764508,7.691455162044063e-05,0.0005066264062230055,0.024822223361274383,0.00450755841763262,106.64873647307783,0.07276282832026477,13.219631443045925,18643.589377591386,132096.0,nan,nan,nan,nan,nan,nan,nan,nan,0,0.01533726384457429,0.4654255319148936,0.0002352316622380857,0.010467143916579151,-0.008468495737359527,-0.966301231898722
small,AdamW,GOOGL,42,0.9999,,0.000310000781186674,0.0005399795837048194,False,,,10000,17.255544662475586,0.0017255544662475586,0.15808314793017003,0.0025,17.37841796875,3500,0.35,0.0003637417685240507,-5.3740987337376716e-05,0.0006812488059604168,0.024629063389539543,-0.008409114195813453,159.49907086422948,0.06323112361133097,16.464444385673165,18544.763799654578,132096.0,nan,nan,nan,nan,nan,nan,nan,nan,0,0.017606839045855846,0.41909814323607425,0.000310000781186674,0.012678562648712642,-0.012690118365125569,-1.1073815342933746
small,AdamW,GOOGL,43,0.9999,,0.00030796300797235397,0.0005400961052517676,False,,,10000,17.802961111068726,0.0017802961111068726,0.15809084960806724,0.0038,17.37841796875,9500,0.95,0.0002245378418592736,8.342516611308036e-05,0.0007651195057774777,0.024825605462970756,0.2546183703121741,396.3846359120101,0.06483106464147557,15.393183272947452,17974.53794363707,132096.0,nan,nan,nan,nan,nan,nan,nan,nan,0,0.01754887483493896,0.41909814323607425,0.00030796300797235397,0.012568370375052961,-0.006033255147841254,-1.1073815342933746
small,AdamW,GOOGL,44,0.9999,,0.0003073770533163081,0.0005403415593923877,False,,,10000,17.389853954315186,0.0017389853954315187,0.15809981804167153,0.0046,17.37841796875,4000,0.4,0.00011718194582499564,0.00019019510749131245,0.0006631061977969783,0.024812053352837364,-0.11349220870451823,88.00671341532578,0.0657216005027294,17.871490790238944,18401.53464432023,132096.0,nan,nan,nan,nan,nan,nan,nan,nan,0,0.017532171950910933,0.5809018567639257,0.0003073770533163081,0.012530170420490245,-0.0041190971005089505,1.1073815342933746
small,AdamW,GPN,42,0.9999,,0.0003287518623644713,0.0005798193598931917,False,,,10000,16.967762231826782,0.0016967762231826782,0.15809308695578933,0.0019,17.37841796875,7000,0.7,0.0005549303023144603,-0.00022617843994998898,0.0008968206795593399,0.02481056544970959,0.4756118884363204,23.856362206999602,0.0761833921074867,15.814975990749655,18859.293030389676,132096.0,nan,nan,nan,nan,nan,nan,nan,nan,0,0.018131515721650834,0.4960212201591512,0.0003287518623644713,0.012681209221088067,-0.004153036836693769,-0.32842959592167353
small,AdamW,GPN,43,0.9999,,0.0003278828250668036,0.0005800305057900022,False,,,10000,17.22750163078308,0.0017227501630783081,0.1580873593685749,0.0029,17.37841796875,3000,0.3,0.00038041043444536626,-5.252760937856266e-05,0.0009061784679156894,0.02506233428493369,-0.031845404869142224,68.88336456202933,0.068105336651206,20.276408536517145,18574.95107869883,132096.0,nan,nan,nan,nan,nan,nan,nan,nan,0,0.01810753503563651,0.4960212201591512,0.0003278828250668036,0.012660064394511873,-0.0014986140288624217,-0.32842959592167353
small,AdamW,GPN,44,0.9999,,0.00032417176577149244,0.0005810659191020287,False,,,10000,17.031814575195312,0.0017031814575195312,0.15810152165802932,0.0036,17.37841796875,3500,0.35,0.0002461057738400996,7.806599193139286e-05,0.0008751452506289858,0.02497125615507067,0.06976592635803049,69.2273675204757,0.05759133510291576,15.824190887939013,18788.368003139232,132096.0,nan,nan,nan,nan,nan,nan,nan,nan,0,0.01800477063923594,0.5225464190981433,0.00032417176577149244,0.0126566937360814,0.009836596164217615,1.3258045313986389
small,AdamW,GRMN,42,0.9999,,0.0003291114415756609,0.00031634649405112635,False,,,10000,17.1523859500885,0.0017152385950088501,0.15808018787915296,0.0045,17.37841796875,750,0.075,0.00014386065595317632,0.00018525078562248458,0.0007120867124311148,0.024936790478593228,0.2901343930066515,133.27529436191978,0.07911605983972544,16.476985804373776,18656.296618509154,132096.0,nan,nan,nan,nan,nan,nan,nan,nan,0,0.018141428873593747,0.4450402144772118,0.0003291114415756609,0.009635749948087824,-0.010986211803453827,-1.654706844715586
small,AdamW,GRMN,43,0.9999,,0.00033254684909941656,0.0003160416328938633,False,,,10000,17.061203956604004,0.0017061203956604005,0.15805659631771102,0.0021,17.37841796875,750,0.075,0.0005213358672335744,-0.00018878901813415783,0.0005415443186329261,0.024761169984740917,0.21580546487047556,209.78310729302476,0.0790217474102973,15.39057993551066,18756.00343410321,132096.0,nan,nan,nan,nan,nan,nan,nan,nan,0,0.018235867105773077,0.4450402144772118,0.00033254684909941656,0.009745890501315,-0.021539322998296306,-1.654706844715586
small,AdamW,GRMN,44,0.9999,,0.00033156589540854963,0.0003160105459886141,False,,,10000,17.237669706344604,0.0017237669706344605,0.15809956579351686,0.0034,17.37841796875,9000,0.9,0.0007510241703130305,-0.00041945827490448085,0.0005283150004807892,0.024751626401768517,0.051679597984269916,44.712252833788135,0.0742948070168494,14.540204467873904,18563.99417388876,132096.0,nan,nan,nan,nan,nan,nan,nan,nan,0,0.01820895096946965,0.4450402144772118,0.00033156589540854963,0.00971264813942884,-0.01852596481440516,-1.654706844715586
small,AdamW,HPE,42,0.9999,,0.0005711889986334176,0.00038046180169819754,False,,,10000,17.161176681518555,0.0017161176681518555,0.15866545742206478,0.0039,17.33935546875,4000,0.4,0.0007745372131466866,-0.00020334821451326892,0.0011167806727347118,0.025377869051216063,0.10400037661834798,163.46801095504995,0.07414210587739943,20.182995364171934,18646.740018976594,132096.0,nan,nan,nan,nan,nan,nan,nan,nan,0,0.023899560636827983,0.5221238938053098,0.0005711889986334176,0.016101379846704417,-0.0022852088515890046,0.9210708329602321
small,AdamW,HPE,43,0.9999,,0.0005709974673287622,0.00038047579975871294,False,,,10000,17.329466104507446,0.0017329466104507446,0.15809713242460882,0.0053,17.33935546875,1750,0.175,0.0007339431904256344,-0.00016294572309687215,0.0005647841274890482,0.024815895402227013,0.3980558198392905,193.5026750463108,0.06073036175221203,13.596593400332127,18465.65832266275,132096.0,nan,nan,nan,nan,nan,nan,nan,nan,0,0.02389555329614199,0.5221238938053098,0.0005709974673287622,0.016099874315590693,-0.001949122207505427,0.9210708329602321
small,AdamW,HPE,44,0.9999,,0.0005724270795953685,0.000380633519841479,False,,,10000,17.402936220169067,0.0017402936220169067,0.15810016291219084,0.0033,17.33935546875,750,0.075,0.00036748210550285876,0.00020494497409250976,0.0005866397291716308,0.024895384839215454,0.16917376459994438,130.2535154314234,0.08436510190367696,21.12987341642648,18387.701704562773,132096.0,nan,nan,nan,nan,nan,nan,nan,nan,0,0.0239254483676977,0.4778761061946903,0.0005724270795953685,0.0161198274842624,-0.004457712591144691,-0.9210708329602321
small,AdamW,HPQ,42,0.9999,,0.0003403409448250261,0.0005570188836646649,False,,,10000,17.222700357437134,0.0017222700357437135,0.1580852937553583,0.005,17.37841796875,6000,0.6,0.0009240447543561459,-0.0005837038095311197,0.0007751267924038301,0.02472062470101213,0.3531314507698348,225.34480550796079,0.06766935139894477,15.187126015707209,18580.129326921553,132096.0,nan,nan,nan,nan,nan,nan,nan,nan,0,0.018448331762656107,0.47733333333333333,0.0003403409448250261,0.012464447626991877,-0.000835818957672263,-0.25451889691534224
small,AdamW,HPQ,43,0.9999,,0.00034081786082535196,0.0005570010576071094,False,,,10000,17.07521939277649,0.001707521939277649,0.15809316899754225,0.0045,17.37841796875,1250,0.125,0.0016506840474903584,-0.0013098661866650064,0.0007432291076060566,0.024871455340175055,0.2964340282662222,92.9385436962233,0.07127305939793585,22.018543829033096,18740.60840093059,132096.0,nan,nan,nan,nan,nan,nan,nan,nan,0,0.01846125295924824,0.47733333333333333,0.00034081786082535196,0.012489137195405505,-0.00223827911716179,-0.25451889691534224
small,AdamW,HPQ,44,0.9999,,0.00034078317029135566,0.0005547077807570642,False,,,10000,17.31810450553894,0.001731810450553894,0.15810018186877584,0.0052,17.37841796875,500,0.05,0.0006755602080374956,-0.00033477703774613995,0.0009287480090837336,0.02484297200842952,0.19954939788718679,191.07627696566595,0.07234386019408702,30.10006013547815,18477.772778057362,132096.0,nan,nan,nan,nan,nan,nan,nan,nan,0,0.01846031338551314,0.48,0.00034078317029135566,0.012490296489977962,-0.0021362651528411547,-0.1961151755047476
small,AdamW,IBM,42,0.9999,,0.00017254001327923367,0.00018673601612172012,False,,,10000,17.122742891311646,0.0017122742891311645,0.15809019387680123,0.0051,17.37841796875,1250,0.125,0.00023190419597085565,-5.9364182691621986e-05,0.00028802024199671867,0.024834988687223426,0.4275400851259562,58.48142658548227,0.05079324785619974,16.703132680752542,18688.594580391273,132096.0,nan,nan,nan,nan,nan,nan,nan,nan,0,0.013135448727745606,0.5809018567639257,0.00017254001327923367,0.008775046262791547,-0.007294913341331588,1.7774495433568487
small,AdamW,IBM,43,0.9999,,0.00017375098886313262,0.00018680965236390616,False,,,10000,17.30601739883423,0.0017306017398834228,0.15810001273539706,0.0032,17.37841796875,8000,0.8,0.0003280342498328537,-0.00015428326096972105,0.0005711013358612089,0.02503652759722489,-0.04984834151548449,151.59433473645302,0.0735593620687723,14.173505726031149,18490.678278270767,132096.0,nan,nan,nan,nan,nan,nan,nan,nan,0,0.01318146383612733,0.41909814323607425,0.00017375098886313262,0.008844585645766486,-0.014364633127824655,-1.7774495433568487
small,AdamW,IBM,44,0.9999,,0.00017236482608255256,0.00018676601607224037,False,,,10000,16.97855496406555,0.0016978554964065553,0.15809939469798434,0.0035,17.37841796875,6250,0.625,8.57221384649165e-05,8.664268761763606e-05,0.00036512590204421607,0.024758548282074473,0.31540272642038575,43.150384202182835,0.05856303703039884,15.150224344210075,18847.30477224166,132096.0,nan,nan,nan,nan,nan,nan,nan,nan,0,0.013128778544958116,0.5809018567639257,0.00017236482608255256,0.008764741912720695,-0.00627216407439013,1.7774495433568487
small,AdamW,INTC,42,0.9999,,0.0009385248025258383,0.0006052745748261875,False,,,10000,17.21210503578186,0.001721210503578186,0.15808943169841366,0.0039,17.37841796875,2750,0.275,0.0005254236166365445,0.0004131011858892938,0.0008358447894525959,0.024689357887372497,0.4366985379796368,110.02274315891098,0.07566145621240138,16.118325961655394,18591.566768548015,132096.0,nan,nan,nan,nan,nan,nan,nan,nan,0,0.03063535216911727,0.47480106100795755,0.0009385248025258383,0.02027556505152788,0.00014598187002612395,0.6726138016362232
small,AdamW,INTC,43,0.9999,,0.0009386741295062676,0.0006045325602397362,False,,,10000,17.357126235961914,0.0017357126235961913,0.1580969267905504,0.0036,17.37841796875,500,0.05,0.00039164023473858833,0.0005470338947676793,0.0008996719042070948,0.0249208559642413,0.04073124162424834,328.7102247556873,0.0758808925747871,15.43458945787044,18436.23164628473,132096.0,nan,nan,nan,nan,nan,nan,nan,nan,0,0.03063778923986304,0.47480106100795755,0.0009386741295062676,0.02030878849130459,-1.3103090750421487e-05,0.6726138016362232
small,AdamW,INTC,44,0.9999,,0.0009397161070001189,0.0006049288836967408,False,,,10000,17.16486954689026,0.0017164869546890259,0.1580994890532665,0.0043,17.37841796875,3750,0.375,0.0001246434694621712,0.0008150726375379477,0.0007754393240663297,0.024809785299017395,0.11943344844666057,101.07343740170238,0.06240099612623451,14.794681756838909,18642.728342667426,132096.0,nan,nan,nan,nan,nan,nan,nan,nan,0,0.030654789299555115,0.47480106100795755,0.0009397161070001189,0.020215874626522974,-0.0011231700609830586,0.6726138016362232
small,AdamW,INTU,42,0.9999,,0.00028817148672209843,0.000761795581493833,False,,,10000,17.390654802322388,0.0017390654802322387,0.15806667030388938,0.003,17.37841796875,1000,0.1,0.00018706977425608784,0.00010110171246601059,0.0010570213528042025,0.024763299789344332,0.3137566363102229,78.06298403975357,0.07308895103633398,22.831481559838064,18400.687244810728,132096.0,nan,nan,nan,nan,nan,nan,nan,nan,0,0.01697561447259269,0.4588859416445623,0.00028817148672209843,0.01247612887589389,-0.010359513579355939,-0.8083000375955952
small,AdamW,INTU,43,0.9999,,0.00029183374274344674,0.00076246348553058,False,,,10000,17.198810577392578,0.0017198810577392577,0.158099158249361,0.0036,17.37841796875,1750,0.175,0.0003516260185278952,-5.979227578444847e-05,0.0011318691496961597,0.024828859445608486,0.21726411441878035,54.20112338028171,0.08022251203656189,16.439769214654866,18605.9378094804,132096.0,nan,nan,nan,nan,nan,nan,nan,nan,0,0.017083142062965077,0.4588859416445623,0.00029183374274344674,0.012624196905307668,-0.023199768020978784,-0.8083000375955952
small,AdamW,INTU,44,0.9999,,0.00028823475752558025,0.0007617946328787968,False,,,10000,17.171372413635254,0.0017171372413635254,0.15809577030454192,0.0046,17.37841796875,1500,0.15,0.00015382841229438782,0.00013440634523119243,0.0008616335195951184,0.024803001447223662,0.07382514078172459,103.77082463753898,0.056017297878861415,20.49217510342609,18635.668267604397,132096.0,nan,nan,nan,nan,nan,nan,nan,nan,0,0.016977477949494744,0.4588859416445623,0.00028823475752558025,0.012478743911420226,-0.01058134766487484,-0.8083000375955952
small,AdamW,KEYS,42,0.9999,,0.00037847771201022834,0.00035166277666576207,False,,,10000,17.26442241668701,0.0017264422416687012,0.1580672214573168,0.0041,17.34716796875,500,0.05,0.00036369936424307525,1.4778347767153087e-05,0.0004224294172719312,0.024623130306730856,0.5321029838566895,83.97601959598546,0.04291628058999776,14.707517756942888,18535.227665114497,132096.0,nan,nan,nan,nan,nan,nan,nan,nan,0,0.019454503643378526,0.49416342412451364,0.00037847771201022834,0.013196888820145481,-0.002081848101242567,-0.07907810819329214
small,AdamW,KEYS,43,0.9999,,0.0003788645068804423,0.0003517547738738358,False,,,10000,17.318734884262085,0.0017318734884262084,0.15809327041954802,0.0025,17.34716796875,7500,0.75,0.00033415656071156263,4.4707946168879686e-05,0.0007353992505858724,0.02487671634893131,0.29684859658917073,720.1756241299765,0.08311066217720503,16.42932921446469,18477.100211909303,132096.0,nan,nan,nan,nan,nan,nan,nan,nan,0,0.019464442115828606,0.49416342412451364,0.0003788645068804423,0.013212820356206377,-0.0031059509904758364,-0.07907810819329214
small,AdamW,KEYS,44,0.9999,,0.0003823012171327606,0.00035359396133571863,False,,,10000,16.9063241481781,0.0016906324148178102,0.1580987060156153,0.0031,17.34716796875,9750,0.975,0.00032452656887471676,5.7774648258043836e-05,0.0005426200081367427,0.024775272325967063,0.250133502650499,127.04290892649756,0.0671549633145332,12.750146037799363,18927.828260910555,132096.0,nan,nan,nan,nan,nan,nan,nan,nan,0,0.019552524571849042,0.49416342412451364,0.0003823012171327606,0.013339746830075286,-0.01220520532368341,-0.07907810819329214
small,AdamW,KLAC,42,0.9999,,0.0006320500973040464,0.0008049308463180096,False,,,10000,17.216795206069946,0.0017216795206069946,0.15809081563843802,0.0028,17.37841796875,5250,0.525,0.00031021711765788496,0.0003218329796461615,0.0010263577254622969,0.024851208660851144,0.2932100586735513,130.7639975327675,0.07172635532915586,15.676106279996379,18586.502085311495,132096.0,nan,nan,nan,nan,nan,nan,nan,nan,0,0.025140606542087374,0.5502645502645502,0.0006320500973040464,0.017792784978472996,-0.00020885888562927057,0.46054431575672167
small,AdamW,KLAC,43,0.9999,,0.0006323916808007255,0.0008050189094138715,False,,,10000,17.50918745994568,0.001750918745994568,0.1580950262353357,0.0011,17.37841796875,3500,0.35,0.00043644069228321314,0.00019595098851751239,0.0013033091334804323,0.02484733541505476,0.26198619304653104,31.26333270634654,0.09613561034202567,15.838768223097944,18276.119364878443,132096.0,nan,nan,nan,nan,nan,nan,nan,nan,0,0.025147399086202244,0.5502645502645502,0.0006323916808007255,0.01781978556718776,-0.000749409137713597,0.46054431575672167
small,AdamW,KLAC,44,0.9999,,0.0006329565846100055,0.0008053256282755804,False,,,10000,17.339613914489746,0.0017339613914489746,0.15810056924955723,0.0037,17.37841796875,500,0.05,0.00033752876333892345,0.0002954278212710821,0.0012436896260559968,0.0246286549948996,-0.28184665848844553,58.98407577197691,0.092782238125801,14.898621386288632,18454.851508117714,132096.0,nan,nan,nan,nan,nan,nan,nan,nan,0,0.02515862843260748,0.4497354497354497,0.0006329565846100055,0.01785706464575712,-0.0016433601027874278,-0.46054431575672167
small,AdamW,LRCX,42,0.9999,,0.0006497591418564004,0.0009645647332269886,False,,,10000,17.16873812675476,0.001716873812675476,0.1580932099309364,0.0041,17.37841796875,8500,0.85,0.00023061457613948733,0.0004191445657169131,0.0011240762903488779,0.024876249126907984,0.2852244266196662,64.36132803002099,0.06346890181303023,15.484792341103645,18638.527633043144,132096.0,nan,nan,nan,nan,nan,nan,nan,nan,0,0.025490373513473677,0.4880636604774536,0.0006497591418564004,0.01841472444080171,-0.001226678290770833,-0.2179367264438608
small,AdamW,LRCX,43,0.9999,,0.0006503724153079684,0.0009648116893414161,False,,,10000,17.109195470809937,0.0017109195470809936,0.15808434459030327,0.0036,17.37841796875,4000,0.4,0.00045123498421162367,0.00019913743109634477,0.0014047179547717018,0.024888271730208668,0.1805114758140095,79.98062578191887,0.09945031628012652,14.42887672664806,18703.392602297004,132096.0,nan,nan,nan,nan,nan,nan,nan,nan,0,0.025502400187197447,0.4880636604774536,0.0006503724153079684,0.01843086121574281,-0.002171683449209816,-0.2179367264438608
small,AdamW,LRCX,44,0.9999,,0.0006494308826784608,0.000964495247175586,False,,,10000,17.166264533996582,0.0017166264533996583,0.1580993211531142,0.0039,17.37841796875,750,0.075,0.00020042521646246314,0.00044900566621599767,0.0011945550461038557,0.024724577461860877,0.009635956789354893,47.845250642862275,0.05537425950169561,14.289909582906745,18641.21337325674,132096.0,nan,nan,nan,nan,nan,nan,nan,nan,0,0.025483933814826564,0.4880636604774536,0.0006494308826784608,0.018405907999270808,-0.0007208572485182252,-0.2179367264438608
small,AdamW,MCHP,42,0.9999,,0.0005254214087491313,0.0007222622079621576,False,,,10000,17.014052867889404,0.0017014052867889405,0.1580637507291406,0.0015,17.37841796875,3000,0.3,0.0002473173663020134,0.0002781040424471179,0.0011237731034566146,0.02483533360212959,0.3853182007937885,82.66166243897199,0.08301566243171685,18.689161200312892,18807.981994927,132096.0,nan,nan,nan,nan,nan,nan,nan,nan,0,0.022922072522988213,0.5,0.0005254214087491313,0.017304716917572828,-0.004018577039399451,-0.7576117278716642
small,AdamW,MCHP,43,0.9999,,0.0005243972101539531,0.0007222266348982996,False,,,10000,17.338707208633423,0.0017338707208633423,0.15806791769308395,0.0051,17.37841796875,5500,0.55,0.00026913409237749875,0.0002552631177764543,0.0010859593977078786,0.02492187328534277,-0.11708807026039132,721.1741530238827,0.08761856257915492,15.671116162009852,18455.816581334457,132096.0,nan,nan,nan,nan,nan,nan,nan,nan,0,0.022899720744016794,0.5,0.0005243972101539531,0.01730166541205512,-0.002061453863576368,0.7576117278716642
small,AdamW,MCHP,44,0.9999,,0.0005248485418854567,0.0007216195212751232,False,,,10000,17.2151300907135,0.00172151300907135,0.15809940358576505,0.0039,17.37841796875,8750,0.875,8.741470810491592e-05,0.0004374338337805408,0.0009054347993337904,0.02464430584208546,-0.07517045938417848,19.506796864875295,0.06784966699779031,14.8167974132059,18588.29984518213,132096.0,nan,nan,nan,nan,nan,nan,nan,nan,0,0.022909573149350833,0.5,0.0005248485418854567,0.017298480190297283,-0.0029238957726636094,-0.4883461936121257
small,AdamW,META,42,0.9999,,0.0004577219673672562,0.001090523384346947,False,,,10000,17.082921266555786,0.0017082921266555785,0.15808802597872262,0.0019,17.36279296875,4250,0.425,0.00039030774496495724,6.741422240229896e-05,0.0014440805927638549,0.024769188297509435,0.34183353437382513,126.77418943361793,0.09490700997412196,15.291524264139325,18732.159155148853,132096.0,nan,nan,nan,nan,nan,nan,nan,nan,0,0.02139443776702852,0.5362776025236593,0.0004577219673672562,0.0145061121046918,-0.00046028217530125204,1.5751654238639055
small,AdamW,META,43,0.9999,,0.0004591981663643939,0.0010899272438855577,False,,,10000,17.37895131111145,0.001737895131111145,0.1580628735941976,0.0017,17.36279296875,1500,0.15,0.0005371035076677799,-7.790534130338602e-05,0.0014625462242905728,0.02491004126365372,0.33739682146946764,198.07525194905082,0.09860310703516005,15.219981289880664,18413.078802712567,132096.0,nan,nan,nan,nan,nan,nan,nan,nan,0,0.02142890959345328,0.5362776025236593,0.0004591981663643939,0.014470445285053373,-0.0036868663694531456,1.5751654238639055
small,AdamW,META,44,0.9999,,0.00045791043425506015,0.0010905573232692875,False,,,10000,17.26643204689026,0.0017266432046890259,0.1580990856935686,0.0038,17.36279296875,500,0.05,0.0008433762122876942,-0.00038546577803263407,0.0011937222494369745,0.024869544077550217,0.4710805057220577,135.6397044236782,0.057278890907764425,19.084782696247096,18533.07036051105,132096.0,nan,nan,nan,nan,nan,nan,nan,nan,0,0.02139884189051034,0.5362776025236593,0.00045791043425506015,0.01446322225174814,-0.000872221407402396,1.5751654238639055
small,AdamW,MRVL,42,0.9999,,0.0010474481910624832,0.0015841829998107424,False,,,10000,17.16475486755371,0.0017164754867553711,0.15808437602162329,0.0033,17.37841796875,1750,0.175,0.0009613914880901575,8.605670297232569e-05,0.0017183398009400573,0.025047057402125865,-0.1404249120806166,24.58841177245159,0.06479625366628168,16.41246739489567,18642.852896483328,132096.0,nan,nan,nan,nan,nan,nan,nan,nan,0,0.03236430427280159,0.47745358090185674,0.0010474481910624832,0.023523799956790985,-0.017287641950936017,-0.8098139735319513
small,AdamW,MRVL,43,0.9999,,0.0010375822031939471,0.0015817811065390508,False,,,10000,17.22775173187256,0.001722775173187256,0.15804970955385325,0.0019,17.37841796875,4000,0.4,0.001199138816446066,-0.00016155661325211877,0.0018863339152683462,0.024510973789174096,-0.09867524545253648,48.69739731637672,0.0805677596479653,17.637955892372958,18574.6814198615,132096.0,nan,nan,nan,nan,nan,nan,nan,nan,0,0.03221152283258193,0.47745358090185674,0.0010375822031939471,0.023355658092196026,-0.007705738406743601,-0.8098139735319513
small,AdamW,MRVL,44,0.9999,,0.0010357738802672695,0.0015817916994069552,False,,,10000,17.392442226409912,0.0017392442226409912,0.1581008523723872,0.0038,17.37841796875,500,0.05,0.00022387318313121796,0.0008119006971360515,0.0018480237240711215,0.024618982555144893,-0.06276257353876231,26.96351513617391,0.08024652041494847,22.529990152326477,18398.79620322035,132096.0,nan,nan,nan,nan,nan,nan,nan,nan,0,0.03218344108803888,0.47745358090185674,0.0010357738802672695,0.023325370102332384,-0.005949484893049695,-0.8098139735319513
small,AdamW,MSFT,42,0.9999,,0.00016557858892218776,0.0004357937476363043,False,,,10000,17.10602641105652,0.001710602641105652,0.15806700667289422,0.0048,17.37841796875,9750,0.975,0.00047299894504249096,-0.0003074203561203032,0.0005507305358726379,0.024990899242703778,0.3545618736733581,88.00430949718472,0.0460809033364057,14.955053605810418,18706.857589858933,132096.0,nan,nan,nan,nan,nan,nan,nan,nan,0,0.012867734412948837,0.5529100529100529,0.00016557858892218776,0.009754978159748058,-0.0016952057806201015,0.7335835718058848
small,AdamW,MSFT,43,0.9999,,0.0001672424927905754,0.0004364738255660161,False,,,10000,17.064940929412842,0.0017064940929412842,0.15808358275540083,0.0026,17.37841796875,750,0.075,0.000653645140118897,-0.00048640264732832157,0.0008702462863769691,0.024892390114329775,0.0741813267806568,31.952492191942838,0.06670965552330015,24.79491626359156,18751.89614330592,132096.0,nan,nan,nan,nan,nan,nan,nan,nan,0,0.012932226907635645,0.4470899470899471,0.0001672424927905754,0.00986146611511392,-0.011761268903231814,-0.7335835718058848
small,AdamW,MSFT,44,0.9999,,0.00016538645066912212,0.00043586615858406854,False,,,10000,17.45791482925415,0.001745791482925415,0.15809968710456385,0.0034,17.37841796875,1250,0.125,8.388423884753138e-05,8.150221182159074e-05,0.0005747328303277488,0.024721803526691073,0.20328264919649822,44.71649567885648,0.06178161855787037,21.976934737243116,18329.79500299643,132096.0,nan,nan,nan,nan,nan,nan,nan,nan,0,0.012860266352961829,0.5529100529100529,0.00016538645066912212,0.009732363716004387,-0.0005328334703127435,0.7335835718058848
small,AdamW,MSI,42,0.9999,,152.47083746693121,0.0002948454820825187,True,primary outside absolute range,,10000,17.019546270370483,0.0017019546270370482,0.1580860708329969,0.0029,17.37841796875,9500,0.95,0.00025727631873451173,152.47058019061248,0.0005828483084801111,0.024791064020028335,0.042335574269516695,139.06978080776065,0.0719955366104841,12.284141843331982,18801.911338676022,132096.0,nan,nan,nan,nan,nan,nan,nan,nan,0,12.34790822232378,0.4973544973544973,152.47083746693121,6.375527033730159,-1276641.5355042056,-0.23630907177173197
small,AdamW,MSI,43,0.9999,,0.00012111683528890054,0.0002943930717614981,False,,,10000,17.226715564727783,0.0017226715564727783,0.15809602801008538,0.004,17.37841796875,750,0.075,0.0004224575241096318,-0.00030134068882073123,0.00036015937760161163,0.02486125517185721,0.4391188564260254,117.28193368405816,0.04947233423590659,14.593710374544358,18575.79866560342,132096.0,nan,nan,nan,nan,nan,nan,nan,nan,0,0.011005309413592176,0.4312169312169312,0.00012111683528890054,0.007641117408792809,-0.014114608828083464,-1.807944375855319
small,AdamW,MSI,44,0.9999,,0.00012070037148616932,0.0002943197912499506,False,,,10000,17.431641578674316,0.0017431641578674315,0.15810048748614275,0.0037,17.37841796875,750,0.075,0.00016950187273323536,-4.880150124706604e-05,0.0005811536148122595,0.024773912392055807,0.07615024388864752,130.4367434876276,0.06327973045408725,14.445421602925686,18357.421964864432,132096.0,nan,nan,nan,nan,nan,nan,nan,nan,0,0.01098637208027151,0.5687830687830688,0.00012070037148616932,0.007617370161429915,-0.010627545899214663,1.807944375855319
small,AdamW,MU,42,0.9999,,0.0008316095228548403,0.0008115094915941476,False,,,10000,17.819104433059692,0.0017819104433059692,0.15808749860181864,0.0026,17.37841796875,4250,0.425,0.0010721961734816432,-0.00024058665062680286,0.0012502086281752105,0.024887726969025727,-0.013935819294395631,17.734484327577345,0.0783380657434463,17.526082149741587,17958.253805747143,132096.0,nan,nan,nan,nan,nan,nan,nan,nan,0,0.028837640729692856,0.5238095238095238,0.0008316095228548403,0.020520174944842304,-1.5738153531508203e-05,0.43193267581776207
small,AdamW,MU,43,0.9999,,0.0008341010916169989,0.0008076382726826149,False,,,10000,17.24717950820923,0.0017247179508209228,0.15808094190394775,0.0032,17.37841796875,1500,0.15,0.0007938019116409123,4.0299179976086594e-05,0.0012593972427961916,0.024885154291987698,0.22425039276480133,255.74068039498607,0.09547427892684934,20.68241486389887,18553.758302781505,132096.0,nan,nan,nan,nan,nan,nan,nan,nan,0,0.028880808361557313,0.47619047619047616,0.0008341010916169989,0.02060112499055408,-0.0030118654300650416,-0.43193267581776207
small,AdamW,MU,44,0.9999,,0.0008343479463032313,0.0008075997747223953,False,,,10000,17.25094771385193,0.0017250947713851929,0.15809984954355466,0.0049,17.37841796875,500,0.05,0.0005467608571052551,0.0002875870891979762,0.001114762906500217,0.02489152937278864,0.20383834690214822,299.31829964867967,0.07991228252649304,23.02775723751672,18549.705518094568,132096.0,nan,nan,nan,nan,nan,nan,nan,nan,0,0.028885081725749565,0.47619047619047616,0.0008343479463032313,0.02060596022025618,-0.0033087097596271597,-0.43193267581776207
small,AdamW,NOW,42,0.9999,,0.000423757897482978,0.000691925406835641,False,,,10000,17.416210889816284,0.0017416210889816283,0.15805900343260212,0.0038,17.36181640625,500,0.05,0.0005372505402192473,-0.00011349264273626935,0.0009027169897200799,0.02477605487523055,0.020654483525546115,24.082119788635115,0.07396476715803142,15.945339173713181,18373.68656273635,132096.0,nan,nan,nan,nan,nan,nan,nan,nan,0,0.02058538067374461,0.5936507936507937,0.000423757897482978,0.014325564248221262,-0.006372045728997078,1.5694227407315364
small,AdamW,NOW,43,0.9999,,0.00042194019234369673,0.0006922550831630731,False,,,10000,17.467236757278442,0.0017467236757278443,0.15807536733831296,0.0031,17.36181640625,1000,0.1,0.0007438553730025887,-0.000321915180658892,0.0009374841275011502,0.025030841175217887,0.13378612011072716,31.869883942426082,0.0846536312252283,17.315710643894647,18320.012744240088,132096.0,nan,nan,nan,nan,nan,nan,nan,nan,0,0.020541182837015417,0.5936507936507937,0.00042194019234369673,0.014220324016752698,-0.0020552231979806823,1.5694227407315364
small,AdamW,NOW,44,0.9999,,0.000421258807182312,0.0006930947683419391,False,,,10000,17.351850509643555,0.0017351850509643555,0.15809481920796153,0.0043,17.36181640625,2750,0.275,0.0005533244693651795,-0.00013206566218286752,0.0011270115690139428,0.02477265894995089,0.022131051797854535,91.04431874922645,0.08842427730560298,19.628736670434183,18441.83707219902,132096.0,nan,nan,nan,nan,nan,nan,nan,nan,0,0.020524590304858998,0.5936507936507937,0.000421258807182312,0.014168366931733631,-0.0004370185984554631,1.5694227407315364
small,AdamW,NVDA,42,0.9999,,0.0008914629145274086,0.0014726176502217665,False,,,10000,17.511553287506104,0.0017511553287506104,0.15809316135679924,0.0041,17.37841796875,8750,0.875,0.001946625648997724,-0.0010551627344703154,0.001667265445125725,0.024786226221747806,0.264033573861238,60.741477343630486,0.06449607573449608,14.829796764575217,18273.650243711338,132096.0,nan,nan,nan,nan,nan,nan,nan,nan,0,0.029857376216395986,0.5570291777188329,0.0008914629145274086,0.02230825121440585,-0.005832204690262577,1.6280204639536195
small,AdamW,NVDA,43,0.9999,,0.0009091274132804265,0.0014795482316763394,False,,,10000,17.686468601226807,0.0017686468601226806,0.15809611939375953,0.0032,17.37841796875,1500,0.15,0.0008400402148254216,6.908719845500494e-05,0.0020449968217173733,0.024688339732318345,0.2702552140762252,60.943677932430106,0.08475534059107301,23.060767378459843,18092.927831721223,132096.0,nan,nan,nan,nan,nan,nan,nan,nan,0,0.030151739805199078,0.44297082228116713,0.0009091274132804265,0.022646798027886286,-0.025762951596223882,-1.6280204639536195
small,AdamW,NVDA,44,0.9999,,0.0008958535534994942,0.001473501601333011,False,,,10000,17.658751249313354,0.0017658751249313355,0.15810123344815138,0.0042,17.37841796875,7500,0.75,0.00032157375244423747,0.0005742798010552568,0.0018715976651230695,0.024784050173621196,-0.11186170080354312,77.87365790624924,0.0827311124652624,14.414570385522827,18121.326671524574,132096.0,nan,nan,nan,nan,nan,nan,nan,nan,0,0.029930812777128092,0.44297082228116713,0.0008958535534994942,0.022390400921856915,-0.010786136037628902,-1.6280204639536195
small,AdamW,NXPI,42,0.9999,,0.0004587491189152741,0.0006676567358206649,False,,,10000,17.383044242858887,0.0017383044242858887,0.1580884740272338,0.005,17.37451171875,1500,0.15,0.0006697239587083459,-0.00021097483979307178,0.0009330014910225423,0.024850338499078826,0.3413231806360371,77.79854253238408,0.08711210340261458,16.216587110685843,18408.743343759186,132096.0,nan,nan,nan,nan,nan,nan,nan,nan,0,0.021418429422235284,0.5344352617079889,0.0004587491189152741,0.01669360126674011,-0.0008517932572114084,0.02440675184091521
small,AdamW,NXPI,43,0.9999,,0.0004591491104157503,0.0006679442623702202,False,,,10000,17.39000153541565,0.001739000153541565,0.15808815548383107,0.0026,17.37451171875,nan,nan,0.0007489855051971972,-0.0002898363947814469,0.0009504314725747577,0.024847625055954538,0.344180110131695,23.589117500336233,0.08531229123473165,23.389511748165674,18401.378478794453,132096.0,nan,nan,nan,nan,nan,nan,nan,nan,0,0.021427764942143414,0.5344352617079889,0.0004591491104157503,0.016686857239273954,-0.0017244537028289209,0.02440675184091521
small,AdamW,NXPI,44,0.9999,,0.0004585473169636792,0.000667905939218089,False,,,10000,17.896708726882935,0.0017896708726882935,0.15810051393052874,0.0035,17.37451171875,750,0.075,0.0004921595100313425,-3.3612193067663286e-05,0.000995313897802803,0.024884834312387923,0.3038726937260865,50.23412353881415,0.08316558748483657,15.936121544120327,17880.38263813965,132096.0,nan,nan,nan,nan,nan,nan,nan,nan,0,0.021413717962177406,0.465564738292011,0.0004585473169636792,0.016759096098340247,-0.0004115224494676273,-0.02440675184091521
small,AdamW,ORCL,42,0.9999,,0.000437071162556845,0.00032160569486314487,False,,,10000,17.56877589225769,0.001756877589225769,0.15809670121282984,0.0018,17.37841796875,5750,0.575,0.0003856932744383812,5.137788811846383e-05,0.0007238383875860937,0.024960811053867604,0.07056955692362364,45.217790899517176,0.08125718235969542,15.855673402623259,18214.131818997103,132096.0,nan,nan,nan,nan,nan,nan,nan,nan,0,0.020906246974453473,0.5558510638297872,0.000437071162556845,0.012897227807019754,-0.000648642521256404,0.7129394529647527
small,AdamW,ORCL,43,0.9999,,0.00043684898545502356,0.0003212633831747647,False,,,10000,17.57145667076111,0.0017571456670761108,0.15808080257444623,0.0047,17.37841796875,750,0.075,0.00018959154840558767,0.0002472574370494359,0.00039914204640663505,0.024752762083440454,0.37679885893012965,84.8314903238075,0.04259477313607927,22.765130892644716,18211.3529911541,132096.0,nan,nan,nan,nan,nan,nan,nan,nan,0,0.020900932645578848,0.5558510638297872,0.00043684898545502356,0.012932684055711857,-0.00013998115353675011,0.7129394529647527
small,AdamW,ORCL,44,0.9999,,0.0004367885135468983,0.0003212452606750104,False,,,10000,17.580272436141968,0.0017580272436141969,0.1580984592773979,0.0036,17.37841796875,1750,0.175,0.0001369226083625108,0.0002998659051843875,0.0004861779594080047,0.024861796259763282,0.07603179353340742,41.84428986614742,0.05123817734420298,20.8145762470876,18202.22076548347,132096.0,nan,nan,nan,nan,nan,nan,nan,nan,0,0.02089948596370012,0.5558510638297872,0.0004367885135468983,0.012915973310117368,-1.5342873049828398e-06,0.7129394529647527
small,AdamW,PANW,42,0.9999,,0.0007960137193370017,0.0006497757979475271,False,,,10000,17.34871816635132,0.001734871816635132,0.15809437898373438,0.0029,17.36181640625,2500,0.25,0.00042638328159227967,0.000369630437744722,0.0013263149456592296,0.02501389759379638,0.14475910121284466,82.42380904544962,0.09737178348004817,14.646316524388672,18445.166780140305,132096.0,nan,nan,nan,nan,nan,nan,nan,nan,0,0.02821371509278779,0.5700636942675159,0.0007960137193370017,0.017037974801033164,-0.000279025644120523,0.7691128136741022
small,AdamW,PANW,43,0.9999,,0.0007958601994119632,0.0006494635876756126,False,,,10000,17.310088634490967,0.0017310088634490968,0.15805959235949216,0.0023,17.36181640625,1500,0.15,0.0007128033321350813,8.30568672768819e-05,0.0010738432989656032,0.024899461976782465,0.09482041770744755,28.544393718032225,0.09160945564508435,14.574876939572457,18486.32937455841,132096.0,nan,nan,nan,nan,nan,nan,nan,nan,0,0.02821099430030716,0.5700636942675159,0.0007958601994119632,0.017057443120677,-8.61109275720473e-05,0.7691128136741022
small,AdamW,PANW,44,0.9999,,0.0007959117840050132,0.0006490531630409411,False,,,10000,17.45565700531006,0.001745565700531006,0.15809747936943033,0.0054,17.36181640625,1250,0.125,0.0013929689303040504,-0.0005970571462990372,0.000794601641113795,0.024750556775532943,0.1933042057091829,166.60403106183668,0.06079501584172248,22.804363765627706,18332.165893420977,132096.0,nan,nan,nan,nan,nan,nan,nan,nan,0,0.02821190854949401,0.5700636942675159,0.0007959117840050132,0.017121387894745845,-0.00015093265767651687,0.7691128136741022
small,AdamW,PTC,42,0.9999,,0.00017526560517215224,0.0004550053365034513,False,,,10000,17.690219402313232,0.0017690219402313233,0.15808664381350326,0.0045,17.37841796875,9500,0.95,0.0002630295930430293,-8.776398787087707e-05,0.000633834092939564,0.024740329382094934,0.3601520412916481,231.8243804509466,0.05556976664811372,13.659842174109388,18089.091645644356,132096.0,nan,nan,nan,nan,nan,nan,nan,nan,0,0.0132387916809712,0.5358090185676393,0.00017526560517215224,0.01012672949089575,-0.001048333912363697,0.8123563159323363
small,AdamW,PTC,43,0.9999,,0.00017709221947130073,0.00045582549325351055,False,,,10000,17.46480393409729,0.001746480393409729,0.15809804492292112,0.0024,17.37841796875,9250,0.925,0.000503561575897038,-0.00032646935642573725,0.0009298002775417723,0.02497483895810517,-0.2833273368154027,251.53652385269675,0.0835072189569473,14.170992595074688,18322.56469683294,132096.0,nan,nan,nan,nan,nan,nan,nan,nan,0,0.013307600064297872,0.46419098143236076,0.00017709221947130073,0.010235464762127588,-0.01148123772750198,-0.8123563159323363
small,AdamW,PTC,44,0.9999,,0.00017627703134345,0.0004552060476348634,False,,,10000,17.398436069488525,0.0017398436069488525,0.15809927654511105,0.004,17.37841796875,5750,0.575,0.0005144355236552656,-0.0003381584923118156,0.0006626269683248939,0.024709241293077826,0.011731939204218195,42.79686225732925,0.06824445687234401,16.10490130458731,18392.457731369374,132096.0,nan,nan,nan,nan,nan,nan,nan,nan,0,0.01327693606761176,0.46419098143236076,0.00017627703134345,0.010201304047196,-0.0068252031540980695,-0.8123563159323363
small,AdamW,PYPL,42,0.9999,,0.0004630383104085922,0.0005530974193781364,False,,,10000,17.116725206375122,0.0017116725206375123,0.15808413138964675,0.0015,17.34130859375,1000,0.1,0.0005149611970409751,-5.192288663238289e-05,0.0008470890740527853,0.0248511020227464,0.03793652460166212,21.92181780154869,0.08587795421481131,14.823627488712424,18695.16488357341,132096.0,nan,nan,nan,nan,nan,nan,nan,nan,0,0.02151832499077454,0.4583333333333333,0.0004630383104085922,0.015842720866203308,-0.03766862758370859,-0.9941912295175683
small,AdamW,PYPL,43,0.9999,,0.00045180631180604297,0.0005505961530348834,False,,,10000,17.321488857269287,0.0017321488857269286,0.15808540954269165,0.0025,17.34130859375,500,0.05,0.0032153078354895115,-0.0027635015236834684,0.0009594825809820282,0.02492910412724405,0.07097730841760726,207.1752082647741,0.08686444535851476,23.849941353858437,18474.162506285134,132096.0,nan,nan,nan,nan,nan,nan,nan,nan,0,0.021255735974226884,0.4583333333333333,0.00045180631180604297,0.015495665868123372,-0.012497724198533566,-0.9941912295175683
small,AdamW,PYPL,44,0.9999,,0.000451493076980114,0.0005506208213437505,False,,,10000,17.745739459991455,0.0017745739459991455,0.15809997932419906,0.0036,17.34130859375,10000,1.0,0.00031565866083838046,0.00013583441614173353,0.0007895426493578753,0.024708953594343684,0.31837949709517077,67.40207053428242,0.08164246529340743,14.52255074375772,18032.497362054368,132096.0,nan,nan,nan,nan,nan,nan,nan,nan,0,0.021248366454391595,0.4583333333333333,0.000451493076980114,0.015486866235733032,-0.011795765106538791,-0.9941912295175683
small,AdamW,QCOM,42,0.9999,,0.0005018561290054725,0.0007296719981125243,False,,,10000,18.120203733444214,0.0018120203733444215,0.15809155981869058,0.0039,17.37841796875,8500,0.85,0.00020605939789675176,0.00029579673110872074,0.0009793134491467795,0.024831289068778118,0.26404279054254587,49.430291152780605,0.07495042011141777,15.192961549083801,17659.845590443354,132096.0,nan,nan,nan,nan,nan,nan,nan,nan,0,0.02240214563396713,0.5423280423280423,0.0005018561290054725,0.01619774576217409,-0.0009915042007226926,0.5393494505252394
small,AdamW,QCOM,43,0.9999,,0.0005050517579235097,0.0007283486801370069,False,,,10000,17.74030065536499,0.001774030065536499,0.15809562375577718,0.0037,17.37841796875,1500,0.15,0.0003200140199624002,0.00018503773796110952,0.0008580941091968292,0.024666467303701884,0.18842796830507325,31.38881993312956,0.054086919687688334,14.943412614234413,18038.025748071308,132096.0,nan,nan,nan,nan,nan,nan,nan,nan,0,0.022473356623422095,0.4576719576719577,0.0005050517579235097,0.016338784858663247,-0.007365437311537493,-0.5393494505252394
small,AdamW,QCOM,44,0.9999,,0.0005060098473987882,0.000728434055490266,False,,,10000,18.025888442993164,0.0018025888442993164,0.1580982452543509,0.0047,17.37841796875,nan,nan,0.00014975236263126135,0.0003562574847675268,0.0008874052780417043,0.024520454761792296,-0.08345696312025341,64.10594766209135,0.059031755104660896,25.61087089788513,17752.245666669874,132096.0,nan,nan,nan,nan,nan,nan,nan,nan,0,0.022494662642475616,0.4576719576719577,0.0005060098473987882,0.016372343850514247,-0.009276422093009495,-0.5393494505252394
small,AdamW,ROP,42,0.9999,,0.00011078031763197883,0.00021791509513197275,False,,,10000,17.769106149673462,0.0017769106149673462,0.15807617385827163,0.002,17.37841796875,500,0.05,0.00015841869753785431,-4.763837990587548e-05,0.0005068075237919229,0.024833172134087776,0.4424518188396432,31.980303929385876,0.06929364278912542,22.95463672309069,18008.78430825743,132096.0,nan,nan,nan,nan,nan,nan,nan,nan,0,0.010525222925524136,0.47214854111405835,0.00011078031763197883,0.007458028969941316,-0.0027940825399817015,-0.3450198414898484
small,AdamW,ROP,43,0.9999,,0.00011065272151162384,0.0002178553323846913,False,,,10000,18.118993282318115,0.0018118993282318116,0.15809074154290814,0.0037,17.37841796875,500,0.05,0.000291654811007902,-0.00018100208949627819,0.0003844532546304338,0.024937740904461013,0.26326636184587854,102.43746387302619,0.05292974244803183,16.50494069255373,17661.025367909388,132096.0,nan,nan,nan,nan,nan,nan,nan,nan,0,0.010519159734105374,0.47214854111405835,0.00011065272151162384,0.007446087857402822,-0.0016390701949897668,-0.3450198414898484
small,AdamW,ROP,44,0.9999,,0.00011048946904126929,0.00021784438378614837,False,,,10000,18.035067081451416,0.0018035067081451416,0.15809913843354653,0.0045,17.37841796875,1750,0.175,5.39210595889017e-05,5.656840945236759e-05,0.00028664273337378015,0.024864381939264026,0.03017763947388177,68.49434156220495,0.04853367283940315,15.371865810047238,17743.21096532607,132096.0,nan,nan,nan,nan,nan,nan,nan,nan,0,0.010511397102253786,0.5278514588859416,0.00011048946904126929,0.007427329739565572,-0.00016129314279322848,0.3450198414898484
small,AdamW,SNOW,42,0.9999,,0.001526691224596916,0.000831819931480372,False,,,10000,17.841630935668945,0.0017841630935668945,0.15809811826862658,0.0021,17.30712890625,1250,0.125,0.0021881384309381247,-0.0006614472063412086,0.0014481390876619187,0.025002380667796736,0.2577400411097132,52.91734237084619,0.10237543135881423,18.62472989080548,17935.58005732855,132096.0,nan,nan,nan,nan,nan,nan,nan,nan,0,0.039072896291379736,0.42201834862385323,0.001526691224596916,0.022519479104138297,-0.032812183244376625,-0.6779454056483954
small,AdamW,SNOW,43,0.9999,,0.001525984171333663,0.0008240239085438095,False,,,10000,16.991678714752197,0.0016991678714752198,0.1580976261240401,0.0024,17.30712890625,3250,0.325,0.0014757155440747738,5.026862725888916e-05,0.001444475739130207,0.024974313503613975,0.052661460890043865,93.85121450973382,0.0910674195736646,15.439706561923382,18832.74780391037,132096.0,nan,nan,nan,nan,nan,nan,nan,nan,0,0.0390638473698337,0.42201834862385323,0.001525984171333663,0.022503023847527462,-0.03233385913225417,-0.6779454056483954
small,AdamW,SNOW,44,0.9999,,0.0015248876372608569,0.0008318134557420962,False,,,10000,17.338879108428955,0.0017338879108428956,0.1581029633723497,0.0046,17.30712890625,8500,0.85,0.001798253390006721,-0.00027336575274586414,0.0015595428424218048,0.02491336024573963,-0.03833714968033235,48.33823917056014,0.111528692394495,11.758288580193163,18455.633608082444,132096.0,nan,nan,nan,nan,nan,nan,nan,nan,0,0.03904980969557799,0.42201834862385323,0.0015248876372608569,0.022484026917623818,-0.0315920498315323,-0.6779454056483954
small,AdamW,TEL,42,0.9999,,0.00016472541860171726,0.0003610322899148066,False,,,10000,17.0499165058136,0.00170499165058136,0.15807441899636682,0.0027,17.37841796875,5500,0.55,0.00036429616739042103,-0.00019957074878870377,0.0007673824325204908,0.024863193045186048,0.0785398764068478,43.56231371149041,0.08528589457273479,16.275522627705318,18768.420355072587,132096.0,nan,nan,nan,nan,nan,nan,nan,nan,0,0.012834540061946795,0.5,0.00016472541860171726,0.009688363504157495,-0.000917112932082853,-0.15036013081822847
small,AdamW,TEL,43,0.9999,,0.00016465222354603823,0.00036155292146718154,False,,,10000,17.15153741836548,0.0017151537418365478,0.15809509101025196,0.0025,17.37841796875,6000,0.6,0.00026471997261978686,-0.00010006774907374863,0.0008317025808187631,0.025054913068514345,0.09202445207018939,124.68549858231435,0.08129551820456977,14.906489089282795,18657.219594632446,132096.0,nan,nan,nan,nan,nan,nan,nan,nan,0,0.012831688257826334,0.5,0.00016465222354603823,0.009691499528430757,-0.00047235956958990855,0.15036013081822847
small,AdamW,TEL,44,0.9999,,0.00016478414612787742,0.0003610292069159389,False,,,10000,17.573346853256226,0.0017573346853256226,0.158100441334178,0.0024,17.37841796875,8750,0.875,0.00013743866293225437,2.7345483195623043e-05,0.0006421865515463094,0.02488262069466763,0.2172370970942272,31.13302042422776,0.07029617391526699,14.93175566943864,18209.394184961762,132096.0,nan,nan,nan,nan,nan,nan,nan,nan,0,0.01283682772837111,0.5,0.00016478414612787742,0.009690566037697766,-0.0012739575917160018,-0.15036013081822847
small,AdamW,TSLA,42,0.9999,,0.00135589671916649,0.0015689746974265738,False,,,10000,17.195865631103516,0.0017195865631103515,0.15809418961140304,0.0033,17.37548828125,2000,0.2,0.0021231775172054768,-0.0007672807980389868,0.0019333439037428851,0.024847721871832665,0.13587706127431756,35.67539264250969,0.10607630163431166,18.165717452111675,18609.124243282688,132096.0,nan,nan,nan,nan,nan,nan,nan,nan,0,0.03682250289111931,0.5027322404371585,0.00135589671916649,0.026582551132785816,-0.0008608347247818227,-0.3845774534987678
small,AdamW,TSLA,43,0.9999,,0.0013641526953118747,0.0015732868077003791,False,,,10000,17.359338521957397,0.0017359338521957398,0.15808961200296942,0.0023,17.37548828125,1750,0.175,0.0014315972803160548,-6.744458500418014e-05,0.00222656668216503,0.02476390344006965,-0.10737178330328483,15.087016500559844,0.10048332810401914,14.89840002034552,18433.88212029162,132096.0,nan,nan,nan,nan,nan,nan,nan,nan,0,0.036934437796071494,0.5027322404371585,0.0013641526953118747,0.026630104565229573,-0.0069550180497603975,-0.3845774534987678
small,AdamW,TSLA,44,0.9999,,0.001355934989908354,0.0015690581439292595,False,,,10000,17.74060559272766,0.0017740605592727662,0.1581005693915353,0.0045,17.37548828125,1500,0.15,0.0022263226564973593,-0.0008703876665890054,0.0019967932553721767,0.02478887355986727,0.17546210451680194,159.14839531696865,0.08135585188865659,16.860771521940972,18037.715698452615,132096.0,nan,nan,nan,nan,nan,nan,nan,nan,0,0.03682302255258731,0.5,0.001355934989908354,0.026595829614524634,-0.0008890844329683123,0.4273817085426143
small,AdamW,TXN,42,0.9999,,0.000265145861597919,0.00035229665214882603,False,,,10000,17.70050549507141,0.0017700505495071412,0.15808043814509248,0.0022,17.37841796875,9500,0.95,0.00019977388728875667,6.537197430916232e-05,0.0006656737074976526,0.02478484240741491,0.10774752694846579,49.8552952080778,0.07285088747739782,15.500372117780762,18078.579738251086,132096.0,nan,nan,nan,nan,nan,nan,nan,nan,0,0.01628330008315019,0.5,0.000265145861597919,0.01244634295266772,-0.0005373838813842458,-0.21894925911594168
small,AdamW,TXN,43,0.9999,,0.00026569048327112956,0.0003526009994729444,False,,,10000,17.27867817878723,0.0017278678178787232,0.15809876656695865,0.0033,17.37841796875,500,0.05,0.00025082225329242647,1.4868229978703094e-05,0.0005590640672784123,0.02491077153788935,0.19204393997140481,481.39882996294807,0.07281088531017303,15.74014223239347,18519.935187684616,132096.0,nan,nan,nan,nan,nan,nan,nan,nan,0,0.016300014824261036,0.5,0.00026569048327112956,0.012458863081755462,-0.0025925332276168778,-0.21894925911594168
small,AdamW,TXN,44,0.9999,,0.0002652414970927768,0.0003523334505071058,False,,,10000,17.631175994873047,0.0017631175994873047,0.15810007975710252,0.004,17.37841796875,5750,0.575,6.781173578929156e-05,0.00019742976130348526,0.0007179964999880814,0.024868021133284134,0.07564821924051698,174.2143092544783,0.07473442666232585,14.024166539059312,18149.668524269313,132096.0,nan,nan,nan,nan,nan,nan,nan,nan,0,0.0162862364311948,0.5,0.0002652414970927768,0.012448116585060402,-0.0008982678388205212,-0.21894925911594168
small,AdamW,TYL,42,0.9999,,0.0002259509785780831,0.000563088320294489,False,,,10000,18.143829584121704,0.0018143829584121704,0.158085192594101,0.0035,17.37841796875,9500,0.95,0.00015064080071169883,7.531017786638428e-05,0.0009025745116625725,0.024801724418192485,0.14616394215127876,98.98998404294294,0.0786119628697633,13.494930955099052,17636.849955868365,132096.0,nan,nan,nan,nan,nan,nan,nan,nan,0,0.01503166586170951,0.4894179894179894,0.0002259509785780831,0.010215129801835964,-0.0070598506452810295,-0.9111216109985153
small,AdamW,TYL,43,0.9999,,0.0002248957358970844,0.0005636521533566381,False,,,10000,17.74446415901184,0.001774446415901184,0.15805153167732772,0.0031,17.37841796875,500,0.05,0.0005425947019830346,-0.0003176989660859502,0.0009042959753278242,0.024949611580396627,0.2404319783090439,82.75585600994512,0.07435954436659808,14.741276773955843,18033.793364083205,132096.0,nan,nan,nan,nan,nan,nan,nan,nan,0,0.014996524127179752,0.5105820105820106,0.0002248957358970844,0.01020276735699366,-0.0023566511132027124,0.9111216109985153
small,AdamW,TYL,44,0.9999,,0.00022708983333022506,0.0005630343282886778,False,,,10000,17.690876722335815,0.0017690876722335817,0.15810145250680008,0.0034,17.37841796875,5250,0.525,0.00032184069277718663,-9.475085944696157e-05,0.0009413831995545881,0.024733189151513454,-0.13711357734671514,93.04211967006391,0.0759779542684555,16.103460535424105,18088.419529597446,132096.0,nan,nan,nan,nan,nan,nan,nan,nan,0,0.015069500102200638,0.4894179894179894,0.00022708983333022506,0.010234747614179338,-0.012135707823754949,-0.9111216109985153
small,AdamW,UBER,42,0.9999,,0.0007018259608409774,0.00044396892189979553,False,,,10000,17.612026929855347,0.0017612026929855347,0.15808871294126872,0.0034,17.31591796875,2750,0.275,0.0006785809528082609,2.32450080327165e-05,0.5286212030538543,0.024811540474347485,-0.14889538277843078,55.588957375365354,0.08488484807312478,15.804941124719855,18169.402151977534,132096.0,nan,nan,nan,nan,nan,nan,nan,nan,0,0.026491998053015508,0.48226950354609927,0.0007018259608409774,0.017372045718448262,-0.007422486673122286,-0.2661462234219632
small,AdamW,UBER,43,0.9999,,0.0007020974872817456,0.00045094035670790875,False,,,10000,17.683972358703613,0.0017683972358703613,0.15809293977212316,0.0044,17.31591796875,1250,0.125,0.001008716644719243,-0.00030661915743749745,0.0008161351960535814,0.0247743625500204,0.269143600719328,171.95319064760773,0.09120284914970395,16.25899431174381,18095.481801774244,132096.0,nan,nan,nan,nan,nan,nan,nan,nan,0,0.026497122245288177,0.46099290780141844,0.0007020974872817456,0.017449096894600023,-0.007812244045203975,-0.5863408748457569
small,AdamW,UBER,44,0.9999,,0.0007013410959445255,0.000451182762921696,False,,,10000,17.20278024673462,0.0017202780246734618,0.15809779406076038,0.0029,17.31591796875,500,0.05,0.0015794772189110518,-0.0008781361229665262,0.0008397982824081201,0.024914758593756206,0.20277684846255115,78.39761033062801,0.08000943399965763,14.4495685898879,18601.644351106646,132096.0,nan,nan,nan,nan,nan,nan,nan,nan,0,0.02648284531436389,0.46099290780141844,0.0007013410959445255,0.017420671355556434,-0.006726496745507182,-0.5863408748457569
small,AdamW,WDAY,42,0.9999,,0.00041496318269085573,0.0006388810247862378,False,,,10000,17.37135672569275,0.001737135672569275,0.15809426683647515,0.0029,17.35986328125,750,0.075,0.0013362264726310968,-0.0009212632899402412,0.0010337270170905721,0.024945694944180287,-0.07484002309642364,51.26257675196785,0.09006966389715672,15.713638631101432,18421.128818724363,132096.0,nan,nan,nan,nan,nan,nan,nan,nan,0,0.020370645122107834,0.5162337662337663,0.00041496318269085573,0.01291590929031372,-0.0018699732568945304,0.39259644049279185
small,AdamW,WDAY,43,0.9999,,0.00041419267654418945,0.0006395474513112916,False,,,10000,17.483392477035522,0.0017483392477035523,0.15807909511365248,0.0039,17.35986328125,8500,0.85,0.0006779547547921538,-0.0002637620782479644,0.0008974841284112684,0.024882764950228283,0.0830342655633261,127.49749345394271,0.07150267995893951,14.340541055203364,18303.083936388248,132096.0,nan,nan,nan,nan,nan,nan,nan,nan,0,0.02035172416637444,0.5162337662337663,0.00041419267654418945,0.012880106250961105,-9.695032814116544e-06,0.39259644049279185
small,AdamW,WDAY,44,0.9999,,0.0004144329335782435,0.0006389386393736551,False,,,10000,17.608962774276733,0.0017608962774276734,0.15809985896418197,0.004,17.35986328125,2250,0.225,0.0005022947443649173,-8.786181078667375e-05,0.0009182280967640397,0.024889299462078553,0.0722036136856172,89.68958126679203,0.06387212984263896,18.94991306214634,18172.563830247724,132096.0,nan,nan,nan,nan,nan,nan,nan,nan,0,0.020357625931779068,0.5162337662337663,0.0004144329335782435,0.01289303968479107,-0.000589761694925306,0.39259644049279185
small,AdaBelief,AAPL,42,0.9999,,0.00018599806796936762,0.0004004098139011575,False,,,10000,22.767618417739868,0.002276761841773987,0.17566122118333144,0.0027,17.37841796875,500,0.05,0.0002748768893070519,-8.887882133768428e-05,0.0008120957422741318,0.024851753404282965,0.05129524395169511,72.67147493561765,0.08011997416615485,17.23264975369457,14055.049330529244,132096.0,nan,nan,nan,nan,nan,nan,nan,nan,0,0.013638110865122325,0.4403183023872679,0.00018599806796936762,0.010183235324879802,-0.02401616291573161,-0.8184087983404611
small,AdaBelief,AAPL,43,0.9999,,0.00018163691595117883,0.00039802207080375613,False,,,10000,22.632490158081055,0.0022632490158081054,0.17566641432273902,0.0059,17.37841796875,4750,0.475,0.0002835039922501892,-0.00010186707629901036,0.0006476844891693968,0.02499892631695657,0.16484876420108022,531.0399677580345,0.06447692215442657,16.406329505052064,14138.965609391516,132096.0,nan,nan,nan,nan,nan,nan,nan,nan,0,0.013477274054911061,0.5596816976127321,0.00018163691595117883,0.00990575078933958,-5.751386653818358e-06,0.8184087983404611
small,AdaBelief,AAPL,44,0.9999,,0.00018164413000540757,0.000398083967934869,False,,,10000,22.675519943237305,0.0022675519943237306,0.17566625735091823,0.0041,17.37841796875,750,0.075,0.00023247330682352185,-5.082917681811428e-05,0.0005122003982458392,0.024778788339918298,0.275301492808113,145.71433529771008,0.059654431603848874,25.053937650696334,14112.135060234245,132096.0,nan,nan,nan,nan,nan,nan,nan,nan,0,0.013477541689989594,0.5596816976127321,0.00018164413000540757,0.009902795786580081,-4.546850958453419e-05,0.8184087983404611
small,AdaBelief,ACN,42,0.9999,,0.00020511257191183706,0.0003743697777983364,False,,,10000,22.352651834487915,0.0022352651834487915,0.1753985296043069,0.0026,17.37841796875,3250,0.325,0.0002258429303765297,-2.0730358464692635e-05,0.0007224237491976994,0.024924097744016646,0.24298630112749328,265.6024184957169,0.08088055215775959,20.315924684393593,14315.974783192027,132096.0,nan,nan,nan,nan,nan,nan,nan,nan,0,0.014321751705424761,0.47619047619047616,0.00020511257191183706,0.010014779984004914,-0.004163621003184792,-0.454156146275745
small,AdaBelief,ACN,43,0.9999,,0.00020557886393612654,0.00037432199131588723,False,,,10000,22.430043935775757,0.0022430043935775757,0.17535534903437663,0.0016,17.37841796875,3000,0.3,0.00015858214464969933,4.699671928642721e-05,0.0006512768856969762,0.025084898211173306,0.23997631541365322,33.78147465322144,0.07180145420134068,15.754528745168306,14266.579277163266,132096.0,nan,nan,nan,nan,nan,nan,nan,nan,0,0.014338021618623908,0.47619047619047616,0.00020557886393612654,0.010031867910314489,-0.006446433232542903,-0.454156146275745
small,AdaBelief,ACN,44,0.9999,,0.00020570394696381986,0.000374325548622273,False,,,10000,22.342647314071655,0.0022342647314071654,0.1756671059997106,0.0045,17.37841796875,500,0.05,0.00013536143524106592,7.034251172275395e-05,0.0005817092853257958,0.024936526792848693,0.2049133129971407,137.17543536836644,0.05942640099674462,17.048777901056535,14322.385145401295,132096.0,nan,nan,nan,nan,nan,nan,nan,nan,0,0.014342382890015866,0.47619047619047616,0.00020570394696381986,0.010036377679734003,-0.007058798553907009,-0.454156146275745
small,AdaBelief,ADBE,42,0.9999,,0.0004693115199053729,0.0007178801598536241,False,,,10000,22.50539207458496,0.002250539207458496,0.17549256282238612,0.0024,17.37841796875,5500,0.55,0.0008991872891783714,-0.0004298757692729985,0.001059726201895264,0.02490759067319731,0.07618477145507806,109.09959499564641,0.08162817396223544,17.87896782437122,14218.81471513539,132096.0,nan,nan,nan,nan,nan,nan,nan,nan,0,0.02166359896013063,0.5052910052910053,0.0004693115199053729,0.013970699259843776,-6.737064793593817e-05,0.18390016530866893
small,AdaBelief,ADBE,43,0.9999,,0.0004692829790569487,0.0007179222941714826,False,,,10000,22.542389392852783,0.0022542389392852785,0.17566033248310406,0.0047,17.37841796875,500,0.05,0.0004448713443707675,2.4411634686181223e-05,0.0009726609517577261,0.024995141017268428,0.2991104609548162,483.94768074223975,0.06944889798760413,23.762431015473382,14195.47832411493,132096.0,nan,nan,nan,nan,nan,nan,nan,nan,0,0.021662940221884672,0.5052910052910053,0.0004692829790569487,0.01396992219188226,-6.552257529879313e-06,0.18390016530866893
small,AdaBelief,ADBE,44,0.9999,,0.0004699294056211199,0.0007180467208437325,False,,,10000,22.72567319869995,0.002272567319869995,0.17566886066469956,0.0036,17.37841796875,9750,0.975,0.00016059860354289412,0.0003093308020782258,0.001250634197555399,0.02487535592536329,0.13750519611471881,232.55209238394056,0.07605806998908514,15.977381279393661,14080.991009687932,132096.0,nan,nan,nan,nan,nan,nan,nan,nan,0,0.02167785518959659,0.5052910052910053,0.0004699294056211199,0.0139771441303233,-0.001384038398245302,0.18390016530866893
small,AdaBelief,ADI,42,0.9999,,0.00033938084487561827,0.00045754090544399597,False,,,10000,23.400076866149902,0.0023400076866149904,0.1755790231732264,0.0018,17.37841796875,8750,0.875,0.0002575177641119808,8.186308076363748e-05,0.0007666236697099147,0.024866522581037394,0.22943030501120823,51.9799301709616,0.07539430707693098,18.423692535203717,13675.168753949942,132096.0,nan,nan,nan,nan,nan,nan,nan,nan,0,0.01842229206357391,0.5185185185185185,0.00033938084487561827,0.014018824491551313,-0.0003649786009363165,0.2572895384050634
small,AdaBelief,ADI,43,0.9999,,0.00033926262111260146,0.00045746738777868945,False,,,10000,23.197178602218628,0.0023197178602218627,0.17566757750980425,0.0052,17.37841796875,5000,0.5,0.00025673487107269466,8.25277500399068e-05,0.0009210938978607068,0.02500856003262656,0.08365810592941421,443.0854196892745,0.08818865567445751,19.18399488634549,13794.78105882215,132096.0,nan,nan,nan,nan,nan,nan,nan,nan,0,0.018419083069268174,0.5185185185185185,0.00033926262111260146,0.014029646676684182,-1.6500146874598443e-05,0.2572895384050634
small,AdaBelief,ADI,44,0.9999,,0.0003400453657069534,0.00045814924436159415,False,,,10000,23.149052381515503,0.0023149052381515505,0.17566537640593888,0.005,17.37841796875,nan,nan,0.0001786069042282179,0.0001614384614787355,0.0006172073406929274,0.02485695748319277,0.10689842352692842,105.15136306812447,0.055249811150133554,25.479361990716846,13823.460015819901,132096.0,nan,nan,nan,nan,nan,nan,nan,nan,0,0.018440319024001547,0.5185185185185185,0.0003400453657069534,0.01401426804759515,-0.002323731952092789,0.2572895384050634
small,AdaBelief,ADSK,42,0.9999,,0.00028775939865717813,0.0007627067262361157,False,,,10000,24.062861680984497,0.0024062861680984498,0.1756339776473038,0.003,17.37841796875,6750,0.675,0.0003414081293158233,-5.3648730658645185e-05,0.0010092980738587098,0.024890690634288736,0.22019225846086266,188.4908439238319,0.07598207481205461,16.287947079796922,13298.50141028229,132096.0,nan,nan,nan,nan,nan,nan,nan,nan,0,0.016963472482283165,0.5555555555555556,0.00028775939865717813,0.012437028228921234,-0.0032150522745770793,0.910808831292842
small,AdaBelief,ADSK,43,0.9999,,0.0002908715534777868,0.0007626868843716082,False,,,10000,23.482817888259888,0.0023482817888259887,0.17562273304556186,0.0047,17.37841796875,9000,0.9,0.00041840996709652245,-0.00012753841361873563,0.0010363830307069492,0.024816230432635075,0.2575902003261392,223.08925961039415,0.07767898440361018,16.465124762347713,13626.984696754913,132096.0,nan,nan,nan,nan,nan,nan,nan,nan,0,0.017054956859452526,0.5370370370370371,0.0002908715534777868,0.012518342840608465,-0.01406495179345657,0.27677180477381136
small,AdaBelief,ADSK,44,0.9999,,0.0002890747020799647,0.0007620627747290331,False,,,10000,23.014694929122925,0.0023014694929122926,0.175666252554345,0.0055,17.37841796875,750,0.075,0.00022024553618393838,6.882916589602631e-05,0.0009681797490544461,0.02476989243161605,0.1504097695618182,536.0430116700253,0.060711897909641266,17.344829298406104,13904.159971943413,132096.0,nan,nan,nan,nan,nan,nan,nan,nan,0,0.01700219697803683,0.4444444444444444,0.0002890747020799647,0.012502208588615296,-0.007800592132546358,-0.910808831292842
small,AdaBelief,AMD,42,0.9999,,0.0008354270584368832,0.001343449641918314,False,,,10000,22.815544366836548,0.002281554436683655,0.17565431012217772,0.003,17.37841796875,4000,0.4,0.007557535078376532,-0.006722108019939648,0.0018849291380170267,0.025172570243723547,0.1142728186363328,71.39974640441399,0.10524116456508634,19.458942776904372,14025.525530091443,132096.0,nan,nan,nan,nan,nan,nan,nan,nan,0,0.028903755092321192,0.5092838196286472,0.0008354270584368832,0.021128506887526738,-0.0006434743915324503,-0.08512321927901365
small,AdaBelief,AMD,43,0.9999,,0.0008352080350199705,0.0013435190489184635,False,,,10000,22.78535795211792,0.002278535795211792,0.17566006488746377,0.0034,17.37841796875,500,0.05,0.0029843412339687347,-0.0021491331989487643,0.001763968723351993,0.024642261481613234,0.1342020264109752,143.10290390369346,0.09911037087440489,29.111088282301697,14044.106775608312,132096.0,nan,nan,nan,nan,nan,nan,nan,nan,0,0.02889996600378572,0.5092838196286472,0.0008352080350199705,0.02112932558412905,-0.0003811362847410127,-0.08512321927901365
small,AdaBelief,AMD,44,0.9999,,0.0008397980657204119,0.001345506871726848,False,,,10000,22.88314723968506,0.002288314723968506,0.17567252528111924,0.0068,17.37841796875,8000,0.8,0.0006968394736759365,0.0001429585920444754,0.0018527797717655028,0.024939547545840136,-0.29426325327693087,207.79974462449195,0.11523302122950553,18.167341631420726,13984.090415895264,132096.0,nan,nan,nan,nan,nan,nan,nan,nan,0,0.028979269585695425,0.5092838196286472,0.0008397980657204119,0.021167300996326265,-0.005878904427715659,-0.08512321927901365
small,AdaBelief,AMZN,42,0.9999,,0.00033433565860072143,0.000832400840536669,False,,,10000,22.54993987083435,0.0022549939870834352,0.17556795310909698,0.0046,17.37841796875,1500,0.15,0.00039433344500139356,-5.999778640067212e-05,0.0009661863500922908,0.024649795074358615,0.17537784108868515,132.3252090154605,0.057520432770252226,25.67627719671272,14190.725200730212,132096.0,nan,nan,nan,nan,nan,nan,nan,nan,0,0.018284847787190393,0.4693333333333333,0.00033433565860072143,0.013503337032580501,-0.01717224287974939,-1.2042107154628319
small,AdaBelief,AMZN,43,0.9999,,0.00033394448340885225,0.0008323564927837261,False,,,10000,23.018416166305542,0.002301841616630554,0.17566754492164685,0.0025,17.37841796875,500,0.05,0.00048503049765713513,-0.00015108601424828287,0.0014955324578721418,0.025062650855401124,-0.06354228586068547,292.342162293014,0.09386374652385711,18.57781012817179,13901.91217710354,132096.0,nan,nan,nan,nan,nan,nan,nan,nan,0,0.01827414795301965,0.4693333333333333,0.00033394448340885225,0.013493636297801185,-0.015982143836955842,-1.2042107154628319
small,AdaBelief,AMZN,44,0.9999,,0.000334736531373685,0.000832458706053878,False,,,10000,22.461639165878296,0.0022461639165878297,0.175658545362518,0.0033,17.37841796875,nan,nan,0.00034692062763497233,-1.2184096261287343e-05,0.0010891422210790134,0.024773246953211165,0.11816953902670733,245.73929941986842,0.0823899570852517,27.9317239390998,14246.51146947972,132096.0,nan,nan,nan,nan,nan,nan,nan,nan,0,0.018295806387631154,0.4693333333333333,0.000334736531373685,0.013513026414094147,-0.018391845536825713,-1.2042107154628319
small,AdaBelief,APH,42,0.9999,,0.0002287821400733221,0.0002830393750724489,False,,,10000,22.2539541721344,0.00222539541721344,0.17561991294931406,0.0026,17.37841796875,3000,0.3,0.00010231867781840265,0.00012646346225491945,0.0006673458690247,0.024909216544500856,0.26369351751028763,120.54737394473264,0.07620306238532062,17.721911560604298,14379.467016279403,132096.0,nan,nan,nan,nan,nan,nan,nan,nan,0,0.015125545942984079,0.5398936170212766,0.0002287821400733221,0.010462320670879707,-0.007299843981412479,1.4047444824252193
small,AdaBelief,APH,43,0.9999,,0.00022738460431653986,0.0002837920813408707,False,,,10000,22.506710529327393,0.0022506710529327395,0.17563441808656977,0.0036,17.37841796875,4500,0.45,0.0002691737608984113,-4.1789156581871414e-05,0.0003778894659224752,0.024853379424321316,0.2612056762918262,181.39134413665641,0.04599352311342953,15.580903585749343,14217.98176961594,132096.0,nan,nan,nan,nan,nan,nan,nan,nan,0,0.015079277314133456,0.5398936170212766,0.00022738460431653986,0.010421091917330625,-0.0011466645885016558,1.4047444824252193
small,AdaBelief,APH,44,0.9999,,0.00022949479402057708,0.0002830547703039741,False,,,10000,22.482991933822632,0.0022482991933822634,0.17566381013967183,0.0048,17.37841796875,4500,0.45,0.00043213728349655867,-0.00020264248947598159,0.00042356280500383057,0.024796967532714737,0.23378555834985085,164.1500180532584,0.0535216886550188,16.360185962877665,14232.981132666917,132096.0,nan,nan,nan,nan,nan,nan,nan,nan,0,0.015149085583644218,0.4601063829787234,0.00022949479402057708,0.010485012064535152,-0.010437572344529356,-1.4047444824252193
small,AdaBelief,AVGO,42,0.9999,,0.0008636441811051949,0.000499102496974348,False,,,10000,22.591183185577393,0.0022591183185577393,0.17553640025839973,0.0039,17.37841796875,3000,0.3,0.0002643238112796098,0.0005993203698255851,0.0006838119815241226,0.024918268822075457,0.3582528286912042,110.37840183962183,0.054277976974844884,21.487751171248767,14164.818078421567,132096.0,nan,nan,nan,nan,nan,nan,nan,nan,0,0.029387823687799592,0.5238095238095238,0.0008636441811051949,0.020177177651218636,-0.0038707428312627634,1.4391859399277436
small,AdaBelief,AVGO,43,0.9999,,0.0008633624782007208,0.0004991159356873611,False,,,10000,22.521456480026245,0.0022521456480026243,0.17564814842502463,0.0017,17.37841796875,1000,0.1,0.000571585725992918,0.00029177675220780277,0.0008420673306236573,0.025063161452291694,0.1685745025669634,1085.9710369477307,0.08317848518490792,18.274485645054796,14208.672528963682,132096.0,nan,nan,nan,nan,nan,nan,nan,nan,0,0.029383030446172853,0.5238095238095238,0.0008633624782007208,0.02017884784274631,-0.0035433009169199003,1.4391859399277436
small,AdaBelief,AVGO,44,0.9999,,0.0008655718710056688,0.0004992785441148187,False,,,10000,22.358691215515137,0.002235869121551514,0.17566646702772343,0.0042,17.37841796875,500,0.05,0.0003628128906711936,0.0005027589803344752,0.0006300331708615162,0.024767622327764527,0.1784936946864417,149.68548903736684,0.07388827614486207,18.006040727221336,14312.107847258327,132096.0,nan,nan,nan,nan,nan,nan,nan,nan,0,0.029420602832125463,0.5238095238095238,0.0008655718710056688,0.020177987517503205,-0.006111424277018163,1.4391859399277436
small,AdaBelief,CDNS,42,0.9999,,0.0003909786384572428,0.0005601363093530468,False,,,10000,22.269612312316895,0.0022269612312316896,0.17565494417738428,0.0017,17.37841796875,4250,0.425,0.0003741527325473726,1.682590590987022e-05,0.0009248415069629375,0.024911506174528354,0.24145027872269537,31.35358940220804,0.08832980506122103,16.810429489797922,14369.356570388707,132096.0,nan,nan,nan,nan,nan,nan,nan,nan,0,0.01977317977608161,0.5211640211640212,0.0003909786384572428,0.014424816010490296,-0.00010204696943683089,0.5255742308309481
small,AdaBelief,CDNS,43,0.9999,,0.0003909411096068286,0.0005601466255415656,False,,,10000,22.362633228302002,0.0022362633228302,0.17565545707500888,0.0024,17.37841796875,500,0.05,0.0003257854259572923,6.51556836495363e-05,0.0007092368260805342,0.02499092442297374,0.2096573975297018,47.87166236507084,0.06790237277746197,28.238006874193946,14309.584955094202,132096.0,nan,nan,nan,nan,nan,nan,nan,nan,0,0.019772230769612938,0.5211640211640212,0.0003909411096068286,0.014424109585070736,-6.050215579200824e-06,0.5255742308309481
small,AdaBelief,CDNS,44,0.9999,,0.00039101798067647944,0.0005602681668430804,False,,,10000,22.06437110900879,0.002206437110900879,0.17566569453485034,0.0029,17.37841796875,nan,nan,0.0002257208980154246,0.00016529708266105483,0.0010216807974306715,0.02479644171513568,-0.05660207151964182,108.80036365456519,0.07915275730192657,25.484685991105835,14503.01929835405,132096.0,nan,nan,nan,nan,nan,nan,nan,nan,0,0.019774174589005718,0.5211640211640212,0.00039101798067647944,0.014424819794912187,-0.00020268222190544805,0.5255742308309481
small,AdaBelief,CRM,42,0.9999,,0.0004569376823763368,0.0007336115173066643,False,,,10000,22.498167276382446,0.0022498167276382448,0.17563407736014183,0.0039,17.37841796875,500,0.05,0.00022951520804781467,0.00022742247432852212,0.0010928644000012349,0.024749105514069596,0.2734006741935162,67.3195348753879,0.06734220348298547,28.498224477401127,14223.380778927778,132096.0,nan,nan,nan,nan,nan,nan,nan,nan,0,0.02137610072899959,0.47619047619047616,0.0004569376823763368,0.013353129543324627,-0.02183159623888753,-0.9214713153438326
small,AdaBelief,CRM,43,0.9999,,0.00045699436986257157,0.000733636971810136,False,,,10000,22.700734853744507,0.0022700734853744508,0.17566356756569773,0.0035,17.37841796875,1250,0.125,0.0002351557050133124,0.00022183866484925917,0.0009505040520495691,0.024721569053179487,0.2578166143375603,79.28437281370485,0.06521613784134388,16.202598436551803,14096.459963154704,132096.0,nan,nan,nan,nan,nan,nan,nan,nan,0,0.021377426642666127,0.47619047619047616,0.00045699436986257157,0.01335485650118066,-0.021958364213559456,-0.9214713153438326
small,AdaBelief,CRM,44,0.9999,,0.00045040573077227073,0.0007316541292306916,False,,,10000,22.409531116485596,0.0022409531116485597,0.17566752357982124,0.0033,17.37841796875,750,0.075,0.0005014686612412333,-5.1062930468962614e-05,0.0010720922897391146,0.02480935125760951,-0.2730331979432582,218.7161232119332,0.08368170931935308,25.19539018566619,14279.63835283424,132096.0,nan,nan,nan,nan,nan,nan,nan,nan,0,0.021222764446986418,0.47619047619047616,0.00045040573077227073,0.013156383756607298,-0.007224452219977806,-0.9214713153438326
small,AdaBelief,CSCO,42,0.9999,,0.00014620738488341133,0.00028424897782050015,False,,,10000,22.484548568725586,0.0022484548568725586,0.17565429744445704,0.0025,17.37841796875,500,0.05,0.00022841920144855976,-8.221181656514843e-05,0.0005050756575391867,0.02510807511065949,-0.22127929489175927,81.43828780949968,0.07415654063224791,23.69625627404699,14231.99576464245,132096.0,nan,nan,nan,nan,nan,nan,nan,nan,0,0.012091624575854616,0.45478723404255317,0.00014620738488341133,0.008079217224524765,-0.0048715287622791426,-0.6309806781005214
small,AdaBelief,CSCO,43,0.9999,,0.00014798386544777602,0.0002841633257878554,False,,,10000,22.542176008224487,0.002254217600822449,0.1756549540202488,0.0028,17.37841796875,6000,0.6,0.00030269401031546295,-0.00015471014486768693,0.0005615808083387911,0.024923552763214236,0.3733031778447934,621.1282168207003,0.07376717478036879,17.082433124713695,14195.612698758468,132096.0,nan,nan,nan,nan,nan,nan,nan,nan,0,0.012164861916510849,0.45478723404255317,0.00014798386544777602,0.008171663713202906,-0.017081135971607875,-0.6309806781005214
small,AdaBelief,CSCO,44,0.9999,,0.0001474785071516794,0.0002844806375174687,False,,,10000,22.60944104194641,0.002260944104194641,0.17566631251866102,0.0046,17.37841796875,500,0.05,0.0003062414180021733,-0.00015876291085049392,0.00043912774639405955,0.024980308040194202,0.12148429998405565,296.8171502519952,0.06383299045264718,25.89317403265753,14153.379528769266,132096.0,nan,nan,nan,nan,nan,nan,nan,nan,0,0.012144072922692756,0.45478723404255317,0.0001474785071516794,0.008149244167186596,-0.013607849283823414,-0.6309806781005214
small,AdaBelief,CTSH,42,0.9999,,0.00016921484675356952,0.00041157841208126566,False,,,10000,22.630110263824463,0.0022630110263824462,0.17563237308946514,0.0012,17.37841796875,500,0.05,0.00022734195226803422,-5.81271055144647e-05,0.0007841508278901549,0.024885485086841325,0.2887200728307525,20.695914666741558,0.08319094404578199,17.83251366114784,14140.45253290429,132096.0,nan,nan,nan,nan,nan,nan,nan,nan,0,0.013008260712084822,0.5291005291005291,0.00016921484675356952,0.00958631404493221,-0.0001441093413609984,0.6068268288485892
small,AdaBelief,CTSH,43,0.9999,,0.00017090023510039798,0.0004103322086030672,False,,,10000,22.222382307052612,0.0022222382307052614,0.17565965286255242,0.0035,17.37841796875,2250,0.225,0.0002476159716024995,-7.671573650210151e-05,0.0006916913614543548,0.02509407747987103,0.2342206227576529,202.71423347761802,0.07496537193655962,16.49288778269759,14399.89626577719,132096.0,nan,nan,nan,nan,nan,nan,nan,nan,0,0.013072881667803697,0.4708994708994709,0.00017090023510039798,0.009670395069021396,-0.010105594751018243,-0.6068268288485892
small,AdaBelief,CTSH,44,0.9999,,0.00017186080810254213,0.0004104613783504982,False,,,10000,22.466975688934326,0.0022466975688934326,0.1756660150661677,0.004,17.37841796875,750,0.075,0.00027089478680863976,-9.903397870609764e-05,0.0006075019609366258,0.024951568254816415,0.21109543944004217,112.52920294452412,0.06348142586648463,23.19519627071333,14243.127532185375,132096.0,nan,nan,nan,nan,nan,nan,nan,nan,0,0.01310956933322152,0.4708994708994709,0.00017186080810254213,0.009710243770054408,-0.015783060104196833,-0.6068268288485892
small,AdaBelief,FICO,42,0.9999,,0.00034433887118384953,0.0007005707022365904,False,,,10000,22.42332649230957,0.002242332649230957,0.17564328333804147,0.0024,17.37841796875,500,0.05,0.0001838052412495017,0.00016053362993434782,0.0010622452977708528,0.0248694542148566,0.38465074860974063,64.60981362682857,0.08497674874961361,25.61831541559676,14270.85317201928,132096.0,nan,nan,nan,nan,nan,nan,nan,nan,0,0.018556370097188985,0.6031746031746031,0.00034433887118384953,0.013597934965103392,-0.0011258358526053946,2.0359688915627197
small,AdaBelief,FICO,43,0.9999,,0.000345283360392959,0.0007007035083416602,False,,,10000,22.55049991607666,0.002255049991607666,0.17565639307884787,0.0043,17.37841796875,3000,0.3,0.0005088921170681715,-0.0001636087566752125,0.0008253269249716885,0.024809338104376657,0.4567393897264411,201.51271344066564,0.05362841859459876,22.481213055360058,14190.37277181896,132096.0,nan,nan,nan,nan,nan,nan,nan,nan,0,0.01858180186077117,0.6031746031746031,0.000345283360392959,0.0136567751566569,-0.0038718300695019803,2.0359688915627197
small,AdaBelief,FICO,44,0.9999,,0.00034514018309810175,0.0007016598704006691,False,,,10000,22.457104921340942,0.002245710492134094,0.17566787213276944,0.0028,17.37841796875,3000,0.3,0.00017810065764933825,0.0001670395254487635,0.0010176562854710676,0.024882690401951922,0.06778427305233582,164.86589201585306,0.08319988138973707,17.508148329672135,14249.387938509592,132096.0,nan,nan,nan,nan,nan,nan,nan,nan,0,0.018577948839904306,0.6031746031746031,0.00034514018309810175,0.013649009522937593,-0.003455558480714105,2.0359688915627197
small,AdaBelief,FTNT,42,0.9999,,0.000714463610497732,0.0009462845262228968,False,,,10000,22.261054277420044,0.0022261054277420045,0.17566202313150375,0.0046,17.37841796875,500,0.05,0.0009932252578437328,-0.0002787616473460008,0.0012906521370254762,0.02483700113027814,0.4767077911241731,286.90326348607306,0.0720599479973316,18.722704692241862,14374.880722724089,132096.0,nan,nan,nan,nan,nan,nan,nan,nan,0,0.026729452117425303,0.5343915343915344,0.000714463610497732,0.014869422508925988,-1.9753306582215302e-05,0.35000747849044117
small,AdaBelief,FTNT,43,0.9999,,0.0007149029976476438,0.0009461580442180684,False,,,10000,22.429730653762817,0.0022429730653762817,0.1755824695775451,0.0014,17.37841796875,1250,0.125,0.00040051451651379466,0.0003143884811338491,0.0013375557426497263,0.02478959412849295,0.11732834200578665,70.78312798318022,0.08632288277149198,15.851341999793853,14266.778542270044,132096.0,nan,nan,nan,nan,nan,nan,nan,nan,0,0.02673767001157064,0.4656084656084656,0.0007149029976476438,0.014906068327565672,-0.0006347542986615551,-0.35000747849044117
small,AdaBelief,FTNT,44,0.9999,,0.0007146127009517932,0.00094614262922373,False,,,10000,22.578739166259766,0.0022578739166259766,0.17566271802691255,0.0043,17.37841796875,750,0.075,0.00075100501999259,-3.639231904079671e-05,0.0013495263613981915,0.0248484208681232,0.10780981027268471,228.89626394727696,0.08591593876481055,18.09377792730132,14172.624859327296,132096.0,nan,nan,nan,nan,nan,nan,nan,nan,0,0.02673224085167185,0.5343915343915344,0.0007146127009517932,0.014887533490619963,-0.00022843209287715105,0.35000747849044117
small,AdaBelief,GLW,42,0.9999,,0.0002346667781393364,0.0003470423129888681,False,,,10000,22.383130073547363,0.002238313007354736,0.17566703167450542,0.0013,17.37841796875,4250,0.425,0.00018392298079561442,5.0743797343721984e-05,0.000699612974009773,0.02485688892485437,0.22155383068885348,163.90028695954067,0.08676278553903101,18.318945311876018,14296.481276234892,132096.0,nan,nan,nan,nan,nan,nan,nan,nan,0,0.015318837362519926,0.4654255319148936,0.0002346667781393364,0.010448595834156823,-0.006046764700339935,-0.966301231898722
small,AdaBelief,GLW,43,0.9999,,0.0002337810854432444,0.0003470697832992918,False,,,10000,22.518354892730713,0.0022518354892730715,0.17565640459063392,0.0052,17.37841796875,6000,0.6,0.0003240634105168283,-9.02823250735839e-05,0.0006024576209235708,0.02492820058517039,0.1932476263738112,321.7587939642417,0.07054563350975514,17.312913044960094,14210.629574156908,132096.0,nan,nan,nan,nan,nan,nan,nan,nan,0,0.015289901420324607,0.5345744680851063,0.0002337810854432444,0.010416468615254398,-0.0022496858019669386,0.966301231898722
small,AdaBelief,GLW,44,0.9999,,0.00023398942575252876,0.0003470182418823242,False,,,10000,22.737369537353516,0.0022737369537353517,0.175665921550701,0.0031,17.37841796875,1250,0.125,0.00025962377549149096,-2.5634349738962202e-05,0.0006618868499550375,0.024878947269137766,0.10287798742187064,1062.1902067769875,0.07868193015456196,24.59465236860377,14073.747601906898,132096.0,nan,nan,nan,nan,nan,nan,nan,nan,0,0.01529671290678258,0.5345744680851063,0.00023398942575252876,0.01042483786426524,-0.0031428675969109587,0.966301231898722
small,AdaBelief,GOOGL,42,0.9999,,0.00030771922812890756,0.0005400695440307536,False,,,10000,22.255871772766113,0.002225587177276611,0.17564716888896498,0.0038,17.37841796875,1500,0.15,0.0003370614140294492,-2.934218590054167e-05,0.0006215640994948384,0.024699653064242537,0.1602298449377723,581.7631279225823,0.05032875407487152,17.44569188743881,14378.228058968916,132096.0,nan,nan,nan,nan,nan,nan,nan,nan,0,0.017541927719863275,0.41909814323607425,0.00030771922812890756,0.012554629139168553,-0.005236891223951101,-1.1073815342933746
small,AdaBelief,GOOGL,43,0.9999,,0.0003085727138178689,0.0005399720738357828,False,,,10000,22.25810432434082,0.002225810432434082,0.1756437728531841,0.0023,17.37841796875,500,0.05,0.00020861168741248548,9.996102640538344e-05,0.0007699629801037862,0.024907020739431508,0.11365797170153331,360.77721751842034,0.07738060802221297,20.59602142843564,14376.785881538763,132096.0,nan,nan,nan,nan,nan,nan,nan,nan,0,0.017566237895971604,0.41909814323607425,0.0003085727138178689,0.012603951509667453,-0.008025002015377591,-1.1073815342933746
small,AdaBelief,GOOGL,44,0.9999,,0.00030886153222391843,0.0005399454335635157,False,,,10000,22.43739080429077,0.0022437390804290773,0.1756680339982084,0.0038,17.37841796875,500,0.05,0.00010098391794599593,0.0002078776142779225,0.0008346423023307939,0.024927676823025418,0.0012899503548643415,118.47648681848021,0.07383171170949931,26.562687909967792,14261.907847984063,132096.0,nan,nan,nan,nan,nan,nan,nan,nan,0,0.017574456811632,0.41909814323607425,0.00030886153222391843,0.012620417529313022,-0.008968494946875127,-1.1073815342933746
small,AdaBelief,GPN,42,0.9999,,0.0003280406078648946,0.000579945130436743,False,,,10000,22.393725395202637,0.002239372539520264,0.17566117897603908,0.0036,17.37841796875,500,0.05,0.0006623813533224165,-0.00033434074545752197,0.000810660082840039,0.024843719292230913,0.5367984000259901,107.60818758462348,0.060817804560065254,28.967204646875306,14289.717068181651,132096.0,nan,nan,nan,nan,nan,nan,nan,nan,0,0.01811189133870051,0.4960212201591512,0.0003280406078648946,0.012663276107222945,-0.0019805522138631737,-0.32842959592167353
small,AdaBelief,GPN,43,0.9999,,0.0003294157524588247,0.0005798882135345702,False,,,10000,22.388931274414062,0.0022388931274414064,0.17561586923230846,0.0028,17.37841796875,6500,0.65,0.00028458776068873703,4.4827991770087655e-05,0.0008574008945704301,0.025048024485665416,0.1804416370278129,44.074818547028286,0.06738885976374148,16.967213985838153,14292.776911852603,132096.0,nan,nan,nan,nan,nan,nan,nan,nan,0,0.018149814116371128,0.4960212201591512,0.0003294157524588247,0.012698940499119026,-0.006180849697056345,-0.32842959592167353
small,AdaBelief,GPN,44,0.9999,,0.0003337033053554555,0.0005723490955342665,False,,,10000,22.19846534729004,0.002219846534729004,0.17566781236954576,0.0036,17.37841796875,5500,0.55,0.0001924788230098784,0.00014122448234557712,0.0008269718183770939,0.025020794635921505,0.11215219097655908,73.71283197695823,0.06548190787434577,17.1910635145197,14415.410930155367,132096.0,nan,nan,nan,nan,nan,nan,nan,nan,0,0.018267547874727345,0.5119363395225465,0.0003337033053554555,0.013069697788783483,-0.01927692535358494,1.6580297684210776
small,AdaBelief,GRMN,42,0.9999,,0.0004553754651357257,0.0005416770117352433,False,,,10000,22.648755073547363,0.0022648755073547363,0.17561324809592607,0.0045,17.37841796875,4250,0.425,0.00013682532880920917,0.00031855013632651655,0.0009439391885486126,0.0249321693847545,0.5474567868270995,115.49311435010806,0.05668404754251239,17.886459724830733,14128.811891022846,132096.0,nan,nan,nan,nan,nan,nan,nan,nan,0,0.0213395282313299,0.5442359249329759,0.0004553754651357257,0.010798927337404281,-0.3988523590723134,1.6580877209449891
small,AdaBelief,GRMN,43,0.9999,,0.00033056229431793174,0.0003160626407643528,False,,,10000,22.52510714530945,0.002252510714530945,0.17553338885317005,0.0025,17.37841796875,2500,0.25,0.0004887260729447007,-0.00015816377862676897,0.0005689594989154385,0.024802484264879805,0.2348600927777905,366.51917683448335,0.0792686078697443,16.501344722855958,14206.36971605419,132096.0,nan,nan,nan,nan,nan,nan,nan,nan,0,0.01818137217918196,0.4450402144772118,0.00033056229431793174,0.009681779240805006,-0.01544303685569326,-1.654706844715586
small,AdaBelief,GRMN,44,0.9999,,0.00032883401585634425,0.0003164388654402776,False,,,10000,22.505858421325684,0.0022505858421325684,0.17566644425709121,0.0045,17.37841796875,1000,0.1,0.0008012345060706139,-0.0004724004902142696,0.0005488435069590225,0.024830693990590583,0.06838774868602203,144.9432956839822,0.07523403242230416,25.600167748357567,14218.520085276123,132096.0,nan,nan,nan,nan,nan,nan,nan,nan,0,0.01813378106894269,0.5549597855227882,0.00032883401585634425,0.009628413215516106,-0.010133997198923383,1.654706844715586
small,AdaBelief,HPE,42,0.9999,,0.0005712813601411622,0.00038046047930077555,False,,,10000,22.404744625091553,0.0022404744625091552,0.17561847415657586,0.0031,17.33935546875,4250,0.425,0.0007852483540773392,-0.00021396699393617697,0.0007684518961375026,0.02491286122896757,0.16468169983210737,338.1532145015415,0.0768525369465351,28.91366458805126,14282.689017647857,132096.0,nan,nan,nan,nan,nan,nan,nan,nan,0,0.023901492843359434,0.5221238938053098,0.0005712813601411622,0.016102065300119334,-0.0024472788026930203,0.9210708329602321
small,AdaBelief,HPE,43,0.9999,,0.0005715178518459715,0.00038047031664745115,False,,,10000,22.803115367889404,0.0022803115367889403,0.17566473101631297,0.0048,17.33935546875,1000,0.1,0.0007894725422374904,-0.00021795469039151893,0.0005003411696229503,0.024864416348582045,0.4537375980784262,386.36341879537446,0.055228263325989235,24.707806796748354,14033.170241756241,132096.0,nan,nan,nan,nan,nan,nan,nan,nan,0,0.023906439547661033,0.5221238938053098,0.0005715178518459715,0.01610372600884273,-0.002862259025199876,0.9210708329602321
small,AdaBelief,HPE,44,0.9999,,0.0005705094542996637,0.00038061152288924047,False,,,10000,22.421635389328003,0.0022421635389328004,0.1756673585829952,0.0039,17.33935546875,750,0.075,0.00035380886401981115,0.00021670059027985257,0.0007419578635126257,0.02493432691901496,0.23392630883405657,232.8115063946162,0.08616155274212357,17.000985446589226,14271.929520016634,132096.0,nan,nan,nan,nan,nan,nan,nan,nan,0,0.023885339735906286,0.5221238938053098,0.0005705094542996637,0.016095940409035517,-0.0010927887662757207,0.9210708329602321
small,AdaBelief,HPQ,42,0.9999,,0.00034074398575636446,0.0005569904647392051,False,,,10000,22.944947719573975,0.0022944947719573975,0.1756237257448258,0.0044,17.37841796875,1000,0.1,0.0009313785703852773,-0.0005906345846289128,0.0008652218713335851,0.02483435867150386,0.1471820958607878,898.2752565884141,0.08203650563955302,25.799827008901836,13946.42532687111,132096.0,nan,nan,nan,nan,nan,nan,nan,nan,0,0.018459252036752857,0.47733333333333333,0.00034074398575636446,0.012485692110011187,-0.0020210357431427184,-0.25451889691534224
small,AdaBelief,HPQ,43,0.9999,,0.00034033514992900626,0.0005570210575741229,False,,,10000,22.529399156570435,0.0022529399156570435,0.17565028879925446,0.0051,17.37841796875,1500,0.15,0.0016118166968226433,-0.001271481546893637,0.0007433248173904316,0.024921078648460653,0.337069913489983,146.9121432615447,0.05991173814982176,23.897227381911634,14203.663301276978,132096.0,nan,nan,nan,nan,nan,nan,nan,nan,0,0.01844817470453395,0.47733333333333333,0.00034033514992900626,0.0124641600109282,-0.0008187779886323909,-0.25451889691534224
small,AdaBelief,HPQ,44,0.9999,,0.0003432510469956373,0.0005581002257546948,False,,,10000,22.43498659133911,0.002243498659133911,0.17566748639792787,0.0042,17.37841796875,4250,0.425,0.0004905506502836943,-0.00014729960328805698,0.0008057529823898272,0.024945963328683825,0.05149621476484219,265.7197804881858,0.06985703408718107,20.66448636012242,14263.436204750577,132096.0,nan,nan,nan,nan,nan,nan,nan,nan,0,0.01852703556955719,0.47733333333333333,0.0003432510469956373,0.012594867635656285,-0.009393515389618079,-0.25451889691534224
small,AdaBelief,IBM,42,0.9999,,0.00017351101315210736,0.00018676763662292724,False,,,10000,22.815627098083496,0.0022815627098083497,0.17564303604937775,0.0055,17.37841796875,1250,0.125,0.00025648411246947944,-8.297309931737208e-05,0.00029129575296201686,0.02490185043006397,0.35051885418612216,147.68591764961104,0.05260922629386186,16.867231139975246,14025.474672439745,132096.0,nan,nan,nan,nan,nan,nan,nan,nan,0,0.013172357919222638,0.41909814323607425,0.00017351101315210736,0.008831168608690695,-0.01296364614256218,-1.7774495433568487
small,AdaBelief,IBM,43,0.9999,,0.0001717835822433391,0.00018702818955287378,False,,,10000,22.4237859249115,0.00224237859249115,0.17566602249053043,0.0035,17.37841796875,1000,0.1,0.0003323968849144876,-0.0001606133026711485,0.0004512006825475006,0.025023330856187565,0.13359190045152652,320.19974910350226,0.06207671519368887,24.492354175811574,14270.560781821367,132096.0,nan,nan,nan,nan,nan,nan,nan,nan,0,0.013106623601955582,0.5809018567639257,0.0001717835822433391,0.008728027974486982,-0.0028788412646649775,1.7774495433568487
small,AdaBelief,IBM,44,0.9999,,0.00017169784143488244,0.00018710384160201176,False,,,10000,22.345574378967285,0.0022345574378967287,0.17566613371341086,0.0037,17.37841796875,nan,nan,9.496881830273196e-05,7.672902313215048e-05,0.0003203090017043611,0.024827837648339655,0.36759755416476225,89.73174588462723,0.05289712622761715,25.61707297215269,14320.509044564958,132096.0,nan,nan,nan,nan,nan,nan,nan,nan,0,0.01310335229759478,0.5809018567639257,0.00017169784143488244,0.008722240331942441,-0.0023782832863576964,1.7774495433568487
small,AdaBelief,INTC,42,0.9999,,0.0009394167434601556,0.0006014571898179599,False,,,10000,22.415939331054688,0.002241593933105469,0.17563811999165937,0.0027,17.37841796875,7000,0.7,0.0005523276049643755,0.00038708913849578013,0.0008379416452219217,0.024785613505804292,0.2810635223152981,179.0298240073595,0.07643414735794066,19.110595263367617,14275.556124327883,132096.0,nan,nan,nan,nan,nan,nan,nan,nan,0,0.030649906092191467,0.4827586206896552,0.0009394167434601556,0.020213170026345227,-0.0008042441918869603,0.8502114293092702
small,AdaBelief,INTC,43,0.9999,,0.0010332206569651447,0.0006093724732057485,False,,,10000,22.6253821849823,0.00226253821849823,0.17566256906324978,0.0064,17.37841796875,500,0.05,0.0003332094056531787,0.000700011251311966,0.00334107354389748,0.024933651349089772,0.2939105663506419,582.0777882336569,0.06383165046572685,25.060054500956202,14143.407496223486,132096.0,nan,nan,nan,nan,nan,nan,nan,nan,0,0.03214374988959976,0.5225464190981433,0.0010332206569651447,0.020805078839498854,-0.10073790559525486,-0.7014938767573702
small,AdaBelief,INTC,44,0.9999,,29.89552589699074,0.0006029741043121176,True,primary outside absolute range,,10000,22.82111096382141,0.0022821110963821413,0.17566764956365477,0.0058,17.37841796875,nan,nan,0.00012393068755045533,29.89540196630319,0.0008555984733007899,0.024896659721818086,0.1297797135125137,283.94998674004785,0.09267513528466222,33.34110763979888,14022.104379900697,132096.0,nan,nan,nan,nan,nan,nan,nan,nan,0,5.4676801202146725,0.46949602122015915,29.89552589699074,0.30144565319888805,-31848.090841040357,0.39446539021004406
small,AdaBelief,INTU,42,0.9999,,0.0002878055212989686,0.0007618155024095935,False,,,10000,22.35499143600464,0.0022354991436004637,0.1754698996883109,0.0025,17.37841796875,4250,0.425,0.00019981700461357832,8.798851668539027e-05,0.0011572350367132452,0.024869742228904552,0.24691070116003666,175.63789126059226,0.08221038542687882,16.847790643259522,14314.476519307113,132096.0,nan,nan,nan,nan,nan,nan,nan,nan,0,0.016964831897162098,0.4588859416445623,0.0002878055212989686,0.012460418479152458,-0.009076400350124691,-0.8083000375955952
small,AdaBelief,INTU,43,0.9999,,0.0002881562110608217,0.0007617958976988451,False,,,10000,22.687081813812256,0.0022687081813812255,0.17566600107520622,0.0038,17.37841796875,500,0.05,0.0003231468435842544,-3.499063252343271e-05,0.0009426269402822119,0.02487290025046488,0.13801951955408023,107.06818520200923,0.05832510590553283,16.87052077322216,14104.943184238835,132096.0,nan,nan,nan,nan,nan,nan,nan,nan,0,0.01697516453707656,0.4588859416445623,0.0002881562110608217,0.012475493093016286,-0.010305955505749198,-0.8083000375955952
small,AdaBelief,INTU,44,0.9999,,0.00028839920248304097,0.000761795265288821,False,,,10000,22.468379735946655,0.0022468379735946656,0.175645065787004,0.0038,17.37841796875,10000,1.0,0.00014671198732685298,0.000141687215156188,0.0009226708426602331,0.024941468093240098,0.18715110792687442,206.84734931506318,0.06380053088068961,15.4722753017591,14242.237480437416,132096.0,nan,nan,nan,nan,nan,nan,nan,nan,0,0.01698232029149848,0.4588859416445623,0.00028839920248304097,0.012485641651052646,-0.011157908965649055,-0.8083000375955952
small,AdaBelief,KEYS,42,0.9999,,0.0003786707051502642,0.00035170133924111724,False,,,10000,22.548047065734863,0.0022548047065734864,0.17549093028482649,0.0021,17.34716796875,500,0.05,0.00034219620283693075,3.647450231333344e-05,0.0006236065379105126,0.024745278923752834,0.3118073897604956,144.74171960973146,0.08598393127322194,25.21973057544178,14191.916447002985,132096.0,nan,nan,nan,nan,nan,nan,nan,nan,0,0.01945946312595145,0.49416342412451364,0.0003786707051502642,0.013204341710999955,-0.0025928291083163746,-0.07907810819329214
small,AdaBelief,KEYS,43,0.9999,,0.0003780963462452556,0.00035165739245712757,False,,,10000,22.215633869171143,0.0022215633869171144,0.17566202431823763,0.0023,17.34716796875,500,0.05,0.0003415399696677923,3.655637657746326e-05,0.0007808860048102454,0.024960121855848196,0.3232530215141362,1210.6576262103933,0.08464261181652544,28.4200165594222,14404.270518882975,132096.0,nan,nan,nan,nan,nan,nan,nan,nan,0,0.01944469969542486,0.49416342412451364,0.0003780963462452556,0.01318375824033752,-0.0010721196590135484,-0.07907810819329214
small,AdaBelief,KEYS,44,0.9999,,0.0003787781032480935,0.000351729424437508,False,,,10000,22.54588532447815,0.002254588532447815,0.1756666165443216,0.0042,17.34716796875,1750,0.175,0.0003109727695118636,6.780533373622989e-05,0.0005312114092073619,0.024891636982026708,0.1328888618207124,251.33995670125657,0.06513080596923829,13.322832096593887,14193.277194245942,132096.0,nan,nan,nan,nan,nan,nan,nan,nan,0,0.019462222464253498,0.49416342412451364,0.0003787781032480935,0.013209039850752483,-0.0028771831955987093,-0.07907810819329214
small,AdaBelief,KLAC,42,0.9999,,0.0006364250466937111,0.0008079325804976,False,,,10000,22.57019567489624,0.002257019567489624,0.1756639461738299,0.001,17.37841796875,2250,0.225,0.00034163575037382543,0.0002947892963198857,0.0012729095646875014,0.024923505266371732,-0.14793993397170216,54.755264912503705,0.08576118610799313,17.76550434076459,14177.989619997883,132096.0,nan,nan,nan,nan,nan,nan,nan,nan,0,0.02522746611718488,0.4497354497354497,0.0006364250466937111,0.018006511466213005,-0.0071321441685263665,-0.46054431575672167
small,AdaBelief,KLAC,43,0.9999,,0.0006353893765696773,0.000807099696495805,False,,,10000,22.614253997802734,0.0022614253997802736,0.17565913398213048,0.0016,17.37841796875,1250,0.125,0.0004565993440337479,0.00017879003253592942,0.001275260698946935,0.02493047361007503,0.21821884543105433,44.39777649941597,0.09659234210848806,24.958477730426303,14150.367287423769,132096.0,nan,nan,nan,nan,nan,nan,nan,nan,0,0.025206931121611716,0.4497354497354497,0.0006353893765696773,0.017969395117784934,-0.0054932132714975435,-0.46054431575672167
small,AdaBelief,KLAC,44,0.9999,,0.0006387004303553748,0.0008049459451073361,False,,,10000,22.33903169631958,0.002233903169631958,0.1756688167189428,0.0034,17.37841796875,750,0.075,0.00028075050795450807,0.0003579499224008667,0.0014940150781917645,0.024752814764766644,-0.3334764113999113,103.60641209620923,0.1048592898994684,17.938669279498924,14324.703252590887,132096.0,nan,nan,nan,nan,nan,nan,nan,nan,0,0.025272523228901677,0.5502645502645502,0.0006387004303553748,0.017761283450656466,-0.010732901300701814,0.46054431575672167
small,AdaBelief,LRCX,42,0.9999,,0.0006489920474234081,0.0009646946144356968,False,,,10000,22.306384325027466,0.002230638432502747,0.1756616004838923,0.0029,17.37841796875,nan,nan,0.00022608523431699723,0.0004229068131064109,0.0011158316510636443,0.024952346899751916,0.33489472535962195,71.35152560928353,0.06628925614058954,29.062441611341747,14345.668725924545,132096.0,nan,nan,nan,nan,nan,nan,nan,nan,0,0.025475322322267253,0.5119363395225465,0.0006489920474234081,0.01839285552817047,-4.464734791098657e-05,0.2179367264438608
small,AdaBelief,LRCX,43,0.9999,,0.000650179094423062,0.0009647231519380362,False,,,10000,22.246479034423828,0.0022246479034423827,0.17562123395319776,0.0039,17.37841796875,2000,0.2,0.000466196914203465,0.00018398218021959702,0.00142469591006514,0.02491476011452646,0.3234355959480103,136.76893373776736,0.1026925753802061,16.241183708537736,14384.298724523434,132096.0,nan,nan,nan,nan,nan,nan,nan,nan,0,0.025498609656666813,0.4880636604774536,0.000650179094423062,0.018425502474345858,-0.001873791484371834,-0.2179367264438608
small,AdaBelief,LRCX,44,0.9999,,0.0006492764309600547,0.0009644950100218269,False,,,10000,22.57375931739807,0.002257375931739807,0.17566596871417334,0.0045,17.37841796875,500,0.05,0.00019512622384354472,0.00045415020711651,0.0011869403206474284,0.024801236441473855,0.12538283667726594,98.09832847008391,0.05500938501209018,21.695787129901234,14175.751389063906,132096.0,nan,nan,nan,nan,nan,nan,nan,nan,0,0.02548090326028602,0.4880636604774536,0.0006492764309600547,0.018401304880777996,-0.00048285954904114803,-0.2179367264438608
small,AdaBelief,MCHP,42,0.9999,,0.0005233187681783444,0.0007235945377805188,False,,,10000,22.295091152191162,0.002229509115219116,0.1754361968185845,0.0019,17.37841796875,5500,0.55,0.00034045675420202315,0.0001828620139763213,0.0011697646319391874,0.02489831923573009,0.4823335541342901,103.06234532816038,0.0880265049636364,19.459028297756955,14352.93526344477,132096.0,nan,nan,nan,nan,nan,nan,nan,nan,0,0.022876161570034963,0.5,0.0005233187681783444,0.01732283042221473,-6.779611478879843e-07,0.7576117278716642
small,AdaBelief,MCHP,43,0.9999,,0.0005366966995612654,0.000722389085223251,False,,,10000,22.34626817703247,0.002234626817703247,0.17554546505535987,0.0034,17.37841796875,7500,0.75,0.0002926882298197597,0.00024400846974150566,0.0010014024772733554,0.0250568160673658,-0.034695778554918684,720.631345956143,0.08635235987603664,16.03634389349531,14320.064427083915,132096.0,nan,nan,nan,nan,nan,nan,nan,nan,0,0.023166715338201603,0.5,0.0005366966995612654,0.01740700605685118,-0.025564332976248716,0.7576117278716642
small,AdaBelief,MCHP,44,0.9999,,0.0005269674239335236,0.0007233551705863811,False,,,10000,22.36345386505127,0.0022363453865051268,0.17566886147862185,0.0026,17.37841796875,4000,0.4,8.921944390749559e-05,0.00043774798002602804,0.0012154743487856172,0.02480064735512064,0.1597314675297454,34.94446688421025,0.07793200202286242,19.1302261274369,14309.0598585974,132096.0,nan,nan,nan,nan,nan,nan,nan,nan,0,0.022955771037661176,0.4973404255319149,0.0005269674239335236,0.017380026913193798,-0.00697283040568375,0.7890423091996533
small,AdaBelief,META,42,0.9999,,0.00045782369825075257,0.0010906392091456273,False,,,10000,22.319036960601807,0.0022319036960601808,0.17558919074328314,0.0026,17.36279296875,750,0.075,0.0004355173441581428,2.2306354092609766e-05,0.0014037455648393544,0.02478936138180157,0.304744475515325,244.059011850028,0.08740589283406734,29.489539328336484,14337.536183343082,132096.0,nan,nan,nan,nan,nan,nan,nan,nan,0,0.021396815142697114,0.5362776025236593,0.00045782369825075257,0.014513285654895711,-0.0006826392297247796,1.5751654238639055
small,AdaBelief,META,43,0.9999,,0.00045784469108161685,0.001091728733165031,False,,,10000,22.188712120056152,0.002218871212005615,0.17546130133053953,0.0037,17.36279296875,7250,0.725,0.0005606674822047353,-0.00010282279112311843,0.0015071421213195537,0.024988945168454922,0.2545595824788875,550.6280286127393,0.10186673738062381,17.225445005063527,14421.747340205258,132096.0,nan,nan,nan,nan,nan,nan,nan,nan,0,0.02139730569678381,0.5362776025236593,0.00045784469108161685,0.014514722164321996,-0.0007285240571692775,1.5751654238639055
small,AdaBelief,META,44,0.9999,,0.0004576564584888002,0.0010904468572478189,False,,,10000,22.429511308670044,0.0022429511308670043,0.17566644430475825,0.0034,17.36279296875,1000,0.1,0.0008241025498136878,-0.0003664460913248876,0.001238838069591092,0.0249572444473776,0.33883860457646864,275.8020890577647,0.06573411673307418,16.93845334723851,14266.918061487377,132096.0,nan,nan,nan,nan,nan,nan,nan,nan,0,0.02139290673304589,0.5362776025236593,0.0004576564584888002,0.014500923876492482,-0.0003170969325172468,1.5751654238639055
small,AdaBelief,MRVL,42,0.9999,,0.0011155394019273224,0.25922968533058066,False,,,10000,22.27206015586853,0.0022272060155868532,0.1756375567259295,0.0043,17.37841796875,4000,0.4,0.0010377594735473394,7.777992837998296e-05,1.4405364816402697,0.025091943906020382,-0.10416131044115251,91.63168923034006,0.06745773255825042,17.153578017260642,14367.777285105898,132096.0,nan,nan,nan,nan,nan,nan,nan,nan,0,0.0333996916441952,0.5225464190981433,0.0011155394019273224,0.024573871067592075,-0.08341821330455446,0.8098139735319513
small,AdaBelief,MRVL,43,0.9999,,0.001037245231961447,0.0015817659286984714,False,,,10000,22.58570432662964,0.0022585704326629637,0.17554238916404558,0.0023,17.37841796875,500,0.05,0.00119532342068851,-0.00015807818872706292,0.0018988148919467267,0.024617412272072696,-0.1773616935881487,81.76413615180807,0.08510508313775053,18.722049971944514,14168.254191776721,132096.0,nan,nan,nan,nan,nan,nan,nan,nan,0,0.032206291807059174,0.47745358090185674,0.001037245231961447,0.023349867926703557,-0.007378470028755801,-0.8098139735319513
small,AdaBelief,MRVL,44,0.9999,,0.0010363085087014253,0.0015817633990583748,False,,,10000,22.465665102005005,0.0022465665102005005,0.17566596309712387,0.0046,17.37841796875,1500,0.15,0.00022288187756203115,0.0008134266311393941,0.0017853674576946209,0.024675835276566367,0.25475159758667587,74.86302628997939,0.06579624637961386,20.013187230099476,14243.958438223171,132096.0,nan,nan,nan,nan,nan,nan,nan,nan,0,0.03219174597162175,0.47745358090185674,0.0010363085087014253,0.023333988492451017,-0.006468719069730788,-0.8098139735319513
small,AdaBelief,MSFT,42,0.9999,,0.00016562352893213745,0.00043579220613687044,False,,,10000,22.255391597747803,0.00222553915977478,0.17553580895742846,0.0032,17.37841796875,750,0.075,0.0004794130800291896,-0.00031378955109705213,0.0005390846464963606,0.025076287661819203,0.1945437376105138,58.71203586365903,0.049602335877716536,22.103691809940056,14378.53827889433,132096.0,nan,nan,nan,nan,nan,nan,nan,nan,0,0.012869480523010145,0.5529100529100529,0.00016562352893213745,0.009759302492494936,-0.0019670778433509284,0.7335835718058848
small,AdaBelief,MSFT,43,0.9999,,0.0001653305516041145,0.0004359437473889055,False,,,10000,22.292805910110474,0.0022292805910110475,0.17556591705962762,0.0026,17.37841796875,3000,0.3,0.000683673017192632,-0.0005183424655885175,0.0008039263531941667,0.024914500827617876,0.1415094390634617,39.06647386196697,0.06860227957367895,21.18984882613652,14354.406587053725,132096.0,nan,nan,nan,nan,nan,nan,nan,nan,0,0.012858092844746241,0.5529100529100529,0.0001653305516041145,0.00972266676564696,-0.00019466278175794827,0.7335835718058848
small,AdaBelief,MSFT,44,0.9999,,0.00016548951703404625,0.00043580947883565483,False,,,10000,22.164066791534424,0.0022164066791534424,0.17566693126941002,0.0043,17.37841796875,500,0.05,8.211422391468659e-05,8.337529311935966e-05,0.0005966498642107877,0.02481503315334082,0.2463312900716481,140.29233780508653,0.06844234690070151,26.74339726033123,14437.783598550794,132096.0,nan,nan,nan,nan,nan,nan,nan,nan,0,0.012864272891774577,0.5529100529100529,0.00016548951703404625,0.009745294454867246,-0.001156350582602217,0.7335835718058848
small,AdaBelief,MSI,42,0.9999,,0.00011980207390570766,0.000294445028197544,False,,,10000,22.205994606018066,0.0022205994606018064,0.1756612874873647,0.0037,17.37841796875,9500,0.95,0.00028218317311257124,-0.00016238109920686358,0.0004899635300874337,0.02487091543156143,0.272545989294314,147.64486172290717,0.0665261834859847,17.55900448338965,14410.523179775812,132096.0,nan,nan,nan,nan,nan,nan,nan,nan,0,0.010945413372993623,0.5687830687830688,0.00011980207390570766,0.007560579865067093,-0.0031060754343685826,1.807944375855319
small,AdaBelief,MSI,43,0.9999,,0.0001205516456769257,0.00029430706399821477,False,,,10000,22.29617190361023,0.002229617190361023,0.17566355342076526,0.0037,17.37841796875,5250,0.525,0.0003297672374173999,-0.00020921559174047417,0.0003811147960644875,0.024925628084694174,0.42322456434266087,191.50571466931927,0.053085247427225105,15.12392132164037,14352.239540644425,132096.0,nan,nan,nan,nan,nan,nan,nan,nan,0,0.010979601344171185,0.5687830687830688,0.0001205516456769257,0.007608054176209465,-0.009382260588514768,1.807944375855319
small,AdaBelief,MSI,44,0.9999,,0.00012119684033292942,0.00029441222192754164,False,,,10000,22.374204397201538,0.002237420439720154,0.1756847047601099,0.0032,17.37841796875,9500,0.95,0.00021605455549433827,-9.485771516140886e-05,0.0005785416468895837,0.024908688185422332,0.10981107391335758,232.67950299685765,0.06411253549158573,16.96446595370063,14302.184529968097,132096.0,nan,nan,nan,nan,nan,nan,nan,nan,0,0.011008943652000832,0.4312169312169312,0.00012119684033292942,0.007645542659456768,-0.014784493272604227,-1.807944375855319
small,AdaBelief,MU,42,0.9999,,0.3600076746057581,0.0008075681542211882,True,0.36 is >50.0x off the grid-point peer median 0.0003911,,10000,22.45518970489502,0.002245518970489502,0.17559123814665048,0.0036,17.37841796875,nan,nan,0.0009220617357641459,0.35908561286999396,0.001012488142581227,0.024884003700709065,0.0164722442110774,35.237905030555964,0.06799163930118082,28.79795322957404,14250.603277256794,132096.0,nan,nan,nan,nan,nan,nan,nan,nan,0,0.6000063954707134,0.47883597883597884,0.3600076746057581,0.05132585353952236,-431.9115174462172,-0.30169850505486867
small,AdaBelief,MU,43,0.9999,,0.0008371383267104941,0.0008077832526806495,False,,,10000,22.242024421691895,0.0022242024421691895,0.17555615204107958,0.0033,17.37841796875,6250,0.625,0.0007656223606318235,7.151596607867059e-05,0.001216753914933022,0.024956013280169557,0.3088247772294533,519.1286071640739,0.10087994746863838,16.448437377306703,14387.179598989866,132096.0,nan,nan,nan,nan,nan,nan,nan,nan,0,0.028933342819496232,0.47619047619047616,0.0008371383267104941,0.020662732855983513,-0.006664159939079983,-0.43193267581776207
small,AdaBelief,MU,44,0.9999,,0.0008328825866103803,0.0008081012758715399,False,,,10000,22.277037620544434,0.0022277037620544436,0.1756673462922298,0.0045,17.37841796875,6250,0.625,0.000575026439037174,0.00025785614757320636,0.0011094758684988826,0.024986446863114724,0.19773346274799555,283.868902701946,0.0858439579606056,15.742361247937811,14364.56702415801,132096.0,nan,nan,nan,nan,nan,nan,nan,nan,0,0.028859705241224838,0.47619047619047616,0.0008328825866103803,0.02057286166640186,-0.0015466054130146567,-0.43193267581776207
small,AdaBelief,NOW,42,0.9999,,0.0004230681865934342,0.0006919218476410884,False,,,10000,22.27902913093567,0.002227902913093567,0.1754502108550148,0.0026,17.36181640625,2500,0.25,0.0005710108671337366,-0.00014794268054030242,0.0012364329768077972,0.025043660247924465,-0.09236643936562079,56.76910437523414,0.10225573219358909,21.688065039236324,14363.282983263496,132096.0,nan,nan,nan,nan,nan,nan,nan,nan,0,0.020568621407217214,0.5936507936507937,0.0004230681865934342,0.014286751217312283,-0.004734068565634075,1.5694227407315364
small,AdaBelief,NOW,43,0.9999,,0.000424396518677,0.0006920040413072914,False,,,10000,22.61930012702942,0.002261930012702942,0.17551343185534007,0.0032,17.36181640625,1500,0.15,0.0007762147579342127,-0.0003518182392572127,0.0009379997641388428,0.02504538571672823,0.18736566379246897,52.26524189706821,0.08584170155227182,17.42169605815529,14147.210488515917,132096.0,nan,nan,nan,nan,nan,nan,nan,nan,0,0.0206008863565867,0.5936507936507937,0.000424396518677,0.014359334915403336,-0.007888691250629298,1.5694227407315364
small,AdaBelief,NOW,44,0.9999,,0.00042162021947285487,0.0006925168500584402,False,,,10000,22.089142322540283,0.0022089142322540283,0.1755873670461907,0.0042,17.36181640625,nan,nan,0.0006016204715706408,-0.00018000025209778594,0.0011560290810934532,0.024856504069178942,-0.02378382661958754,196.11654602201182,0.07858941778540608,25.5863650118684,14486.755317496616,132096.0,nan,nan,nan,nan,nan,nan,nan,nan,0,0.020533392790107893,0.5936507936507937,0.00042162021947285487,0.01419822753421844,-0.001295327619586617,1.5694227407315364
small,AdaBelief,NVDA,42,0.9999,,0.000889939132821623,0.001472654962413191,False,,,10000,22.65034317970276,0.002265034317970276,0.17565944886498558,0.0054,17.37841796875,2250,0.225,0.0019655090291053057,-0.0010755698962836826,0.0016473934134439427,0.02483224542138166,0.22216471944966543,110.61035829708177,0.06242620162665844,22.781069709952078,14127.821263509852,132096.0,nan,nan,nan,nan,nan,nan,nan,nan,0,0.029831847626682846,0.5570291777188329,0.000889939132821623,0.022276176977409887,-0.004112931024896849,1.6280204639536195
small,AdaBelief,NVDA,43,0.9999,,0.0008890980450564592,0.001472819389019468,False,,,10000,22.5359103679657,0.00225359103679657,0.17566445171720432,0.0037,17.37841796875,500,0.05,0.0007995403138920665,8.955773116439269e-05,0.0019870058339541926,0.02476109226253343,0.30822200637977193,124.4415887628905,0.08548636585474013,17.09169638568989,14199.559493051276,132096.0,nan,nan,nan,nan,nan,nan,nan,nan,0,0.02981774714924753,0.5570291777188329,0.0008890980450564592,0.022257413813676782,-0.0031639367959881426,1.6280204639536195
small,AdaBelief,NVDA,44,0.9999,,0.000890537938743672,0.0014726072154563682,False,,,10000,22.34838891029358,0.0022348388910293578,0.17566803932248504,0.0043,17.37841796875,500,0.05,0.00032657658448442817,0.0005639613542592439,0.0019236109390199116,0.024842864025302752,-0.17724738646650004,121.01826665476139,0.09041503109037874,24.974535722917796,14318.705535530093,132096.0,nan,nan,nan,nan,nan,nan,nan,nan,0,0.02984188229223606,0.5570291777188329,0.000890537938743672,0.022288948139816366,-0.004788560118312857,1.6280204639536195
small,AdaBelief,NXPI,42,0.9999,,0.00045855688162086425,0.0006675409019322686,False,,,10000,22.214109182357788,0.0022214109182357787,0.17564318015836639,0.0036,17.37451171875,1000,0.1,0.0006743503035977483,-0.00021579342197688403,0.000909059750580352,0.024930423741622586,0.37848369275423394,57.05913835819515,0.07629656270146369,26.046001460171883,14405.259169885625,132096.0,nan,nan,nan,nan,nan,nan,nan,nan,0,0.021413941291151057,0.5344352617079889,0.00045855688162086425,0.016700421483063502,-0.0004323896378737313,0.02440675184091521
small,AdaBelief,NXPI,43,0.9999,,0.00045836920087987727,0.0006674991210521256,False,,,10000,22.362618446350098,0.0022362618446350097,0.175594107377937,0.0022,17.37451171875,500,0.05,0.000934980867896229,-0.00047661166701635176,0.0010155817478755865,0.024936671743419864,0.424408222945402,40.68520461621245,0.09174908883869648,24.214483776028,14309.594413896939,132096.0,nan,nan,nan,nan,nan,nan,nan,nan,0,0.02140955863346737,0.5344352617079889,0.00045836920087987727,0.01672036720044685,-2.2927039622144818e-05,0.02440675184091521
small,AdaBelief,NXPI,44,0.9999,,0.0004586618875997454,0.0006680699754815075,False,,,10000,22.29374647140503,0.0022293746471405028,0.1756671617562114,0.005,17.37451171875,4250,0.425,0.000502567330840975,-4.390544324122964e-05,0.0010814003668538673,0.024892666629145466,0.3069546278731674,119.09118758505436,0.08890748620033256,25.443047686333227,14353.800982282028,132096.0,nan,nan,nan,nan,nan,nan,nan,nan,0,0.021416392964263273,0.465564738292011,0.0004586618875997454,0.01676817833556288,-0.0006614809165979008,-0.02440675184091521
small,AdaBelief,ORCL,42,0.9999,,0.00043701447507061024,0.0003215402997140859,False,,,10000,22.19111943244934,0.002219111943244934,0.17565500961890804,0.0023,17.37841796875,5750,0.575,0.0003930638777092099,4.395059736140032e-05,0.0005150057982504146,0.024900072099477526,0.051699960138668996,74.57412273840842,0.06641368046402922,18.204186553283293,14420.182856213849,132096.0,nan,nan,nan,nan,nan,nan,nan,nan,0,0.020904891175765786,0.5558510638297872,0.00043701447507061024,0.012898119669111948,-0.000518859865688448,0.7129394529647527
small,AdaBelief,ORCL,43,0.9999,,0.0004367958852853725,0.00032126233574566223,False,,,10000,22.161112546920776,0.0022161112546920775,0.1756349683942775,0.0056,17.37841796875,4000,0.4,0.00019895227160304785,0.00023784361368232464,0.0006297982077343013,0.024942962294463467,0.06381890507183702,259.8082315346769,0.07345766387879848,19.16851086861225,14439.708264757814,132096.0,nan,nan,nan,nan,nan,nan,nan,nan,0,0.020899662324673395,0.5558510638297872,0.0004367958852853725,0.012912978570928019,-1.8411447660460212e-05,0.7129394529647527
small,AdaBelief,ORCL,44,0.9999,,0.0004376732010059256,0.00032198069424464786,False,,,10000,22.290851354599,0.0022290851354599,0.17566516228122048,0.0025,17.37841796875,8500,0.85,0.00014741370978299528,0.0002902594912229303,0.0004998674359174357,0.024957043588436728,0.10786340005337627,73.12990748125867,0.06659122481942167,15.93806826331624,14355.665241739558,132096.0,nan,nan,nan,nan,nan,nan,nan,nan,0,0.02092064054960855,0.4441489361702128,0.0004376732010059256,0.01298981747299275,-0.0020269740343534792,-0.7129394529647527
small,AdaBelief,PANW,42,0.9999,,0.0007958393188039209,0.0006490779189636914,False,,,10000,22.175968647003174,0.0022175968647003175,0.17564495665463958,0.0059,17.36181640625,nan,nan,0.000434801826486364,0.00036103749231755687,0.001041199727849233,0.024998843260958584,0.23099124696165,204.98516546336728,0.07585779801011085,28.278323383783036,14430.034831567293,132096.0,nan,nan,nan,nan,nan,nan,nan,nan,0,0.028210624218615244,0.5700636942675159,0.0007958393188039209,0.017106871696034816,-5.987214077718406e-05,0.7691128136741022
small,AdaBelief,PANW,43,0.9999,,0.0007959012487891373,0.0006495571364990819,False,,,10000,22.266730785369873,0.0022266730785369874,0.1754421805256563,0.0028,17.36181640625,nan,nan,0.0006587031530216336,0.00013719809576750368,0.0010212009236005362,0.024912262504805015,0.18078765671958505,67.2051848802188,0.08393713980913162,26.801433478573994,14371.216101927846,132096.0,nan,nan,nan,nan,nan,nan,nan,nan,0,0.02821172183311641,0.5700636942675159,0.0007959012487891373,0.017050837255587245,-0.00013769399706653473,0.7691128136741022
small,AdaBelief,PANW,44,0.9999,,0.000795942108342602,0.0006490521156749786,False,,,10000,22.11095666885376,0.002211095666885376,0.1756627610430892,0.005,17.36181640625,750,0.075,0.0014225634513422847,-0.0006266213429996826,0.0008765347793294257,0.024822711343788936,0.26561398297654826,338.7132882615285,0.07321693561971185,20.845934907945885,14472.462896676145,132096.0,nan,nan,nan,nan,nan,nan,nan,nan,0,0.02821244598298067,0.5700636942675159,0.000795942108342602,0.01712612893171371,-0.00018903853213547706,0.7691128136741022
small,AdaBelief,PTC,42,0.9999,,0.0001781197294356331,0.0004566757685309696,False,,,10000,22.462066888809204,0.0022462066888809203,0.17563088620322215,0.0036,17.37841796875,1250,0.125,0.0002900039544329047,-0.00011188422499727163,0.000865395243399923,0.0248904916117616,0.26225669986894634,115.48638665270173,0.07852551192045211,14.58998693309584,14246.240187247718,132096.0,nan,nan,nan,nan,nan,nan,nan,nan,0,0.013346150360146296,0.46419098143236076,0.0001781197294356331,0.010278357399834527,-0.017349971281144683,-0.8123563159323363
small,AdaBelief,PTC,43,0.9999,,0.00017563738520183262,0.00045554980200861113,False,,,10000,22.07415533065796,0.002207415533065796,0.17566592977001458,0.0027,17.37841796875,2000,0.2,0.00042138469871133566,-0.000245747313509503,0.0009555440609660885,0.02502463154798476,-0.10548443354343626,483.1361304107368,0.08412963598966598,14.672887244506837,14496.590932091707,132096.0,nan,nan,nan,nan,nan,nan,nan,nan,0,0.01325282555539884,0.5358090185676393,0.00017563738520183262,0.01012695277178729,-0.003171795494731011,0.8123563159323363
small,AdaBelief,PTC,44,0.9999,,0.00017535447995498698,0.0004545760881995649,False,,,10000,22.48241114616394,0.002248241114616394,0.17566654903851286,0.0042,17.37841796875,750,0.075,0.0005755512975156307,-0.00040019681756064377,0.0006867265865274621,0.02480839673575081,0.04032575475269119,63.50883905138391,0.07603567019104955,25.669426406320937,14233.348812971957,132096.0,nan,nan,nan,nan,nan,nan,nan,nan,0,0.01324214786033546,0.5358090185676393,0.00017535447995498698,0.010159761817366988,-0.0015559517829444314,0.8123563159323363
small,AdaBelief,PYPL,42,0.9999,,0.00045306359728177387,0.0005505843197598177,False,,,10000,22.419390201568604,0.00224193902015686,0.17555610793594242,0.0035,17.34130859375,1750,0.175,0.0004871821729466319,-3.411857566485804e-05,0.0009077893900372966,0.02493355141126982,0.10280576154492846,95.42788666661225,0.0761074412614107,17.324683222665392,14273.35878107919,132096.0,nan,nan,nan,nan,nan,nan,nan,nan,0,0.02128529063183714,0.4583333333333333,0.00045306359728177387,0.015530818700790405,-0.015315300335875914,-0.9941912295175683
small,AdaBelief,PYPL,43,0.9999,,0.0004544765998919805,0.0005507037168791314,False,,,10000,22.372485876083374,0.0022372485876083373,0.1756321178126967,0.0044,17.34130859375,500,0.05,0.003226829692721367,-0.0027723530928293865,0.0008725155513365189,0.02497387542734248,0.188249694486437,330.3873564426944,0.07807922959327697,17.448363822038402,14303.283138602235,132096.0,nan,nan,nan,nan,nan,nan,nan,nan,0,0.021318456789645456,0.4583333333333333,0.0004544765998919805,0.015575764576594035,-0.018481838495561842,-0.9941912295175683
small,AdaBelief,PYPL,44,0.9999,,0.0004526390073200067,0.0005505741769526185,False,,,10000,22.374353885650635,0.0022374353885650637,0.17566607489106123,0.0033,17.34130859375,1250,0.125,0.0003409541677683592,0.00011168483955164752,0.0008530237592967053,0.024763602492816724,0.3355498605230969,141.16940306139787,0.08770389519631862,16.631861645842136,14302.088973627342,132096.0,nan,nan,nan,nan,nan,nan,nan,nan,0,0.021275314505783616,0.4583333333333333,0.0004526390073200067,0.015518354376157124,-0.014363794438828181,-0.9941912295175683
small,AdaBelief,QCOM,42,0.9999,,0.000503680220356694,0.000728455794584846,False,,,10000,22.22720432281494,0.002222720432281494,0.17565431793339653,0.0034,17.37841796875,nan,nan,0.0002616538549773395,0.0002420263653793545,0.0011015748579161738,0.02490997565985905,0.27039433505702565,91.43243915765055,0.08674493171274662,29.375830847686196,14396.77232244356,132096.0,nan,nan,nan,nan,nan,nan,nan,nan,0,0.02244282113186072,0.4576719576719577,0.000503680220356694,0.01628345156472827,-0.004629797807053748,-0.5393494505252394
small,AdaBelief,QCOM,43,0.9999,,0.0005045018341175463,0.0007283516050333686,False,,,10000,22.123352766036987,0.002212335276603699,0.17566713984592316,0.003,17.37841796875,5500,0.55,0.00032006771652959287,0.0001844341175879534,0.001046334512216059,0.024812932954786003,0.24074987507365841,54.242326887927064,0.08483347222208977,18.770692720272102,14464.3537254106,132096.0,nan,nan,nan,nan,nan,nan,nan,nan,0,0.02246111827397617,0.4576719576719577,0.0005045018341175463,0.01631773968853017,-0.006268571046662119,-0.5393494505252394
small,AdaBelief,QCOM,44,0.9999,,0.0005028886848656589,0.0007287293909715404,False,,,10000,22.255248546600342,0.002225524854660034,0.17566563394122692,0.0039,17.37841796875,2750,0.275,0.0001432830758858472,0.0003596056089798117,0.0010532183439757705,0.02465480222787113,-0.1192799560017584,182.10413601535834,0.09166269339621066,16.43733116301826,14378.630700526704,132096.0,nan,nan,nan,nan,nan,nan,nan,nan,0,0.022425179706429533,0.4576719576719577,0.0005028886848656589,0.01624766859427962,-0.003051018041287712,-0.5393494505252394
small,AdaBelief,ROP,42,0.9999,,0.00011157014816211015,0.00021844805867981848,False,,,10000,22.463189601898193,0.0022463189601898193,0.17555471082868562,0.003,17.37841796875,1750,0.175,0.00015819101827219129,-4.662087011008114e-05,0.00041932344592721056,0.024888063350653543,0.42899727517668734,44.53916861817795,0.06406208649277684,19.967244881152578,14245.52815834129,132096.0,nan,nan,nan,nan,nan,nan,nan,nan,0,0.010562677130448991,0.47214854111405835,0.00011157014816211015,0.0075145139896049705,-0.009943704411046195,-0.3450198414898484
small,AdaBelief,ROP,43,0.9999,,0.00011047399627468574,0.0002179237907698047,False,,,10000,22.328824996948242,0.0022328824996948244,0.1756330326137488,0.0038,17.37841796875,nan,nan,0.0002792552695609629,-0.0001687812732862772,0.0003898376285409568,0.024997903580044462,0.23025110736383142,215.79216980082464,0.06369047202169895,29.628427842281557,14331.251198562195,132096.0,nan,nan,nan,nan,nan,nan,nan,nan,0,0.010510661076958278,0.5278514588859416,0.00011047399627468574,0.007420577069438955,-2.1232172557894557e-05,0.3450198414898484
small,AdaBelief,ROP,44,0.9999,,0.00011051791133704009,0.00021783025337467144,False,,,10000,22.160879611968994,0.0022160879611968992,0.17566609858488666,0.004,17.37841796875,nan,nan,6.168358959257603e-05,4.8834321744464066e-05,0.00030235041776360485,0.024932778411520553,0.1312027040038789,117.38200067939188,0.055757736414670925,25.536369319171005,14439.860041799488,132096.0,nan,nan,nan,nan,nan,nan,nan,nan,0,0.01051274994171554,0.5278514588859416,0.00011051791133704009,0.007431357625931028,-0.0004187555377610508,0.3450198414898484
small,AdaBelief,SNOW,42,0.9999,,0.0015235722338387725,0.0008318307243774984,False,,,10000,22.187857389450073,0.002218785738945007,0.17566480850145005,0.0024,17.30712890625,3250,0.325,0.0022387353237718344,-0.0007151630899330619,0.0013148823220496151,0.025011454816010546,0.17998152293433045,60.76423330829578,0.09122817814350127,16.234737310691344,14422.302901232557,132096.0,nan,nan,nan,nan,nan,nan,nan,nan,0,0.03903296342629871,0.42201834862385323,0.0015235722338387725,0.022458198967329954,-0.03070217461752578,-0.6779454056483954
small,AdaBelief,SNOW,43,0.9999,,0.0015732006195488327,0.0008400671671484119,False,,,10000,22.40506339073181,0.002240506339073181,0.175662071671365,0.0024,17.30712890625,2250,0.225,0.001501134829595685,7.206578995314766e-05,0.001410394558839709,0.024928607367138998,-0.05417981900056935,278.5153300655745,0.09956220649182794,16.472772736739977,14282.485812219249,132096.0,nan,nan,nan,nan,nan,nan,nan,nan,0,0.039663593124537176,0.42201834862385323,0.0015732006195488327,0.023432591639527486,-0.06427595860887214,-0.6779454056483954
small,AdaBelief,SNOW,44,0.9999,,0.0015274245257771344,0.0008318321170093857,False,,,10000,22.320171356201172,0.0022320171356201173,0.17566655049510296,0.0045,17.30712890625,8500,0.85,0.0018064745236188173,-0.00027904999784168294,0.001383867701294609,0.024873699690623845,0.37928946001170327,87.97688661145479,0.0951511777937412,13.645425399653359,14336.807495480763,132096.0,nan,nan,nan,nan,nan,nan,nan,nan,0,0.03908227892251339,0.42201834862385323,0.0015274245257771344,0.02253490850466107,-0.033308264168085966,-0.6779454056483954
small,AdaBelief,TEL,42,0.9999,,0.00017448605368377038,0.0003683369814242861,False,,,10000,22.588749408721924,0.0022588749408721923,0.17558526021082152,0.0033,17.37841796875,5500,0.55,0.00038890267023816705,-0.00021441661655439666,0.0006619758560918086,0.02491262478506957,0.10911686511827726,1591.537269209469,0.08469941280782214,17.308000901405848,14166.344236677494,132096.0,nan,nan,nan,nan,nan,nan,nan,nan,0,0.01320931692722112,0.5,0.00017448605368377038,0.010003875803064418,-0.060225425939522736,-0.15036013081822847
small,AdaBelief,TEL,43,0.9999,,0.0001650601428337198,0.0003610925269696061,False,,,10000,22.584646701812744,0.0022584646701812746,0.1756451212246649,0.0022,17.37841796875,1000,0.1,0.0002601570449769497,-9.509690214322988e-05,0.0008049982699424906,0.025118369816298412,0.08095757148012976,106.85854753978715,0.08423583023250102,15.937154302717937,14168.917682219726,132096.0,nan,nan,nan,nan,nan,nan,nan,nan,0,0.012847573422001518,0.5,0.0001650601428337198,0.009698396006589213,-0.0029509897603727797,-0.15036013081822847
small,AdaBelief,TEL,44,0.9999,,0.0001649384992936301,0.0003610541871118925,False,,,10000,22.38127112388611,0.002238127112388611,0.1756682089322012,0.0025,17.37841796875,4750,0.475,0.00014345889212563634,2.1479607167993755e-05,0.0006483026187873767,0.024993386673167715,0.1772229532339682,55.01564952449462,0.07241770103573798,16.41853823603146,14297.668717237617,132096.0,nan,nan,nan,nan,nan,nan,nan,nan,0,0.012842838443803227,0.5,0.0001649384992936301,0.009695184293878141,-0.002211850033262186,-0.15036013081822847
small,AdaBelief,TSLA,42,0.9999,,0.0013554625498141096,0.0015689851486519592,False,,,10000,22.462275505065918,0.0022462275505065916,0.17565930002373067,0.0035,17.37548828125,8750,0.875,0.002255090745165944,-0.0008996281953518345,0.001996944641120651,0.02490178819897717,0.16959315935304245,73.37166434898133,0.09922695159912104,17.727784104607373,14246.10787664101,132096.0,nan,nan,nan,nan,nan,nan,nan,nan,0,0.03681660698399718,0.4972677595628415,0.0013554625498141096,0.026583775796525464,-0.0005403508012700176,0.3845774534987678
small,AdaBelief,TSLA,43,0.9999,,0.0013554258261873422,0.0015689915173674282,False,,,10000,22.199404001235962,0.0022199404001235963,0.17560541489299344,0.0016,17.37548828125,8500,0.85,0.0015013469383120537,-0.00014592111212471145,0.0024056130557634724,0.024899064203196267,-0.042555140517221736,21.661719303081004,0.12701349481940266,15.645778809961987,14414.80140557755,132096.0,nan,nan,nan,nan,nan,nan,nan,nan,0,0.03681610824336736,0.4972677595628415,0.0013554258261873422,0.0265838956572319,-0.0005132431025631767,0.3845774534987678
small,AdaBelief,TSLA,44,0.9999,,0.0013551269886923618,0.0015690973360244541,False,,,10000,22.38899517059326,0.0022388995170593263,0.1756673765040622,0.006,17.37548828125,500,0.05,0.0020991708151996136,-0.0007440438265072517,0.002119751867596459,0.024830020602684792,0.11307303223436357,339.7563297618256,0.086906511709094,24.584599385594554,14292.736121552376,132096.0,nan,nan,nan,nan,nan,nan,nan,nan,0,0.03681204950410072,0.4972677595628415,0.0013551269886923618,0.02658584469654521,-0.00029265495565988786,0.3845774534987678
small,AdaBelief,TXN,42,0.9999,,0.0002668602441353773,0.0003534866897117554,False,,,10000,22.432612419128418,0.0022432612419128416,0.17794917507520136,0.0039,17.37841796875,1250,0.125,0.00018906575860455632,7.779448553082096e-05,0.0006591314850863426,0.025510069750216545,0.4416083103393362,197.52422979183658,0.05239247269928451,40.83744015415351,14264.945786124052,132096.0,nan,nan,nan,nan,nan,nan,nan,nan,0,0.016335857618606293,0.5,0.0002668602441353773,0.012503982221007978,-0.007006667650940823,-0.21894925911594168
small,AdaBelief,TXN,43,0.9999,,0.00026507514021384025,0.0003522842411021023,False,,,10000,22.539222955703735,0.0022539222955703735,0.17566642193960136,0.0059,17.37841796875,2500,0.25,0.00024652015417814255,1.8554986035697698e-05,0.0004974261533319728,0.02494367112465193,0.19344226868996697,729.8687174061683,0.07187851183116435,25.946280883744336,14197.47258496422,132096.0,nan,nan,nan,nan,nan,nan,nan,nan,0,0.016281128345843856,0.5,0.00026507514021384025,0.012445096616391782,-0.00027051421129331565,-0.21894925911594168
small,AdaBelief,TXN,44,0.9999,,0.0002650939046390473,0.00035228546639652403,False,,,10000,22.04931664466858,0.002204931664466858,0.17566671550400148,0.005,17.37841796875,500,0.05,6.913158722454682e-05,0.0001959623174145005,0.0005981117418037258,0.024931388445932453,0.1833862413344018,406.03359720181436,0.07329366430640216,17.27785197039812,14512.92142776563,132096.0,nan,nan,nan,nan,nan,nan,nan,nan,0,0.016281704598691358,0.5,0.0002650939046390473,0.012445345126762592,-0.00034132244036988446,-0.21894925911594168
small,AdaBelief,TYL,42,0.9999,,0.00022618070481315492,0.0005630494270780042,False,,,10000,22.432326555252075,0.0022432326555252074,0.17564499654974727,0.0033,17.37841796875,4750,0.475,0.00015021808212623,7.596262268692492e-05,0.0010205897507858561,0.024872876926373983,0.08116509559957769,191.13253435248603,0.09752700887620447,15.338871230170886,14265.127569885455,132096.0,nan,nan,nan,nan,nan,nan,nan,nan,0,0.015039305330139252,0.4894179894179894,0.00022618070481315492,0.010219282574123807,-0.00808373675295182,-0.9111216109985153
small,AdaBelief,TYL,43,0.9999,,0.00022621204455693564,0.0005630454745153533,False,,,10000,22.77170443534851,0.002277170443534851,0.1754655420247282,0.0037,17.37841796875,750,0.075,0.00047704417374916375,-0.0002508321291922281,0.000811078781855558,0.024966707789844493,0.3039592843306224,154.65207699089638,0.0686737626791,17.487842888596912,14052.527377057648,132096.0,nan,nan,nan,nan,nan,nan,nan,nan,0,0.015040347221953874,0.4894179894179894,0.00022621204455693564,0.010219833207508874,-0.008223417483213202,-0.9111216109985153
small,AdaBelief,TYL,44,0.9999,,0.00022547416113041067,0.000563240177751536,False,,,10000,22.906668424606323,0.0022906668424606323,0.1756667968118717,0.004,17.37841796875,9750,0.975,0.00031964073423296213,-9.416657310255146e-05,0.0007060273163239014,0.024757670320632825,0.03913771559899678,68.11312403358284,0.06275897324085235,17.598945254861068,13969.73117471139,132096.0,nan,nan,nan,nan,nan,nan,nan,nan,0,0.015015797052784467,0.4894179894179894,0.00022547416113041067,0.01020858401343936,-0.004934683006442286,-0.9111216109985153
small,AdaBelief,UBER,42,0.9999,,0.0006981005131358832,0.0004536581920905852,False,,,10000,23.136152029037476,0.0023136152029037474,0.17562476445049735,0.0057,17.31591796875,3500,0.35,0.0007447048556059599,-4.6604342470076715e-05,0.0006644978208494944,0.02482461214400531,0.0812097520221086,155.27751286303214,0.06362268812954419,19.40186525821812,13831.167758509617,132096.0,nan,nan,nan,nan,nan,nan,nan,nan,0,0.026421591797919426,0.46099290780141844,0.0006981005131358832,0.017308067268049215,-0.002074864897291251,-0.5863408748457569
small,AdaBelief,UBER,43,0.9999,,0.0007101746512130952,0.000451035587720468,False,,,10000,23.49521780014038,0.002349521780014038,0.17564555850088123,0.0043,17.31591796875,3000,0.3,0.0010490770218893886,-0.00033890237067629335,0.000737199306208203,0.024808833898845757,0.22229997309369445,368.6727909065573,0.07603875286877153,16.910899517410886,13619.792875386243,132096.0,nan,nan,nan,nan,nan,nan,nan,nan,0,0.026649102259046088,0.46099290780141844,0.0007101746512130952,0.01768203184638225,-0.01940645261970042,-0.5863408748457569
small,AdaBelief,UBER,44,0.9999,,0.0007188363709080387,0.0004535635382356778,False,,,10000,22.82354736328125,0.002282354736328125,0.17566651525686539,0.0039,17.31591796875,1500,0.15,0.0016106476541608572,-0.0008918112832528185,0.0008587308023521814,0.024999569750658035,-0.06398254451473265,236.51376630926077,0.07467384114861488,24.975974382630444,14020.607528995215,132096.0,nan,nan,nan,nan,nan,nan,nan,nan,0,0.026811124014260175,0.46099290780141844,0.0007188363709080387,0.017926461260083695,-0.03183975044682774,-0.5863408748457569
small,AdaBelief,WDAY,42,0.9999,,0.00041466646573760295,0.000638872045259134,False,,,10000,22.70259189605713,0.002270259189605713,0.17566036392465187,0.0046,17.35986328125,3000,0.3,0.0012418784899637103,-0.0008272120242261074,0.0008143731713006245,0.024937789278744255,0.171239652400087,127.69446792288288,0.0629631161689758,19.738933937285992,14095.306891173777,132096.0,nan,nan,nan,nan,nan,nan,nan,nan,0,0.020363360865476087,0.5162337662337663,0.00041466646573760295,0.012904023195241953,-0.0011535920972634006,0.39259644049279185
small,AdaBelief,WDAY,43,0.9999,,0.00041981670376542326,0.0006414638280091922,False,,,10000,22.78337073326111,0.002278337073326111,0.17555824258323685,0.0034,17.35986328125,9000,0.9,0.0007968436693772674,-0.0003770269656118441,0.0010064617776337059,0.02494460708480991,0.12113288760589296,336.4210442861611,0.08083637952804563,16.381332394849903,14045.331735432663,132096.0,nan,nan,nan,nan,nan,nan,nan,nan,0,0.020489429073681464,0.5162337662337663,0.00041981670376542326,0.013079225242911996,-0.01358811412338512,0.39259644049279185
small,AdaBelief,WDAY,44,0.9999,,0.0004169216693995835,0.0006396616611884549,False,,,10000,22.675920963287354,0.0022675920963287355,0.17566689101186686,0.0044,17.35986328125,2250,0.225,0.0005248409579508007,-0.00010791928855121715,0.0009142497256815129,0.024937489237815403,0.07657421028565363,195.25958151006586,0.06807119622826575,23.22618406463896,14111.885489373713,132096.0,nan,nan,nan,nan,nan,nan,nan,nan,0,0.02041865983358319,0.5162337662337663,0.0004169216693995835,0.012989754800672656,-0.006598462694856977,0.39259644049279185
small,EvieKF,AAPL,42,3.162,3000.0,0.00018197029986709515,0.00039778736763354636,False,,,10000,78.14203453063965,0.007814203453063965,0.4999770527672145,0.0064,18.064453125,500,0.05,0.0003097828011959791,-0.00012781250132888397,0.0012651092299294214,0.025149902354160224,0.6792361796749339,79830.55090138737,0.17593824416398987,54.88039284583107,4095.1070946908526,132096.0,nan,nan,0.9999999530440418,0.9999981331913085,72.21037536579391,0.19386435121298906,0.6693263053894043,1.0,9980,0.013489636758159767,0.5596816976127321,0.00018197029986709515,0.00995878189329117,-0.0018412033463521826,0.8184087983404611
small,EvieKF,AAPL,43,3.162,3000.0,0.0001817866962738138,0.00039778052970016034,False,,,10000,78.00746846199036,0.007800746846199035,0.5000173065961727,0.0126,18.064453125,nan,nan,0.0006292886391747743,-0.0004475019429009605,0.0009331443725634066,0.025236027941451123,0.8201081154863187,3174776.023348211,0.11719712316989875,112.73137759096193,4102.171321659054,132096.0,nan,nan,0.9860455768284456,0.6836075383977259,171.28371674350188,0.23625552038843683,0.015013568103313446,1.0,9980,0.01348282968348313,0.5596816976127321,0.0001817866962738138,0.009939440974482783,-0.0008303700127474389,0.8184087983404611
small,EvieKF,AAPL,44,3.162,3000.0,0.00018423054584119686,0.0003990868516562788,False,,,10000,77.17330932617188,0.007717330932617187,0.5099965134146124,0.048,18.064453125,750,0.075,0.00011932846973650157,6.490207610469528e-05,0.018192607892465244,0.02589859191753306,0.7635440709683926,4977154.7561888,0.7198580563068313,115.31914270696176,4146.511310633637,132096.0,nan,nan,0.8687045154342913,0.2675402477306357,47.53728781352966,0.5563132655394643,0.004046703223139048,1.0,9980,0.013573155338431696,0.4403183023872679,0.00018423054584119686,0.010096845803437409,-0.014285033730797592,-0.8184087983404611
small,EvieKF,ACN,42,3.162,3000.0,0.00020560456646813286,0.0003743223075208993,False,,,10000,78.61758422851562,0.007861758422851563,0.49984061973437244,0.0107,18.064453125,750,0.075,0.00027104016044177115,-6.543559397363829e-05,0.001406610645477945,0.025176685254491897,0.8740637438286663,49430262.10376834,0.1999069109559058,263.0652791936791,4070.3362121871437,132096.0,nan,nan,0.9884301722976833,0.5386119613121145,315.5584923592769,0.532870065660522,0.08391640335321426,1.0,9980,0.01433891789739145,0.47619047619047616,0.00020560456646813286,0.010032811492839187,-0.006572264366967673,-0.454156146275745
small,EvieKF,ACN,43,3.162,3000.0,0.00020577453037418385,0.0003743298569155625,False,,,10000,78.70482516288757,0.007870482516288758,0.5008458286726065,0.0194,18.064453125,1000,0.1,0.00038744279299862683,-0.00018166826262444298,0.0009101042656365652,0.025256008368213078,0.8971613653056618,175717765.17629206,0.1338149547576899,337.1683948751911,4065.8244184867667,132096.0,nan,nan,0.9921877282778899,0.6968128232570692,820.574276635491,0.4571279074933612,0.03197895735502243,1.0,9980,0.014344843337387267,0.47619047619047616,0.00020577453037418385,0.010038835661751884,-0.007404351692230859,-0.454156146275745
small,EvieKF,ACN,44,3.162,3000.0,0.0002055271829246844,0.00037432222846964626,False,,,10000,78.42207026481628,0.007842207026481628,0.4999729783329184,0.0073,18.064453125,500,0.05,0.0002656618016771972,-6.013461875251281e-05,0.0014541950698840345,0.0253129819532735,0.3843050240605668,47371.70215356316,0.14390588998794543,72.54358176238914,4080.4839622241725,132096.0,nan,nan,0.9999971270142858,0.9998850363945053,240.6963539547547,0.09249564090133996,0.38496601581573486,1.0,9980,0.014336219268854826,0.47619047619047616,0.0002055271829246844,0.010029942901046187,-0.006193420015931483,-0.454156146275745
small,EvieKF,ADBE,42,3.162,3000.0,0.0004693369859110111,0.0007178870373126367,False,,,10000,78.59571719169617,0.007859571719169617,0.4999361310569631,0.0129,18.064453125,1500,0.15,0.0010095019824802876,-0.0005401649965692764,0.0026230203256488354,0.025173903040856687,0.7905168251205609,1054776.7068708919,0.13498000726103768,96.13787121655946,4071.4686681911057,132096.0,nan,nan,0.9910006142057,0.7090299723817771,252.3280728947343,0.44797248965527015,0.027525467798113823,1.0,9980,0.021664186712429596,0.5052910052910053,0.0004693369859110111,0.013971139514257037,-0.0001216367808121177,0.18390016530866893
small,EvieKF,ADBE,43,3.162,3000.0,0.00046929985127121054,0.000717879606494853,False,,,10000,78.75856709480286,0.007875856709480286,0.5234564377666073,0.0251,18.064453125,500,0.05,0.0003435730905039236,0.00012572676076728694,0.009416198976541112,0.025987776950369884,0.7747800706241257,2738888.5603192593,0.11182891726493835,184.98974474426015,4063.050050349586,132096.0,nan,nan,0.8895882740805163,0.15028792540211186,24.561133405345238,0.5798299533411774,0.005406119395047426,1.0,9980,0.021663329644152362,0.5052910052910053,0.00046929985127121054,0.013970504992853397,-4.250567064278954e-05,0.18390016530866893
small,EvieKF,ADBE,44,3.162,3000.0,0.00047004782648944353,0.0007184040325073728,False,,,10000,78.61172103881836,0.007861172103881837,0.5489561182587621,0.0809,18.064453125,1000,0.1,0.0008302312344312668,-0.00036018340794182326,0.0009924088466218529,0.026764627445925976,0.8111575637142158,252560769.68615952,36.06220512390081,134.4356932900901,4070.6397948212384,132096.0,nan,nan,0.8675904612781042,0.28391438844322375,107.74403237518959,0.7642563816896601,0.007871179841458797,1.0,9980,0.021680586396346468,0.5052910052910053,0.00047004782648944353,0.013983988888049251,-0.0016363843164490799,0.18390016530866893
small,EvieKF,ADI,42,3.162,3000.0,0.00033926041353316537,0.0004574634352160386,False,,,10000,78.79735851287842,0.007879735851287841,0.4999971531470966,0.0145,18.064453125,750,0.075,0.00030422482086578384,3.503559266738153e-05,0.0008524410071392769,0.025179503698744294,0.7519965623937455,151801.14170288746,0.10024702474474902,82.5164884309316,4061.0498377010963,132096.0,nan,nan,0.9911764937497006,0.647059569636777,422.3704804014393,0.0976621737082808,0.012703390792012215,1.0,9980,0.018419023142750145,0.5185185185185185,0.00033926041353316537,0.014029118119093477,-9.99304669857537e-06,0.2572895384050634
small,EvieKF,ADI,43,3.162,3000.0,0.0003394652059469273,0.00045761430453242295,False,,,10000,78.45342469215393,0.007845342469215394,0.5746812706376583,0.0169,18.064453125,1000,0.1,0.0002620570012368262,7.740820471010114e-05,0.014153873337488358,0.02658072065682233,0.6493251411069255,12920236.753839329,0.21110871285200095,271.5874444658585,4078.853169962419,132096.0,nan,nan,0.9482446410195557,0.3860756348270891,53.33181122770799,0.7132006440913188,0.005180263891816139,1.0,9980,0.0184245815677569,0.5185185185185185,0.0003394652059469273,0.01401696381745515,-0.0006136427862286631,0.2572895384050634
small,EvieKF,ADI,44,3.162,3000.0,0.0003395805125514035,0.0004578370314378005,False,,,10000,78.59116005897522,0.007859116005897521,0.4999775908222837,0.0124,18.064453125,4500,0.45,0.0003009672072948888,3.861330525651473e-05,0.0010135959901510028,0.025212633354339875,0.6565495283652523,56303.85690797386,0.12169280648231492,56.53880548799137,4071.7047535609645,132096.0,nan,nan,0.9991030277154722,0.9641208608581496,931.6524407663355,0.09560923488400778,0.18046151101589203,1.0,9980,0.018427710453320117,0.48148148148148145,0.0003395805125514035,0.014048987595492569,-0.0009535225722008267,-0.2572895384050634
small,EvieKF,ADSK,42,3.162,3000.0,0.000296195111577473,0.0007634638791375199,False,,,10000,78.78375768661499,0.007878375768661499,0.49996382628678704,0.0094,18.064453125,1250,0.125,0.00038174302608240396,-8.554791450493098e-05,0.0021227280252248846,0.025220875676303538,0.4299959196592816,372830.91079799115,0.1500793784856795,170.31090762369092,4061.750916640608,132096.0,nan,nan,0.9999910095933984,0.9996403531642184,93.2454792049961,0.1882394309466084,0.13183662295341492,1.0,9980,0.017210319915024037,0.4444444444444444,0.000296195111577473,0.012760859948617441,-0.032624462419992284,-0.910808831292842
small,EvieKF,ADSK,43,3.162,3000.0,0.00028848588939697024,0.0007622488613786368,False,,,10000,78.53803372383118,0.007853803372383117,0.4999752581665869,0.0088,18.064453125,1000,0.1,0.0005913908244110644,-0.00030290493501409414,0.0011049399197624549,0.025151893094084755,0.642168466184133,1036600.5464153953,0.1474994122982025,51.93718141288582,4074.459021029716,132096.0,nan,nan,0.9998685414556817,0.9947562211733236,14667.344768537989,0.16505558540423731,0.13091401755809784,1.0,9980,0.016984872369169284,0.4444444444444444,0.00028848588939697024,0.012474834603607338,-0.0057478155792636265,-0.910808831292842
small,EvieKF,ADSK,44,3.162,3000.0,0.00029166348317943554,0.0007620866482074445,False,,,10000,78.93388533592224,0.007893388533592224,0.5000191349481354,0.0123,18.064453125,7250,0.725,0.00020436437625903636,8.729910692039918e-05,0.0014945795385965497,0.025186051766248312,0.7374609047825788,148385.74303755394,0.13772690147161476,183.31785413043946,4054.025703133231,132096.0,nan,nan,0.9912741609259355,0.6509697317314987,2021.7095108533363,0.4019067900418757,0.008755283430218697,1.0,9980,0.017078158073382373,0.4444444444444444,0.00029166348317943554,0.01260662457299611,-0.01682585482823029,-0.910808831292842
small,EvieKF,AMD,42,3.162,3000.0,0.0008358105465217873,0.0013467247353308397,False,,,10000,78.73944783210754,0.007873944783210754,0.4999584867516043,0.0148,18.064453125,8000,0.8,0.007405259471852332,-0.006569448925330545,0.0022065543154668687,0.025273804075463487,0.7352858040493226,175301.92900716382,0.13249809220433234,195.87079005832567,4064.036627261104,132096.0,nan,nan,0.9945507304018136,0.8283430247101249,166.9466331859673,0.2609268565972646,0.03873287886381149,1.0,9980,0.02891038821119127,0.4907161803713528,0.0008358105465217873,0.021177927652994793,-0.0011028021638266328,0.08512321927901365
small,EvieKF,AMD,43,3.162,3000.0,0.0008351292717393744,0.0013435680606953345,False,,,10000,78.39979386329651,0.007839979386329651,0.5050225146079043,0.0072,18.064453125,500,0.05,0.0033038813271559775,-0.002468752055416603,0.0033023978268006448,0.025489261515982232,0.7588956790221156,60984.564429447404,0.17104994133114804,157.2415188751853,4081.6433849044925,132096.0,nan,nan,0.9691034287952445,0.2563502944003479,472.03996488003975,0.3285944213551991,0.006686666049063206,1.0,9980,0.02889860328353906,0.5092838196286472,0.0008351292717393744,0.02112971916400566,-0.0002867965551927032,-0.08512321927901365
small,EvieKF,AMD,44,3.162,3000.0,0.0008449239863289727,0.001348787024419567,False,,,10000,78.6545205116272,0.00786545205116272,0.49998946567297237,0.0146,18.064453125,5000,0.5,0.0013426889781840146,-0.0004977649918550418,0.003406040416577556,0.02520156581042049,0.6643850448390142,1783537.703961551,0.18038482144474982,149.9589904428356,4068.4247760774997,132096.0,nan,nan,0.9890630369272448,0.575206046398455,103.71554314047789,0.484729042755657,0.042605139315128326,1.0,9980,0.0290675762032023,0.5092838196286472,0.0008449239863289727,0.021279309792493387,-0.012018541581439779,-0.08512321927901365
small,EvieKF,AMZN,42,3.162,3000.0,0.0003332104632463405,0.0008323099315956986,False,,,10000,78.66684365272522,0.007866684365272523,0.49998895458562637,0.0103,18.064453125,500,0.05,0.0004570462479023263,-0.00012383578465598578,0.0015210658159822232,0.025109634381862873,0.6641887848945951,12801917.634036846,0.1265744417905807,112.65780431476657,4067.7874583686107,132096.0,nan,nan,0.9993567608860795,0.9742704678157807,124.39633144037336,0.3724645252029101,0.14611870050430298,1.0,9980,0.018254053337446466,0.4693333333333333,0.0003332104632463405,0.013477327962401052,-0.013748984089216432,-1.2042107154628319
small,EvieKF,AMZN,43,3.162,3000.0,0.0003296050918165338,0.0008335453445778602,False,,,10000,78.08739566802979,0.007808739566802978,0.4999539662728351,0.0095,18.064453125,750,0.075,0.0002705710649024695,5.903402691406431e-05,0.0014589606017018227,0.0252532594917325,0.47776031359606946,96989.93650365325,0.12282641120254978,133.17488638306457,4097.972499433901,132096.0,nan,nan,0.999998562708368,0.9999427759157788,32.00469238092954,0.1432629713654478,0.1973009556531906,1.0,9980,0.018155029380767573,0.5306666666666666,0.0003296050918165338,0.013399310843654411,-0.0027801159791873697,1.2042107154628319
small,EvieKF,AMZN,44,3.162,3000.0,0.0003292854658510319,0.0008339915889011454,False,,,10000,78.61881470680237,0.007861881470680237,0.4999683723415624,0.009,18.064453125,750,0.075,0.0002475301444064826,8.175532144454934e-05,0.00225834132947541,0.0252227720363069,0.4270492682941527,34677.79055025752,0.14671530723571774,50.789778336546924,4070.272506567216,132096.0,nan,nan,0.9938276497335916,0.7531065341035679,996.7416826227509,0.259172417720159,0.026291238144040108,1.0,9980,0.018146224561903557,0.5306666666666666,0.0003292854658510319,0.013397340421323423,-0.0018076960417723331,1.2042107154628319
small,EvieKF,APH,42,3.162,3000.0,0.000230315816465509,0.0002831929716570624,False,,,10000,78.26684236526489,0.00782668423652649,0.5000920271223581,0.0102,18.064453125,5250,0.525,0.0004004262445960194,-0.00017011042813051038,0.0005174449507593257,0.025169838767590585,0.9448842581300462,82581.63679937979,0.18121724650263782,159.69194533681895,4088.5768523353277,132096.0,nan,nan,0.9999982596936269,0.9999397096324546,1744.949489991055,0.19557315616446244,0.2180137187242508,1.0,9980,0.01517615947680799,0.4601063829787234,0.000230315816465509,0.010517584583746693,-0.014052433978484435,-1.4047444824252193
small,EvieKF,APH,43,3.162,3000.0,0.00022965273450291346,0.00028307309043186095,False,,,10000,78.86078238487244,0.007886078238487243,0.4999694340552535,0.0092,18.064453125,500,0.05,0.00024178259627660736,-1.2129861773693901e-05,0.0009416916195384535,0.02520395005012028,0.6379925766940769,101499.50831803247,0.13370758816599845,209.36288837627663,4057.7837338497466,132096.0,nan,nan,0.9999953920427787,0.999815467586779,45561.22059260747,0.1786634985403604,0.30823269486427307,1.0,9980,0.015154297558874626,0.4601063829787234,0.00022965273450291346,0.010490618054828947,-0.011132965014450269,-1.4047444824252193
small,EvieKF,APH,44,3.162,3000.0,0.00022790444985268607,0.00028328008613788796,False,,,10000,78.18648338317871,0.007818648338317871,0.5402799053140309,0.0651,18.064453125,500,0.05,0.0004393005510792136,-0.00021139610122652755,1.5350972344730327,0.026452802755319655,0.7214002807719107,3431297.29327581,5.704271602630476,371.9396221288518,4092.779034858675,132096.0,nan,nan,0.8367023690122177,0.23814527638961455,551.9109685153647,0.9215518130222893,0.005653725937008858,1.0,9980,0.015096504557436006,0.5398936170212766,0.00022790444985268607,0.010436189237725798,-0.0034354810463190777,1.4047444824252193
small,EvieKF,AVGO,42,3.162,3000.0,0.0008635891493035372,0.000499104117525035,False,,,10000,77.67581987380981,0.007767581987380982,0.4999084043918867,0.0114,18.064453125,500,0.05,0.00021619611652567983,0.0006473930327778574,0.0014213689722058433,0.025245349740656186,0.39067026379439307,29551.590927468813,0.15132050588726995,38.83980545495754,4119.686158702463,132096.0,nan,nan,0.9999574330747791,0.9988256791285528,449.31624942212164,0.3285787154448073,0.3016895651817322,1.0,9980,0.029386887370110113,0.5238095238095238,0.0008635891493035372,0.020177496804131403,-0.0038067757290485282,1.4391859399277436
small,EvieKF,AVGO,43,3.162,3000.0,0.0008646403513257466,0.0004991440779334354,False,,,10000,77.78551626205444,0.007778551626205444,0.4999509097314622,0.0179,18.064453125,7500,0.75,0.0005982202710583806,0.00026642008026736596,0.0011285580403300635,0.02524875684657051,0.7563109546297839,862245.371027116,0.14708434045314786,183.3698470193411,4113.87640498445,132096.0,nan,nan,0.9999709761155913,0.9990876222640285,52.48018367097943,0.1672621177567273,0.07375433295965195,1.0,9980,0.029404767493142105,0.5238095238095238,0.0008646403513257466,0.02017474679089097,-0.005028657353435273,1.4391859399277436
small,EvieKF,AVGO,44,3.162,3000.0,0.0008629709482192993,0.0004991583862102316,False,,,10000,78.35899043083191,0.00783589904308319,0.5064164391197058,0.0146,18.064453125,750,0.075,0.0007096970512066036,0.00015327389701269567,0.0015450781018062811,0.025277643623414114,0.7601708475388806,5375829.724912249,0.11808150187134742,171.20673753889034,4083.7687959043637,132096.0,nan,nan,0.98468286491028,0.6625890023010578,76487.39853504786,0.5212588479418789,0.007003353908658028,1.0,9980,0.02937636717191728,0.5238095238095238,0.0008629709482192993,0.02018130140960532,-0.003088199728387142,1.4391859399277436
small,EvieKF,CDNS,42,3.162,3000.0,0.00039115240649571494,0.0005604372574732854,False,,,10000,78.96113228797913,0.007896113228797913,0.4999722055764889,0.0083,18.064453125,750,0.075,0.000241100337007083,0.00015005206948863194,0.002370734187580976,0.02522364264002318,0.3894936058319783,356807.7581073329,0.16849252209067328,202.25223710160955,4052.6267889995306,132096.0,nan,nan,0.9870100595247326,0.4804023015597372,219.0546499413333,0.08210049221913077,0.01293778046965599,1.0,9980,0.019777573321712524,0.5211640211640212,0.00039115240649571494,0.014429743327791728,-0.0005465361406602476,0.5255742308309481
small,EvieKF,CDNS,43,3.162,3000.0,0.00039145642172091854,0.0005605141743424717,False,,,10000,78.28447794914246,0.007828447794914246,0.4999610119354332,0.0084,18.064453125,nan,nan,0.00033071357756853104,6.07428441523875e-05,0.0013189293722356249,0.025243932272011015,0.6211871512803508,110418.74051730719,0.13235846459865566,243.1496320388966,4087.6557956723955,132096.0,nan,nan,0.9999920521077389,0.9996818292906244,3794.8565850288796,0.11565909253206166,0.12715360522270203,1.0,9980,0.0197852576864927,0.47883597883597884,0.00039145642172091854,0.01444067778410735,-0.001324190516448498,-0.5255742308309481
small,EvieKF,CDNS,44,3.162,3000.0,0.0003909388231852698,0.0005601365069811793,False,,,10000,78.22009587287903,0.007822009587287904,0.5502689952181905,0.0594,18.064453125,1250,0.125,0.000356258315150626,3.46805080346438e-05,0.012394815268345788,0.02716151113247872,0.7157961372088176,2461917.113733267,2.563540983200071,161.70133578293968,4091.020298927458,132096.0,nan,nan,0.8913749089835237,0.33326802868744376,1951.5583445268342,0.841810855803303,0.00836609210819006,1.0,9980,0.019772172950519876,0.5211640211640212,0.0003909388231852698,0.014424109585070736,-2.016738527288453e-07,0.5255742308309481
small,EvieKF,CRM,42,3.162,3000.0,0.0004506308250326328,0.0007316669355336804,False,,,10000,78.95106792449951,0.007895106792449952,0.4999594927886308,0.0109,18.064453125,500,0.05,0.0003398120461497456,0.00011081877888288722,0.0014273594731190962,0.025145824932897666,0.6863216590551482,85923.66591513931,0.12690328136086446,282.7011917616251,4053.143401505529,132096.0,nan,nan,0.9997701554581333,0.990806220401592,369.90125400552404,0.216044565072904,0.2290029078722,1.0,9980,0.02122806691700007,0.47619047619047616,0.0004506308250326328,0.013163401336266251,-0.007727821576984706,-0.9214713153438326
small,EvieKF,CRM,43,3.162,3000.0,0.00044887031985338404,0.0007318263028597642,False,,,10000,77.71838235855103,0.0077718382358551025,0.4999997013422125,0.0093,18.064453125,500,0.05,0.00022704064031131566,0.0002218296795420684,0.0016451349637382395,0.02515337698400811,0.5781817205392378,51718.93949333589,0.16383943259716027,114.05025630010412,4117.430011907495,132096.0,nan,nan,0.9814696614209015,0.2622538550824279,1314.2710269378726,0.18915444033905746,0.21318912506103516,1.0,9980,0.02118655988718754,0.47619047619047616,0.00044887031985338404,0.013114615092201838,-0.0037908737460614628,-0.9214713153438326
small,EvieKF,CRM,44,3.162,3000.0,0.0004481079165266935,0.0007322226658423953,False,,,10000,77.54982304573059,0.007754982304573059,0.520831816053247,0.0103,18.064453125,nan,nan,0.0007591222529299557,-0.0003110143364032622,0.0033335273893221797,0.025664347487543638,0.7771900984168681,7872823.178588133,0.1770870864391325,177.73548201931013,4126.379499425785,132096.0,nan,nan,0.9747589254141145,0.380347983018431,45502167.847895004,0.40003634028856094,0.0056699104607105255,1.0,9980,0.02116855962333511,0.5238095238095238,0.0004481079165266935,0.013098651139193741,-0.002085941458055629,0.9214713153438326
small,EvieKF,CSCO,42,3.162,3000.0,0.00014612210727242566,0.00028716422992928906,False,,,10000,77.82859969139099,0.007782859969139099,0.5000258830409593,0.0109,18.064453125,500,0.05,0.00021097076387377456,-6.48486566013489e-05,0.0015090551268630375,0.025281427761616442,0.48563509362244134,46843.898874829494,0.14004592597484564,45.958760278725215,4111.599094277381,132096.0,nan,nan,0.9907874392651532,0.6315010569754103,652.5680795778269,0.11759173075362248,0.009086381644010544,1.0,9980,0.012088097752435065,0.5452127659574468,0.00014612210727242566,0.008021828358766263,-0.004285422640562198,0.6309806781005214
small,EvieKF,CSCO,43,3.162,3000.0,0.00014804756988293278,0.000284701249801828,False,,,10000,78.49052357673645,0.007849052357673645,0.4999390595369564,0.0121,18.064453125,2000,0.2,0.00020923530246363953,-6.118773258070675e-05,0.0007840837683575028,0.02525123176278906,0.5911196959177027,201256.44848761547,0.12229554392397378,70.44193716739673,4076.9252824151595,132096.0,nan,nan,0.9993749725837222,0.9749985246607703,244.8884380589734,0.17253176943583337,0.3062451183795929,1.0,9980,0.012167480013664817,0.45478723404255317,0.00014804756988293278,0.008178234731078779,-0.01751897140102865,-0.6309806781005214
small,EvieKF,CSCO,44,3.162,3000.0,0.00014550233920099874,0.0002849795892637035,False,,,10000,77.51955819129944,0.007751955819129944,0.4999745872134898,0.0051,18.064453125,6000,0.6,0.0006335743382805958,-0.0004880719990795971,0.001782163693089149,0.025444280162778367,0.44339411034964926,51915.05228321221,0.18117560520768153,27.193608925197758,4127.990502865325,132096.0,nan,nan,0.9661720950156573,0.39805135442918593,46.250080644412705,0.20939250131617873,0.018891070038080215,1.0,9980,0.012062435044426095,0.5452127659574468,0.00014550233920099874,0.0080158445570204,-2.580682218589203e-05,0.6309806781005214
small,EvieKF,CTSH,42,3.162,3000.0,0.00017166295379557938,0.000410420666955194,False,,,10000,77.85888409614563,0.007785888409614563,0.5020335397862086,0.0122,18.064453125,nan,nan,0.0004423475475050509,-0.00027068459370947155,0.001844729647209618,0.02516346219394433,0.9361877053169081,1114715.6759517926,0.19791353344917292,1823.4195917345887,4109.99982487344,132096.0,nan,nan,0.9772926000249254,0.5386209714068505,22.12420917134618,0.5531847471046047,0.020687885582447052,1.0,9980,0.013102020981344038,0.4708994708994709,0.00017166295379557938,0.009701817754715208,-0.01461364250631414,-0.6068268288485892
small,EvieKF,CTSH,43,3.162,3000.0,0.00017102456912792549,0.0004103376236138989,False,,,10000,77.81241202354431,0.007781241202354431,0.5008508723973797,0.0167,18.064453125,1000,0.1,0.0004125968262087554,-0.0002415722570808299,0.0007113210164202578,0.025266123440060833,0.8886072075651683,43724911.10953735,0.1442574642598629,271.4278645662935,4112.454448824631,132096.0,nan,nan,0.9878814985529655,0.5532985783513512,309.43230760308904,0.560089937084638,0.010482707060873508,1.0,9980,0.013077636220966138,0.4708994708994709,0.00017102456912792549,0.009675586034381201,-0.010840470842614414,-0.6068268288485892
small,EvieKF,CTSH,44,3.162,3000.0,0.00016981863943988054,0.00041056185249308376,False,,,10000,78.13687229156494,0.007813687229156494,0.5000031379333497,0.0093,18.064453125,750,0.075,0.0004592700279317796,-0.00028945138849189905,0.0009641355660013105,0.025222246146409798,0.7448472554997608,199432.07332777968,0.11347650773823248,224.9057609274799,4095.377644576449,132096.0,nan,nan,0.9882121849825622,0.5284873815404952,64.62333442447431,0.23969470063845316,0.03938356041908264,1.0,9980,0.013031448094508935,0.4708994708994709,0.00016981863943988054,0.00962081788078187,-0.0037128251488858233,-0.6068268288485892
small,EvieKF,FICO,42,3.162,3000.0,0.00034819421156373606,0.0007022315690624935,False,,,10000,77.98361301422119,0.007798361301422119,0.49992102401012306,0.0134,18.064453125,1000,0.1,0.0002256475418107584,0.00012254666975297765,0.0014019801990763554,0.025200001787561314,0.6693580797023093,394651.4049881946,0.13069850429892535,158.64551362298369,4103.42618957196,132096.0,nan,nan,0.9999258595519025,0.9970350774015807,78.70544086671106,0.4275230072428524,0.15372222661972046,1.0,9980,0.018659962796418864,0.6031746031746031,0.00034819421156373606,0.013798431113914208,-0.012334796511158208,2.0359688915627197
small,EvieKF,FICO,43,3.162,3000.0,0.0003440952490246485,0.0007006986071639731,False,,,10000,78.11679077148438,0.007811679077148437,0.49993532085221376,0.0075,18.064453125,nan,nan,0.0004715170507552102,-0.00012742180173056173,0.0014757930143977447,0.02527637489860114,0.4608199760483629,88095.01843354673,0.1488582231104372,106.72530181737302,4096.430445230378,132096.0,nan,nan,1.0000000083289298,0.9999999374427412,82.97286106890124,0.1793737385521351,0.7526025176048279,1.0,9980,0.018549804554890827,0.6031746031746031,0.0003440952490246485,0.013575619490689072,-0.0004175323232251671,2.0359688915627197
small,EvieKF,FICO,44,3.162,3000.0,0.00035177321030349326,0.0007046853199561648,False,,,10000,77.86268043518066,0.007786268043518067,0.5025623914577793,0.0113,18.064453125,500,0.05,0.0003575997398002073,-5.826529496714061e-06,68918.95235939583,0.025404521209630167,0.560385051617353,78067.98957608346,0.1430312782526015,39.95598713973071,4109.799434228244,132096.0,nan,nan,0.9967540290837474,0.8723870958351735,48.91989361523957,0.13384027221541428,0.011559772305190563,1.0,9980,0.018755618099745294,0.3968253968253968,0.00035177321030349326,0.013953832091477813,-0.022740325496417135,-2.0359688915627197
small,EvieKF,FTNT,42,3.162,3000.0,0.0007144986164002191,0.0009462146449152291,False,,,10000,78.23898243904114,0.007823898243904113,0.500224745010704,0.0106,18.064453125,5750,0.575,0.0007096699555404484,4.828660859770677e-06,0.0018894352824041115,0.025265082869909566,0.5645450614656019,290355.28793568804,0.1910753026604652,72.93028701945791,4090.032743579248,132096.0,nan,nan,0.9528287592465372,0.24291304937014063,1910.4684403629421,0.46125002335412885,0.009927624836564064,1.0,9980,0.02673010692833493,0.5343915343915344,0.0007144986164002191,0.014875573455972015,-6.875033519926355e-05,0.35000747849044117
small,EvieKF,FTNT,43,3.162,3000.0,0.0007144581703912644,0.0009463054748049465,False,,,10000,78.19717121124268,0.007819717121124267,0.6174355054871774,0.0072,18.064453125,750,0.075,0.0005071110208518803,0.0002073471495393841,0.0026268478373252706,0.02766743825808274,0.48310748994663016,59113.670760161076,0.1792175561189651,101.37284396468408,4092.2196422623597,132096.0,nan,nan,0.9909834838451499,0.6399495496506311,390.3841037314209,0.2840878498189939,0.005323783494532108,1.0,9980,0.026729350354830258,0.5343915343915344,0.0007144581703912644,0.014867908740169787,-1.2138903486169639e-05,0.35000747849044117
small,EvieKF,FTNT,44,3.162,3000.0,0.0007154851678817991,0.0009463889529281333,False,,,10000,78.47675681114197,0.007847675681114196,0.4999812894310233,0.015,18.064453125,1250,0.125,0.0017079405952244997,-0.0009924554273427004,0.00206164029887815,0.02519412032966583,0.6508869232824659,619990.4759501559,0.1411066919565199,148.42322104605046,4077.6404760213927,132096.0,nan,nan,0.992000312942914,0.7527921866410955,961.3238511160085,0.44501056174437775,0.024699917063117027,1.0,9980,0.026748554500791236,0.4656084656084656,0.0007154851678817991,0.014933685777048586,-0.0014496057835915455,-0.35000747849044117
small,EvieKF,GLW,42,3.162,3000.0,0.00023431472835086642,0.0003470033802467569,False,,,10000,78.79672884941101,0.0078796728849411,0.5076904875664657,0.0213,18.064453125,500,0.05,0.00028246700821910053,-4.815227986823412e-05,0.0008082348223219986,0.02541866818503973,0.8185772467946556,2091535.396015427,0.1234261665493248,147.42466173600812,4061.082289488873,132096.0,nan,nan,0.9647746829586321,0.2744346535311857,357.70077604775116,0.5383070051210919,0.004850506316870451,1.0,9980,0.015307342302008746,0.4654255319148936,0.00023431472835086642,0.010436830066499255,-0.00453748182053948,-0.966301231898722
small,EvieKF,GLW,43,3.162,3000.0,0.00023505966814737472,0.00035242352940991953,False,,,10000,79.67516303062439,0.007967516303062439,0.4999457512415814,0.0051,18.064453125,3000,0.3,0.0003219080244889483,-8.684835634157356e-05,0.0018136166494727615,0.02535670553024714,0.33598826634092194,237843.07630403747,0.1630942635238169,23.705769488858664,4016.308066756048,132096.0,nan,nan,0.9999999109339708,0.9999963126884769,286.66184717332845,0.12568491303686832,0.548538863658905,1.0,9980,0.015331655753615612,0.5345744680851063,0.00023505966814737472,0.010452410531422448,-0.007731134872394518,0.966301231898722
small,EvieKF,GLW,44,3.162,3000.0,0.00023602414383459342,0.00034746124510423576,False,,,10000,77.67537641525269,0.007767537641525268,0.5237373890373618,0.0439,18.064453125,750,0.075,0.0005311495478963479,-0.0002951254040617545,0.0721891237473371,0.026269072404265202,0.7122523399465656,670075.4706585372,0.5363969624042498,169.7970301091155,4119.709678512268,132096.0,nan,nan,0.8677743380880456,0.24978505121994096,126.25761577995168,0.8537939523975308,0.0020410276483744383,1.0,9980,0.015363077290523322,0.4654255319148936,0.00023602414383459342,0.010494090261913482,-0.011865966621703361,-0.966301231898722
small,EvieKF,GOOGL,42,3.162,3000.0,0.0003109815771932955,0.0005401325874050353,False,,,10000,78.09448027610779,0.007809448027610779,0.5016208875316449,0.0095,18.064453125,500,0.05,0.0007130441954359412,-0.00040206261824264573,0.0017594025121743457,0.025116775967623524,0.8910686758160162,624285.4703193606,0.17173880189657184,244.3801829182659,4097.600737832181,132096.0,nan,nan,0.9876399769790432,0.5055991719784152,359.14462849775265,0.14825143814088027,0.010482944548130035,1.0,9980,0.017634669750049063,0.41909814323607425,0.0003109815771932955,0.012724394520754537,-0.015894118110659994,-1.1073815342933746
small,EvieKF,GOOGL,43,3.162,3000.0,0.00030936131243983276,0.0005399362636181657,False,,,10000,78.36028409004211,0.00783602840900421,0.49994656840539603,0.0093,18.064453125,750,0.075,0.00027173823036719114,3.762308207264163e-05,0.0021608222402910437,0.02526281012358298,0.3238450251118998,35785.396349561765,0.20751433074474335,116.02158818761741,4083.701376481674,132096.0,nan,nan,0.9933836584566859,0.7400086993149219,7767.697658847108,0.22862424552618496,0.027528362348675728,1.0,9980,0.017588670002016433,0.41909814323607425,0.00030936131243983276,0.012647178437974717,-0.01060114401334955,-1.1073815342933746
small,EvieKF,GOOGL,44,3.162,3000.0,0.00030823353500593277,0.0005400280816485458,False,,,10000,78.50804305076599,0.007850804305076599,0.5000186344273662,0.0125,18.064453125,500,0.05,0.00012674603203777224,0.00018148750296816053,0.001092624956796277,0.025261505723771754,0.7123529955717066,30348.298141218303,0.1316310189664362,34.434245215549616,4076.015495547087,132096.0,nan,nan,0.989409773942756,0.5765103979620029,45.92982678928306,0.12251206353600926,0.015590649098157883,1.0,9980,0.017556580960025582,0.41909814323607425,0.00030823353500593277,0.012584478136092897,-0.006916995029421891,-1.1073815342933746
small,EvieKF,GPN,42,3.162,3000.0,0.0003286301301269935,0.0005798215733282762,False,,,10000,78.11404180526733,0.007811404180526733,0.5043266960400015,0.0154,18.064453125,500,0.05,0.0005813813768327236,-0.0002527512467057301,0.0011687036617624511,0.025494545594776336,0.49492854654309126,106591.85268399533,0.1350807905197143,104.30373382613008,4096.574605596992,132096.0,nan,nan,0.9836745203767684,0.3469817295140964,339.378079587644,0.24419499935503386,0.009406091645359993,1.0,9980,0.018128158486922865,0.4960212201591512,0.0003286301301269935,0.01267788397572028,-0.003781212947803647,-0.32842959592167353
small,EvieKF,GPN,43,3.162,3000.0,0.000328536564237857,0.0005798274626466261,False,,,10000,78.27008867263794,0.007827008867263794,0.49994489644872814,0.0049,18.064453125,750,0.075,0.00025110319984378293,7.743336439407407e-05,0.0025736034298554445,0.02527069621500742,0.49788202751999777,157720.48671745983,0.16230746805667862,200.69796486887105,4088.4072757140907,132096.0,nan,nan,0.9999999852313028,0.9999992696585371,110.0960015735482,0.18607543643319518,0.625149667263031,1.0,9980,0.018125577624943625,0.4960212201591512,0.000328536564237857,0.012675388780220476,-0.0034954214969356023,-0.32842959592167353
small,EvieKF,GPN,44,3.162,3000.0,0.00032953119703701565,0.0005799108221929333,False,,,10000,78.77862000465393,0.007877862000465393,0.55078982641294,0.0145,18.064453125,750,0.075,0.00041154076461680233,-8.200956757978668e-05,287.24660945579024,0.025828297173818914,0.7232112561417242,1151822.0150702575,0.10551911629736412,136.34965792194149,4062.015810648824,132096.0,nan,nan,0.9728272312899116,0.4211408429486284,52.75048476743414,0.37762526823209114,0.0033854665234684944,1.0,9980,0.01815299416176339,0.4960212201591512,0.00032953119703701565,0.012701903701459289,-0.006533468304120715,-0.32842959592167353
small,EvieKF,GRMN,42,3.162,3000.0,0.00033356836706242236,0.0003161423244273947,False,,,10000,78.6195297241211,0.00786195297241211,0.4999198192844455,0.0146,18.064453125,1000,0.1,9.27780129131861e-05,0.00024079035414923625,0.0018621583546553065,0.025253656215546788,0.5345300935206221,1787607.4190254395,0.13062758222222318,165.6451689788357,4070.2354888523514,132096.0,nan,nan,0.9597646573296646,0.3247136277572154,72.90741744226244,0.37151810392986045,0.006043272092938423,1.0,9980,0.01826385411304039,0.4450402144772118,0.00033356836706242236,0.009782559026486028,-0.024677289186174622,-1.654706844715586
small,EvieKF,GRMN,43,3.162,3000.0,31.04691116898148,51.32600091180371,True,primary outside absolute range,,10000,78.58167624473572,0.007858167624473571,0.4998318501237807,0.0147,18.064453125,1500,0.15,0.00042867547017522156,31.046482493511306,70666.47663595971,0.025195724764706905,0.555380997850402,89731.76962544958,0.10004391893744467,30.952004705647834,4072.196156816357,132096.0,nan,nan,0.9993573929052177,0.9742953619489538,29.931442074581163,0.25189458901683487,0.16879789531230927,1.0,9980,5.571975517622227,0.5576407506702413,31.04691116898148,0.4205319439923322,-95370.94744932925,1.8080910906637098
small,EvieKF,GRMN,44,3.162,3000.0,0.0003344884546345504,0.0003162820079914771,False,,,10000,78.49511456489563,0.007849511456489563,0.49996757603084363,0.0074,18.064453125,8750,0.875,0.0006924366316525266,-0.00035794817701797615,0.0013849843309390695,0.025286435658415252,0.4242862577461045,4254875.3650235655,0.1657104924321173,22.679938670428307,4076.686832980425,132096.0,nan,nan,0.9997939661607631,0.9917586262097858,21739.969492134504,0.13520351592451335,0.23398342728614807,1.0,9980,0.018289025524465496,0.4450402144772118,0.0003344884546345504,0.009816076389696232,-0.027503674815977597,-1.654706844715586
small,EvieKF,HPE,42,3.162,3000.0,0.0005720675248524238,0.000380549757253556,False,,,10000,78.54034113883972,0.007854034113883973,0.49995366047747114,0.0104,18.064453125,7750,0.775,0.0007744473405182362,-0.00020237981566581238,0.0011838404260156475,0.025227839506915324,0.45876749792908766,54080.38513605102,0.15145057216286653,37.96228574986774,4074.3393186225135,132096.0,nan,nan,0.9880816057550345,0.5232642722535699,2515.7424854866154,0.17074749469757097,0.02440938726067543,1.0,9980,0.023917933122500862,0.4778761061946903,0.0005720675248524238,0.016111750027229046,-0.0038267893739816206,-0.9210708329602321
small,EvieKF,HPE,43,3.162,3000.0,0.0005714335189811114,0.00038046476902899804,False,,,10000,78.6500735282898,0.00786500735282898,0.6462274449400988,0.0204,18.064453125,500,0.05,0.0005245249485597014,4.6908570421409996e-05,0.0014669092975574218,0.027888064725996288,0.6828696348288699,132301.19954972152,0.1804866276681423,135.5386274439054,4068.654810410299,132096.0,nan,nan,0.9395348885488269,0.2779130098741312,201.2561416563491,0.4506534089836004,0.004283267073333263,1.0,9980,0.02390467567194986,0.5221238938053098,0.0005714335189811114,0.016103147432721895,-0.002714277213100136,0.9210708329602321
small,EvieKF,HPE,44,3.162,3000.0,38901971.862068966,0.0003805554016327961,True,primary outside absolute range,,10000,77.91593503952026,0.007791593503952026,0.49996594163010816,0.0107,18.064453125,750,0.075,0.0008340249769389629,38901971.86123494,0.0009897106559404404,0.0252732382524617,0.628152228067288,22384.12508349774,0.1053412944078445,68.02984006088977,4106.990435752207,132096.0,nan,nan,0.9870989787796433,0.4899492959579142,3002.8697621099477,0.16601499928745245,0.3686504065990448,1.0,9980,6237.14452791251,0.5221238938053098,38901971.862068966,1018.6647359913793,-68262643512.44119,0.9210708329602321
small,EvieKF,HPQ,42,3.162,3000.0,0.00034015523220496204,0.0005571529150641565,False,,,10000,79.28920555114746,0.007928920555114747,0.49992932024258946,0.0059,18.064453125,1500,0.15,0.0008952848620538134,-0.0005551296298488514,0.0013164767118438543,0.025191181935326084,0.6134000164024929,202951.90837573828,0.14924959316849698,113.02236555505489,4035.8583211377504,132096.0,nan,nan,0.9999999981532733,0.9999998280907941,740.9888499943352,0.17776373457787714,0.6378487348556519,1.0,9980,0.018443297758398904,0.47733333333333333,0.00034015523220496204,0.012452845850949565,-0.0002896964736787133,-0.25451889691534224
small,EvieKF,HPQ,43,3.162,3000.0,0.00034008695492668755,0.00055779583890495,False,,,10000,77.97051572799683,0.007797051572799683,0.5423316552099178,0.0162,18.064453125,6000,0.6,0.0018054161337204278,-0.0014653291787937403,0.0014155136499487283,0.02690035576058312,0.7257974499955114,189090.21597690988,0.14400839805603002,55.44732399035399,4104.1154725246715,132096.0,nan,nan,0.9906901804618663,0.6339519330826283,79006.22022487987,0.45024309669051216,0.005391835700720549,1.0,9980,0.018441446660354157,0.5226666666666666,0.00034008695492668755,0.012434498973624416,-8.891444390224379e-05,0.25451889691534224
small,EvieKF,HPQ,44,3.162,3000.0,0.00034061925751822334,0.0005569809390632164,False,,,10000,78.0905385017395,0.00780905385017395,0.5707515449367897,0.0631,18.064453125,1000,0.1,0.0003164516238030046,2.4167633715218716e-05,0.002870458010174924,0.026587472097513037,0.7215119302463833,21040833.36943643,10.105264234542787,236.89995723675742,4097.80757233313,132096.0,nan,nan,0.9333242935006629,0.48680103313764916,141.07076925244638,0.9094943674222735,0.008376090787351131,1.0,9980,0.018455873252659256,0.47733333333333333,0.00034061925751822334,0.01247942258441259,-0.0016542491714264251,-0.25451889691534224
small,EvieKF,IBM,42,3.162,3000.0,0.00017213663726887375,0.0001868321029197632,False,,,10000,77.67760014533997,0.007767760014533997,0.5000223072355721,0.0113,18.064453125,1500,0.15,0.00025322852889075875,-8.109189162188501e-05,0.0009269351495015234,0.025221868456982745,0.8660340659590771,32626236.649120513,0.20513717159628858,533.241464224163,4119.591740749697,132096.0,nan,nan,0.9773306230476846,0.4369437840104584,21940.79026303607,0.6686917982291798,0.053293004631996155,1.0,9980,0.013120085261494063,0.5809018567639257,0.00017213663726887375,0.008750805779108925,-0.004939989427295011,1.7774495433568487
small,EvieKF,IBM,43,3.162,3000.0,0.0001741419866602257,0.00018689779451102096,False,,,10000,77.67995119094849,0.007767995119094848,0.504954197737687,0.0187,18.064453125,8000,0.8,0.0005854101764271036,-0.0004112681897668779,0.0009145584138086083,0.02552630655280256,0.6133605247990632,95772.8529291878,0.2039516560733316,45.902507396676036,4119.467058023685,132096.0,nan,nan,0.9882734031720009,0.5309362020230607,183.73279933708332,0.34779875183073916,0.00871470756828785,1.0,9980,0.013196286851240606,0.41909814323607425,0.0001741419866602257,0.008866271013936038,-0.01664729257970543,-1.7774495433568487
small,EvieKF,IBM,44,3.162,3000.0,0.00017271784168702584,0.00018671983037766475,False,,,10000,77.75168633460999,0.007775168633460999,0.5194603103935301,0.0146,18.064453125,10000,1.0,0.00011322752470732667,5.949031697969918e-05,0.0016010739714959232,0.026601909080830387,0.6813209992921578,2684799.387455669,0.17456708922982195,203.1265239927458,4115.666361535324,132096.0,nan,nan,0.9785913609917912,0.5220001248854891,237.49968295117478,0.5746689644683076,0.011169491335749626,1.0,9980,0.01314221601127549,0.5809018567639257,0.00017271784168702584,0.008785544249115797,-0.00833308209542083,1.7774495433568487
small,EvieKF,INTC,42,3.162,3000.0,0.0757074860668687,0.2066317894730707,True,0.07571 is >50.0x off the grid-point peer median 0.0003911,,10000,77.9866828918457,0.00779866828918457,0.49998368971477414,0.0143,18.064453125,1500,0.15,0.00038038835918996483,0.07532709770767873,195.7571581806981,0.025156628946250502,0.7505215315508311,104588.3026031624,0.16992439180612554,58.079307706936376,4103.264661785727,132096.0,nan,nan,0.9997999967439671,0.9920520293315349,115.78604553274072,0.08248654877146087,0.14553864300251007,1.0,9980,0.27514993379404745,0.47480106100795755,0.0757074860668687,0.034261862436930336,-79.6546976092235,0.6726138016362232
small,EvieKF,INTC,43,3.162,3000.0,0.0009460284438713518,0.0006102839736786698,False,,,10000,78.45936846733093,0.007845936846733093,0.49998844504815415,0.0099,18.064453125,7500,0.75,0.0003167491595377214,0.0006292792843336304,0.0016227717296181915,0.02522465307701886,0.615814092825955,61841.93023729223,0.1300078153610229,55.74910250221667,4078.544171984283,132096.0,nan,nan,0.9999984529503305,0.9999379502685808,21.014672175496923,0.19518841555368455,0.3860706686973572,1.0,9980,0.030757575389997044,0.5251989389920424,0.0009460284438713518,0.02016378710509608,-0.007847995411902398,-0.6726138016362232
small,EvieKF,INTC,44,3.162,3000.0,0.0009399798339006131,0.0006046639829478782,False,,,10000,78.8985071182251,0.00788985071182251,0.4999832967213493,0.0091,18.064453125,4750,0.475,0.00012423501902958378,0.0008157448148710294,0.0029960081117060573,0.02524205871484054,0.568987247646856,361204.42532575806,0.1416560351848601,39.25661888166098,4055.843534789543,132096.0,nan,nan,0.999995046987693,0.9998931999726449,258.6216816267032,0.2393811978776909,0.21830686926841736,1.0,9980,0.030659090558929063,0.47480106100795755,0.0009399798339006131,0.020253882837043238,-0.0014041305645717816,0.6726138016362232
small,EvieKF,INTU,42,3.162,3000.0,0.0002896041860656133,0.0007619102058107087,False,,,10000,78.59550356864929,0.00785955035686493,0.4998995191000684,0.0069,18.064453125,1000,0.1,0.0008328450203407556,-0.0005432408342751423,0.0028678243690337126,0.025190311462396347,0.5236493582485968,130309.01542233539,0.19052570909261704,213.41857225170946,4071.479734467199,132096.0,nan,nan,0.9999943570466538,0.9997759240301499,199.55882880180906,0.2521048523255255,0.4466586410999298,1.0,9980,0.017017760900471402,0.4588859416445623,0.0002896041860656133,0.012536477790307747,-0.01538270802612307,-0.8083000375955952
small,EvieKF,INTU,43,3.162,3000.0,0.0002869620682701232,0.0007619821424509549,False,,,10000,79.04300022125244,0.007904300022125244,0.500014130868154,0.0084,18.064453125,7000,0.7,0.00014454852134804241,0.0001424135469220808,0.00206546574508723,0.025199350674711702,0.4653596516104582,1049078.8520746566,0.14242667406797385,68.29378139579124,4048.4293245989543,132096.0,nan,nan,0.9926523746728408,0.7060951030120988,21.221101892324988,0.15629839897155764,0.026709677651524544,1.0,9980,0.016939954789494664,0.4588859416445623,0.0002869620682701232,0.012422345933460054,-0.006119165400738202,-0.8083000375955952
small,EvieKF,INTU,44,3.162,3000.0,0.00028750304349515804,0.0007618531308060299,False,,,10000,78.18236064910889,0.007818236064910888,0.5032933733690287,0.0182,18.064453125,500,0.05,0.0001479440416005673,0.00013955900189459075,0.0013066949179032575,0.025492259129906873,0.6230330030448302,212286.00544436614,0.11327226459980001,32.937257671292606,4092.9948564254223,132096.0,nan,nan,0.9970228764243256,0.8809152778289708,534.9852733623077,0.10742576122670422,0.006747270934283733,1.0,9980,0.01695591470535158,0.4588859416445623,0.00028750304349515804,0.012447101098519785,-0.008015881385521784,-0.8083000375955952
small,EvieKF,KEYS,42,3.162,3000.0,0.0003778578699097153,0.00035176181700080633,False,,,10000,78.58166074752808,0.007858166074752808,0.5023448289608377,0.0085,18.064453125,7500,0.75,0.0004224599397275597,-4.460206981784441e-05,0.001407607439129303,0.02517739704395335,0.8205280176370959,2365969.787726599,0.12774396911263455,128.81499428612787,4072.1969599002928,132096.0,nan,nan,0.9994831666935026,0.9793266447004664,1472.622182013576,0.08994375368195606,0.060046687722206116,1.0,9980,0.01943856656005569,0.49416342412451364,0.0003778578699097153,0.013175583625024603,-0.00044071442836646213,-0.07907810819329214
small,EvieKF,KEYS,43,3.162,3000.0,0.0003779953302339066,0.00035168410977348685,False,,,10000,77.99755191802979,0.007799755191802978,0.4999384218643311,0.0096,18.064453125,500,0.05,0.00043033616384491324,-5.234083361100667e-05,0.0009404157765227585,0.02524648199940179,0.5381441508011466,80947.38497851428,0.13040146529674504,107.8545080128789,4102.6928683133365,132096.0,nan,nan,0.9999999616609777,0.9999982701201379,77.36168757643586,0.13527257476332769,0.4154970645904541,1.0,9980,0.019442102001427382,0.49416342412451364,0.0003779953302339066,0.013180462888969008,-0.0008046631929439219,-0.07907810819329214
small,EvieKF,KEYS,44,3.162,3000.0,0.0003804870585138484,0.00035249305074103177,False,,,10000,78.7916169166565,0.00787916169166565,0.5242259826791252,0.0121,18.064453125,1250,0.125,0.0003503939224174246,3.009313609642376e-05,0.001161884212379869,0.026770949491299312,0.6569450112541053,6396919.140362661,0.18637892901897427,92.57606206985675,4061.345769036404,132096.0,nan,nan,0.967264598147014,0.4219235113121161,46.48847635952924,0.2723140646464359,0.006479827221482992,1.0,9980,0.019506077476362293,0.49416342412451364,0.0003804870585138484,0.013275656589241914,-0.007401922689330487,-0.07907810819329214
small,EvieKF,KLAC,42,3.162,3000.0,0.0006320495454091874,0.0008054968532896169,False,,,10000,78.3084557056427,0.00783084557056427,0.49994125299363945,0.0052,18.064453125,10000,1.0,0.0002192655301769264,0.000412784015232261,0.0017100252002824254,0.025254142824925347,0.4511438422216388,16020.27874101984,0.1412033729255199,27.575738243582663,4086.4041707432325,132096.0,nan,nan,0.9999797204077222,0.9991887127381062,966.0658709899366,0.14831036736304667,0.46868428587913513,1.0,9980,0.025140595565920618,0.5502645502645502,0.0006320495454091874,0.017755513468747416,-0.0002079855211134518,0.46054431575672167
small,EvieKF,KLAC,43,3.162,3000.0,0.0006321941024411923,0.0008049483956961796,False,,,10000,78.31833291053772,0.007831833291053771,0.5115678348912673,0.0152,18.064453125,nan,nan,0.0003942820767406374,0.00023791202570055492,0.0012730936213414669,0.025737636180519753,0.7962625841733166,484073.19572138967,0.16372737735509824,239.28052191847385,4085.8888092719353,132096.0,nan,nan,0.9686311827474732,0.43060756213365003,119.14283181008447,0.5292546422249906,0.0051704514771699905,1.0,9980,0.025143470373860333,0.5502645502645502,0.0006321941024411923,0.01780503136771066,-0.0004367446410664666,0.46054431575672167
small,EvieKF,KLAC,44,3.162,3000.0,0.0006338281448556002,0.0008080709992416341,False,,,10000,78.75880193710327,0.007875880193710327,0.5798666775153757,0.0188,18.064453125,500,0.05,0.0002603944158181548,0.0003734337290374454,0.0013327166891127212,0.02669773751934914,0.7981937447463353,609242.3644751118,0.10453837104141708,193.5959970577022,4063.0379351828105,132096.0,nan,nan,0.955321297281569,0.3125226777673101,252069.86953005538,0.49338630098318353,0.005766415037214756,1.0,9980,0.025175943772887645,0.5502645502645502,0.0006338281448556002,0.017757070127618377,-0.0030225898227331793,0.46054431575672167
small,EvieKF,LRCX,42,3.162,3000.0,0.0006489659506807883,0.0009649469460353294,False,,,10000,78.40155076980591,0.00784015507698059,0.6148782570004037,0.0129,18.064453125,2250,0.225,0.0005587419436778873,9.022400700290094e-05,0.00248013289231942,0.02819879012026012,0.6689075720546135,181830.48570265708,0.1940713874995708,281.3742986240764,4081.5519190372793,132096.0,nan,nan,0.9767996704459815,0.32869573624177134,402.884785719747,0.6697351019227359,0.005150252021849155,1.0,9980,0.02547481012060322,0.5119363395225465,0.0006489659506807883,0.018390483957119088,-4.434362445682183e-06,0.2179367264438608
small,EvieKF,LRCX,43,3.162,3000.0,0.0006505256449734723,0.0009648867880317829,False,,,10000,78.00188660621643,0.007800188660621643,0.499913785678501,0.0118,18.064453125,1750,0.175,0.00038991757901385427,0.00026060806595961804,0.0014605669707965908,0.025209607044086174,0.6251174598069511,150067.04352209863,0.13001199737191185,36.1908906740458,4102.464875182869,132096.0,nan,nan,0.9999969815912623,0.9998793099963506,4203.62287593958,0.08597230085033516,0.16902969777584076,1.0,9980,0.02550540423074044,0.4880636604774536,0.0006505256449734723,0.018434900455373937,-0.0024077980632648543,-0.2179367264438608
small,EvieKF,LRCX,44,3.162,3000.0,0.0006503659108328441,0.0009648085272912954,False,,,10000,77.99927687644958,0.007799927687644958,0.7175848556340014,0.0077,18.064453125,7500,0.75,0.0005510402843356133,9.932562649723087e-05,49778360.66824692,0.02874224883338534,0.7012186202657528,4818761.630364935,0.1933439105749129,152.6043134866448,4102.602137028503,132096.0,nan,nan,0.9884769704069223,0.5390807993609218,153.20145671906843,0.3549213740785785,0.006798665504902601,1.0,9980,0.02550227266015412,0.4880636604774536,0.0006503659108328441,0.018430689655283772,-0.0021616605751890727,-0.2179367264438608
small,EvieKF,MCHP,42,3.162,3000.0,0.0005297374236520636,0.0007239754067175585,False,,,10000,77.85358357429504,0.007785358357429504,0.49985111463240844,0.0104,18.064453125,nan,nan,0.0008226709032896906,-0.00029293347963762703,0.001826679680020373,0.02524074788264301,0.4100722681581797,78009.38144698695,0.16329623460769652,152.09219392024676,4110.279646853078,132096.0,nan,nan,0.9908725958095719,0.6349824812218231,111.99308820235747,0.15153186519940698,0.03207416087388992,1.0,9980,0.023016025366080557,0.5,0.0005297374236520636,0.017374969664074126,-0.012265974403049551,-0.7576117278716642
small,EvieKF,MCHP,43,3.162,3000.0,0.0005234418801529697,0.0007246107416380622,False,,,10000,78.50922656059265,0.007850922656059266,0.4998778272423504,0.0081,18.064453125,7500,0.75,0.00034705580037552863,0.0001763860797774411,0.002853341039318556,0.025286718604441212,0.28480806445283624,42446.49603904541,0.1932952262461185,36.818153281189836,4075.954050483826,132096.0,nan,nan,0.9580964386895584,0.3226747021381291,364.8695101816944,0.18285506241974644,0.04640306904911995,1.0,9980,0.0228788522472822,0.5,0.0005234418801529697,0.01733865813603477,-0.00023593047945347223,0.7576117278716642
small,EvieKF,MCHP,44,3.162,3000.0,0.0005248311966184586,0.0007222010222923219,False,,,10000,79.26207685470581,0.00792620768547058,0.49998198625498297,0.0132,18.064453125,750,0.075,0.00022644628188572824,0.0002983849147327304,0.0017028134284534804,0.02516928415398384,0.5972940184593291,35437.856822770256,0.14144137278199184,170.75557527523526,4037.2396573280244,132096.0,nan,nan,0.9766519625071981,0.4269622638914974,326.15544644532156,0.28122248905610847,0.015270431526005268,1.0,9980,0.022909194586856575,0.5,0.0005248311966184586,0.01730210188204649,-0.0028907510054352326,-0.7576117278716642
small,EvieKF,META,42,3.162,3000.0,0.00045761503513504123,0.001090397030021114,False,,,10000,77.99899435043335,0.007799899435043335,0.49992313653867404,0.0074,18.064453125,1000,0.1,0.0005053058703197166,-4.7690835184675405e-05,0.002446512101605459,0.025242665371175636,0.4547651863170626,7864703.001061021,0.156866642832756,101.68924685800168,4102.616997371866,132096.0,nan,nan,0.9893692049230636,0.5747682022536732,19.272553002908158,0.104614552979668,0.04695817083120346,1.0,9980,0.021391938554863165,0.5362776025236593,0.00045761503513504123,0.014497380586540175,-0.00022655633550661136,1.5751654238639055
small,EvieKF,META,43,3.162,3000.0,0.00045751213277660826,0.0010902445399046696,False,,,10000,81.34448385238647,0.008134448385238647,0.5023897044530278,0.0238,18.064453125,500,0.05,0.00047513999743387103,-1.7627864657262767e-05,406066.1537790297,0.02529919916742559,0.8746654422306682,938927.8603135002,0.11045151539146898,172.3110087237873,3933.886907201906,132096.0,nan,nan,0.986540547370787,0.6056991107301454,314.71055917778153,0.30722101628808457,0.009174223989248276,1.0,9980,0.021389533252892834,0.5362776025236593,0.00045751213277660826,0.014481671951102011,-1.6387438372955643e-06,1.5751654238639055
small,EvieKF,META,44,3.162,3000.0,0.00045789909437767365,0.0010905473578239466,False,,,10000,78.02016639709473,0.007802016639709473,0.4999891619092196,0.0069,18.064453125,500,0.05,0.0007001352059887722,-0.00024223611161109857,0.002110394899835288,0.025288212759655416,0.40614799473669994,56273.350535118414,0.13521081209182736,114.38534813955336,4101.503685230746,132096.0,nan,nan,0.9890663152747962,0.5626527452951969,457.8457401529257,0.07199239851449668,0.01721419394016266,1.0,9980,0.0213985769241245,0.5362776025236593,0.00045789909437767365,0.014463334713342055,-0.0008474354068632728,1.5751654238639055
small,EvieKF,MRVL,42,3.162,3000.0,0.0010363480086049075,0.0015817622923408325,False,,,10000,77.71985411643982,0.007771985411643982,0.5004490289427846,0.0149,18.064453125,500,0.05,0.0008710777619853616,0.00016527024661954588,0.00209651198150722,0.025425200111597566,0.47761115049675923,26207.61188466238,0.13308506980538368,73.80630660891983,4117.352041353246,132096.0,nan,nan,0.9822390369107692,0.5938635005208927,1052.7816756218476,0.20315983355287104,0.009204854257404804,1.0,9980,0.0321923594755791,0.47745358090185674,0.0010363480086049075,0.023334636890068258,-0.006507081600702236,-0.8098139735319513
small,EvieKF,MRVL,43,3.162,3000.0,0.0010426918034831052,0.0015826598402675963,False,,,10000,77.74502301216125,0.007774502301216126,0.49988286175590335,0.0104,18.064453125,5250,0.525,0.001325272212852724,-0.00028258040936961866,0.004478756439959055,0.02511684407544561,0.720756672448256,48853.93664088453,0.18937870040535926,76.46913895862617,4116.019104527682,132096.0,nan,nan,0.9450561265847994,0.2714698242525819,52882.627648719856,0.85712729791381,0.020802022889256477,1.0,9980,0.03229073866425333,0.47745358090185674,0.0010426918034831052,0.023441632588704426,-0.012668211275398633,-0.8098139735319513
small,EvieKF,MRVL,44,3.162,3000.0,0.0010374067794708978,0.001581772252798713,False,,,10000,77.70383214950562,0.007770383214950561,0.5258390497426404,0.0162,18.064453125,750,0.075,0.0013981221127323806,-0.0003607153332614828,0.0036405543705188424,0.026061504346546686,0.6919607184832327,52999.739257809495,0.18922439962625495,168.4065317054307,4118.201009498551,132096.0,nan,nan,0.9893620795677596,0.576876455696392,109.74645923333655,0.7021462731611487,0.004940814338624477,1.0,9980,0.03220879972105291,0.47745358090185674,0.0010374067794708978,0.023352645692371186,-0.0075353658889563135,-0.8098139735319513
small,EvieKF,MSFT,42,3.162,3000.0,0.00016543726441721436,0.0004358306250458371,False,,,10000,78.10744142532349,0.0078107441425323484,0.4998659481934692,0.0046,18.064453125,750,0.075,0.0003391544087207876,-0.00017371714430357326,0.001486007434563078,0.025385673609949783,0.311843938425473,11231.612796418161,0.14560328572988504,20.361894584860156,4096.920781945518,132096.0,nan,nan,0.9999999908278825,0.999999923800514,93.86432097276888,0.07292159003879274,0.9131536483764648,1.0,9980,0.012862241811488942,0.5529100529100529,0.00016543726441721436,0.009739192074568814,-0.000840239688611133,0.7335835718058848
small,EvieKF,MSFT,43,3.162,3000.0,0.00016583904387458922,0.0004358199531266797,False,,,10000,77.78510570526123,0.007778510570526123,0.5000077168746025,0.0044,18.064453125,7000,0.7,0.0007325021870201454,-0.0005666631431455562,0.002240566792053843,0.025189289373596276,0.7643474849059676,108525.4042277514,0.18204351216554618,88.55318838377687,4113.89811839461,132096.0,nan,nan,1.0000000006900949,0.9999999512634182,1422.7649370054912,0.1601551491272736,0.8494308590888977,1.0,9980,0.012877850902793883,0.4470899470899471,0.00016583904387458922,0.009777371845548116,-0.00327087132313153,-0.7335835718058848
small,EvieKF,MSFT,44,3.162,3000.0,0.00016518564963782274,0.000436406632000951,False,,,10000,77.51792454719543,0.007751792454719544,0.5774616447030951,0.0617,18.064453125,500,0.05,0.000157217938976828,7.967710660994733e-06,43206.06603795357,0.027338456753713686,0.6673408760054944,844642.5915848386,4.5562180280685185,211.66826671759773,4128.0774978072795,132096.0,nan,nan,0.8214500620853181,0.2579744102357101,86.19540012685218,1.3279116720275046,0.007562353275716305,1.0,9980,0.012852456949463895,0.5529100529100529,0.00016518564963782274,0.00969963098959948,0.0006819457573500332,0.7335835718058848
small,EvieKF,MSI,42,3.162,3000.0,0.00011977843112415737,0.00029447154989293146,False,,,10000,77.58628010749817,0.007758628010749817,0.5051121908306955,0.0197,18.064453125,500,0.05,0.0002404736223979853,-0.00012069519127382794,172.11997001855934,0.025652348675413,0.6136926297398413,98881.32027826026,0.19496040567755632,172.4412717156034,4124.440552590358,132096.0,nan,nan,0.8165307621272623,0.26517665569091375,316.4345428144708,0.9613414176000814,0.008296511135995388,1.0,9980,0.010944333288243619,0.5687830687830688,0.00011977843112415737,0.007558606919788179,-0.0029081137711011174,1.807944375855319
small,EvieKF,MSI,43,3.162,3000.0,0.00012000807851710648,0.0002943609769527729,False,,,10000,78.14137721061707,0.007814137721061707,0.5003050018442653,0.0185,18.064453125,1500,0.15,0.0003512796829454601,-0.0002312716044283536,0.0006763071930506583,0.025292695394836313,0.7680904580391592,428195.69657552906,0.1635034464299678,321.1846037842969,4095.141542456992,132096.0,nan,nan,0.8967577064951311,0.2506092679417823,354.7816471522046,0.6899346528742407,0.01152789406478405,1.0,9980,0.010954819876068547,0.5687830687830688,0.00012000807851710648,0.00757348411297672,-0.004830957738361841,1.807944375855319
small,EvieKF,MSI,44,3.162,3000.0,0.00011946010605368033,0.00029499062018305933,False,,,10000,77.95854878425598,0.007795854878425598,0.49996955496755113,0.0056,18.064453125,1000,0.1,0.00035185462911613286,-0.00023239452306245253,0.0013038657303124975,0.0252592837289548,0.46483872356705136,58820.27636274565,0.15064090192317944,97.09722946970545,4104.745470385477,132096.0,nan,nan,0.9999999962893165,0.9999999269459936,148.0767370384181,0.07023626963503302,0.9408830404281616,1.0,9980,0.010929780695589475,0.5687830687830688,0.00011946010605368033,0.007540488369250423,-0.00024276915937182508,1.807944375855319
small,EvieKF,MU,42,3.162,3000.0,0.0008343522037778582,0.0008075991423123711,False,,,10000,78.04996275901794,0.007804996275901794,0.4999496071546902,0.0111,18.064453125,1500,0.15,0.001537190459202975,-0.0007028382554251168,0.001314984175539954,0.025247861273523936,0.44475857450911915,39597.76410165183,0.11862728223204598,37.441557478809564,4099.9378947561,132096.0,nan,nan,0.9922757311227631,0.6910291573475791,1274.0954590125343,0.10207404891649943,0.01754334755241871,1.0,9980,0.028885155422428633,0.47619047619047616,0.0008343522037778582,0.020606042216063807,-0.003313829399932633,-0.43193267581776207
small,EvieKF,MU,43,3.162,3000.0,0.0008430788441309853,0.0008098458579743889,False,,,10000,77.83141422271729,0.007783141422271728,0.49990111466431425,0.0072,18.064453125,8250,0.825,0.0006867739430163056,0.00015630490111467974,0.0017596851964147046,0.025248118365469086,0.5388882145033597,32658.057191207154,0.1602972880005836,24.780937519803334,4111.450411068067,132096.0,nan,nan,1.0000000046876,0.9999999468281351,174.3100261762716,0.07088968269793676,0.3855474293231964,1.0,9980,0.029035820018228953,0.47619047619047616,0.0008430788441309853,0.02078736017620753,-0.013807669903796338,-0.43193267581776207
small,EvieKF,MU,44,3.162,3000.0,0.0008340247724422071,0.0008076531343181823,False,,,10000,78.01431941986084,0.007801431941986084,0.4999703993837549,0.0174,18.064453125,8000,0.8,0.0009233113087248057,-8.928653628259857e-05,0.00247225883010617,0.02533041742743129,0.37513591615187875,144527.84217144002,0.18473475128412242,23.883201667818778,4101.811082627154,132096.0,nan,nan,0.9971232581010117,0.8861319817482288,7743.270202735587,0.4054606128483044,0.04721427708864212,1.0,9980,0.028879487052962127,0.47619047619047616,0.0008340247724422071,0.020599582207896722,-0.002920091137182057,-0.43193267581776207
small,EvieKF,NOW,42,3.162,3000.0,0.00042479151771182105,0.0006920795436877354,False,,,10000,77.5597550868988,0.00775597550868988,0.7097757478477819,0.0231,18.064453125,500,0.05,0.000591897543927189,-0.0001671060262153679,2640.816520518822,0.027080987268185364,0.756949161309353,12069514.360090466,0.24705319851636887,257.83569026721796,4125.851089156593,132096.0,nan,nan,0.9667587103932442,0.35906926283515617,721.8059783041583,0.7004233357366619,0.005412612576037645,1.0,9980,0.02061047106962432,0.5936507936507937,0.00042479151771182105,0.014379062349834139,-0.008826764591786995,1.5694227407315364
small,EvieKF,NOW,43,3.162,3000.0,0.0004241589515928238,0.0006919678798906363,False,,,10000,78.37236022949219,0.007837236022949218,0.49992514770587754,0.0087,18.064453125,1000,0.1,0.0008169353241100907,-0.00039277637251726693,0.0018514929235555876,0.025300514627082625,0.27270179731538147,419599.04581738316,0.14764811098575586,184.81235596630492,4083.0721323559333,132096.0,nan,nan,0.989729064587425,0.5891624476075583,105297.89344102613,0.17428730031066714,0.018027763813734055,1.0,9980,0.020595119606179126,0.5936507936507937,0.0004241589515928238,0.014346949259440104,-0.007324499116582173,1.5694227407315364
small,EvieKF,NOW,44,3.162,3000.0,0.00042441231863839284,0.0006920067937510788,False,,,10000,77.84086561203003,0.007784086561203003,0.49996412091023135,0.0158,18.064453125,750,0.075,0.0009609729750081897,-0.0005365606563697968,0.0017654148716660237,0.025157752043679572,0.7794247758886109,317910.25514056714,0.15022076666355116,171.98581528600985,4110.951201325607,132096.0,nan,nan,0.9988911906689065,0.9557246563713897,347.43615053763244,0.4809676312971572,0.15466426312923431,1.0,9980,0.02060126983072628,0.5936507936507937,0.00042441231863839284,0.01436014629545666,-0.007926214184275526,1.5694227407315364
small,EvieKF,NVDA,42,3.162,3000.0,0.0008924771395940629,0.0014727188358256292,False,,,10000,77.9184467792511,0.00779184467792511,0.49995613741692174,0.0113,18.064453125,1000,0.1,0.0020862649398623034,-0.0011937878002682405,0.0021204347635770033,0.02522100314542628,0.537947398322036,33413.604037364916,0.1445789091289043,133.66962255285102,4106.858044881007,132096.0,nan,nan,0.9999797604582679,0.9992073553585925,496782.71787010384,0.28955266319486933,0.2699860632419586,1.0,9980,0.029874355885844014,0.5570291777188329,0.0008924771395940629,0.022328543284582714,-0.006976548687327,1.6280204639536195
small,EvieKF,NVDA,43,3.162,3000.0,0.000891809898709494,0.0014726429466227322,False,,,10000,77.8968231678009,0.00778968231678009,0.4999613847974969,0.0129,18.064453125,3500,0.35,0.001047820202074945,-0.00015601030336545097,0.002237660460574914,0.02514463108065068,0.7618605625995485,45846.80821192055,0.11655103527009486,45.10414716122847,4107.998079853323,132096.0,nan,nan,0.9999964588176506,0.9998583487208234,225.67633688097976,0.24490166300868926,0.4308108985424042,1.0,9980,0.029863186345557534,0.5570291777188329,0.000891809898709494,0.02231540124883097,-0.0062237048403777084,1.6280204639536195
small,EvieKF,NVDA,44,3.162,3000.0,0.0008899005790236135,0.001472659705488372,False,,,10000,77.39366054534912,0.007739366054534912,0.4999946614354802,0.0118,18.064453125,500,0.05,0.002379670972004533,-0.0014897703929809194,0.0029150487605887985,0.02518307521963467,0.5867492638328684,378196.07571212994,0.1419023230671882,212.3470028817652,4134.705578533719,132096.0,nan,nan,0.992603612065557,0.7041446422560266,483.4691079773185,0.08666902332527873,0.039247747510671616,1.0,9980,0.02983120143446478,0.5570291777188329,0.0008899005790236135,0.022275319175114706,-0.004069431008217439,1.6280204639536195
small,EvieKF,NXPI,42,3.162,3000.0,0.00045934713576450823,0.0006680974314884587,False,,,10000,78.05861258506775,0.007805861258506775,0.499980986231791,0.0095,18.064453125,4250,0.425,0.0013618357479572296,-0.0009024886121927213,0.002696798287119908,0.025194237653394475,0.749996762318463,269555.59580714576,0.18245816230773926,112.1290062254082,4099.483572696942,132096.0,nan,nan,0.9999998295209528,0.9999959255377604,115.61292033977843,0.4032399298463133,0.30787336826324463,1.0,9980,0.02143238520940934,0.5344352617079889,0.00045934713576450823,0.01668575118724308,-0.002156485105708539,0.02440675184091521
small,EvieKF,NXPI,43,3.162,3000.0,0.0004600506511929935,0.0006686704675795623,False,,,10000,78.16599869728088,0.007816599869728089,0.499994653406165,0.0089,18.064453125,2250,0.225,0.000731246720533818,-0.0002711960693408245,0.002676925587491993,0.025186608695316026,0.7563567793706149,10194525.011936411,0.2119775027036666,96.63380144807549,4093.8516149366574,132096.0,nan,nan,0.984179765489133,0.38380186209160205,913.5965006412041,0.573713457861507,0.014335381798446178,1.0,9980,0.02144879136904906,0.5344352617079889,0.0004600506511929935,0.016687223733949267,-0.0036913429379119567,0.02440675184091521
small,EvieKF,NXPI,44,3.162,3000.0,347740.5399449036,0.0006700784626586661,True,primary outside absolute range,,10000,77.54529356956482,0.007754529356956482,0.49998214569935717,0.0139,18.064453125,500,0.05,0.0004841011395910755,347740.53946080245,0.001956661688967355,0.025248247694313934,0.6769757537278431,136098.2509029429,0.15011991709470743,178.06166187799835,4126.620524209279,132096.0,nan,nan,0.9930693234928022,0.7228093640428184,11764.97759985267,0.11811562281467944,0.024631937965750694,1.0,9980,589.6952941519065,0.4903581267217631,347740.5399449036,241.91735537190084,-758664656.0897638,-1.221599017845486
small,EvieKF,ORCL,42,3.162,3000.0,0.0004384587839166954,0.00032311045522715116,False,,,10000,77.90125584602356,0.007790125584602356,0.4999503287686987,0.0075,18.064453125,500,0.05,0.00024880650744307786,0.00018965227647361755,0.0010904732120934613,0.025206290344718836,0.7038160911095525,205292.1100460109,0.13257137909531558,47.89994046289096,4107.764329659832,132096.0,nan,nan,0.9999942975351107,0.9997721724631617,35254.60439913489,0.3469419658434617,0.44441816210746765,1.0,9980,0.020939407439483464,0.5558510638297872,0.0004384587839166954,0.012893223888659603,-0.0038255197646439587,0.7129394529647527
small,EvieKF,ORCL,43,3.162,3000.0,0.00043898489740159776,0.0003232090321396643,False,,,10000,77.77692651748657,0.007777692651748657,0.5061158661134088,0.0092,18.064453125,750,0.075,0.0001861372875282541,0.00025284760987334367,0.0010545497636912445,0.025625324085785196,0.7376508915376888,1014472.2483865875,0.17271210253238672,151.25493316300475,4114.330744710701,132096.0,nan,nan,0.9908318357338137,0.6727174158703263,726.4076251456427,0.4540002790801109,0.0065050735138356686,1.0,9980,0.02095196643281002,0.4441489361702128,0.00043898489740159776,0.013061339262301328,-0.005030025551298722,-0.7129394529647527
small,EvieKF,ORCL,44,3.162,3000.0,0.00043686688261688073,0.000321362750599808,False,,,10000,78.15155363082886,0.007815155363082886,0.500163952276641,0.0156,18.064453125,8250,0.825,0.00020054535707458854,0.0002363215255422922,0.0007560174036316261,0.02527069239753337,0.7666818129536287,1453863.2481353648,0.12134292945265736,154.63159114718658,4094.6082980206793,132096.0,nan,nan,0.9789937924040956,0.4541605222813903,945.6863228953423,0.8745037972965287,0.008131887763738632,1.0,9980,0.020901360783855218,0.5558510638297872,0.00043686688261688073,0.012904442176617011,-0.00018095564980091794,0.7129394529647527
small,EvieKF,PANW,42,3.162,3000.0,0.0007958495218283052,0.00064907130151511,False,,,10000,77.22905707359314,0.007722905707359314,0.5070894025772633,0.0155,18.064453125,500,0.05,0.0005043574783485383,0.00029149204347976695,8771.349695006847,0.025591424856913868,0.5049683345241219,108660.93843199791,0.12567803263664243,167.87877136321526,4143.518153990479,132096.0,nan,nan,0.9380121280486469,0.3690838801968219,48171.83839129361,0.311603514755641,0.009144625626504421,1.0,9980,0.02821080505459398,0.5700636942675159,0.0007958495218283052,0.01710927410490194,-7.269336614301736e-05,0.7691128136741022
small,EvieKF,PANW,43,3.162,3000.0,0.0007957939509373561,0.0006491620414934981,False,,,10000,77.62664270401001,0.007762664270401001,0.4998595549368355,0.0072,18.064453125,500,0.05,0.000818791231722571,-2.299728078521482e-05,0.0019059660487066783,0.02520995536123381,0.573108505122587,1071637.9656496982,0.17947862446308127,152.38972961277886,4122.296016590056,132096.0,nan,nan,0.9994246380024968,0.9869266213622487,19920.263898849844,0.2171025266714249,0.43024253845214844,1.0,9980,0.028209820115295953,0.5700636942675159,0.0007957939509373561,0.01708839501544928,-2.862413104987027e-06,0.7691128136741022
small,EvieKF,PANW,44,3.162,3000.0,0.0007965448935320422,0.0006492905818616239,False,,,10000,77.81908226013184,0.007781908226013184,0.49997031401630104,0.0073,18.064453125,500,0.05,0.0014170274807838723,-0.0006204825872518301,0.002146485444953911,0.025233938076005335,0.488134658769564,155953.854613033,0.1634301230311393,131.05056642769247,4112.1019511681125,132096.0,nan,nan,0.9893953896462975,0.5758155903321389,35.187603008536826,0.4549861381451289,0.11525514721870422,1.0,9980,0.028223126926902382,0.5700636942675159,0.0007965448935320422,0.017187285575137778,-0.0009465046000172173,0.7691128136741022
small,EvieKF,PTC,42,3.162,3000.0,0.00017548279550971179,0.0004546438746490276,False,,,10000,78.07892656326294,0.007807892656326294,0.5031500905538586,0.0111,18.064453125,500,0.05,0.00036168356018606573,-0.00018620076467635395,0.0018335869013229409,0.025316238589537465,0.7580126238548566,2606150.323614217,0.1788957566022872,265.5132878965667,4098.417000401793,132096.0,nan,nan,0.9962935049812837,0.8519552819200261,849.4611332844372,0.2970808322770764,0.023973360657691956,1.0,9980,0.013246991941935791,0.5358090185676393,0.00017548279550971179,0.010166319589766245,-0.0022888398595646287,0.8123563159323363
small,EvieKF,PTC,43,3.162,3000.0,0.0001752626288820196,0.00045500047485139074,False,,,10000,78.70387697219849,0.007870387697219849,0.5001623777374686,0.0137,18.064453125,6500,0.65,0.0004015627782791853,-0.0002263001493971657,0.0016945662914526947,0.025261345648084254,0.4857861385290364,680366.6459122162,0.17578860074281674,52.63751292631588,4065.8734018025243,132096.0,nan,nan,0.9998710339805722,0.9966678230956985,292.249353112628,0.2749222156377492,0.023555811494588852,1.0,9980,0.013238679272571701,0.5358090185676393,0.0001752626288820196,0.010126784995750145,-0.001031334511508053,0.8123563159323363
small,EvieKF,PTC,44,3.162,3000.0,0.00017508206071046293,0.00045458596960619213,False,,,10000,78.32160544395447,0.007832160544395447,0.4999664832444955,0.0103,18.064453125,6250,0.625,0.00020160169515293092,-2.6519634442467984e-05,0.0013724076198994818,0.025227808539140334,0.38962457580881504,65454.10636285928,0.13935970216989504,29.064171458732687,4085.71808744378,132096.0,nan,nan,0.9966564604246784,0.8715245595685541,270.2182646342851,0.09460075563524709,0.2241343855857849,1.0,9980,0.013231857795126992,0.5358090185676393,0.00017508206071046293,0.010136579079602762,0.0,0.8123563159323363
small,EvieKF,PYPL,42,3.162,3000.0,0.0004513574453691641,0.0005506345955263667,False,,,10000,78.24404525756836,0.007824404525756836,0.4999450187335121,0.0083,18.064453125,1500,0.15,0.000403435667976737,4.79217773924271e-05,0.0013596880960261557,0.0252037133356049,0.6949604890824416,110589.1438617008,0.14381865710020064,170.763210520805,4089.768096046225,132096.0,nan,nan,0.9999996797754495,0.9999874117115793,1467.1792241152984,0.06653164072282607,0.17294667661190033,1.0,9980,0.02124517463729503,0.4583333333333333,0.0004513574453691641,0.015483146905899048,-0.011491814732611738,-0.9941912295175683
small,EvieKF,PYPL,43,3.162,3000.0,0.00044987645621101063,0.0005509354988066089,False,,,10000,78.06282949447632,0.007806282949447632,0.49993258736660157,0.0175,18.064453125,500,0.05,0.0031462151964660734,-0.002696338740255063,0.0009187872103577774,0.025237706703255786,0.5618062972868317,83921.69312780038,0.10383314602077003,94.09888891441251,4099.262120938661,132096.0,nan,nan,0.9923732568449406,0.6949304651478548,8487.098730672335,0.121651359490017,0.01430901326239109,1.0,9980,0.021210291280673414,0.4583333333333333,0.00044987645621101063,0.015445089340209961,-0.008172918752165748,-0.9941912295175683
small,EvieKF,PYPL,44,3.162,3000.0,0.0004574035915235678,0.0005512652026505029,False,,,10000,77.1368100643158,0.007713681006431579,0.6238597708471008,0.0654,18.064453125,1000,0.1,0.0002891482872655615,0.0001682553042580063,0.004550225059872068,0.028347303082251134,0.6853856630979933,720205.4796045931,9.48240609169005,203.78327216493665,4148.473338905092,132096.0,nan,nan,0.8569701632790518,0.2907437109734684,174.2825685066767,1.1114902831467253,0.006314796395599842,1.0,9980,0.021386995850833465,0.4583333333333333,0.0004574035915235678,0.015671518445014954,-0.025041225313076287,-0.9941912295175683
small,EvieKF,QCOM,42,3.162,3000.0,0.0005027325380416144,0.0007288140548635225,False,,,10000,77.56700158119202,0.007756700158119202,0.4999801756563432,0.007,18.064453125,9500,0.95,0.0007277847616933286,-0.00022505222365171423,0.0017075377309889092,0.025208167365181684,0.6070100965392405,86224.37864452944,0.16637082546949375,52.54832347908264,4125.465642307253,132096.0,nan,nan,0.9905848748141025,0.6236341578515471,62.709294348337245,0.110782786210378,0.03716094791889191,1.0,9980,0.022421697929497098,0.4576719576719577,0.0005027325380416144,0.016240957552793797,-0.0027395709247879374,-0.5393494505252394
small,EvieKF,QCOM,43,3.162,3000.0,0.0005066373912745683,0.0007285382450417436,False,,,10000,77.79863166809082,0.007779863166809082,0.5000790359527602,0.0088,18.064453125,nan,nan,0.00033786898711696267,0.00016876840415760562,0.0027605275844121754,0.025141139392403627,0.8547005258279392,66711.51347984404,0.1905756220221519,424.54700344977533,4113.182881740172,132096.0,nan,nan,0.9999998352203552,0.9999969526181276,854.6771920521833,0.3343701445492883,0.3031758964061737,1.0,9980,0.02250860704873956,0.4576719576719577,0.0005066373912745683,0.01639247319054982,-0.010528107689464994,-0.5393494505252394
small,EvieKF,QCOM,44,3.162,3000.0,0.0005052957742933243,0.0007283605378249596,False,,,10000,78.57128548622131,0.007857128548622132,0.49997034038574223,0.0071,18.064453125,500,0.05,0.00022821133461548015,0.0002770844396778442,0.0014654601916710324,0.02514751413879394,0.5637352556822516,77805.56944497426,0.12591073215007778,141.06671067391392,4072.7346895211094,132096.0,nan,nan,0.9996189250427984,0.9847570617639506,254.44895378192732,0.2143620186795791,0.18725518882274628,1.0,9980,0.02247878498258579,0.4576719576719577,0.0005052957742933243,0.016347708525481047,-0.007852147145199107,-0.5393494505252394
small,EvieKF,ROP,42,3.162,3000.0,0.00011054025322356552,0.0002178281782792797,False,,,10000,78.00424551963806,0.0078004245519638065,0.5003956511268833,0.0098,18.064453125,5000,0.5,0.0006138341559562832,-0.0005032939027327177,0.0009255291477158905,0.02528741638681578,0.6394206217120514,46666.48750604683,0.15338583141565312,58.44152535872075,4102.340813224557,132096.0,nan,nan,0.9901761609018237,0.6070466900860596,1050.8117449214687,0.11305978841296567,0.008671837858855724,1.0,9980,0.010513812497070962,0.47214854111405835,0.00011054025322356552,0.007434012397887215,-0.0006209964419161551,-0.3450198414898484
small,EvieKF,ROP,43,3.162,3000.0,0.00011048087524989295,0.0002178553323846913,False,,,10000,77.49628806114197,0.007749628806114197,0.5094064382062062,0.0086,18.064453125,500,0.05,0.0002674417773960158,-0.00015696090214612288,0.0012154958578207812,0.02563366406052961,0.5185613769171845,53935.796005781,0.14446656331419935,41.744327560094476,4129.230031605265,132096.0,nan,nan,0.9990113797656356,0.9604552217451111,55.40252551125833,0.15947838819423651,0.04566440358757973,1.0,9980,0.010510988309854261,0.5278514588859416,0.00011048087524989295,0.007425742174582506,-8.350131728684929e-05,0.3450198414898484
small,EvieKF,ROP,44,3.162,3000.0,0.00011071770713127479,0.0002178835339192054,False,,,10000,79.01576948165894,0.007901576948165893,0.5007241412512075,0.0106,18.064453125,5250,0.525,0.00014059370005270466,-2.9875992921429872e-05,0.0010946698647441163,0.025288648270921237,0.7757929336823363,3903798.912040097,0.12262296564877027,129.3301600545005,4049.824510970283,132096.0,nan,nan,0.9679082340245924,0.2897679102859798,52.52629918158052,0.6737874174285151,0.009741286747157574,1.0,9980,0.01052224819757046,0.47214854111405835,0.00011071770713127479,0.007452430548491301,-0.002227326269978347,-0.3450198414898484
small,EvieKF,SNOW,42,3.162,3000.0,0.0015106661877500901,0.0008331930665212257,False,,,10000,79.0914888381958,0.00790914888381958,0.5002008616777811,0.0181,18.064453125,500,0.05,0.0020366038661450148,-0.0005259376783949246,0.002275866275778669,0.02521066997132466,0.8371668065337414,6730833.554293349,0.2135315164923668,279.3243680589275,4045.94735414137,132096.0,nan,nan,0.9596615597038198,0.2702171737047382,199.7073887981015,0.42609471987935266,0.010393530130386353,1.0,9980,0.03886728943147554,0.42201834862385323,0.0015106661877500901,0.022182077442834135,-0.02197118735359882,-0.6779454056483954
small,EvieKF,SNOW,43,3.162,3000.0,0.0015127090139126559,0.0008328093268046869,False,,,10000,79.39723920822144,0.007939723920822143,0.6598237042682525,0.0116,18.064453125,750,0.075,0.0018181774066761136,-0.00030546839276345775,38812973.5836599,0.026555011414022982,0.636191631165318,118305.40734849288,0.21985357031226155,98.8817557691236,4030.366838836691,132096.0,nan,nan,0.9695188500125083,0.38159069309219185,119.31948268550653,0.47362370670048,0.006724698003381491,1.0,9980,0.03889356005706672,0.42201834862385323,0.0015127090139126559,0.02222903277895866,-0.02335316670538634,-0.6779454056483954
small,EvieKF,SNOW,44,3.162,3000.0,0.0014986998717719262,0.0008373120538542203,False,,,10000,78.47012400627136,0.007847012400627136,0.4999727239759734,0.0142,18.064453125,8500,0.85,0.0022085574455559254,-0.0007098575737839992,0.002032805796602833,0.025249349151338335,0.6607242250003067,291405.06710577273,0.18343286514282225,29.138929021440237,4077.9851446956486,132096.0,nan,nan,0.9997048148013279,0.9881923406621668,184.11174025866165,0.12056574409829342,0.0796264261007309,1.0,9980,0.038713045240227825,0.42201834862385323,0.0014986998717719262,0.021894238410739723,-0.013875930937840897,-0.6779454056483954
small,EvieKF,TEL,42,3.162,3000.0,0.00016474373953998404,0.0003610301950566016,False,,,10000,78.3271369934082,0.00783271369934082,0.4998900334082179,0.0078,18.064453125,500,0.05,0.0005819135112687945,-0.0004171697717288105,0.001222491917022838,0.025218440921698504,0.5365328038084074,99202.69659125473,0.1733904808759689,176.2231054521293,4085.429549492283,132096.0,nan,nan,0.9889656917485883,0.5586279250580245,207.52312385500005,0.26986812452475234,0.034590356051921844,1.0,9980,0.012835253777778765,0.5,0.00016474373953998404,0.009689091374634435,-0.0010284360101593393,-0.15036013081822847
small,EvieKF,TEL,43,3.162,3000.0,0.00016519204570502832,0.0003611452936809955,False,,,10000,78.27862334251404,0.007827862334251404,0.4999624278682242,0.0149,18.064453125,nan,nan,0.000540155335329473,-0.00037496328962444473,0.0005470807836070835,0.025207733863531718,0.9021252854209865,24536056.4735629,0.08570455648005004,185.48957498711832,4087.961519198106,132096.0,nan,nan,0.9930283492212617,0.7489645905013529,112.0190190235598,0.4630556675722615,0.03275846317410469,1.0,9980,0.012852705773689379,0.5,0.00016519204570502832,0.009701690976581877,-0.003752468015873589,-0.15036013081822847
small,EvieKF,TEL,44,3.162,3000.0,0.00016917394740240916,0.00036391801638059335,False,,,10000,77.78009915351868,0.007778009915351868,0.49997814413268976,0.0132,18.064453125,1000,0.1,0.00013612410111818463,3.304984628422453e-05,0.001544349707852073,0.025270967715674136,0.641424286874735,34164.24347679258,0.16830348148941987,45.61465563504156,4114.162921911416,132096.0,nan,nan,0.9882585433299503,0.5303418696575682,104.36202907064123,0.23514959015942644,0.03651516139507294,1.0,9980,0.013006688564058462,0.5,0.00016917394740240916,0.009831936901839321,-0.027947601861963767,-0.15036013081822847
small,EvieKF,TSLA,42,3.162,3000.0,0.001355667094715306,0.001568967348908725,False,,,10000,78.44355082511902,0.007844355082511903,0.49995845109023357,0.0088,18.064453125,5500,0.55,0.0011891230242326856,0.00016654407048262041,0.0030630645184170206,0.02527417136056303,0.4938705827286462,430346.05934172985,0.16851449757814407,33.609993682934984,4079.3665844296575,132096.0,nan,nan,0.9999870402235711,0.9994814766926269,34282.819512628805,0.14047688935541652,0.45477819442749023,1.0,9980,0.036819384768288915,0.5027322404371585,0.001355667094715306,0.026583166070323173,-0.0006913364756626628,-0.3845774534987678
small,EvieKF,TSLA,43,3.162,3000.0,0.001356719458689455,0.0015691424069339281,False,,,10000,77.7404568195343,0.00777404568195343,0.49993077533922964,0.0052,18.064453125,750,0.075,0.0020838965428993106,-0.0007271770842098555,0.00334629989063945,0.02520909018975683,0.49174425185536524,7922.212287530194,0.17043714523315423,26.755137783901997,4116.260864569446,132096.0,nan,nan,1.000000003090568,0.99999993887087,104.39660464055278,0.069672102234488,0.7886619567871094,1.0,9980,0.0368336728916552,0.5027322404371585,0.001356719458689455,0.02658335888972048,-0.0014681433450298709,-0.3845774534987678
small,EvieKF,TSLA,44,3.162,3000.0,0.0013577311091084298,0.0015695160382414516,False,,,10000,78.48066473007202,0.007848066473007202,0.4999631257850476,0.0175,18.064453125,2750,0.275,0.001830930879805237,-0.00047319977069680726,0.0022323882847783603,0.025198173051972333,0.6286450713048651,41414.97118366722,0.14674221724271766,41.1265631995834,4077.437431252837,132096.0,nan,nan,0.9999872913933515,0.9994917741214021,1061365.7171095642,0.22630802197918456,0.1415538489818573,1.0,9980,0.0368474030171521,0.5027322404371585,0.0013577311091084298,0.026585375676389602,-0.0022148973333477873,-0.3845774534987678
small,EvieKF,TXN,42,3.162,3000.0,0.00026537241443755133,0.00035240076264905047,False,,,10000,78.26269936561584,0.007826269936561584,0.49991938408404507,0.0137,18.064453125,500,0.05,0.00035574653884395957,-9.037412440640824e-05,0.0009091540634944262,0.02517821202613782,0.6702389452483326,57149.85337403306,0.12115923315286609,54.194510101678254,4088.793289700786,132096.0,nan,nan,0.9989850103625384,0.9598768523705774,24255.63237705851,0.1360952749967664,0.059181321412324905,1.0,9980,0.01629025519866252,0.5,0.00026537241443755133,0.012451064649713102,-0.0013922891177347019,-0.21894925911594168
small,EvieKF,TXN,43,3.162,3000.0,0.00026584113085711443,0.0003527056633319399,False,,,10000,78.25577759742737,0.007825577759742736,0.49998501974968845,0.0133,18.064453125,500,0.05,0.0006631842989008874,-0.00039734316804377294,0.0011204962972669401,0.025226670182996586,0.6067915447585264,91418.39782956585,0.13624088168144224,215.65673035064407,4089.1549458007034,132096.0,nan,nan,0.9999211781768004,0.9968471557408282,11932.302360428514,0.16032196425021705,0.08731643855571747,1.0,9980,0.01630463525679475,0.5,0.00026584113085711443,0.01246450943921609,-0.003161007276810013,-0.21894925911594168
small,EvieKF,TXN,44,3.162,3000.0,0.0002653272379012335,0.0003523760196068559,False,,,10000,79.89883780479431,0.00798988378047943,0.5066751739523662,0.0106,18.064453125,5500,0.55,0.0005304225196596235,-0.00026509528175839,0.001096497187158457,0.025613763983738998,0.698960255440193,69225.4662963017,0.1296868748962879,61.39538072782609,4005.064513977179,132096.0,nan,nan,0.9731513778732728,0.33297268876447084,104.42720605349768,0.21534362596975715,0.006102786865085363,1.0,9980,0.016288868527348163,0.5,0.0002653272379012335,0.012450049163172485,-0.0012218138435293735,-0.21894925911594168
small,EvieKF,TYL,42,3.162,3000.0,0.00023102624312279716,0.0005641359074994803,False,,,10000,78.89761424064636,0.007889761424064636,0.5000256969194472,0.0062,18.064453125,4250,0.425,0.00021888197807129472,1.2144265051502431e-05,0.0015177258630435515,0.025146176073963872,0.7847671425489945,5678369.412716477,0.1372094981372356,88.64952555479798,4055.8894344252917,132096.0,nan,nan,0.9999999975150071,0.999999896194452,7001.806349299013,0.1715240280220295,0.6304720640182495,1.0,9980,0.015199547464408181,0.4894179894179894,0.00023102624312279716,0.010307335979724056,-0.02968022249119784,-0.9111216109985153
small,EvieKF,TYL,43,3.162,3000.0,0.00022517113143174106,0.0005634108494068014,False,,,10000,77.79352521896362,0.007779352521896363,0.5061119856485007,0.0161,18.064453125,4750,0.475,0.00022892429842613637,-3.7531669943953114e-06,0.001277170959807639,0.025578573059922068,0.7848033663624333,2327536.4194670706,0.18723152503371224,59.87700550895973,4113.452875407092,132096.0,nan,nan,0.9690364392087535,0.36600782850394165,8259.501287746194,0.6282269864081803,0.01059366762638092,1.0,9980,0.015005703296804887,0.4894179894179894,0.00022517113143174106,0.010204744086694466,-0.0035840845491852402,-0.9111216109985153
small,EvieKF,TYL,44,3.162,3000.0,0.0002302257590508335,0.000563823101691289,False,,,10000,78.02798843383789,0.007802798843383789,0.4999827137655491,0.0119,18.064453125,1000,0.1,0.0006312511250143871,-0.00040102536596355357,0.001039160287705342,0.0251477496207609,0.7048206339482521,47065.154967915616,0.12120586633682234,136.29597547672162,4101.092523631273,132096.0,nan,nan,0.9995971372639941,0.985244888773805,40.589451964883814,0.3860831603782572,0.09412229806184769,1.0,9980,0.015173192118036123,0.4894179894179894,0.0002302257590508335,0.010291980057166366,-0.026112477951967694,-0.9111216109985153
small,EvieKF,UBER,42,3.162,3000.0,0.000704597209540891,0.0004505581209357356,False,,,10000,78.27525520324707,0.007827525520324707,0.49994361138558635,0.0085,18.064453125,3000,0.3,0.0008324100926984102,-0.00012781288315751916,0.0015543877066753107,0.025190543319026128,0.49401486342740725,394106.12086999736,0.1485360875725746,46.99889918851068,4088.137421833989,132096.0,nan,nan,0.9999996675409026,0.999986449821758,350.7590240881714,0.1568766098025359,0.37145403027534485,1.0,9980,0.02654425002784767,0.46099290780141844,0.000704597209540891,0.017531116243819117,-0.011400421962251661,-0.5863408748457569
small,EvieKF,UBER,43,3.162,3000.0,0.0007060956682117892,0.00045054579074953644,False,,,10000,77.28130102157593,0.007728130102157593,0.4999481295113601,0.0057,18.064453125,1250,0.125,0.0009621380013413727,-0.00025604233312958354,0.001013377063856223,0.02522214171890924,0.5213573547585317,13800.5111848488,0.1245024416595696,111.19429114880923,4140.7170398264925,132096.0,nan,nan,0.9999999989357586,0.9999999303934126,136.937851761185,0.054857121732581636,0.5506209135055542,1.0,9980,0.026572460710513605,0.46099290780141844,0.0007060956682117892,0.017574108822244992,-0.01355135544810393,-0.5863408748457569
small,EvieKF,UBER,44,3.162,3000.0,0.000702182067112184,0.00045091769015285333,False,,,10000,77.29756021499634,0.007729756021499634,0.5286465033407923,0.0108,18.064453125,7750,0.775,0.0018402996938675642,-0.0011381176267553804,0.0013006777183410707,0.025967025114146437,0.4716294614738354,2273258.0680265496,0.16834226846694939,41.58365348748264,4139.84605865888,132096.0,nan,nan,0.983541131698906,0.45295787054123154,1737.9021827217227,0.25533317538100114,0.009016026742756367,1.0,9980,0.026498718216400277,0.46099290780141844,0.000702182067112184,0.017452149324014152,-0.007933652525164536,-0.5863408748457569
small,EvieKF,WDAY,42,3.162,3000.0,0.0004158648964646575,0.0006391510901311322,False,,,10000,77.2933144569397,0.0077293314456939695,0.5052274654010241,0.0175,18.064453125,500,0.05,0.0012647793628275394,-0.000848914466362882,0.0008358313101311531,0.025517513184130463,0.8683411441653089,4851573.406159175,0.13177151903510068,123.22215663480452,4140.073462346771,132096.0,nan,nan,0.9839642096583965,0.45556125508409145,1009.871650653761,0.37565947713691106,0.010112419724464417,1.0,9980,0.02039276578752028,0.5162337662337663,0.0004158648964646575,0.012952655166774601,-0.004047033757987428,0.39259644049279185
small,EvieKF,WDAY,43,3.162,3000.0,0.00041458252575490384,0.0006388850534389384,False,,,10000,77.3161244392395,0.00773161244392395,0.49993321843889377,0.0185,18.064453125,500,0.05,0.00036727839324157685,4.730413251332699e-05,0.0018493666613917398,0.02528612986156124,0.41326854237844,40883.944214978954,0.15361610352992983,35.34639232229676,4138.852048274596,132096.0,nan,nan,0.9911763365426515,0.7706109792809518,159.038864589488,0.20224759318083824,0.01707432232797146,1.0,9980,0.020361299706917135,0.5162337662337663,0.00041458252575490384,0.012900302936504413,-0.0009509308691597607,0.39259644049279185
small,EvieKF,WDAY,44,3.162,3000.0,0.0004155898055472931,0.0006390450346353388,False,,,10000,79.01014447212219,0.00790101444721222,0.49996590844740985,0.0091,18.064453125,2250,0.225,0.0005182553286431357,-0.00010266552309584262,0.0012794212297141516,0.025317707526477023,0.502961428725672,32597.382149071807,0.12419554181396958,60.29999382549946,4050.112832193444,132096.0,nan,nan,0.9999999996091067,0.9999999390510038,1309.3062199125561,0.1471864779155737,0.6975557208061218,1.0,9980,0.020386019855462054,0.5162337662337663,0.0004155898055472931,0.012941843503481381,-0.0033828656064038842,0.39259644049279185
large,AdamW,AAPL,42,0.003162,,0.00018719132378618554,0.0003958784775013,False,,,10000,17.382229328155518,0.0017382229328155518,0.0005079900342177753,0.0,17.80859375,750,0.075,0.00019813739345408976,-1.0946069667904217e-05,0.00047878910289089315,0.0015074667114131385,-0.061151330742374076,0.007749398447562271,0.017810066137462825,0.9692392737115363,18409.606383553346,1708032.0,nan,nan,nan,nan,nan,nan,nan,nan,0,0.013681788033228169,0.4509283819628647,0.00018719132378618554,0.010285568615746877,-0.03058565719196249,-0.1580481363793413
large,AdamW,AAPL,43,0.003162,,0.00020797586157208397,0.0003952361070192777,False,,,10000,17.215095043182373,0.0017215095043182373,0.0005050393249620049,0.0001,17.80859375,500,0.05,0.00015203136717900634,5.594449439307763e-05,0.0005758956843944161,0.001397134728708356,-0.07987005490662728,0.009918191910584573,0.021034432481974362,0.9760202599229291,18588.337688366602,1708032.0,nan,nan,nan,nan,nan,nan,nan,nan,0,0.014421368228156577,0.4588859416445623,0.00020797586157208397,0.011116590449418972,-0.1450153545746149,0.03824145800388566
large,AdamW,AAPL,44,0.003162,,0.00018536305380245996,0.000396701954403986,False,,,10000,17.229984283447266,0.0017229984283447265,0.0005066349036609917,0.0001,17.80859375,2250,0.225,0.00016084489470813423,2.4518159094325724e-05,0.0004621410909245827,0.001433830722972988,-0.013447474218486155,0.009597220066474257,0.023176218569278706,0.9652507976085967,18572.27463100021,1708032.0,nan,nan,nan,nan,nan,nan,nan,nan,0,0.013614810090576364,0.44562334217506633,0.00018536305380245996,0.010190234613166285,-0.02052007944726797,-0.8212065261808829
large,AdamW,ACN,42,0.003162,,0.00021343983749233227,0.0003714021147087967,False,,,10000,17.438554763793945,0.0017438554763793946,0.0005023148987904307,0.0015,17.80859375,1250,0.125,0.00013735103129874915,7.608880619358312e-05,0.00046278222851110117,0.0012365585610930683,-0.24295513777012373,0.014703440511677763,0.023766726255416863,0.998854518314158,18350.1445122268,1708032.0,nan,nan,nan,nan,nan,nan,nan,nan,0,0.014609580332519216,0.47883597883597884,0.00021343983749233227,0.010280248349305814,-0.04493117162392113,-0.4071428570275597
large,AdamW,ACN,43,0.003162,,0.00022439562060214854,0.0003763400907541776,False,,,10000,17.124792337417603,0.0017124792337417601,0.0005066923705523731,0.0005,17.80859375,1750,0.175,0.00016469195543322712,5.9703665168921416e-05,0.00043476127290258696,0.0014128029404144886,-0.18778384189838113,0.011833385636049206,0.020462936721742132,0.9879126368492499,18686.357982911202,1708032.0,nan,nan,nan,nan,nan,nan,nan,nan,0,0.014979840473187575,0.5052910052910053,0.00022439562060214854,0.010570165341493314,-0.09856707865748593,-0.0064014636124810455
large,AdamW,ACN,44,0.003162,,0.00025395648898901763,0.00037160349777585946,False,,,10000,17.17185378074646,0.001717185378074646,0.0005041998575698056,0.001,17.80859375,1750,0.175,0.00015128683298826218,0.00010266965600075546,0.00047239684324025186,0.001303823941716559,0.17315130922992367,0.015313804569248168,0.02551318239420652,1.0254000719791967,18635.145866359086,1708032.0,nan,nan,nan,nan,nan,nan,nan,nan,0,0.015936012330222942,0.47883597883597884,0.00025395648898901763,0.011522849400838217,-0.24328735768609677,-0.5620184559465582
large,AdamW,ADBE,42,0.003162,,0.0004709765078529479,0.0007135053054091152,False,,,10000,17.38514018058777,0.001738514018058777,0.0005071396803067941,0.0001,17.80859375,1500,0.15,0.0008193397079594433,-0.0003483632001064954,0.0007378126556091889,0.001441486218441937,0.05298762044362521,0.009634694127541298,0.021061026304960234,0.9857596246714468,18406.52400130266,1708032.0,nan,nan,nan,nan,nan,nan,nan,nan,0,0.021701993176962985,0.5052910052910053,0.0004709765078529479,0.014119592293229684,-0.0036153340970912495,0.18390016530866893
large,AdamW,ADBE,43,0.003162,,0.00047783888679332835,0.0007208501944807543,False,,,10000,17.314844846725464,0.0017314844846725464,0.0005035926086629473,0.0004,17.80859375,750,0.075,0.0003085522912442684,0.00016928659554905993,0.0007603216759487049,0.0012988307999620135,-0.17223764016367,0.011883055593408062,0.022677884157747023,0.9868156910938474,18481.251367407865,1708032.0,nan,nan,nan,nan,nan,nan,nan,nan,0,0.021859526225271406,0.5079365079365079,0.00047783888679332835,0.014189578868724682,-0.018238544847766658,0.27820401550960605
large,AdamW,ADBE,44,0.003162,,0.0005153252018822564,0.0007228757247368284,False,,,10000,17.347351551055908,0.0017347351551055908,0.0005312705996590047,0.0009,17.80859375,500,0.05,0.0002455220965202898,0.00026980310536196665,0.0008067348344240238,0.001648260154527079,0.03851676867419085,0.014710987691598712,0.02767057055607438,1.0295827128907893,18446.619880746122,1708032.0,nan,nan,nan,nan,nan,nan,nan,nan,0,0.022700775358613996,0.5052910052910053,0.0005153252018822564,0.015418133407673508,-0.09811904847108122,0.18390016530866893
large,AdamW,ADI,42,0.003162,,0.00036393886520749046,0.00045355747327880454,False,,,10000,17.381713390350342,0.0017381713390350341,0.000507778552548451,0.0,17.80859375,500,0.05,0.0001299530267715454,0.00023398583843594505,0.0005134673090984178,0.0015232133247467367,-0.07211354436165271,0.007313791164265786,0.01617736397311091,0.9726295122538401,18410.15283209374,1708032.0,nan,nan,nan,nan,nan,nan,nan,nan,0,0.019077181794161593,0.47619047619047616,0.00036393886520749046,0.014648793235657707,-0.07275263351639971,-0.5963252523304873
large,AdamW,ADI,43,0.003162,,0.00035154787951676304,0.000454155812212896,False,,,10000,17.5553081035614,0.0017555308103561402,0.0005069743903345702,0.0001,17.80859375,750,0.075,0.0002981924917548895,5.335538776187355e-05,0.000549940909121885,0.001450411054285453,-0.1043507070945337,0.008831225615302538,0.021207723952829837,0.9698268332750142,18228.105033091524,1708032.0,nan,nan,nan,nan,nan,nan,nan,nan,0,0.018749610116393436,0.4973544973544973,0.00035154787951676304,0.014376186189197358,-0.03622874502206841,-0.1525577852675535
large,AdamW,ADI,44,0.003162,,0.0003306869240034194,0.0004566142271304953,False,,,10000,17.39728546142578,0.001739728546142578,0.0005062712993651657,0.0,17.80859375,1500,0.15,9.881094592856243e-05,0.00023187597807485698,0.0005372443677843456,0.0014340434408634415,-0.03785500143617357,0.008512721591639275,0.02113842088729143,0.9715301599198887,18393.67415735757,1708032.0,nan,nan,nan,nan,nan,nan,nan,nan,0,0.018184799256615935,0.5264550264550265,0.0003306869240034194,0.01378666913067853,0.025261376270278912,1.0743871695539102
large,AdamW,ADSK,42,0.003162,,0.0002934154536989,0.0007573375651311495,False,,,10000,17.326993465423584,0.0017326993465423585,0.0005089045857529906,0.0,17.80859375,500,0.05,0.0001592555781826377,0.0001341598755162623,0.0007847537457160559,0.00149750386265358,-0.11287721327646398,0.008747434467334824,0.020109703484922643,0.9701063145520984,18468.29345428954,1708032.0,nan,nan,nan,nan,nan,nan,nan,nan,0,0.017129374001956407,0.47883597883597884,0.0002934154536989,0.012735963498473798,-0.022933746367029384,-0.19319124880216668
large,AdamW,ADSK,43,0.003162,,0.000321330847563567,0.0007551102960773741,False,,,10000,17.362927675247192,0.0017362927675247193,0.0005053685897039369,0.0002,17.80859375,750,0.075,0.0003441067528910935,-2.2775905327526485e-05,0.0007926853531875927,0.0014242254294507567,0.00951924310323112,0.010710297272269964,0.024038742389529934,0.9753546345109917,18430.071586152837,1708032.0,nan,nan,nan,nan,nan,nan,nan,nan,0,0.017925703544451665,0.4523809523809524,0.000321330847563567,0.013606051288584553,-0.12025513168369528,-0.460369133959224
large,AdamW,ADSK,44,0.003162,,0.00030059657163090177,0.0007560675277001661,False,,,10000,17.89149832725525,0.001789149832725525,0.0005085002727237158,0.0,17.80859375,750,0.075,0.00021814409410580993,8.245247752509185e-05,0.0007890658162365493,0.0014501593177994158,0.0221690952319533,0.010267641839491262,0.023601262737065552,0.9659366308413445,17885.589800633064,1708032.0,nan,nan,nan,nan,nan,nan,nan,nan,0,0.01733772106220716,0.4656084656084656,0.00030059657163090177,0.012984840958206742,-0.04796926435588156,-0.3054559259610493
large,AdamW,AMD,42,0.003162,,0.000848010261222799,0.0013337492626605046,False,,,10000,17.078458786010742,0.0017078458786010742,0.000511566943113133,0.0,17.80859375,1000,0.1,0.0065909940749406815,-0.005742983813717882,0.0014008824487839364,0.001648385213143096,-0.06293921971657565,0.011567956240423519,0.028487975988537053,0.967511250907366,18737.053735909558,1708032.0,nan,nan,nan,nan,nan,nan,nan,nan,0,0.0291206157425079,0.5172413793103449,0.000848010261222799,0.02143633302557405,-0.015715166919939128,0.04072663371137482
large,AdamW,AMD,43,0.003162,,0.0008879045330027424,0.0013304770150930874,False,,,10000,17.323322534561157,0.0017323322534561157,0.000509234495032352,0.0002,17.80859375,1750,0.175,0.002562129870057106,-0.0016742253370543637,0.0014337282768440986,0.0016112061059129154,-0.17350831468575537,0.014044836065461277,0.03270346671342849,0.9798494997039362,18472.207012342995,1708032.0,nan,nan,nan,nan,nan,nan,nan,nan,0,0.02979772697711593,0.5039787798408488,0.0008879045330027424,0.022302910133644386,-0.06349904262644834,-0.10367787809988864
large,AdamW,AMD,44,0.003162,,0.0009450986587181293,0.0013382328916291659,False,,,10000,17.230557918548584,0.0017230557918548584,0.0005079783794192179,0.0001,17.80859375,1750,0.175,0.0005520611885003746,0.00039303747021775476,0.0014077157404425518,0.001534050315357796,0.07640429249178406,0.014433661210731953,0.03614687286317347,0.9664346949563584,18571.65632782686,1708032.0,nan,nan,nan,nan,nan,nan,nan,nan,0,0.030742456940168743,0.5092838196286472,0.0009450986587181293,0.023364079692376354,-0.13200404027126034,-0.08512321927901365
large,AdamW,AMZN,42,0.003162,,0.0003332573348882968,0.0008327190218300655,False,,,10000,17.34895348548889,0.0017348953485488892,0.0005039225926600913,0.0002,17.80859375,1250,0.125,0.0003763616841752082,-4.310434928691143e-05,0.0008559560332664428,0.0013697612322054191,-0.17449021791292693,0.009518793013536196,0.021713340375572442,0.9705915029844829,18444.916592096244,1708032.0,nan,nan,nan,nan,nan,nan,nan,nan,0,0.018255337161726067,0.504,0.0003332573348882968,0.013396747528560578,-0.01389158489158282,-0.4749022824692971
large,AdamW,AMZN,43,0.003162,,0.0003501631358943919,0.0008295772878813807,False,,,10000,17.4344425201416,0.0017434442520141602,0.000505328272969592,0.0,17.80859375,500,0.05,0.0001988334843190387,0.0001513296515753532,0.0008619781587348134,0.0013805566674065985,-0.06868134587717922,0.009045102348496585,0.02138486979529261,0.9622868998478121,18354.472741546597,1708032.0,nan,nan,nan,nan,nan,nan,nan,nan,0,0.018712646416111003,0.4693333333333333,0.0003501631358943919,0.013792339456144465,-0.06532525965729152,-1.2042107154628319
large,AdamW,AMZN,44,0.003162,,0.00035737494312266193,0.0008252365835781755,False,,,10000,17.462000131607056,0.0017462000131607057,0.000503351817139657,0.0,17.80859375,1500,0.15,0.00017162002041004598,0.00018575492271261595,0.0008610029956527951,0.0012775856784906778,-0.025410231331676893,0.010114409323058498,0.022946035489439964,0.9748102499125447,18325.50667668274,1708032.0,nan,nan,nan,nan,nan,nan,nan,nan,0,0.018904363071065418,0.496,0.00035737494312266193,0.01390035316426918,-0.0872662340789172,-1.3532124066242108
large,AdamW,APH,42,0.003162,,0.00022826996193361031,0.00028254680671489524,False,,,10000,17.195185899734497,0.0017195185899734496,0.0005124739436643823,0.0,17.80859375,750,0.075,9.944230987457559e-05,0.00012882765205903473,0.0003395503029477586,0.0015215951877714782,-0.022998680431866002,0.007148442993669596,0.016252474114298813,0.9582393477220962,18609.8598681007,1708032.0,nan,nan,nan,nan,nan,nan,nan,nan,0,0.015108605558873073,0.5398936170212766,0.00022826996193361031,0.010446736421534625,-0.0050447861344273814,1.2956677248719064
large,AdamW,APH,43,0.003162,,0.00032562238198739513,0.0002827027155486595,False,,,10000,17.411044120788574,0.0017411044120788574,0.0005046649469811382,0.0,17.80859375,1000,0.1,0.00013253994984552264,0.0001930824321418725,0.00035336829525819724,0.0013550778761981055,-0.14056286967422504,0.00793854087413929,0.018119883723556995,0.9650191663378889,18379.13899821343,1708032.0,nan,nan,nan,nan,nan,nan,nan,nan,0,0.018045009891584852,0.4601063829787234,0.00032562238198739513,0.013695272819075004,-0.433675611512502,-1.4047444824252193
large,AdamW,APH,44,0.003162,,0.0003493762520885972,0.0002827825177885809,False,,,10000,17.294743061065674,0.0017294743061065673,0.0005048355583854583,0.0,17.80859375,500,0.05,0.00041642619180493057,-6.704993971633335e-05,0.0003740286539057068,0.0013149801033407738,-0.04370596183258361,0.008108445084303093,0.02051908029243349,0.9746084148530079,18502.732238930534,1708032.0,nan,nan,nan,nan,nan,nan,nan,nan,0,0.01869160913588226,0.5398936170212766,0.0003493762520885972,0.01290424286373078,-0.5382610028338142,1.16756079121352
large,AdamW,AVGO,42,0.003162,,0.0013712729726518904,0.0004999082268707316,False,,,10000,17.16648840904236,0.0017166488409042359,0.0005102355541764791,0.0003,17.80859375,1000,0.1,0.00015635587624274194,0.0012149170964091485,0.0006659279920686259,0.001508734957732349,-0.015147811408403626,0.009985129954324656,0.021628458797931672,0.995215078023168,18640.97026573249,1708032.0,nan,nan,nan,nan,nan,nan,nan,nan,0,0.03703070310771712,0.5158730158730159,0.0013712729726518904,0.027448512889720774,-0.593921255764027,0.812807237422709
large,AdamW,AVGO,43,0.003162,,0.0010433589655255515,0.0005036522918417853,False,,,10000,17.31163263320923,0.0017311632633209228,0.0005054752259449111,0.0007,17.80859375,500,0.05,0.000497780623845756,0.0005455783416797955,0.0006720898831927645,0.0013928648636620331,-0.089134164910262,0.014221135818927724,0.025802618544548746,0.98308064998547,18484.680606388218,1708032.0,nan,nan,nan,nan,nan,nan,nan,nan,0,0.03230106756015274,0.5238095238095238,0.0010433589655255515,0.022654926966107082,-0.21276512095693323,1.2726116337026638
large,AdamW,AVGO,44,0.003162,,0.001610822936214467,0.0005012081456753556,False,,,10000,17.04683566093445,0.001704683566093445,0.0005090461595619988,0.0005,17.80859375,3500,0.35,0.0003716867067851126,0.0012391362294293545,0.0006242772930537423,0.0014090213738857673,0.01153774207953056,0.013100983866593743,0.028672752249985913,0.9917887699833127,18771.812338951047,1708032.0,nan,nan,nan,nan,nan,nan,nan,nan,0,0.040135058692052104,0.5238095238095238,0.001610822936214467,0.029721668788364956,-0.872366019392296,1.4829083475654843
large,AdamW,CDNS,42,0.003162,,0.0004000114227728869,0.0005599776930138666,False,,,10000,17.390913009643555,0.0017390913009643556,0.0005096206370201052,0.0002,17.80859375,1250,0.125,0.00021805310097988695,0.00018195832179299993,0.0006057579408071077,0.0014325703474872156,-0.13249492575620744,0.0097852885100001,0.02149865683168171,1.0321333521276146,18400.41404511394,1708032.0,nan,nan,nan,nan,nan,nan,nan,nan,0,0.020000285567283456,0.48677248677248675,0.0004000114227728869,0.014808151457044814,-0.02320741691894379,-0.09317273897378686
large,AdamW,CDNS,43,0.003162,,0.0005510602363202938,0.0005680717112847286,False,,,10000,17.473541259765625,0.0017473541259765625,0.0005068157416112882,0.0006,17.80859375,750,0.075,0.0003295441856607795,0.0002215160506595143,0.0009119308593605098,0.001360642116880343,0.04857668709394089,0.012362947527313373,0.020550432335585355,0.9828429808222443,18313.402832477255,1708032.0,nan,nan,nan,nan,nan,nan,nan,nan,0,0.023474672230305874,0.47883597883597884,0.0005510602363202938,0.018320517565207507,-0.4095820490910458,-0.5255742308309481
large,AdamW,CDNS,44,0.003162,,0.000457278398609666,0.0005656934543376892,False,,,10000,17.420849084854126,0.0017420849084854126,0.0005240029872786209,0.0013,17.80859375,2250,0.225,0.00016856277943588793,0.00028871561917377805,0.0016274279021352503,0.001465704886128535,0.2697298496979506,0.018719917290164447,0.0351044941693544,1.1354592574193916,18368.794680519415,1708032.0,nan,nan,nan,nan,nan,nan,nan,nan,0,0.021384068803893846,0.47883597883597884,0.000457278398609666,0.016222396224894853,-0.16969321978557628,-0.5255742308309481
large,AdamW,CRM,42,0.003162,,0.00045649924133189774,0.0007256407794648835,False,,,10000,17.372246980667114,0.0017372246980667115,0.000509627555389641,0.0002,17.80859375,1250,0.125,0.00022377297864295542,0.00023272626268894232,0.0007476837531422333,0.0015699272887592388,-0.001869859728540121,0.011544576304628571,0.025052040163427592,0.977408584202264,18420.184812944193,1708032.0,nan,nan,nan,nan,nan,nan,nan,nan,0,0.021365842865000616,0.5132275132275133,0.00045649924133189774,0.013424237569173178,-0.020851127939652825,0.3607127358726461
large,AdamW,CRM,43,0.003162,,0.0004638837916510446,0.0007250601480114681,False,,,10000,17.69732403755188,0.001769732403755188,0.0005077829773490579,0.0001,17.80859375,750,0.075,0.00020265707280486822,0.00026122671884617636,0.0007643553107269506,0.0014942405307059139,-0.15136933231521654,0.009442778903627186,0.02265987610444423,0.9715634802519967,18081.829734314255,1708032.0,nan,nan,nan,nan,nan,nan,nan,nan,0,0.021537961641043112,0.47354497354497355,0.0004638837916510446,0.013643455253076302,-0.037364904612388505,-0.4498360439239156
large,AdamW,CRM,44,0.003162,,0.0004553805898737024,0.0007278620406234296,False,,,10000,17.659392595291138,0.0017659392595291137,0.000505949408393056,0.0,17.80859375,2250,0.225,0.0004699929559137672,-1.4612366040064797e-05,0.0007575661651392352,0.00144589762754214,-0.060929040787558314,0.010237122610534425,0.02895778287202119,0.9665626411930722,18120.668549230155,1708032.0,nan,nan,nan,nan,nan,nan,nan,nan,0,0.021339648307169976,0.48677248677248675,0.0004553805898737024,0.013434587963043696,-0.01834953210011081,-0.46916190682080544
large,AdamW,CSCO,42,0.003162,,0.00015115503359723975,0.0002876126086364058,False,,,10000,17.271981239318848,0.0017271981239318848,0.0005026002030747423,0.0005,17.80859375,1000,0.1,0.00018335116328671575,-3.2196129689476e-05,0.00031564191986101626,0.0012559454693119576,-0.08347184403768357,0.010911649938963819,0.022997331619262668,1.0017510568855295,18527.11600169731,1708032.0,nan,nan,nan,nan,nan,nan,nan,nan,0,0.01229451233669883,0.4441489361702128,0.00015115503359723975,0.008402923427561604,-0.03887631812916381,-0.9656474538062066
large,AdamW,CSCO,43,0.003162,,0.00014934063982711268,0.0002868594478232791,False,,,10000,17.590726137161255,0.0017590726137161254,0.000504017567512985,0.0001,17.80859375,3750,0.375,0.00023966228764038533,-9.032164781327265e-05,0.00032398414690462267,0.001349114093151041,-0.05599802391050035,0.008814972881349968,0.020399103872478005,0.9707331186921264,18191.403669458796,1708032.0,nan,nan,nan,nan,nan,nan,nan,nan,0,0.012220500800994724,0.4441489361702128,0.00014934063982711268,0.008302348000662667,-0.026406136523643653,-1.0094519186881983
large,AdamW,CSCO,44,0.003162,,0.00015085429032012898,0.0002844059143205536,False,,,10000,17.966264486312866,0.0017966264486312866,0.0005763053318707075,0.001,17.80859375,750,0.075,0.00042585135088302195,-0.00027499706056289294,0.0003469794712966294,0.0016982622351724489,0.2935721863409652,0.01375747195193544,0.026677277777343987,1.0241554063053626,17811.159367256543,1708032.0,nan,nan,nan,nan,nan,nan,nan,nan,0,0.01228227545368239,0.4441489361702128,0.00015085429032012898,0.008392656921709657,-0.03680933391440444,-0.9526101995630897
large,AdamW,CTSH,42,0.003162,,0.00017227045206165818,0.000405944982637461,False,,,10000,17.200712203979492,0.0017200712203979491,0.0005054860370142852,0.0006,17.80859375,1750,0.175,0.0001350715901935473,3.7198861868110875e-05,0.00044074623060009154,0.0013780495540544869,-0.13803295141655778,0.011609946304839105,0.02068218355998397,0.9889794646431973,18603.880828025598,1708032.0,nan,nan,nan,nan,nan,nan,nan,nan,0,0.013125183886775003,0.46296296296296297,0.00017227045206165818,0.009763454634045798,-0.018204260137748562,-0.7803495557248648
large,AdamW,CTSH,43,0.003162,,0.00017127501113074168,0.0004072154943759625,False,,,10000,17.219096899032593,0.0017219096899032593,0.0005049243998602852,0.0001,17.80859375,2250,0.225,0.0002354246680624783,-6.414965693173663e-05,0.00042024765692948727,0.0013305467527956003,-0.03689308174881878,0.008796227114007342,0.019756695069372648,0.9702358859256669,18584.017610004757,1708032.0,nan,nan,nan,nan,nan,nan,nan,nan,0,0.013087207919596206,0.4708994708994709,0.00017127501113074168,0.009678791439722455,-0.012320707941508191,-0.6697192182607452
large,AdamW,CTSH,44,0.003162,,0.0001756008024568911,0.00040599186003050056,False,,,10000,17.197211503982544,0.0017197211503982544,0.0005038924042580944,0.0004,17.80859375,1000,0.1,0.00029179826378822327,-0.00011619746133133217,0.00043898340590039234,0.0013116595722611887,0.04686201183800797,0.011843913733573573,0.023884713184088465,0.9784641028608327,18607.667872543996,1708032.0,nan,nan,nan,nan,nan,nan,nan,nan,0,0.01325144529690596,0.4708994708994709,0.0001756008024568911,0.009868691207239868,-0.03788829137813732,-0.6068268288485892
large,AdamW,FICO,42,0.003162,,0.0007745588898028016,0.0006987947367862934,False,,,10000,17.397477388381958,0.0017397477388381957,0.0005029556143893978,0.0004,17.80859375,500,0.05,0.00019811501260846853,0.0005764438771943331,0.000920334203157475,0.0013089974496795676,0.03413784677873563,0.010361172097668169,0.021939595602452754,0.9799484563051699,18393.471240473984,1708032.0,nan,nan,nan,nan,nan,nan,nan,nan,0,0.02783089811347815,0.3968253968253968,0.0007745588898028016,0.022965363093784878,-1.2519412731561101,-2.0359688915627197
large,AdamW,FICO,43,0.003162,,0.0015992924334510925,0.0007031302237067994,False,,,10000,18.58760690689087,0.001858760690689087,0.0005047661730073372,0.0,17.80859375,5250,0.525,0.00046583657967858016,0.0011334558537725123,0.0008068124870779498,0.0013928046694249743,-0.12988357328214786,0.009377650908243959,0.019817115366458887,0.961125937780105,17215.771863637183,1708032.0,nan,nan,nan,nan,nan,nan,nan,nan,0,0.03999115444008953,0.3968253968253968,0.0015992924334510925,0.032671418770280465,-3.6497596065958415,-2.0359688915627197
large,AdamW,FICO,44,0.003162,,0.00044870218902668627,0.0007080094251455616,False,,,10000,18.23102593421936,0.001823102593421936,0.0005041571863094741,0.0001,17.80859375,7500,0.75,0.00018244469538331032,0.00026625749364337595,0.0008562664513214019,0.0012996959472165426,0.1064375851831036,0.010240210916216892,0.023161994852125636,0.9706555246154296,17552.495463207302,1708032.0,nan,nan,nan,nan,nan,nan,nan,nan,0,0.021182591650378533,0.42328042328042326,0.00044870218902668627,0.016303184801939305,-0.30455023127027125,-1.0243116013435198
large,AdamW,FTNT,42,0.003162,,0.0007164469629368454,0.0009460795463238217,False,,,10000,18.186360120773315,0.0018186360120773315,0.0005061360559495037,0.0005,17.80859375,5250,0.525,0.0005381382652558386,0.00017830869768100679,0.0010127756266515124,0.0014460956957717222,0.09946448233660211,0.013321063717105426,0.027398269623517983,0.9862601689027177,17595.60450111625,1708032.0,nan,nan,nan,nan,nan,nan,nan,nan,0,0.02676652691211255,0.5158730158730159,0.0007164469629368454,0.014966274695421652,-0.002795810180214131,1.5431187780056101
large,AdamW,FTNT,43,0.003162,,0.0009204064096723284,0.0009387874634891986,False,,,10000,18.473344802856445,0.0018473344802856445,0.0005047828781766778,0.0002,17.80859375,1750,0.175,0.0003491734969429672,0.0005712329127293612,0.0010811167098401897,0.0013634678153309403,-0.007694167292623539,0.01143714146031707,0.02571578081697225,0.979082661051398,17322.255574990402,1708032.0,nan,nan,nan,nan,nan,nan,nan,nan,0,0.030338200501551314,0.5105820105820106,0.0009204064096723284,0.019339744376127052,-0.288273576454235,1.3496058182198443
large,AdamW,FTNT,44,0.003162,,0.0007168800427169396,0.0009442254782355432,False,,,10000,18.748895168304443,0.0018748895168304444,0.0005062943754822449,0.0005,17.80859375,1000,0.1,0.0003799776022788137,0.0003369024404381259,0.0010414874491655591,0.0014271137663480424,0.03387117222024625,0.014000639809032146,0.033068010583519915,0.9720630120190499,17067.6723682881,1708032.0,nan,nan,nan,nan,nan,nan,nan,nan,0,0.02677461564088156,0.5052910052910053,0.0007168800427169396,0.014960046798463852,-0.0034019828788491857,0.3376643083074847
large,AdamW,GLW,42,0.003162,,0.00023599414440689893,0.0003475676480907976,False,,,10000,18.592570543289185,0.0018592570543289185,0.0005081791375065704,0.0,17.80859375,2000,0.2,0.00012448674533516169,0.00011150739907173725,0.00036158142147084963,0.001601638243391168,-0.057357185854337266,0.007502704477201769,0.01698680184781551,0.9658072614828235,17211.17578954143,1708032.0,nan,nan,nan,nan,nan,nan,nan,nan,0,0.015362100911232777,0.48936170212765956,0.00023599414440689893,0.010504711241949172,-0.011737355203358613,-0.014565307520678682
large,AdamW,GLW,43,0.003162,,0.00024275834519396384,0.00034820622411267513,False,,,10000,18.76533341407776,0.0018765333414077759,0.0005040967542056918,0.0001,17.80859375,1750,0.175,0.0002963703591376543,-5.361201394369047e-05,0.00037340671665237314,0.001344230860629526,0.02634069821851287,0.00885830759248638,0.021228186506778,0.9782843447216836,17052.721256736953,1708032.0,nan,nan,nan,nan,nan,nan,nan,nan,0,0.015580704258600246,0.5026595744680851,0.00024275834519396384,0.010529738254648037,-0.04073635698608857,0.605278305955881
large,AdamW,GLW,44,0.003162,,0.00023333436597591984,0.0003483900182759414,False,,,10000,19.19275689125061,0.001919275689125061,0.0005089282577100509,0.0,17.80859375,3250,0.325,0.00015384849393740296,7.948587203851688e-05,0.00037818124460410255,0.001463099283522499,0.06361284622159012,0.009179227071659989,0.02334128376096487,0.9670849735215056,16672.956460250804,1708032.0,nan,nan,nan,nan,nan,nan,nan,nan,0,0.015275286117645058,0.5159574468085106,0.00023333436597591984,0.010399484129809828,-0.00033454179055647515,1.2232894412677775
large,AdamW,GOOGL,42,0.003162,,0.00045201292744389285,0.0005357407764667541,False,,,10000,19.282872915267944,0.0019282872915267943,0.0005055887049264811,0.0,17.80859375,1250,0.125,0.00023863566457293928,0.00021337726287095357,0.0005727307727196942,0.0014511772686381739,-0.16766428886673856,0.007491746325875283,0.01650194590911269,0.9773929153160869,16595.037544775183,1708032.0,nan,nan,nan,nan,nan,nan,nan,nan,0,0.02126059565120161,0.4403183023872679,0.00045201292744389285,0.01648309243419183,-0.47660603706698024,-0.41689667851535656
large,AdamW,GOOGL,43,0.003162,,0.0003685444672271688,0.0005361605386202784,False,,,10000,19.02803659439087,0.0019028036594390869,0.0005056355023183202,0.0001,17.80859375,2500,0.25,0.0001687009062152356,0.0001998435610119332,0.0006088224077300946,0.0014229727089079393,0.0016371344872206073,0.00944360128808621,0.02148415111005306,0.9740454320290258,16817.28949871425,1708032.0,nan,nan,nan,nan,nan,nan,nan,nan,0,0.019197512006173322,0.41909814323607425,0.0003685444672271688,0.014451783800882006,-0.20393677303138813,-1.1073815342933746
large,AdamW,GOOGL,44,0.003162,,0.0003169211485083141,0.000538675514709412,False,,,10000,18.223047494888306,0.0018223047494888307,0.000505840792722188,0.0001,17.80859375,2500,0.25,8.963121217675507e-05,0.00022728993633155904,0.0005976142808830447,0.001412415654643525,-0.02787574856403759,0.008438447286285372,0.019259403739124537,0.9713958895085627,17560.180320539814,1708032.0,nan,nan,nan,nan,nan,nan,nan,nan,0,0.017802279306547073,0.40583554376657827,0.0003169211485083141,0.012907550448463076,-0.03529711817736714,-1.805548094217859
large,AdamW,GPN,42,0.003162,,0.00032784503997949064,0.000578654539679975,False,,,10000,18.107377529144287,0.0018107377529144287,0.0005038760993807472,0.0,17.80859375,1000,0.1,0.0001608814491191879,0.00016696359086030275,0.0005904714615095442,0.00129418727539525,0.09920357123396788,0.008147074934159173,0.01823854772374034,0.9653640704611646,17672.354789364268,1708032.0,nan,nan,nan,nan,nan,nan,nan,nan,0,0.018106491652981553,0.4960212201591512,0.00032784503997949064,0.01268290085767312,-0.001383201723972105,-0.32842959592167353
large,AdamW,GPN,43,0.003162,,0.0003400134740683137,0.000572351625174363,False,,,10000,18.016567945480347,0.0018016567945480346,0.00051641409993887,0.0001,17.80859375,750,0.075,0.0002780541544780135,6.195931959030018e-05,0.0006124196507075705,0.0014383252189834601,0.015139540675092876,0.008811732958220091,0.017912098299711934,0.983852901713347,17761.429422537465,1708032.0,nan,nan,nan,nan,nan,nan,nan,nan,0,0.018439454277942004,0.5119363395225465,0.0003400134740683137,0.012771830987678003,-0.03855096088419918,0.24231302062558804
large,AdamW,GPN,44,0.003162,,0.00032688164837145934,0.0005799933517010838,False,,,10000,17.93789505958557,0.0017937895059585572,0.0005042763087491689,0.0002,17.80859375,750,0.075,0.00016160920495167375,0.0001652724434197856,0.0005998760755715755,0.0013252941402556433,-0.15672301383800616,0.00959764688705327,0.02074788203462957,0.9829729064051576,17839.328356924456,1708032.0,nan,nan,nan,nan,nan,nan,nan,nan,0,0.018079868593865924,0.506631299734748,0.00032688164837145934,0.012737754791501969,0.0015594207205363864,0.9592908213491163
large,AdamW,GRMN,42,0.003162,,0.00036206104294963615,0.00031685129559008447,False,,,10000,18.020383596420288,0.0018020383596420288,0.0005070701398836704,0.0005,17.80859375,500,0.05,0.00010373926488682628,0.00025832177806280987,0.0003548975113434977,0.001428270244406097,-0.14668877405365874,0.01036799569726718,0.020372973568737483,0.9701316110820679,17757.668602768663,1708032.0,nan,nan,nan,nan,nan,nan,nan,nan,0,0.019027901695921074,0.4450402144772118,0.00036206104294963615,0.010777216109018477,-0.11220296839515975,-1.654706844715586
large,AdamW,GRMN,43,0.003162,,0.00036969859764058753,0.00031665056469585916,False,,,10000,18.018967151641846,0.0018018967151641845,0.0005051558996793571,0.0001,17.80859375,3250,0.325,0.00032420229399576783,4.5496303644819696e-05,0.00034378529951003737,0.0012981161061207107,0.10258233674597016,0.008751049267197959,0.01852776249870656,0.9718301659272996,17759.06450724854,1708032.0,nan,nan,nan,nan,nan,nan,nan,nan,0,0.01922754788423598,0.45308310991957107,0.00036969859764058753,0.011056175938359013,-0.13566451214301356,-1.5131336889575167
large,AdamW,GRMN,44,0.003162,,0.0005428288033399632,0.0003150682352898292,False,,,10000,17.939242601394653,0.0017939242601394654,0.0005952939578924677,0.0004,17.80859375,1000,0.1,0.0006925876950845122,-0.00014975889174454902,0.00034179304223040175,0.001714226059430575,-0.06306228666973765,0.010651477346996398,0.022701909113675332,0.9972641501228345,17837.988320372133,1708032.0,nan,nan,nan,nan,nan,nan,nan,nan,0,0.023298686729941738,0.4450402144772118,0.0005428288033399632,0.015370696940750042,-0.6674972857797383,-1.654706844715586
large,AdamW,HPE,42,0.003162,,0.0006095036093530984,0.00037706159539036937,False,,,10000,17.939136505126953,0.0017939136505126952,0.0005187075570849983,0.0,17.6630859375,1500,0.15,0.000763212563470006,-0.00015370895411690756,0.00041345974707698727,0.0017305167011508083,-0.16892868591857751,0.009778293333186593,0.022721496503800145,0.965256372762147,17838.093818425703,1708032.0,nan,nan,nan,nan,nan,nan,nan,nan,0,0.02468812689033128,0.47345132743362833,0.0006095036093530984,0.017073191445449304,-0.06951718933286699,-1.1649124685521386
large,AdamW,HPE,43,0.003162,,0.0006193831434537625,0.0003764343597156145,False,,,10000,17.62373971939087,0.001762373971939087,0.0005066048590170088,0.0,17.6630859375,750,0.075,0.000534205581061542,8.517756239222044e-05,0.0004113480954856186,0.0014798348304536557,-0.1605393318638729,0.00891885212189809,0.022185962926596393,0.934393887786453,18157.326713575647,1708032.0,nan,nan,nan,nan,nan,nan,nan,nan,0,0.0248874093359225,0.4778761061946903,0.0006193831434537625,0.017114887977468556,-0.08685315155050666,-1.133488871570455
large,AdamW,HPE,44,0.003162,,0.0005987364284951111,0.00037599151784723455,False,,,10000,17.829538345336914,0.0017829538345336914,0.000505049207875668,0.0,17.6630859375,1000,0.1,0.0003509777889121324,0.00024775863958297875,0.00042836958986366616,0.0013761572215364036,-0.09897842806970078,0.009296504965275381,0.021905828732997176,0.9681641782472801,17947.744568702863,1708032.0,nan,nan,nan,nan,nan,nan,nan,nan,0,0.024469091288707702,0.5132743362831859,0.0005987364284951111,0.01718096897519868,-0.05062364246692552,0.7420835301048873
large,AdamW,HPQ,42,0.003162,,0.00033773343872140957,0.0005575760764215605,False,,,10000,17.986391305923462,0.0017986391305923463,0.0005110186603163329,0.0002,17.80859375,1500,0.15,0.0008769131964072585,-0.0005391797576858489,0.0006416135981992127,0.0016484631622877923,-0.04503787028705482,0.010391812625376041,0.02309645861387252,0.9784414162364974,17791.228632650415,1708032.0,nan,nan,nan,nan,nan,nan,nan,nan,0,0.01837752536990249,0.504,0.00033773343872140957,0.012508692564787689,0.0068320374854948795,0.3039416616302341
large,AdamW,HPQ,43,0.003162,,0.00033298150572196516,0.000558290067338817,False,,,10000,17.82793354988098,0.0017827933549880981,0.0005050349486118797,0.0,17.80859375,500,0.05,0.0016269960906356573,-0.0012940145849136921,0.0006246462490682998,0.0014160962860067263,-0.15548573399012802,0.009610239434510004,0.021999341994523993,0.9784570655140832,17949.360149041855,1708032.0,nan,nan,nan,nan,nan,nan,nan,nan,0,0.018247780843761937,0.48533333333333334,0.00033298150572196516,0.012529939570754925,0.020805979873108504,0.875927447706378
large,AdamW,HPQ,44,0.003162,,0.00033884061865074926,0.0005595761521741629,False,,,10000,18.25472593307495,0.0018254725933074952,0.0005055314119682641,0.0,17.80859375,2000,0.2,0.000263828260358423,7.501235829232626e-05,0.0006659770484385113,0.0014059972927489297,-0.13008895278972962,0.010121772077243076,0.023104397859424346,0.9781329496722845,17529.707165869073,1708032.0,nan,nan,nan,nan,nan,nan,nan,nan,0,0.018407623927350028,0.5333333333333333,0.00033884061865074926,0.012415863218761626,0.0035761690742348584,0.45679869178042326
large,AdamW,IBM,42,0.003162,,0.00030375583461983495,0.00018635202466018636,False,,,10000,17.77606987953186,0.001777606987953186,0.0005068795074413455,0.0,17.80859375,1000,0.1,0.00017213216051459312,0.00013162367410524182,0.00021154119944212459,0.0014702693915771576,-0.14197705930364135,0.006359040444625134,0.015685465931892396,0.9737838865790466,18001.729413117457,1708032.0,nan,nan,nan,nan,nan,nan,nan,nan,0,0.017428592445169946,0.41909814323607425,0.00030375583461983495,0.01343735311397169,-0.7733376814752813,-1.7774495433568487
large,AdamW,IBM,43,0.003162,,0.0002655157494166541,0.00019046324317588097,False,,,10000,17.363005876541138,0.0017363005876541138,0.0005073029578315638,0.0,17.80859375,1000,0.1,0.00031265587313100696,-4.7140123714352875e-05,0.00022758016837727237,0.0014807756976486586,-0.06861153937115834,0.006381432406217209,0.01670369105413556,0.9665565909131231,18429.988578898457,1708032.0,nan,nan,nan,nan,nan,nan,nan,nan,0,0.016294654013407406,0.41909814323607425,0.0002655157494166541,0.012145032327641886,-0.5500906642830135,-1.7774495433568487
large,AdamW,IBM,44,0.003162,,0.00037050121044986464,0.00019041960688421518,False,,,10000,17.29423475265503,0.0017294234752655028,0.000506999320332482,0.0,17.80859375,3000,0.3,9.716887143440545e-05,0.0002733323390154592,0.00022194644451822417,0.001502406848809967,-0.015783808940528127,0.006857977321567887,0.016291359532624467,0.9669827385788728,18503.276067238145,1708032.0,nan,nan,nan,nan,nan,nan,nan,nan,0,0.019248407997802433,0.41909814323607425,0.00037050121044986464,0.015086742935988008,-1.1629996287816002,-1.7774495433568487
large,AdamW,INTC,42,0.003162,,0.000945048830496571,0.0006081312104308636,False,,,10000,17.655890703201294,0.0017655890703201294,0.0005116618483826233,0.0,17.80859375,2250,0.225,0.00035464001120999455,0.0005904088192865765,0.0006274450394253192,0.0017384147533468786,0.09296226227858376,0.007650450710655423,0.020452883467078208,0.9746778669925722,18124.26262595627,1708032.0,nan,nan,nan,nan,nan,nan,nan,nan,0,0.030741646515705223,0.47745358090185674,0.000945048830496571,0.02044765659110256,-0.006804367831307445,0.031169371618596477
large,AdamW,INTC,43,0.003162,,0.0009443387783393658,0.0006101943295577477,False,,,10000,17.307563066482544,0.0017307563066482545,0.0005088700268269937,0.0,17.80859375,6000,0.6,0.000418568350141868,0.0005257704281974978,0.0006296399608077074,0.0015937196778720345,-0.031173681259190705,0.00870758067368006,0.01961259366944432,0.9747458949586335,18489.026951443277,1708032.0,nan,nan,nan,nan,nan,nan,nan,nan,0,0.030730095644813177,0.4880636604774536,0.0009443387783393658,0.020484043807579726,-0.00604791632299051,0.21878763174945537
large,AdamW,INTC,44,0.003162,,0.0010064143352407626,0.0006112206519756772,False,,,10000,17.482794523239136,0.0017482794523239135,0.0005082971202636454,0.0,17.80859375,2500,0.25,0.00013989780563861132,0.0008665165296021513,0.0006334241767209509,0.0015639547520044904,-0.005879121844233344,0.008906918712839251,0.021013773325830692,0.9721400575759783,18303.709946063693,1708032.0,nan,nan,nan,nan,nan,nan,nan,nan,0,0.03172403403164173,0.46949602122015915,0.0010064143352407626,0.020700780172196644,-0.07217988729326086,-0.7769146775139907
large,AdamW,INTU,42,0.003162,,0.00031469052746182396,0.0007510733857395162,False,,,10000,17.32706880569458,0.001732706880569458,0.0005055594116183708,0.0001,17.80859375,750,0.075,0.0001536152558401227,0.00016107527162170126,0.0007917432821762608,0.001408493700954017,-0.030194296493624657,0.008621778989594896,0.020573378074914214,0.983152763932332,18468.213151830463,1708032.0,nan,nan,nan,nan,nan,nan,nan,nan,0,0.01773951880581387,0.4562334217506631,0.00031469052746182396,0.013401758103143601,-0.10333805704024668,-0.8174999728174875
large,AdamW,INTU,43,0.003162,,0.00030626563562287227,0.000761702142912766,False,,,10000,17.253525018692017,0.0017253525018692017,0.0005051380047836642,0.0001,17.80859375,2500,0.25,0.00017376799951307476,0.00013249763610979752,0.0008549321229252079,0.0013970787462833539,-0.03830193380878791,0.009797751647504628,0.020743550453335046,0.9726265939997074,18546.934591819376,1708032.0,nan,nan,nan,nan,nan,nan,nan,nan,0,0.017500446726380223,0.4588859416445623,0.00030626563562287227,0.01312304173827802,-0.07379950096314691,-0.6928936699482539
large,AdamW,INTU,44,0.003162,,0.0002990167725969244,0.000764724509469394,False,,,10000,16.8526873588562,0.0016852687358856202,0.0005068737540981759,0.0001,17.80859375,3250,0.325,0.00015634865849278867,0.00014266811410413574,0.0008225949369773795,0.0014625519475071366,-0.07105873751867914,0.008577759137388785,0.021838013455271702,0.9688941888447283,18988.0695693223,1708032.0,nan,nan,nan,nan,nan,nan,nan,nan,0,0.01729210145115175,0.4482758620689655,0.0002990167725969244,0.012874903502287689,-0.04838422548183963,-0.9591721687725849
large,AdamW,KEYS,42,0.003162,,0.00037704312870668813,0.0003459217259660363,False,,,10000,17.14948344230652,0.0017149483442306518,0.0005811148595057491,0.0012,17.689453125,500,0.05,0.0002985975006595254,7.844562804716274e-05,0.00037917796259698196,0.0019227143612237981,-0.2501753562074314,0.01281585958646101,0.023122497554868452,1.0744687991766,18659.454150705405,1708032.0,nan,nan,nan,nan,nan,nan,nan,nan,0,0.019417598427887216,0.490272373540856,0.00037704312870668813,0.013277344925459041,0.0017164465999998102,1.079833758712558
large,AdamW,KEYS,43,0.003162,,0.0003776308871054834,0.0003515794815029949,False,,,10000,17.05525279045105,0.001705525279045105,0.0005036686982322589,0.0007,17.689453125,2500,0.25,0.000350680376868695,2.69505102367884e-05,0.00039558509291591455,0.0013361056074059033,-0.054838942968794976,0.01370705198377982,0.022402852587401868,0.9919408478010454,18762.548050836434,1708032.0,nan,nan,nan,nan,nan,nan,nan,nan,0,0.01943272721738983,0.4669260700389105,0.0003776308871054834,0.013272965601248335,0.00016025979213329933,0.17764253318026627
large,AdamW,KEYS,44,0.003162,,0.00038109185506207075,0.0003527518128976226,False,,,10000,17.047112226486206,0.0017047112226486207,0.0005068368792186275,0.0009,17.689453125,2250,0.225,0.0002854913182090968,9.560053685297396e-05,0.0003809749241321324,0.0013555520959175583,-0.2248875679827905,0.014578337983574602,0.021230312716215845,0.9968459985825475,18771.507792552336,1708032.0,nan,nan,nan,nan,nan,nan,nan,nan,0,0.019521574092835618,0.490272373540856,0.00038109185506207075,0.013392468755559404,-0.009003220793646793,0.3037498994495367
large,AdamW,KLAC,42,0.003162,,0.0006382204395122628,0.0008000876922506236,False,,,10000,17.14727544784546,0.001714727544784546,0.000505865393453791,0.0,17.80859375,1000,0.1,0.00019439715833868831,0.00044382328117357453,0.0008860765521496985,0.0014421871785908083,-0.1447250776960778,0.007867615119094989,0.019063645228743546,0.9680074179911136,18661.85686310928,1708032.0,nan,nan,nan,nan,nan,nan,nan,nan,0,0.02526302514569985,0.46825396825396826,0.0006382204395122628,0.017968800963548127,-0.009973323704697501,-0.11515716728210076
large,AdamW,KLAC,43,0.003162,,0.0009496782822583719,0.0008015319586432581,False,,,10000,16.83474850654602,0.001683474850654602,0.0005054130964993423,0.0001,17.80859375,750,0.075,0.0004291044897399843,0.0005205737925183876,0.0009062133244508822,0.001424098101237354,-0.012666838240347375,0.011441113928363484,0.024978443607687948,0.9747979907560589,19008.302967850766,1708032.0,nan,nan,nan,nan,nan,nan,nan,nan,0,0.030816850621995295,0.4497354497354497,0.0009496782822583719,0.024042079057643023,-0.5028502250972273,-0.46054431575672167
large,AdamW,KLAC,44,0.003162,,0.0006676000892800629,0.0008043766970343551,False,,,10000,17.533555269241333,0.0017533555269241333,0.0005055616660451826,0.0003,17.80859375,1000,0.1,0.0002399282093392685,0.0004276718799407944,0.0008658899805995468,0.0013515802338465073,-0.1022164892906944,0.012472085354060983,0.028543944563716648,0.9881095310655638,18250.71955380138,1708032.0,nan,nan,nan,nan,nan,nan,nan,nan,0,0.025837958303241818,0.5079365079365079,0.0006676000892800629,0.018556790377097156,-0.056466135103751425,0.39195564490502466
large,AdamW,LRCX,42,0.003162,,0.0006572431909344184,0.0009609827628502479,False,,,10000,17.08719253540039,0.001708719253540039,0.0005071079584975016,0.0001,17.80859375,2250,0.225,0.00021820052643306553,0.00043904266450135287,0.0010086648540659632,0.001532198355238929,-0.054050202391642405,0.009175576524183634,0.02220660364255308,0.9747751543016779,18727.476695603447,1708032.0,nan,nan,nan,nan,nan,nan,nan,nan,0,0.02563675468803371,0.4827586206896552,0.0006572431909344184,0.018609889600642776,-0.012758997139167949,-0.3396767601844746
large,AdamW,LRCX,43,0.003162,,0.0006852559153995816,0.0009681270988929809,False,,,10000,17.2274432182312,0.00172274432182312,0.0005058913904697312,0.0002,17.80859375,750,0.075,0.0003422065929044038,0.0003430493224951778,0.001073996169238093,0.0014485880737513748,-0.14719374603638208,0.01273302057147812,0.027623819001018998,0.9793340715239187,18575.014060203383,1708032.0,nan,nan,nan,nan,nan,nan,nan,nan,0,0.026177393212456844,0.4907161803713528,0.0006852559153995816,0.019483821101920314,-0.05592435682306229,-0.1323031964356435
large,AdamW,LRCX,44,0.003162,,0.0006511534647966818,0.0009693806146120835,False,,,10000,17.55736994743347,0.001755736994743347,0.0005059769309428885,0.0003,17.80859375,4750,0.475,0.00020268606022000313,0.0004484674045766787,0.0010472820256021182,0.0014487423976085698,-0.08342349383342669,0.012262482424410701,0.02876925459131597,0.9783016173687473,18225.964421668832,1708032.0,nan,nan,nan,nan,nan,nan,nan,nan,0,0.02551770884692985,0.5517241379310345,0.0006511534647966818,0.018721324426156503,-0.003375218012696024,1.1129194707832022
large,AdamW,MCHP,42,0.003162,,0.0005240851924532936,0.0007133809577881184,False,,,10000,17.109810829162598,0.0017109810829162597,0.0005069446728001252,0.0001,17.80859375,1000,0.1,0.00014431696035899222,0.0003797682320943014,0.0007350361982446248,0.0014425679234997403,0.00715171195383704,0.008936777145959786,0.019698695465922348,0.9827129917350351,18702.71993040274,1708032.0,nan,nan,nan,nan,nan,nan,nan,nan,0,0.022892907033692633,0.48936170212765956,0.0005240851924532936,0.017427971754124555,-0.0014652246985464856,0.789374517992622
large,AdamW,MCHP,43,0.003162,,0.0005190098884875181,0.0007181196060990149,False,,,10000,17.251188039779663,0.0017251188039779663,0.0005052558510513168,0.0004,17.80859375,1500,0.15,0.0003254817274864763,0.0001935281610010418,0.0007831709338946869,0.0013938084435825282,-0.11887029488454914,0.012126432139438112,0.024357195850461713,0.979471162664847,18549.447102547907,1708032.0,nan,nan,nan,nan,nan,nan,nan,nan,0,0.022781788526968598,0.526595744680851,0.0005190098884875181,0.01714371751855921,0.00823308485052876,0.8185985281330997
large,AdamW,MCHP,44,0.003162,,0.000560023600146884,0.0007165404782687321,False,,,10000,17.47130846977234,0.001747130846977234,0.0005084105359954743,0.0002,17.80859375,500,0.05,9.099373710341752e-05,0.0004690298630434665,0.000769955058256104,0.001385765524486698,-0.13073567495936997,0.010814258710127615,0.024381976202130305,0.9885060891432769,18315.743240046508,1708032.0,nan,nan,nan,nan,nan,nan,nan,nan,0,0.023664817771258752,0.48138297872340424,0.000560023600146884,0.01804948988414946,-0.07013929917046924,0.511098481832717
large,AdamW,META,42,0.003162,,0.0005789461938090295,0.0010952761496655196,False,,,10000,17.313753128051758,0.0017313753128051757,0.0005100382169174157,0.0004,17.7490234375,500,0.05,0.00019304272427689284,0.00038590346953213664,0.0012163413985496988,0.0014460088515622469,-0.1802637175574296,0.01386265201572387,0.03226192872971295,0.9945372295516496,18482.416702681046,1708032.0,nan,nan,nan,nan,nan,nan,nan,nan,0,0.024061300750562706,0.5078864353312302,0.0005789461938090295,0.017309326795661974,-0.26542467636857636,-0.547540751978628
large,AdamW,META,43,0.003162,,0.000498431330581881,0.001094026896479754,False,,,10000,16.960251569747925,0.0016960251569747924,0.0005089254173807525,0.0,17.7490234375,500,0.05,0.000430816609878093,6.761472070378801e-05,0.0011229608245606774,0.0014760612426381007,-0.13426476316379046,0.009422618932453043,0.022338487766683096,0.9681469087791945,18867.64466222809,1708032.0,nan,nan,nan,nan,nan,nan,nan,nan,0,0.02232557570549707,0.5078864353312302,0.000498431330581881,0.015365381660701343,-0.08944028294551098,-0.48971495423533323
large,AdamW,META,44,0.003162,,0.0004938012399013687,0.0010945099385378865,False,,,10000,17.44189977645874,0.001744189977645874,0.000504277465428047,0.0004,17.7490234375,1000,0.1,0.0006897161365486681,-0.00019591489664729943,0.0011183085682553535,0.0013487051599060849,-0.11789847889668216,0.01237023647465976,0.026967858709394887,0.9740681797831979,18346.625316119673,1708032.0,nan,nan,nan,nan,nan,nan,nan,nan,0,0.022221639001238608,0.501577287066246,0.0004938012399013687,0.01523121198018392,-0.07932011795678151,-0.5122485674655329
large,AdamW,MRVL,42,0.003162,,0.0010822535191894209,0.0015805115434155857,False,,,10000,17.502750873565674,0.0017502750873565674,0.0005083991372611317,0.0,17.80859375,500,0.05,0.0007892052526585758,0.0002930482665308451,0.0016762168421385636,0.0015841039704477058,-0.029879006283975666,0.01037644989455148,0.02366845291107893,0.9706837417572519,18282.84035530064,1708032.0,nan,nan,nan,nan,nan,nan,nan,nan,0,0.03289762178622371,0.493368700265252,0.0010822535191894209,0.024056394264180825,-0.05109077463062084,-0.6350471173627755
large,AdamW,MRVL,43,0.003162,,0.0010907082330612909,0.0015929374517749412,False,,,10000,17.63666582107544,0.001763666582107544,0.0005052363614735429,0.0001,17.80859375,750,0.075,0.0011958107352256775,-0.00010510250216438661,0.0017329646617889665,0.0014086873391995652,0.019768798571402565,0.011120175258225937,0.026773588545620442,0.9675651953365735,18144.019013934416,1708032.0,nan,nan,nan,nan,nan,nan,nan,nan,0,0.033025872177147586,0.47480106100795755,0.0010907082330612909,0.024124059727582983,-0.05930204084070456,-0.9181116762117902
large,AdamW,MRVL,44,0.003162,,0.0010334074339538655,0.0015997587843978437,False,,,10000,17.507400035858154,0.0017507400035858154,0.0005071395843488523,0.0001,17.80859375,3250,0.325,0.00022279986296780407,0.0008106075709860615,0.0017064798792827567,0.001465118734833145,-0.21262811042209237,0.011384343377902405,0.02880875319242474,0.9674632327677827,18277.985271632864,1708032.0,nan,nan,nan,nan,nan,nan,nan,nan,0,0.032146655097441565,0.5437665782493368,0.0010334074339538655,0.023239963269107555,-0.0036511787710789,1.3502996533858194
large,AdamW,MSFT,42,0.003162,,0.0002184801946872126,0.0004310366013322016,False,,,10000,17.55394697189331,0.001755394697189331,0.0005050356649776896,0.0,17.80859375,750,0.075,0.00034101062919944525,-0.00012253043451223265,0.00047410085076727296,0.0014106558398619916,-0.06928289961319206,0.007166978507352905,0.01859118454158306,0.9763591080724238,18229.518438922678,1708032.0,nan,nan,nan,nan,nan,nan,nan,nan,0,0.014781075559214648,0.4470899470899471,0.0002184801946872126,0.012064561642036236,-0.3217322662354871,-0.7335835718058848
large,AdamW,MSFT,43,0.003162,,0.0001745799152308671,0.0004323451367234045,False,,,10000,17.194125413894653,0.0017194125413894654,0.0005056843406381731,0.0002,17.80859375,1750,0.175,0.0006627946859225631,-0.00048821477069169595,0.0004944070258497632,0.0014181614554745604,-0.18942849833214812,0.00955280416439491,0.02081008609384298,0.9756209930195325,18611.007672504616,1708032.0,nan,nan,nan,nan,nan,nan,nan,nan,0,0.013212869303480871,0.4523809523809524,0.0001745799152308671,0.010217511464679052,-0.05615022600855735,-0.5577363610174518
large,AdamW,MSFT,44,0.003162,,0.00016514876137965572,0.0004352151319898408,False,,,10000,17.243587732315063,0.0017243587732315064,0.0005047878378457301,0.0001,17.80859375,1500,0.15,0.0001101784291677177,5.497033221193802e-05,0.0005123498076477367,0.0013861807615558228,0.07984747359081791,0.008749734484135114,0.020733302831649758,0.9668230076768511,18557.62298238604,1708032.0,nan,nan,nan,nan,nan,nan,nan,nan,0,0.01285102180294064,0.4894179894179894,0.00016514876137965572,0.009782618315762314,0.0009051074088416433,0.23966038181141477
large,AdamW,MSI,42,0.003162,,0.00012180209159851074,0.0002935488043792684,False,,,10000,17.041386604309082,0.001704138660430908,0.0005047183646006121,0.0,17.80859375,500,0.05,0.00010136960190720856,2.043248969130218e-05,0.0003457628618711713,0.0014074207295387742,-0.113378164974678,0.006976868313012528,0.017059935070574267,0.9725718301812788,18777.814706643934,1708032.0,nan,nan,nan,nan,nan,nan,nan,nan,0,0.011036398488570026,0.5502645502645502,0.00012180209159851074,0.007703945119544943,-0.019852278844887605,0.9571231719947897
large,AdamW,MSI,43,0.003162,,0.0004038321120398385,0.00029345469386255076,False,,,10000,17.048274993896484,0.0017048274993896485,0.0005059107488520224,0.0001,17.80859375,1750,0.175,0.0002536421816330403,0.00015018993040679822,0.0004198475227966963,0.001448533092134632,0.11750607640360314,0.00833355604044773,0.01918043987825512,0.9732549687799411,18770.22749307859,1708032.0,nan,nan,nan,nan,nan,nan,nan,nan,0,0.020095574439160442,0.43915343915343913,0.0004038321120398385,0.015097126128181579,-2.381297433644472,-1.5672441663276306
large,AdamW,MSI,44,0.003162,,0.00012142110675100296,0.0002938981318663539,False,,,10000,17.139639377593994,0.0017139639377593994,0.0005060040052639724,0.0,17.80859375,3500,0.35,0.00014550998457707465,-2.4088877826071683e-05,0.0003809886153158765,0.001460654814716796,-0.07021622214519556,0.008199296738066186,0.01838790383189916,0.9727933636512122,18670.171113303815,1708032.0,nan,nan,nan,nan,nan,nan,nan,nan,0,0.011019124590955625,0.5582010582010583,0.00012142110675100296,0.007701556518595055,-0.016662282188533384,1.6816439687242761
large,AdamW,MU,42,0.003162,,0.0008469771928888149,0.0008027695850605041,False,,,10000,17.184596300125122,0.0017184596300125123,0.0005091866802885451,0.0,17.80859375,1000,0.1,0.0006384819280356169,0.00020849526485319802,0.0008292045500751484,0.0015629482319878339,-0.08286836898582123,0.010662699741194956,0.025928260385990116,0.9688228558106025,18621.327752556517,1708032.0,nan,nan,nan,nan,nan,nan,nan,nan,0,0.02910287258826549,0.47619047619047616,0.0008469771928888149,0.020885046196993065,-0.018495459068665454,-0.43193267581776207
large,AdamW,MU,43,0.003162,,0.001030109546802662,0.0008050872096964788,False,,,10000,17.20006251335144,0.001720006251335144,0.0005067979362843396,0.0,17.80859375,1500,0.15,0.0008076016092672944,0.00022250793753536753,0.0008509673752331015,0.0014698203854862561,-0.0415291382740963,0.012242760438538244,0.028539118077605955,0.9723845444722573,18604.58354448433,1708032.0,nan,nan,nan,nan,nan,nan,nan,nan,0,0.03209531970245291,0.48148148148148145,0.001030109546802662,0.02359845650889886,-0.23871327890586835,-0.262979243227915
large,AdamW,MU,44,0.003162,,0.0008829639702246933,0.0008020159894654858,False,,,10000,17.226195812225342,0.0017226195812225342,0.0005075182842479872,0.0,17.80859375,2500,0.25,0.0005340286297723651,0.0003489353404523282,0.0008352137628253818,0.00144570536154288,-0.13105538441796713,0.011946875032281968,0.02947503058239817,0.9633012067797604,18576.359138614785,1708032.0,nan,nan,nan,nan,nan,nan,nan,nan,0,0.029714709660784055,0.4947089947089947,0.0008829639702246933,0.021505355834960938,-0.061769787599396775,-0.028869486411060706
large,AdamW,NOW,42,0.003162,,0.0005779925319883559,0.0006902620765813597,False,,,10000,16.999683141708374,0.0016999683141708374,0.0005187366338283183,0.0006,17.74609375,1250,0.125,0.0004448399122338742,0.00013315261975448166,0.0007229810378315128,0.0014813675588530206,-0.19990950634277407,0.015386724150882219,0.027260557841509575,1.0216572795310908,18823.88026485544,1708032.0,nan,nan,nan,nan,nan,nan,nan,nan,0,0.024041475245674,0.4126984126984127,0.0005779925319883559,0.018480597601996527,-0.3726600266053328,-1.3520246751747738
large,AdamW,NOW,43,0.003162,,0.0007100707481777857,0.0006911148595961796,False,,,10000,17.25725817680359,0.001725725817680359,0.0005141334687577263,0.0015,17.74609375,500,0.05,0.0008425010601058602,-0.00013243031192807452,0.0008039773173694729,0.0014542711438556848,-0.20203319647441584,0.02362996644510131,0.04503597524017092,1.0756337478881906,18542.9224458222,1708032.0,nan,nan,nan,nan,nan,nan,nan,nan,0,0.02664715272177847,0.4126984126984127,0.0007100707481777857,0.0208873779054672,-0.6863292830659338,-1.295341756494802
large,AdamW,NOW,44,0.003162,,0.0007934491785745772,0.00068904620826624,False,,,10000,17.382939100265503,0.0017382939100265503,0.000515124410478184,0.0007,17.74609375,1000,0.1,0.0004193423956166953,0.00037410678295788193,0.0007444892036657833,0.0014884954178474791,-0.006082084591120432,0.015089632394822547,0.030547021050006118,1.0188047601501324,18408.854691040848,1708032.0,nan,nan,nan,nan,nan,nan,nan,nan,0,0.028168229951038407,0.4158730158730159,0.0007934491785745772,0.022490842001778737,-0.8843426347143533,-1.2485947391176566
large,AdamW,NVDA,42,0.003162,,0.0010748179185958136,0.001473087530869704,False,,,10000,17.32932686805725,0.001732932686805725,0.00050972597918228,0.0002,17.80859375,500,0.05,0.0018573286943137646,-0.000782510775717951,0.0016517748352233175,0.0016428837524511922,0.00959718564706237,0.010677758667073795,0.02524861069396137,0.9766715651510437,18465.80668922857,1708032.0,nan,nan,nan,nan,nan,nan,nan,nan,0,0.03278441578853913,0.5464190981432361,0.0010748179185958136,0.024670020613090073,-0.21271054475097584,1.4635494891225183
large,AdamW,NVDA,43,0.003162,,0.001903902916681199,0.0015124729204557302,False,,,10000,17.46715259552002,0.0017467152595520019,0.0005081060850384426,0.0005,17.80859375,2250,0.225,0.000586531707085669,0.0013173712095955299,0.0016841823848941526,0.001554095589644668,-0.040004590011144536,0.013343985210353276,0.029418880399316533,0.9778834988507843,18320.101015323682,1708032.0,nan,nan,nan,nan,nan,nan,nan,nan,0,0.04363373599270636,0.44297082228116713,0.001903902916681199,0.03593790468084749,-1.1481621242952929,-1.6280204639536195
large,AdamW,NVDA,44,0.003162,,0.0020997691406774775,0.001474497963326047,False,,,10000,17.25032877922058,0.001725032877922058,0.0005068017698118243,0.0001,17.80859375,2250,0.225,0.00031494227005168796,0.0017848268706257896,0.0015974599334209832,0.0014936072293920547,-0.044379807086201734,0.013319057013465498,0.031176813691854474,0.9650036005998377,18550.371073823586,1708032.0,nan,nan,nan,nan,nan,nan,nan,nan,0,0.045823237998612425,0.4509283819628647,0.0020997691406774775,0.0361806728221752,-1.3691567979895698,-1.4302149770823067
large,AdamW,NXPI,42,0.003162,,0.00047572572861821196,0.0006628345636373067,False,,,10000,17.140150785446167,0.0017140150785446167,0.000505943501592996,0.0001,17.7939453125,6250,0.625,0.0006529323291033506,-0.00017720660048513867,0.0006814795033142071,0.0014542699648996853,-0.014916746166539001,0.011399892936157993,0.02579330811277031,0.9818250937274292,18669.614054487458,1708032.0,nan,nan,nan,nan,nan,nan,nan,nan,0,0.021811137719482034,0.465564738292011,0.00047572572861821196,0.017324594755146458,-0.03788961973803162,-0.12077383547142974
large,AdamW,NXPI,43,0.003162,,0.00048298464662115766,0.0006642862742777029,False,,,10000,17.058594942092896,0.0017058594942092895,0.0005069560368921761,0.0,17.7939453125,3250,0.325,0.0007155665662139654,-0.00023258191959280776,0.0006810175768164505,0.0015193290955535228,-0.0598904774157007,0.010801829595259915,0.027357545122504195,0.9703675875469623,18758.87205753299,1708032.0,nan,nan,nan,nan,nan,nan,nan,nan,0,0.021976911671596572,0.48760330578512395,0.00048298464662115766,0.01743856540396194,-0.05372638279827213,0.29566884131016125
large,AdamW,NXPI,44,0.003162,,0.00045062966911589146,0.000665089455098737,False,,,10000,16.96975564956665,0.001696975564956665,0.0005059325570487676,0.0,17.7939453125,1250,0.125,0.00048602180322632194,-3.539213411043047e-05,0.0006998510576625234,0.0014309837798127565,-0.07882213436737227,0.011943324249688886,0.028339163679629544,0.9690116299095418,18857.077650860087,1708032.0,nan,nan,nan,nan,nan,nan,nan,nan,0,0.02122803969084031,0.5371900826446281,0.00045062966911589146,0.01668983385911001,0.016862389848336767,1.238590397727297
large,AdamW,ORCL,42,0.003162,,0.0011508203057384995,0.0003398673050599642,False,,,10000,17.367626190185547,0.0017367626190185547,0.000515127291661373,0.0,17.80859375,1250,0.125,0.00010087659029522911,0.0010499437154432704,0.00042118686790702407,0.0015424046359076436,-0.08080007939566848,0.007442573069497303,0.019141409080475544,0.9747543842711046,18425.085644740106,1708032.0,nan,nan,nan,nan,nan,nan,nan,nan,0,0.03392374250784396,0.4521276595744681,0.0011508203057384995,0.02429600367470393,-1.634735199610327,-0.6248455033334902
large,AdamW,ORCL,43,0.003162,,0.0011344415643227794,0.00034303986899732593,False,,,10000,17.13872241973877,0.0017138722419738769,0.0005049088664813272,0.0001,17.80859375,3250,0.325,0.000208995770663023,0.0009254457936597564,0.000497603293001299,0.001400263141869302,0.10287471880034865,0.008958737551460217,0.019397928845137354,0.9754013479430735,18671.170006899352,1708032.0,nan,nan,nan,nan,nan,nan,nan,nan,0,0.033681472122262995,0.449468085106383,0.0011344415643227794,0.02516333262125651,-1.5972370373706357,-0.6181306016075281
large,AdamW,ORCL,44,0.003162,,0.0005674355086826143,0.00032823333215334057,False,,,10000,17.08203411102295,0.001708203411102295,0.0005059157096473153,0.0,17.80859375,3500,0.35,0.00012169021647423506,0.00044574529220837923,0.0004202544462159484,0.0014443718274736513,0.010144735737456117,0.008309078927186783,0.018782636523246757,0.9732829256203711,18733.132009934674,1708032.0,nan,nan,nan,nan,nan,nan,nan,nan,0,0.023820904866998952,0.5079787234042553,0.0005674355086826143,0.01578052586348599,-0.29911012238829326,0.052529369350018666
large,AdamW,PANW,42,0.003162,,0.0008445059417918989,0.0006459264423900519,False,,,10000,17.493043899536133,0.0017493043899536134,0.0005414010921227291,0.0001,17.7451171875,500,0.05,0.00035611487692222,0.0004883910648696789,0.0008194403558239516,0.0015866662712113867,-0.19418156958431718,0.01070957237031107,0.022667964175343506,0.973967621893235,18292.985591174645,1708032.0,nan,nan,nan,nan,nan,nan,nan,nan,0,0.029060384405439288,0.4554140127388535,0.0008445059417918989,0.01843766801676173,-0.06121485105791202,-1.2035296397002613
large,AdamW,PANW,43,0.003162,,0.002590789157114211,0.0006490162195869909,False,,,10000,17.046775341033936,0.0017046775341033936,0.0005047687219536966,0.0001,17.7451171875,500,0.05,0.0005274360883049667,0.0020633530688092443,0.0008687776494858218,0.0013769142367682503,-0.044543653072908355,0.011786655919699116,0.02589968238025903,0.9706801204517544,18771.878762883436,1708032.0,nan,nan,nan,nan,nan,nan,nan,nan,0,0.05089979525611288,0.44904458598726116,0.002590789157114211,0.04179172151407618,-2.255612297594595,-0.02456018724927555
large,AdamW,PANW,44,0.003162,,0.0010797178289692873,0.0006409588332374256,False,,,10000,17.16185426712036,0.0017161854267120362,0.0005057856209309163,0.0001,17.7451171875,750,0.075,0.0014197251293808222,-0.00034000730041153487,0.0007687039979115315,0.001446100780170724,-0.10509092120102576,0.011458319392887642,0.024517738725990057,0.9721623800465211,18646.00380700551,1708032.0,nan,nan,nan,nan,nan,nan,nan,nan,0,0.032859060074343076,0.45222929936305734,0.0010797178289692873,0.02353745357246156,-0.3567845273213752,-0.05256122310598052
large,AdamW,PTC,42,0.003162,,0.00019838310107982978,0.00045829272238582136,False,,,10000,17.191046237945557,0.0017191046237945557,0.0005058589954242962,0.0003,17.80859375,3500,0.35,0.00026899523800238967,-7.061213692255989e-05,0.0004818025285481093,0.0013166616758670856,-0.011143016374481023,0.011108697283409128,0.023305762466043205,0.9769516273323269,18614.341184986664,1708032.0,nan,nan,nan,nan,nan,nan,nan,nan,0,0.01408485360519696,0.46419098143236076,0.00019838310107982978,0.011070341029495159,-0.13308639545830037,-0.8123563159323363
large,AdamW,PTC,43,0.003162,,0.0002793757215378776,0.0004541386976166176,False,,,10000,17.147146940231323,0.0017147146940231324,0.0005038232423180381,0.0005,17.80859375,3500,0.35,0.00040465686470270157,-0.00012528114316482394,0.0004929155232930179,0.0013213824460408968,0.015812645964512737,0.010530594532495888,0.021410460211336593,0.9799039148290005,18661.99672256865,1708032.0,nan,nan,nan,nan,nan,nan,nan,nan,0,0.016714536234603627,0.46419098143236076,0.0002793757215378776,0.013815006881794602,-0.5956844487904871,-0.8123563159323363
large,AdamW,PTC,44,0.003162,,0.0002068566187979683,0.0004540598835173589,False,,,10000,16.968398809432983,0.0016968398809432982,0.000505130738643286,0.0006,17.80859375,750,0.075,0.00021843361901119351,-1.1577000213225218e-05,0.0005060289403998689,0.0012972854976799157,0.07561166655243959,0.013725328542046191,0.02801989754661917,0.9852395793715617,18858.585514981372,1708032.0,nan,nan,nan,nan,nan,nan,nan,nan,0,0.014382510865560586,0.46419098143236076,0.0002068566187979683,0.011394997753163494,-0.1814838022728762,-0.8123563159323363
large,AdamW,PYPL,42,0.003162,,0.00045417059833804767,0.0005469794283394052,False,,,10000,17.130337476730347,0.0017130337476730347,0.0005389413406730786,0.0001,17.6708984375,750,0.075,0.00037206581328064203,8.210478505740564e-05,0.0005598309044693081,0.0017038871365190184,-0.20211722562624665,0.010053030120540643,0.021004403475672003,0.9821787801765333,18680.309155303235,1708032.0,nan,nan,nan,nan,nan,nan,nan,nan,0,0.021311278665017912,0.4791666666666667,0.00045417059833804767,0.015557209650675455,-0.017796089162579465,-0.6537485853871883
large,AdamW,PYPL,43,0.003162,,0.0004571559838950634,0.000535596944704777,False,,,10000,17.06936740875244,0.0017069367408752442,0.000505668854027851,0.0002,17.6708984375,500,0.05,0.0030638750176876783,-0.002606719033792615,0.0006327348677178597,0.0013541013033517223,-0.15673393982015124,0.01113903082452889,0.024264507461339214,0.9791317793031896,18747.03334558946,1708032.0,nan,nan,nan,nan,nan,nan,nan,nan,0,0.021381206324598792,0.49166666666666664,0.0004571559838950634,0.015507168571154277,-0.02448633673847267,0.21917746279851746
large,AdamW,PYPL,44,0.003162,,0.00044763063391049703,0.0005461847206123737,False,,,10000,17.271450996398926,0.0017271450996398925,0.0005169335955919297,0.0001,17.6708984375,500,0.05,0.00033210639958269894,0.00011552423432779809,0.0007089077671831268,0.0015129171266132124,-0.022268883936040727,0.0134651955577865,0.03195450380444526,0.9760561562157894,18527.684794214427,1708032.0,nan,nan,nan,nan,nan,nan,nan,nan,0,0.021157283235578642,0.5,0.00044763063391049703,0.01535604198773702,-0.0031400320730605724,0.1955184615753763
large,AdamW,QCOM,42,0.003162,,0.0005765816679707279,0.0007245034690877171,False,,,10000,17.285422325134277,0.0017285422325134278,0.0005046946937837518,0.0002,17.80859375,750,0.075,0.0001631314808037132,0.00041345018716701474,0.0007642089230085257,0.0013769195140380444,-0.1087624692120729,0.009624655909009017,0.019989550486207004,0.982618419444159,18512.709379087395,1708032.0,nan,nan,nan,nan,nan,nan,nan,nan,0,0.02401211502493539,0.47619047619047616,0.0005765816679707279,0.017881759260066604,-0.1500374664354991,-0.3447691473230377
large,AdamW,QCOM,43,0.003162,,0.0005421306563432886,0.0007254408588460016,False,,,10000,17.004152297973633,0.0017004152297973633,0.0005048181381141955,0.0001,17.80859375,1250,0.125,0.00036245177034288645,0.00017967888600040212,0.0008436021862050785,0.0014036348674760788,-0.127349959229893,0.011190250881781685,0.024211575556546436,0.9799610328627769,18818.932834313302,1708032.0,nan,nan,nan,nan,nan,nan,nan,nan,0,0.023283699369801368,0.4523809523809524,0.0005421306563432886,0.017217240005573897,-0.08132221527671302,-0.7278655631406385
large,AdamW,QCOM,44,0.003162,,0.000623291052838482,0.0007264905013835715,False,,,10000,17.056641101837158,0.0017056641101837158,0.0005069357610601942,0.0001,17.80859375,2000,0.2,0.00015212796279229224,0.0004711630900461897,0.000810925969702609,0.0015307372284970035,-0.06102475364517654,0.010047913849219913,0.024076649639755483,0.9770208005147332,18761.02088854605,1708032.0,nan,nan,nan,nan,nan,nan,nan,nan,0,0.02496579766076946,0.47619047619047616,0.000623291052838482,0.018854412452253715,-0.24320300675024864,-0.6414186105585714
large,AdamW,ROP,42,0.003162,,0.0001402816503609299,0.00021803655738223454,False,,,10000,17.0835542678833,0.00170835542678833,0.0005052464387345074,0.0,17.80859375,1000,0.1,0.0001583797566127032,-1.8098106251773305e-05,0.00024856994094381947,0.001382502785192729,-0.1825210377132536,0.006725724601076945,0.015029012458398935,0.9667227925037052,18731.465067640685,1708032.0,nan,nan,nan,nan,nan,nan,nan,nan,0,0.011844055486231474,0.4854111405835544,0.0001402816503609299,0.00781166742718409,-0.2698429818391772,-0.09398331128229269
large,AdamW,ROP,43,0.003162,,0.0001324965820583717,0.00021814086551059147,False,,,10000,17.238844871520996,0.0017238844871520997,0.0005040183280341466,0.0,17.80859375,500,0.05,0.00024006263993214816,-0.00010756605787377646,0.00023573381206920047,0.00130257081423364,-0.028836429747267526,0.006862914742824796,0.015698005910962817,0.9628773413068336,18562.728673813177,1708032.0,nan,nan,nan,nan,nan,nan,nan,nan,0,0.011510715966366806,0.47214854111405835,0.0001324965820583717,0.007845076934370414,-0.1993717953247114,-0.27093819125190266
large,AdamW,ROP,44,0.003162,,0.00019204920088803328,0.0002181323477380788,False,,,10000,17.413947105407715,0.0017413947105407715,0.0005034175060627942,0.0,17.80859375,5000,0.5,5.377549314289354e-05,0.00013827370774513974,0.00025844791238870476,0.0012830581061032927,-0.03322476970183222,0.007610550607630284,0.01810478568077085,0.9638874004419169,18376.07511169179,1708032.0,nan,nan,nan,nan,nan,nan,nan,nan,0,0.01385818173094989,0.4827586206896552,0.00019204920088803328,0.007985824630374,-0.7384478247014739,-0.34210303907440864
large,AdamW,SNOW,42,0.003162,,0.001625023577191414,0.000685794470466186,False,,,10000,16.794856071472168,0.0016794856071472167,0.0005100665647257549,0.0,17.5400390625,2000,0.2,0.0018974251579493284,-0.00027240158075791444,0.0008042875294373414,0.0016321238929111806,-0.31868808238951857,0.012976343958941289,0.0327754195779562,0.98161173627989,19053.452952392592,1708032.0,nan,nan,nan,nan,nan,nan,nan,nan,0,0.04031158117949994,0.5688073394495413,0.001625023577191414,0.02393247884347898,-0.09933437851899307,-0.10633740417833344
large,AdamW,SNOW,43,0.003162,,0.0015178302285868094,0.0007235729527250628,False,,,10000,17.2622811794281,0.00172622811794281,0.0005093640901737558,0.0,17.5400390625,nan,nan,0.0012477131094783545,0.0002701171191084549,0.0008109763180741068,0.0016030266221738702,-0.34541036431047,0.014647244504943955,0.028792245872318736,0.9853197819400629,18537.52680041802,1708032.0,nan,nan,nan,nan,nan,nan,nan,nan,0,0.03895934071037149,0.5963302752293578,0.0015178302285868094,0.021964869367966957,-0.02681768711610144,1.467903670426127
large,AdamW,SNOW,44,0.003162,,0.0015566160372637828,0.0006990621440878538,False,,,10000,16.767600774765015,0.0016767600774765016,0.0005077564119702611,0.0,17.5400390625,1000,0.1,0.0015454688109457493,1.1147226318033521e-05,0.00080787702384339,0.0015628049579692652,-0.24597058805522756,0.015406400084937922,0.03410932123661041,0.9772560282986056,19084.423842055876,1708032.0,nan,nan,nan,nan,nan,nan,nan,nan,0,0.039453973656195684,0.5779816513761468,0.0015566160372637828,0.022844535495163104,-0.05305642818775458,1.0067919292481156
large,AdamW,TEL,42,0.003162,,0.00016651304547118131,0.0003591065618656674,False,,,10000,16.955939292907715,0.0016955939292907715,0.0005087431445319301,0.0014,17.80859375,750,0.075,0.00012345571303740144,4.3057332433779876e-05,0.0008116970579210514,0.001314672459994604,-0.07457748946677727,0.02814126944268937,0.02873867722228169,1.0766136954358347,18872.443128753635,1708032.0,nan,nan,nan,nan,nan,nan,nan,nan,0,0.01290399339240304,0.4973404255319149,0.00016651304547118131,0.009758512809793785,-0.011779227233397638,0.1645462670776088
large,AdamW,TEL,43,0.003162,,0.00020211517180084552,0.00035659704031299215,False,,,10000,17.316344499588013,0.0017316344499588012,0.0005353066441115898,0.0012,17.80859375,2500,0.25,0.0001947148994076997,7.400272393145817e-06,0.0004570571887998251,0.0014160777530221468,-0.13396806030689762,0.043244166068552296,0.031328136846423146,1.1335703006640645,18479.650829747203,1708032.0,nan,nan,nan,nan,nan,nan,nan,nan,0,0.014216721556000367,0.5106382978723404,0.00020211517180084552,0.010939273884687474,-0.22810757414317617,0.22282523428458342
large,AdamW,TEL,44,0.003162,,0.00017456899559687054,0.0003588241512642615,False,,,10000,17.200170755386353,0.0017200170755386354,0.0005233087717502064,0.0014,17.80859375,750,0.075,0.0001317044661846012,4.2864529412269355e-05,0.0004467687807155776,0.0014909137015968533,-0.022749242508091197,0.031072023891743447,0.029175343830138437,1.0631741017646728,18604.466464368663,1708032.0,nan,nan,nan,nan,nan,nan,nan,nan,0,0.013212456077386617,0.4973404255319149,0.00017456899559687054,0.010016131653356804,-0.06072940389815207,-0.24696251045078257
large,AdamW,TSLA,42,0.003162,,0.0013700726905155702,0.0015545897287865208,False,,,10000,17.217874765396118,0.0017217874765396118,0.0005165689229205107,0.0001,17.796875,750,0.075,0.0013029031688347459,6.716952168082436e-05,0.0016614064987726617,0.0018804520507017647,-0.07287722435820604,0.01499553952574497,0.03524422664195298,0.9842749935965606,18585.336713165365,1708032.0,nan,nan,nan,nan,nan,nan,nan,nan,0,0.03701449297931245,0.5382513661202186,0.0013700726905155702,0.02656022316771127,-0.011324887271643158,0.5629510354389485
large,AdamW,TSLA,43,0.003162,,0.0013682718485430942,0.00156162536307557,False,,,10000,17.333260536193848,0.0017333260536193849,0.0005139317295334997,0.0,17.796875,5000,0.5,0.0011985881719738245,0.0001696836765692697,0.0017250459467188116,0.0017928428819364284,-0.09303288539783991,0.015671873498181232,0.03463046252727508,0.9801077159585527,18461.615997278936,1708032.0,nan,nan,nan,nan,nan,nan,nan,nan,0,0.036990158806675784,0.5191256830601093,0.0013682718485430942,0.026641843097457468,-0.009995588237061925,0.638151063309341
large,AdamW,TSLA,44,0.003162,,0.0013790672919789298,0.0015588649331706845,False,,,10000,17.22712230682373,0.001722712230682373,0.0005102465419293199,0.0002,17.796875,1250,0.125,0.001837865449488163,-0.00045879815750923315,0.0017299838052702067,0.0015915395687499338,-0.15126446346080166,0.014616359246461071,0.03522286601364611,0.9674338390906302,18575.36008049625,1708032.0,nan,nan,nan,nan,nan,nan,nan,nan,0,0.037135795292129264,0.5191256830601093,0.0013790672919789298,0.026644774473430027,-0.017964289964621738,0.18882696293390192
large,AdamW,TXN,42,0.003162,,0.00026215427609347795,0.00034984673524092615,False,,,10000,17.015125274658203,0.0017015125274658202,0.0005107954022599274,0.0,17.80859375,1000,0.1,0.00012526009231805801,0.00013689418377541994,0.0003885808742541744,0.0015965383283016396,0.060232543351270755,0.0069502633533596965,0.017677384801208968,0.9712608915734073,18806.79659036058,1708032.0,nan,nan,nan,nan,nan,nan,nan,nan,0,0.0161911789593432,0.5476190476190477,0.00026215427609347795,0.012401783907854999,0.010751470925672524,1.1533124579021963
large,AdamW,TXN,43,0.003162,,0.0002636763035620331,0.0003503306474862744,False,,,10000,17.071776628494263,0.0017071776628494262,0.0005055451588878254,0.0001,17.80859375,1250,0.125,0.000303083099424839,-3.940679586280591e-05,0.0004279312481890242,0.001403329900739562,-0.07240873019384232,0.009041760239703581,0.019959717150777573,0.9758572095492214,18744.38770865198,1708032.0,nan,nan,nan,nan,nan,nan,nan,nan,0,0.016238112684731347,0.5502645502645502,0.0002636763035620331,0.01246638020510396,0.0050080458825423335,1.2209500695431927
large,AdamW,TXN,44,0.003162,,0.00026221664021254846,0.00035105693087337505,False,,,10000,17.239471197128296,0.0017239471197128297,0.000505933183372806,0.0,17.80859375,4000,0.4,7.063904195092618e-05,0.00019157759826162228,0.00040736709035578807,0.0014232937182257746,-0.08664292846977333,0.00813097610636105,0.02053957059979438,0.9666590859802262,18562.054273062895,1708032.0,nan,nan,nan,nan,nan,nan,nan,nan,0,0.016193104711961462,0.5291005291005291,0.00026221664021254846,0.01240922660423965,0.010516137693741712,0.7155795395164245
large,AdamW,TYL,42,0.003162,,0.00026168932438527467,0.0005578307005075308,False,,,10000,17.068241834640503,0.0017068241834640504,0.0005104677422440193,0.0008,17.80859375,750,0.075,0.00015177599561866373,0.00010991332876661094,0.0005972819007684331,0.0015346964512042384,-0.12259890979315234,0.012788200040695665,0.022783602215349672,0.9852667288896957,18748.26962848338,1708032.0,nan,nan,nan,nan,nan,nan,nan,nan,0,0.01617681440782686,0.49206349206349204,0.00026168932438527467,0.011212181161951136,-0.16634507887217387,-0.8536742775279099
large,AdamW,TYL,43,0.003162,,0.00023877407823290144,0.0005618408915218687,False,,,10000,16.905710697174072,0.0016905710697174073,0.0005057953945857462,0.0009,17.80859375,500,0.05,0.0002029577735811472,3.581630465175425e-05,0.0005902242570931041,0.0012654305315850283,-0.21010631290352139,0.011834062831744086,0.018779655639082193,0.9938492238601251,18928.515087714746,1708032.0,nan,nan,nan,nan,nan,nan,nan,nan,0,0.015452316274038059,0.5,0.00023877407823290144,0.010498031737312438,-0.06421219804584033,-0.6223827454467193
large,AdamW,TYL,44,0.003162,,0.0002550456337827854,0.0005605425537423051,False,,,10000,16.949053287506104,0.0016949053287506103,0.0005154662956465883,0.0009,17.80859375,500,0.05,0.00039412459591403604,-0.00013907896213125065,0.0006071024455319114,0.0015020002054112966,0.02263858003863301,0.01444093147420208,0.026878144592046734,0.988195902874974,18880.11056262866,1708032.0,nan,nan,nan,nan,nan,nan,nan,nan,0,0.01597014820791546,0.4894179894179894,0.0002550456337827854,0.011034571935260107,-0.1367342574985273,-0.9111216109985153
large,AdamW,UBER,42,0.003162,,0.0007443854086835619,0.0006898295291712587,False,,,10000,16.85229182243347,0.0016852291822433473,0.0005101859794179307,0.0,17.5732421875,4000,0.4,0.0006184095400385559,0.00012597586864500604,0.0012370228199654859,0.0016658695352370454,0.024437551893241385,0.013180293466208968,0.033213325962424184,0.9918896017691545,18988.51523411324,1708032.0,nan,nan,nan,nan,nan,nan,nan,nan,0,0.027283427363210103,0.49645390070921985,0.0007443854086835619,0.018677019737136195,-0.06851362203898304,0.9690821415228673
large,AdamW,UBER,43,0.003162,,0.0006893810252068748,0.0009978519568980579,False,,,10000,16.865377187728882,0.001686537718772888,0.0005143678037990836,0.0,17.5732421875,2500,0.25,0.0009513793629594147,-0.00026199833775253996,0.00218089227051716,0.0018214177320745053,0.2657004223743343,0.013244664201384876,0.025755396857857698,0.980378876721596,18973.782586542417,1708032.0,nan,nan,nan,nan,nan,nan,nan,nan,0,0.02625606644581162,0.5602836879432624,0.0006893810252068748,0.01747579809645532,0.010441355222910675,2.60811762311391
large,AdamW,UBER,44,0.003162,,0.0007289828024279904,0.0007327954009385176,False,,,10000,16.942389249801636,0.0016942389249801637,0.0005088422124644989,0.0,17.5732421875,5000,0.5,0.0012655092868953943,-0.000536526484467404,0.001134541961298862,0.001590657588851151,0.13652188637210702,0.013479443012597039,0.029071334097534415,1.0072940259167618,18887.536774292126,1708032.0,nan,nan,nan,nan,nan,nan,nan,nan,0,0.026999681524565996,0.5390070921985816,0.0007289828024279904,0.0178902182780521,-0.046404249116041685,0.47991293695799125
large,AdamW,WDAY,42,0.003162,,0.0010969078579506316,0.0006372032608193761,False,,,10000,16.92013669013977,0.001692013669013977,0.0005054518803223564,0.0002,17.7392578125,500,0.05,0.0012413873337209225,-0.00014447947577029088,0.0006691635110509093,0.0013714015734624617,-0.0793162351096974,0.01069488730651792,0.02765937503427266,0.9815029828962369,18912.376765045898,1708032.0,nan,nan,nan,nan,nan,nan,nan,nan,0,0.033119599302386366,0.538961038961039,0.0010969078579506316,0.014419924129139294,-1.648329037732951,0.6578297800368197
large,AdamW,WDAY,43,0.003162,,0.0004705075513232838,0.0006301071045841379,False,,,10000,16.918259859085083,0.0016918259859085084,0.0005071189297517306,0.0001,17.7392578125,1250,0.125,0.00037916406290605664,9.134348841722715e-05,0.0006643550862975659,0.0014602966831350505,-0.041183237462288975,0.010050370978513093,0.024415208864957082,0.9736072515635467,18914.474813918903,1708032.0,nan,nan,nan,nan,nan,nan,nan,nan,0,0.021691186028506688,0.5357142857142857,0.0004705075513232838,0.013333119355238877,-0.1359740032951431,1.1692839384759253
large,AdamW,WDAY,44,0.003162,,0.00042988795351672483,0.0006290333472944626,False,,,10000,17.13354992866516,0.001713354992866516,0.0005055235629748897,0.0001,17.7392578125,1000,0.1,0.00046813421067781746,-3.824625716109263e-05,0.0006603367865000971,0.0014344532101859115,-0.2791097554041888,0.0112104965075996,0.023683059867471448,0.9771275502828979,18676.80669401887,1708032.0,nan,nan,nan,nan,nan,nan,nan,nan,0,0.02073373949669294,0.5194805194805194,0.00042988795351672483,0.013244997371326794,-0.03790372365185024,-0.5109723539806932
large,AdaBelief,AAPL,42,0.003162,,0.0001860851490939105,0.0003958613629050217,False,,,10000,22.112956285476685,0.0022112956285476686,0.0005597979593070321,0.0,17.80859375,1250,0.125,0.00019809426157735288,-1.2009112483442374e-05,0.00045161418520998063,0.0015571057675082044,-0.03893835473213868,0.007725119958429059,0.01771134342998266,0.9693148031271592,14471.154189825316,1708032.0,nan,nan,nan,nan,nan,nan,nan,nan,0,0.013641303057036395,0.4588859416445623,0.0001860851490939105,0.01023075820276977,-0.024495589825862085,-0.28020729941148365
large,AdaBelief,AAPL,43,0.003162,,0.00021200402388497005,0.00039479191802857094,False,,,10000,22.412123203277588,0.002241212320327759,0.0005592756134590174,0.0001,17.80859375,2500,0.25,0.0001529864384792745,5.901758540569554e-05,0.0005239014339789172,0.0014673294852220746,-0.06249841594712189,0.009826228607899975,0.02046793494373559,0.9759819492460868,14277.98683317976,1708032.0,nan,nan,nan,nan,nan,nan,nan,nan,0,0.014560357958682543,0.44562334217506633,0.00021200402388497005,0.011253343057380152,-0.16719248447858082,-0.7315611016648613
large,AdaBelief,AAPL,44,0.003162,,0.0001927664670994673,0.00039383863896842974,False,,,10000,22.051055669784546,0.0022051055669784544,0.0005616999155927488,0.0001,17.80859375,750,0.075,0.0001616267836652696,3.113968343419768e-05,0.00047292286547999607,0.0015307521968832233,0.006432816518066369,0.009675166739059932,0.0229766615666449,0.9736852590818261,14511.77688687621,1708032.0,nan,nan,nan,nan,nan,nan,nan,nan,0,0.01388403641235024,0.4535809018567639,0.0001927664670994673,0.010492129931374201,-0.061279722596514485,-0.14721212806672776
large,AdaBelief,ACN,42,0.003162,,0.0002138783179578327,0.0003710797436989903,False,,,10000,22.021297454833984,0.0022021297454833983,0.0005549315602786012,0.0008,17.80859375,1250,0.125,0.00014162948355078697,7.224883440704573e-05,0.0004043334103486801,0.0013467828263771754,-0.1572947583648929,0.012849257419627974,0.020766580197960113,1.0034854747756148,14531.387201699848,1708032.0,nan,nan,nan,nan,nan,nan,nan,nan,0,0.014624579240369027,0.4708994708994709,0.0002138783179578327,0.01019635276188926,-0.04707782761810053,-1.20967955508448
large,AdaBelief,ACN,43,0.003162,,0.00023172263588224138,0.00037284701351145534,False,,,10000,22.45844078063965,0.002245844078063965,0.0005689692119173459,0.0009,17.80859375,1250,0.125,0.0001636302622500807,6.809237363216068e-05,0.0004370531896656892,0.0014806348109947128,-0.15933653705940098,0.013064664148466545,0.021616280730813724,1.0164863784558726,14248.540365093233,1708032.0,nan,nan,nan,nan,nan,nan,nan,nan,0,0.01522243856555977,0.4708994708994709,0.00023172263588224138,0.010929431864824245,-0.13443773312895413,-0.5671898142756541
large,AdaBelief,ACN,44,0.003162,,0.00024151015612814162,0.00037282124280297154,False,,,10000,22.273587942123413,0.0022273587942123413,0.0005588545735987623,0.0013,17.80859375,1750,0.175,0.00014849142462480813,9.301873150333349e-05,0.00048352612761067004,0.0013625850036964927,0.06295834482920076,0.015382371101432363,0.026036832667887196,1.0282411514372105,14366.791772906137,1708032.0,nan,nan,nan,nan,nan,nan,nan,nan,0,0.015540597032551279,0.47619047619047616,0.00024151015612814162,0.011270126968464524,-0.18235420981859174,-0.49006247433419414
large,AdaBelief,ADBE,42,0.003162,,0.000490820360562158,0.0007142402449084213,False,,,10000,22.68514084815979,0.002268514084815979,0.0005629369184400438,0.0001,17.80859375,1250,0.125,0.0008192142704501748,-0.0003283939098880168,0.0007433650524512624,0.0014686956103098872,0.057879096955344614,0.00898862018116415,0.019570629112422466,0.9781931887635125,14106.150018722863,1708032.0,nan,nan,nan,nan,nan,nan,nan,nan,0,0.022154465928163513,0.5052910052910053,0.000490820360562158,0.014766375223795572,-0.0459010840962093,0.18390016530866893
large,AdaBelief,ADBE,43,0.003162,,0.0004716499378441503,0.0007200954131169407,False,,,10000,22.765485286712646,0.0022765485286712645,0.0005582402302490035,0.0005,17.80859375,750,0.075,0.00030966621125116944,0.00016198372659298086,0.0007533700759821277,0.0013818229625286531,-0.16780301520283486,0.011563219002525148,0.021830214373767358,0.9951299128110619,14056.36629177292,1708032.0,nan,nan,nan,nan,nan,nan,nan,nan,0,0.02171750302967978,0.5264550264550265,0.0004716499378441503,0.013998674967932322,-0.005050362499447569,1.0512275348516724
large,AdaBelief,ADBE,44,0.003162,,0.0005614160308762202,0.0007105845987638681,False,,,10000,22.440673828125,0.0022440673828125,0.0005601383064770458,0.0009,17.80859375,500,0.05,0.0002378138597123325,0.00032360217116388773,0.0007533421921728419,0.0014731712831666187,0.020474275299853545,0.013411931723473389,0.026177134551107876,0.9993411407682371,14259.8213605753,1708032.0,nan,nan,nan,nan,nan,nan,nan,nan,0,0.023694219355704045,0.5052910052910053,0.0005614160308762202,0.016966506917640647,-0.19633512075558612,0.18390016530866893
large,AdaBelief,ADI,42,0.003162,,0.00035725612804372473,0.00045322850148937115,False,,,10000,22.4981791973114,0.00224981791973114,0.0005597385201778505,0.0,17.80859375,500,0.05,0.00013051109272055328,0.00022674503532317146,0.0005303011903233862,0.0015848852737892663,-0.07346553583921622,0.007323628001387987,0.016240204405039538,0.9725378476493175,14223.373242499594,1708032.0,nan,nan,nan,nan,nan,nan,nan,nan,0,0.01890122027922337,0.5026455026455027,0.00035725612804372473,0.0144828614734468,-0.053054479301843926,0.06754017798875407
large,AdaBelief,ADI,43,0.003162,,0.00034971263200517683,0.0004540900415703852,False,,,10000,22.1329026222229,0.00221329026222229,0.0005609912439353817,0.0001,17.80859375,1250,0.125,0.0002977680414915085,5.194459051366835e-05,0.0005328915281003246,0.001520799767488156,-0.10026163543767683,0.008720189517256222,0.02071194183081388,0.9695168436042184,14458.112677850884,1708032.0,nan,nan,nan,nan,nan,nan,nan,nan,0,0.01870060512403748,0.49206349206349204,0.00034971263200517683,0.014332782654535203,-0.030819137009783004,-0.22510896217989995
large,AdaBelief,ADI,44,0.003162,,0.00033064868557390083,0.00045638533422738233,False,,,10000,22.36969017982483,0.002236969017982483,0.0005608710011117256,0.0,17.80859375,2500,0.25,9.891254012472928e-05,0.00023173614544917155,0.0005300473212782302,0.0015092108681774795,0.00562132990388413,0.008513406085634778,0.020964883547276252,0.9711633128410488,14305.070719692276,1708032.0,nan,nan,nan,nan,nan,nan,nan,nan,0,0.018183747841792705,0.5343915343915344,0.00033064868557390083,0.013785195729089162,0.025374088541182505,1.1193273542388857
large,AdaBelief,ADSK,42,0.003162,,0.0003017945579750828,0.0007550324305931516,False,,,10000,22.27881145477295,0.002227881145477295,0.0005569394132846955,0.0001,17.80859375,1500,0.15,0.00015894041280262172,0.00014285414517246106,0.0007698799068649018,0.0014452365370958907,-0.050146775822474635,0.008825541517436796,0.020389606244862076,0.981371167580021,14363.423320387412,1708032.0,nan,nan,nan,nan,nan,nan,nan,nan,0,0.017372235261332455,0.4497354497354497,0.0003017945579750828,0.01303544624772652,-0.05214580190256157,-0.27409024571852986
large,AdaBelief,ADSK,43,0.003162,,0.0003274751127396942,0.0007555786747515044,False,,,10000,22.496963262557983,0.0022496963262557982,0.0005599267296463309,0.0001,17.80859375,750,0.075,0.0003441863227635622,-1.6711210023868017e-05,0.0007952852090394376,0.0015125598899868092,0.03696735953396612,0.01056985189125844,0.023665695264935494,0.9756562995815765,14224.141999315107,1708032.0,nan,nan,nan,nan,nan,nan,nan,nan,0,0.018096273448964407,0.4523809523809524,0.0003274751127396942,0.01376748589611558,-0.14167587185281416,-0.29983535997645894
large,AdaBelief,ADSK,44,0.003162,,0.0003015492209997127,0.0007557029433212483,False,,,10000,22.418368816375732,0.0022418368816375734,0.0005597513399966575,0.0,17.80859375,4250,0.425,0.00021729520813096315,8.425401286874955e-05,0.0007875467785068137,0.001442499418935979,0.06559014647251092,0.010174000999660348,0.023537089023739095,0.9673942969578422,14274.009078049097,1708032.0,nan,nan,nan,nan,nan,nan,nan,nan,0,0.017365172645260763,0.4523809523809524,0.0003015492209997127,0.013013400728740389,-0.051290484065092734,-0.7154634522456639
large,AdaBelief,AMD,42,0.003162,,0.0008449709762341131,0.0013345451506758875,False,,,10000,22.372831344604492,0.0022372831344604494,0.0005636637212185732,0.0,17.80859375,1500,0.15,0.006594070233404636,-0.005749099257170523,0.0013944194494100977,0.0017333177565422003,-0.04931247125548639,0.011572418294676754,0.028261831030249592,0.967542917106331,14303.062275449203,1708032.0,nan,nan,nan,nan,nan,nan,nan,nan,0,0.029068384479260505,0.5225464190981433,0.0008449709762341131,0.0213715084015377,-0.012074824343011992,0.20093066522078618
large,AdaBelief,AMD,43,0.003162,,0.0008813777455577144,0.0013302899798284475,False,,,10000,22.422422409057617,0.0022422422409057617,0.0005637544562856453,0.0002,17.80859375,3500,0.35,0.0025621424429118633,-0.0016807646973541488,0.001429230880795681,0.0016979560306011221,-0.17842391853964853,0.013775998042387072,0.03210141249001025,0.9800624696013394,14271.428579935005,1708032.0,nan,nan,nan,nan,nan,nan,nan,nan,0,0.029688006762962623,0.4960212201591512,0.0008813777455577144,0.02216791728186229,-0.055681499251892586,-0.19988509158670456
large,AdaBelief,AMD,44,0.003162,,0.000850214371605525,0.001335375188832574,False,,,10000,22.542121648788452,0.002254212164878845,0.000561896660244801,0.0001,17.80859375,1750,0.175,0.0005521482671611011,0.00029806610444442386,0.0014065405928925625,0.0015831064228894304,0.045100882410952475,0.014488356131446199,0.03617479167878623,0.9689350249966676,14195.646930917823,1708032.0,nan,nan,nan,nan,nan,nan,nan,nan,0,0.029158435685158506,0.5384615384615384,0.000850214371605525,0.0214801515851702,-0.018355168400666866,0.4072187490673146
large,AdaBelief,AMZN,42,0.003162,,0.0003325612772078741,0.000832067086146428,False,,,10000,22.25222611427307,0.002225222611427307,0.0005569255602935765,0.0002,17.80859375,1250,0.125,0.0003765607252717018,-4.399944806382771e-05,0.0008535999522228302,0.0014305275676384324,-0.16364824622131996,0.009210765345450636,0.02107717441394924,0.9734670030083588,14380.583693365623,1708032.0,nan,nan,nan,nan,nan,nan,nan,nan,0,0.018236262698477286,0.5013333333333333,0.0003325612772078741,0.013389418364832642,-0.01177392099975516,-0.6149987189541364
large,AdaBelief,AMZN,43,0.003162,,0.00034590104900339923,0.000829485272222868,False,,,10000,22.483756065368652,0.0022483756065368654,0.0005595925759174212,0.0,17.80859375,500,0.05,0.00019916761084459722,0.000146733438158802,0.0008618392342654554,0.0014496168138538761,-0.08473446865259018,0.008952875330187089,0.02099900282919406,0.9619405727274394,14232.49741144855,1708032.0,nan,nan,nan,nan,nan,nan,nan,nan,0,0.018598415228276825,0.4693333333333333,0.00034590104900339923,0.01368335693601578,-0.05235842118004497,-1.2042107154628319
large,AdaBelief,AMZN,44,0.003162,,0.0003407454049145734,0.0008280408477277275,False,,,10000,22.611083030700684,0.0022611083030700686,0.0005588967658928564,0.0001,17.80859375,1500,0.15,0.00017400231445208192,0.00016674309046249146,0.0008606668129702178,0.0014001661481840848,-0.046464663005814096,0.010391692741557927,0.02308428985998033,0.9759048245363308,14152.351727934178,1708032.0,nan,nan,nan,nan,nan,nan,nan,nan,0,0.01845929047700841,0.5306666666666666,0.0003407454049145734,0.0134824482852189,-0.03667305252009134,0.13629359636043606
large,AdaBelief,APH,42,0.003162,,0.0002297788818992635,0.00028247149063358255,False,,,10000,22.694623947143555,0.0022694623947143553,0.000560402211400851,0.0,17.80859375,1250,0.125,9.971702820621431e-05,0.0001300618536930492,0.0003106458852309431,0.0015365281106768122,-0.0011112181526673902,0.007163657890717877,0.016270521376281974,0.9577429001265495,14100.25567047462,1708032.0,nan,nan,nan,nan,nan,nan,nan,nan,0,0.015158459087231246,0.47074468085106386,0.0002297788818992635,0.010505382346097755,-0.011688376606549644,-1.1099518556221026
large,AdaBelief,APH,43,0.003162,,0.0003066062730140787,0.0002817481519056568,False,,,10000,22.151561498641968,0.002215156149864197,0.0005592760061634724,0.0001,17.80859375,1000,0.1,0.0001324145996477455,0.0001741916733663332,0.00035353613728399564,0.0014413412272801357,-0.13252300207346562,0.007827653119641764,0.017451146524399518,0.9654067247264438,14445.934207374863,1708032.0,nan,nan,nan,nan,nan,nan,nan,nan,0,0.017510176270217233,0.4601063829787234,0.0003066062730140787,0.01316125304610641,-0.34995000427840495,-1.4047444824252193
large,AdaBelief,APH,44,0.003162,,0.0003207725664925954,0.0002828633674576049,False,,,10000,22.46691083908081,0.002246691083908081,0.0005597247217196423,0.0,17.80859375,1750,0.175,0.00041638786206021905,-9.561529556762366e-05,0.0003581809332615938,0.0013941215478394948,-0.03630251324875802,0.008105320491029125,0.020814673602581022,0.9747224253640527,14243.168644412182,1708032.0,nan,nan,nan,nan,nan,nan,nan,nan,0,0.017910124692268208,0.5425531914893617,0.0003207725664925954,0.012353894571778636,-0.4123224657219926,1.3109031247571996
large,AdaBelief,AVGO,42,0.003162,,0.0010895032100576572,0.000499618622605301,False,,,10000,22.317272186279297,0.0022317272186279298,0.0005688555120937323,0.0,17.80859375,1000,0.1,0.00015350202738773078,0.0009360011826699264,0.0006029962107923285,0.0015737762928113048,-0.043288190405367334,0.00872689554841927,0.020603350549936294,0.9828456326068012,14338.669947160326,1708032.0,nan,nan,nan,nan,nan,nan,nan,nan,0,0.033007623514237694,0.5211640211640212,0.0010895032100576572,0.024153262849838014,-0.26640162780695764,1.321180394789682
large,AdaBelief,AVGO,43,0.003162,,0.0010484403403347763,0.0005014642322095067,False,,,10000,22.259095430374146,0.0022259095430374144,0.0005605101704973531,0.0007,17.80859375,500,0.05,0.0004971873131580651,0.0005512530271767112,0.0006536445011291862,0.0014713212618025651,-0.08686608287662714,0.013788760103953246,0.0251946123316884,0.9826148710385717,14376.145742352892,1708032.0,nan,nan,nan,nan,nan,nan,nan,nan,0,0.03237962847740499,0.5264550264550265,0.0010484403403347763,0.021649928320021855,-0.21867153891926217,0.8422487970530166
large,AdaBelief,AVGO,44,0.003162,,0.0017197157340074973,0.0005006910319037399,False,,,10000,22.189202308654785,0.0022189202308654783,0.0005613176412360532,0.0007,17.80859375,500,0.05,0.0003728959709405899,0.0013468197630669074,0.0006989070503742349,0.0014818985329713517,0.03027003087186297,0.013998468119186874,0.03010795982554555,1.022928371099098,14421.42874488037,1708032.0,nan,nan,nan,nan,nan,nan,nan,nan,0,0.04146945543418068,0.5238095238095238,0.0017197157340074973,0.03219980411428623,-0.9989393191389295,1.4391859399277436
large,AdaBelief,CDNS,42,0.003162,,0.00041773702417101177,0.0005624686375220828,False,,,10000,22.238847970962524,0.0022238847970962525,0.0005590867052599923,0.0004,17.80859375,1000,0.1,0.00021900160936638713,0.00019873541480462464,0.0006415520542650444,0.0014822343439038017,-0.11144046529946902,0.011084963585390505,0.023477284237742414,1.057232778061021,14389.234569067024,1708032.0,nan,nan,nan,nan,nan,nan,nan,nan,0,0.020438616004294707,0.48148148148148145,0.00041773702417101177,0.015280519212995256,-0.06854853916536463,-0.4431501523579383
large,AdaBelief,CDNS,43,0.003162,,0.0004686291807543033,0.000567325941763759,False,,,10000,22.62700653076172,0.002262700653076172,0.0005615410910891704,0.0003,17.80859375,750,0.075,0.00032944363192655146,0.00013918554882775186,0.0014111486931264884,0.001453897055151277,-0.0011603651152237078,0.01192050934361614,0.01941990572959184,0.981279083472713,14142.39217038965,1708032.0,nan,nan,nan,nan,nan,nan,nan,nan,0,0.021647844713834755,0.47883597883597884,0.0004686291807543033,0.016450001449181288,-0.19872790183968903,-0.5255742308309481
large,AdaBelief,CDNS,44,0.003162,,0.0004590148175204242,0.0005642294646574269,False,,,10000,22.394986152648926,0.0022394986152648928,0.0005795337946713345,0.0008,17.80859375,1750,0.175,0.0001681533904047683,0.0002908614271156559,0.0012170306607013673,0.0015985264917265942,0.13516822193031094,0.01643449530770886,0.03463368322700261,1.1436446929115618,14288.912608331742,1708032.0,nan,nan,nan,nan,nan,nan,nan,nan,0,0.02142463109415012,0.47883597883597884,0.0004590148175204242,0.016299545449554604,-0.17413488471616723,-0.5255742308309481
large,AdaBelief,CRM,42,0.003162,,0.00045575181800852377,0.000725545048397479,False,,,10000,22.216554880142212,0.0022216554880142214,0.0005604247385344972,0.0002,17.80859375,4500,0.45,0.00022386782802641392,0.00023188398998210985,0.0007453734964884309,0.0016345132708679693,-0.03374918245049221,0.011490342189413786,0.024897487368434654,0.9783575511807109,14403.673374489988,1708032.0,nan,nan,nan,nan,nan,nan,nan,nan,0,0.021348344619865116,0.5158730158730159,0.00045575181800852377,0.013395983075338697,-0.01917969483827786,0.4624319139710835
large,AdaBelief,CRM,43,0.003162,,0.00045872877829920047,0.000725291451977798,False,,,10000,22.347168445587158,0.002234716844558716,0.0005626481934721908,0.0001,17.80859375,500,0.05,0.00020171499636489898,0.0002570137819343015,0.000765432334388915,0.0015847022700259655,-0.16754352022023214,0.009358915959027945,0.02257596980780362,0.970721684641367,14319.487535038903,1708032.0,nan,nan,nan,nan,nan,nan,nan,nan,0,0.02141795457785828,0.48148148148148145,0.00045872877829920047,0.013527461460658483,-0.025836952935141433,-0.3056955492963281
large,AdaBelief,CRM,44,0.003162,,0.00047683069314906205,0.0007269351646817964,False,,,10000,22.083734273910522,0.0022083734273910523,0.0005604314225040862,0.0,17.80859375,2250,0.225,0.0004700917052105069,6.73898793855513e-06,0.0007575790079274178,0.001493720759867416,-0.07981817018199419,0.01017585379275406,0.028647091798484323,0.9728344525266133,14490.302954697496,1708032.0,nan,nan,nan,nan,nan,nan,nan,nan,0,0.0218364533097539,0.47354497354497355,0.00047683069314906205,0.013946094210185701,-0.06631754637146958,-0.1881052261403066
large,AdaBelief,CSCO,42,0.003162,,0.0001497880688735417,0.0002855156160476037,False,,,10000,22.457977294921875,0.0022457977294921875,0.0005572905951224388,0.0005,17.80859375,1250,0.125,0.00018271291628479958,-3.2924847411257876e-05,0.0003264997685789892,0.0014084078499151354,-0.06894660814491073,0.010932682629098417,0.022792095318436553,1.0094104435224445,14248.834425189189,1708032.0,nan,nan,nan,nan,nan,nan,nan,nan,0,0.012238793603682583,0.44148936170212766,0.0001497880688735417,0.008337723515021107,-0.029481280164686874,-0.6460887916033888
large,AdaBelief,CSCO,43,0.003162,,0.00014866843188881244,0.0002867126101207986,False,,,10000,22.676421642303467,0.0022676421642303466,0.0005569965766379734,0.0001,17.80859375,750,0.075,0.00023889912699814886,-9.023069510933642e-05,0.00031184231429037443,0.0013818732971906673,-0.049673715109052864,0.008741934132936148,0.019597312156110998,0.9693831015791129,14111.573909131743,1708032.0,nan,nan,nan,nan,nan,nan,nan,nan,0,0.012192966492564983,0.4308510638297872,0.00014866843188881244,0.00826847616326872,-0.021786105742404027,-1.2444865130853506
large,AdaBelief,CSCO,44,0.003162,,0.00017053996602063457,0.00028703687836067744,False,,,10000,22.32915163040161,0.002232915163040161,0.0006393766604124858,0.0008,17.80859375,750,0.075,0.00042217253940179944,-0.0002516325733811649,0.00033696065737602295,0.0018431000838130464,0.24725807259946622,0.013735536197232431,0.02645142320543527,1.0271455092779862,14331.041559335968,1708032.0,nan,nan,nan,nan,nan,nan,nan,nan,0,0.013059095145554096,0.4574468085106383,0.00017053996602063457,0.009354863848005022,-0.1721073905184516,-0.5659170954698616
large,AdaBelief,CTSH,42,0.003162,,0.00017401581955334497,0.00040625521927992924,False,,,10000,22.278674840927124,0.0022278674840927122,0.0005581246743092001,0.0005,17.80859375,6750,0.675,0.00013571245654020458,3.830336301314038e-05,0.00043229695194425745,0.001458096837116893,-0.19799237070256373,0.011140202300011878,0.020167067740112534,0.9848003985652986,14363.511397551472,1708032.0,nan,nan,nan,nan,nan,nan,nan,nan,0,0.013191505583266263,0.46825396825396826,0.00017401581955334497,0.009830951690673828,-0.028520252197172358,-0.674046093296443
large,AdaBelief,CTSH,43,0.003162,,0.00017171400407003977,0.00040696118649500434,False,,,10000,22.280421018600464,0.0022280421018600464,0.0005602652413333746,0.0001,17.80859375,1250,0.125,0.00023672892712056637,-6.50149230505266e-05,0.00042726864768057255,0.001430208565716921,-0.011198097918080258,0.009097324990702328,0.01963314013555645,0.9723829284276716,14362.385689788041,1708032.0,nan,nan,nan,nan,nan,nan,nan,nan,0,0.013103969019729853,0.47619047619047616,0.00017171400407003977,0.009712212930911433,-0.014915375080384319,-0.24313697025942263
large,AdaBelief,CTSH,44,0.003162,,0.0001755976881930437,0.0004059473146494251,False,,,10000,22.09205722808838,0.002209205722808838,0.0005595861064414937,0.0003,17.80859375,1000,0.1,0.0002921830164268613,-0.00011658532823381759,0.0004352685412460303,0.0014455313586794404,0.03219007744160099,0.01179741226027254,0.023517622426152227,0.9818882151291273,14484.843882856876,1708032.0,nan,nan,nan,nan,nan,nan,nan,nan,0,0.013251327789811997,0.4708994708994709,0.0001755976881930437,0.009875011191797005,-0.037869884526128494,-0.6068268288485892
large,AdaBelief,FICO,42,0.003162,,0.0006253903820401146,0.0006981803504478394,False,,,10000,22.18449854850769,0.002218449854850769,0.0005554882446160093,0.0005,17.80859375,500,0.05,0.00019816425628960133,0.00042722612575051325,0.0009704270809108461,0.0014107651119021705,0.04775258980760478,0.010108616304760653,0.021836791280657037,0.9806591328925816,14424.486508013759,1708032.0,nan,nan,nan,nan,nan,nan,nan,nan,0,0.025007806421997802,0.3968253968253968,0.0006253903820401146,0.020385955376599832,-0.8182509189321396,-2.0359688915627197
large,AdaBelief,FICO,43,0.003162,,0.0009822511168384048,0.000699830229149573,False,,,10000,22.18483877182007,0.002218483877182007,0.0005588341543300201,0.0,17.80859375,5250,0.525,0.00046428616042248905,0.0005179649564159157,0.0008102580504636979,0.0014664215734289535,-0.20293163176232482,0.009174312101629039,0.01964566288515925,0.9579298737639173,14424.2652962831,1708032.0,nan,nan,nan,nan,nan,nan,nan,nan,0,0.03134088570602951,0.3968253968253968,0.0009822511168384048,0.025663345579117064,-1.8557826392971153,-2.0359688915627197
large,AdaBelief,FICO,44,0.003162,,0.00039213060071228675,0.0007006952079600934,False,,,10000,22.060649394989014,0.002206064939498901,0.0005592808694504147,0.0001,17.80859375,500,0.05,0.00018073215323965997,0.00021139844747262678,0.000946002467298219,0.0013916082072271208,0.09910558875758414,0.010210875825703625,0.023236564081162214,0.9674199152453312,14505.466011924686,1708032.0,nan,nan,nan,nan,nan,nan,nan,nan,0,0.01980228776460656,0.4497354497354497,0.00039213060071228675,0.014995564859380167,-0.14007481656600462,-0.7921397923745681
large,AdaBelief,FTNT,42,0.003162,,0.0007794627121516637,0.000935704701775265,False,,,10000,22.16663122177124,0.002216663122177124,0.0005588097035955471,0.0005,17.80859375,3500,0.35,0.0005379628855735064,0.00024149982657815732,0.0010120213652017093,0.0015443205259131345,0.08863191735994233,0.013222412954333414,0.026957178208976945,0.9900762769290506,14436.113309166614,1708032.0,nan,nan,nan,nan,nan,nan,nan,nan,0,0.02791885943500672,0.4973544973544973,0.0007794627121516637,0.01650100410299957,-0.09099763467947897,0.27203346100640097
large,AdaBelief,FTNT,43,0.003162,,0.0007868741870557189,0.0009372208257568926,False,,,10000,22.297457456588745,0.0022297457456588745,0.0005595349420005774,0.0002,17.80859375,1750,0.175,0.0003493177646305412,0.0004375564224251777,0.001070997538326922,0.0014410505346330565,0.02467748655499066,0.011185531342947797,0.025151332933455704,0.9761926458003884,14351.412066735089,1708032.0,nan,nan,nan,nan,nan,nan,nan,nan,0,0.028051277815025092,0.5079365079365079,0.0007868741870557189,0.0168446939458292,-0.10137132089147216,1.2612932699710961
large,AdaBelief,FTNT,44,0.003162,,0.000726939114944014,0.0009432816853257643,False,,,10000,22.160160541534424,0.0022160160541534425,0.0005600405230720537,0.0005,17.80859375,1000,0.1,0.0003819574194494635,0.00034498169549455047,0.0010492507909776597,0.0014598393360242391,0.04685419998272184,0.014001339072673,0.03287521246820688,0.9697965443195224,14440.32859781089,1708032.0,nan,nan,nan,nan,nan,nan,nan,nan,0,0.026961808450918383,0.4947089947089947,0.000726939114944014,0.015352816808791388,-0.017481455617851527,0.8343914364516378
large,AdaBelief,GLW,42,0.003162,,0.00024905702266743576,0.0003475842883795579,False,,,10000,22.131216287612915,0.0022131216287612915,0.0005578145486813277,0.0,17.80859375,1500,0.15,0.00012488958600442857,0.0001241674366630072,0.00036794788963671627,0.0015468974088588623,-0.03361947073403861,0.0075000957330274105,0.016575909499078983,0.9437618102544514,14459.214344179878,1708032.0,nan,nan,nan,nan,nan,nan,nan,nan,0,0.015781540566986347,0.4734042553191489,0.00024905702266743576,0.010935629486406922,-0.0677396002415731,-0.6828364605638572
large,AdaBelief,GLW,43,0.003162,,0.0003507437292860929,0.0003446158743031145,False,,,10000,22.228044986724854,0.0022228044986724853,0.0005584609720494046,0.0001,17.80859375,nan,nan,0.0002959601697511971,5.478355953489583e-05,0.0003708076077335215,0.0014193610120068847,0.035045419621092075,0.008707583187836281,0.020368451625108676,0.987915755916047,14396.227837001052,1708032.0,nan,nan,nan,nan,nan,nan,nan,nan,0,0.018728153386975796,0.5026595744680851,0.0003507437292860929,0.012199644058469742,-0.5036836355152403,-0.13205052525596478
large,AdaBelief,GLW,44,0.003162,,0.00025767186489054764,0.0003438071009334898,False,,,10000,22.308811902999878,0.0022308811902999877,0.0005622787809833319,0.0,17.80859375,nan,nan,0.00015375023940578103,0.00010392162548476661,0.00037753793716203645,0.0015194946305181701,0.06028746434127574,0.009150497703831934,0.023278232291340822,0.9889205526957094,14344.107673298793,1708032.0,nan,nan,nan,nan,nan,nan,nan,nan,0,0.016052160754569698,0.47074468085106386,0.00025767186489054764,0.010982208151035207,-0.10467254071011922,-0.7911020018222598
large,AdaBelief,GOOGL,42,0.003162,,0.0004631422420658132,0.0005358554798348829,False,,,10000,22.326852083206177,0.0022326852083206176,0.0005574338215054381,0.0,17.80859375,500,0.05,0.0002386795822530985,0.0002244626598127147,0.0005736791531358423,0.001507695005357827,-0.1647318014646544,0.007434107534672512,0.015953137259930365,0.978055242242009,14332.517580510052,1708032.0,nan,nan,nan,nan,nan,nan,nan,nan,0,0.021520739812232598,0.4403183023872679,0.0004631422420658132,0.016742055378262958,-0.5129625484881835,-0.5120350257156818
large,AdaBelief,GOOGL,43,0.003162,,0.0005685783252514228,0.000535179117314063,False,,,10000,22.45795750617981,0.002245795750617981,0.0005600911600931727,0.0001,17.80859375,2500,0.25,0.00016898092871997505,0.0003995973965314478,0.0006032098321081837,0.0015019414470901367,-0.0011165349559920314,0.009389622802483791,0.02063903287053108,0.9771778260905533,14248.846980494323,1708032.0,nan,nan,nan,nan,nan,nan,nan,nan,0,0.02384488048306015,0.41909814323607425,0.0005685783252514228,0.018991788228352863,-0.8573941952487569,-1.1073815342933746
large,AdaBelief,GOOGL,44,0.003162,,0.0003105970247397347,0.0005387038150579923,False,,,10000,22.153125286102295,0.0022153125286102295,0.0005601623771322765,0.0001,17.80859375,500,0.05,8.964842709247023e-05,0.00022094859764726447,0.0005961007894094904,0.0014660098046966972,-0.0328378380496971,0.008427732353987813,0.018773293308913707,0.9685312382072632,14444.91446995748,1708032.0,nan,nan,nan,nan,nan,nan,nan,nan,0,0.01762376306977981,0.46419098143236076,0.0003105970247397347,0.012690682890553954,-0.014637887503035962,0.17813714226433794
large,AdaBelief,GPN,42,0.003162,,0.00032859193111853626,0.0005778011023523953,False,,,10000,22.211535930633545,0.0022211535930633545,0.0005668619705991036,0.0001,17.80859375,750,0.075,0.00016424301429651678,0.0001643489168220195,0.0005924331142992694,0.0014781429471077624,0.008906734308361962,0.00816609425633069,0.018175449687987563,0.9895968373113733,14406.928048531066,1708032.0,nan,nan,nan,nan,nan,nan,nan,nan,0,0.018127104874152856,0.4960212201591512,0.00032859193111853626,0.012735139755975632,-0.003664536345363789,-0.32842959592167353
large,AdaBelief,GPN,43,0.003162,,0.0003272745580900283,0.0005783707061560148,False,,,10000,22.30268359184265,0.0022302683591842653,0.0005694626401250844,0.0001,17.80859375,750,0.075,0.00027679273625835776,5.048182183167054e-05,0.0006112385053971281,0.0015191017619379187,-0.0017167581196119862,0.008704216685627762,0.017634987365454432,0.9755812890514035,14348.049134187691,1708032.0,nan,nan,nan,nan,nan,nan,nan,nan,0,0.018090731275712108,0.4907161803713528,0.0003272745580900283,0.012685367039271764,0.0003593013226840247,-0.07162706881023286
large,AdaBelief,GPN,44,0.003162,,0.0003352079678464819,0.0005766607089763611,False,,,10000,22.22816014289856,0.002222816014289856,0.0005597227526428534,0.0001,17.80859375,750,0.075,0.00016276634414680302,0.00017244162369967888,0.0006019520942413879,0.0014482511629966234,-0.2567522880083524,0.009441875028642244,0.020414166711270797,0.9971326695486105,14396.15325527666,1708032.0,nan,nan,nan,nan,nan,nan,nan,nan,0,0.01830868558489336,0.5039787798408488,0.0003352079678464819,0.012957686469668434,-0.023872827560530663,0.0971712049825789
large,AdaBelief,GRMN,42,0.003162,,0.0003572994517901587,0.0003169469080806095,False,,,10000,22.198221683502197,0.00221982216835022,0.0005607136183558728,0.0005,17.80859375,500,0.05,0.00010314121755072847,0.00025415823423943025,0.0003535935685260518,0.0015649956458225664,-0.22090688147854295,0.010388955342605186,0.019854238722473373,0.9707143547471304,14415.569164165308,1708032.0,nan,nan,nan,nan,nan,nan,nan,nan,0,0.018902366301343298,0.4450402144772118,0.0003572994517901587,0.010630142121087937,-0.09757599892418134,-1.654706844715586
large,AdaBelief,GRMN,43,0.003162,,0.0003630445984305528,0.00031783880384278235,False,,,10000,22.29213547706604,0.002229213547706604,0.0005584648823086791,0.0001,17.80859375,3250,0.325,0.00032332175760529935,3.9722840825253455e-05,0.00034527441025964013,0.0013655551536466397,0.08089537547724329,0.008633246865594992,0.018561132252216332,0.9739046097750044,14354.838293945113,1708032.0,nan,nan,nan,nan,nan,nan,nan,nan,0,0.01905372925257816,0.4477211796246649,0.0003630445984305528,0.010824566795712426,-0.11522431892916063,-1.5291051929542465
large,AdaBelief,GRMN,44,0.003162,,0.0005707721861581954,0.00031546272080520103,False,,,10000,22.239648580551147,0.002223964858055115,0.0006219349508787852,0.0002,17.80859375,750,0.075,0.0006922670872882009,-0.00012149490113000545,0.000345221053704286,0.0017305980132839554,-0.05190741281591371,0.010231441040943173,0.022117609437555058,1.0014863339007316,14388.716568113581,1708032.0,nan,nan,nan,nan,nan,nan,nan,nan,0,0.023890838958860263,0.4450402144772118,0.0005707721861581954,0.016113440195719402,-0.7533356103458066,-1.654706844715586
large,AdaBelief,HPE,42,0.003162,,0.0006031984912938085,0.00037782242545833836,False,,,10000,22.190204858779907,0.0022190204858779906,0.0005673246958275193,0.0,17.6630859375,2000,0.2,0.0007624048739671707,-0.00015920638267336224,0.00040983511735601954,0.001793924475378235,-0.16787717626800827,0.009741976562834315,0.022282213252037757,0.9643200781390261,14420.777186894105,1708032.0,nan,nan,nan,nan,nan,nan,nan,nan,0,0.024560099578255144,0.5,0.0006031984912938085,0.016867676685596335,-0.058453379304997055,-0.8518278010647765
large,AdaBelief,HPE,43,0.003162,,0.000630966291345399,0.0003762452891378692,False,,,10000,22.176080465316772,0.002217608046531677,0.0005611833160984503,0.0,17.6630859375,750,0.075,0.000536295585334301,9.467070601109804e-05,0.00041095442629135703,0.001574688961842502,-0.13589040710578465,0.008880809925694485,0.021872516721487035,0.9322402629329841,14429.962071091762,1708032.0,nan,nan,nan,nan,nan,nan,nan,nan,0,0.025119042405024102,0.47345132743362833,0.000630966291345399,0.017391416533239955,-0.10717850415972019,-1.1649124685521386
large,AdaBelief,HPE,44,0.003162,,0.0006025475289287238,0.0003764477449578124,False,,,10000,22.479461193084717,0.0022479461193084718,0.000559780091342063,0.0,17.6630859375,1250,0.125,0.00035110150929540396,0.0002514460196333198,0.00041561600952622676,0.0014583475086455415,-0.11995710302754066,0.009321246907335445,0.02112967707216736,0.9684507721800852,14235.216638486005,1708032.0,nan,nan,nan,nan,nan,nan,nan,nan,0,0.02454684356345483,0.5176991150442478,0.0006025475289287238,0.017302541897214693,-0.05731111299453873,0.7495864402835654
large,AdaBelief,HPQ,42,0.003162,,0.0003380523945288683,0.0005589795523676379,False,,,10000,22.32383632659912,0.002232383632659912,0.0005646878715308413,0.0002,17.80859375,1500,0.15,0.0008773058652877808,-0.0005392534707589125,0.0006212046534473666,0.0017491159709023963,-0.05568167881993268,0.010630814521765569,0.023104997351765633,0.9834221656834207,14334.453779286858,1708032.0,nan,nan,nan,nan,nan,nan,nan,nan,0,0.018386201198966258,0.5146666666666667,0.0003380523945288683,0.012516662557289083,0.005894088638542461,1.5704339727302865
large,AdaBelief,HPQ,43,0.003162,,0.00035471303595436946,0.0005605241743259784,False,,,10000,22.60761046409607,0.002260761046409607,0.0005595331143158781,0.0001,17.80859375,1000,0.1,0.001624970929697156,-0.0012702578937427865,0.0006229758509922812,0.0014970107238241894,-0.17209490597215296,0.009507460492367682,0.02166972691193221,0.9769187145436865,14154.525552720537,1708032.0,nan,nan,nan,nan,nan,nan,nan,nan,0,0.018833826906775198,0.472,0.00035471303595436946,0.01302733370866725,-0.04309962475090634,-0.33603163460639235
large,AdaBelief,HPQ,44,0.003162,,0.00033693327001793676,0.000558232122770355,False,,,10000,22.468900680541992,0.002246890068054199,0.0005612050644618066,0.0002,17.80859375,2000,0.2,0.00026307060034014285,7.386266967779391e-05,0.0006627216433486362,0.0015299057427316063,-0.13138695025124805,0.010220662643827382,0.02316991407424211,0.9758153600883032,14241.907272175498,1708032.0,nan,nan,nan,nan,nan,nan,nan,nan,0,0.01835574215383123,0.52,0.00033693327001793676,0.01243667753915938,0.009185082312517467,0.9923157630866872
large,AdaBelief,IBM,42,0.003162,,0.0003651128638358343,0.0001880140574920715,False,,,10000,22.44990372657776,0.002244990372657776,0.0005608701687796246,0.0,17.80859375,1000,0.1,0.0001718743151286617,0.00019323854870717262,0.00021347620359839272,0.0015420007951576073,-0.16062089394059326,0.006396995401564345,0.015695424657315004,0.9739613463972174,14253.95867605266,1708032.0,nan,nan,nan,nan,nan,nan,nan,nan,0,0.019107926727822522,0.41909814323607425,0.0003651128638358343,0.015224276396332594,-1.1315422640087767,-1.7774495433568487
large,AdaBelief,IBM,43,0.003162,,0.00026373064549511704,0.00019026857946532474,False,,,10000,22.005249977111816,0.0022005249977111816,0.0005619497651999784,0.0,17.80859375,1250,0.125,0.0003131705161649734,-4.9439870669856334e-05,0.00023515381809319718,0.0015626280965198448,-0.07722505764311642,0.00636662569843902,0.01629018457606434,0.9655943973664181,14541.98431432679,1708032.0,nan,nan,nan,nan,nan,nan,nan,nan,0,0.01623978588205882,0.4217506631299735,0.00026373064549511704,0.012069046181976479,-0.5396691622454548,-1.7373006981519143
large,AdaBelief,IBM,44,0.003162,,0.000377508698317109,0.00019043029856618583,False,,,10000,22.225999355316162,0.002222599935531616,0.0005611187877937988,0.0,17.80859375,3000,0.3,9.7242824267596e-05,0.00028026587404951297,0.00021760575085653382,0.0015561340989392529,0.0005743272762709427,0.006807181730757293,0.015722476132214065,0.9670132517442117,14397.552833702402,1708032.0,nan,nan,nan,nan,nan,nan,nan,nan,0,0.019429583071108578,0.41909814323607425,0.000377508698317109,0.015251410701287486,-1.2039095994592595,-1.7774495433568487
large,AdaBelief,INTC,42,0.003162,,0.0009518177421004684,0.0006095267812516392,False,,,10000,22.28748846054077,0.002228748846054077,0.0005625474785846245,0.0,17.80859375,3000,0.3,0.00035460153594613075,0.0005972162061543377,0.0006271491698413481,0.0017814371615308068,0.07677180567855589,0.0077045178607833805,0.020394728239625685,0.9744408116575008,14357.831326151843,1708032.0,nan,nan,nan,nan,nan,nan,nan,nan,0,0.03085154359348116,0.46684350132625996,0.0009518177421004684,0.020597932199952464,-0.014015603429246903,-0.3280869708911298
large,AdaBelief,INTC,43,0.003162,,0.0009423992621204841,0.0006099661481159119,False,,,10000,22.150265216827393,0.0022150265216827393,0.000561895036266088,0.0,17.80859375,1500,0.15,0.0004179983807262033,0.0005244008813942808,0.000628127137722632,0.0016470075505853332,-0.029904673664675474,0.0085975304579566,0.01925243269652128,0.9740966593330251,14446.77961494106,1708032.0,nan,nan,nan,nan,nan,nan,nan,nan,0,0.030698522148801952,0.4827586206896552,0.0009423992621204841,0.020474256031096927,-0.003981659704669793,0.10437468530604223
large,AdaBelief,INTC,44,0.003162,,0.0010067959311147216,0.0006118155917058889,False,,,10000,22.627849578857422,0.0022627849578857424,0.0005628802862114301,0.0,17.80859375,2500,0.25,0.00014009128790348768,0.0008667046432112339,0.0006338866336454479,0.0016483779843363949,-0.0021048210932463726,0.008874321155247162,0.020734263863414523,0.9716625557450281,14141.865265844594,1708032.0,nan,nan,nan,nan,nan,nan,nan,nan,0,0.031730047764141824,0.48010610079575594,0.0010067959311147216,0.02069681662100333,-0.07258641908320707,-0.5110315154738778
large,AdaBelief,INTU,42,0.003162,,0.0003068890994188016,0.0007577576434896859,False,,,10000,22.26458501815796,0.0022264585018157957,0.0005573578329319837,0.0,17.80859375,1000,0.1,0.00015374226495623589,0.00015314683446256572,0.0007865003507201999,0.0014731646367478865,0.0009777806933009435,0.008432627747520018,0.020152872428297997,0.9775772720031997,14372.601139388984,1708032.0,nan,nan,nan,nan,nan,nan,nan,nan,0,0.017518250466836055,0.4588859416445623,0.0003068890994188016,0.013183944439761853,-0.07598543054540641,-0.6000877931619237
large,AdaBelief,INTU,43,0.003162,,0.00029922816803846407,0.0007611629343159319,False,,,10000,22.38495182991028,0.0022384951829910278,0.0005598108140971603,0.0001,17.80859375,2500,0.25,0.00017412268789485097,0.0001251054801436131,0.0008414355028423981,0.001476643162581158,-0.04117180462472378,0.009652871166124533,0.02009077137336135,0.9732047481229864,14295.317784531619,1708032.0,nan,nan,nan,nan,nan,nan,nan,nan,0,0.01729821285677986,0.44297082228116713,0.00029922816803846407,0.012891192915578368,-0.049125400113363415,-1.043290374612858
large,AdaBelief,INTU,44,0.003162,,0.00029915389875886304,0.000763980637178497,False,,,10000,22.4801287651062,0.00224801287651062,0.0005613603433355376,0.0002,17.80859375,1750,0.175,0.00015520908345934004,0.000143944815299523,0.0008076169551947179,0.001538151459042811,-0.04613818118486927,0.008650913217321796,0.02140230061486361,0.9728087701294429,14234.79390815172,1708032.0,nan,nan,nan,nan,nan,nan,nan,nan,0,0.017296065990821816,0.4588859416445623,0.00029915389875886304,0.012873064273248904,-0.04886500421484752,-0.421039816110865
large,AdaBelief,KEYS,42,0.003162,,0.0003757486047670823,0.0003461269661784172,False,,,10000,22.40045738220215,0.002240045738220215,0.0005808729772694632,0.001,17.689453125,1250,0.125,0.0002962583675980568,7.949023716902551e-05,0.000389591238882321,0.0017527944786445992,-0.18467904668876645,0.012523291621866519,0.02113121543079614,1.071853701048073,14285.422593837295,1708032.0,nan,nan,nan,nan,nan,nan,nan,nan,0,0.019384235986158502,0.4785992217898833,0.0003757486047670823,0.013320625290390133,0.005143911152460601,0.5344639504712987
large,AdaBelief,KEYS,43,0.003162,,0.00037976108895715815,0.0003518572193570435,False,,,10000,22.75841236114502,0.002275841236114502,0.000556984511436166,0.0007,17.689453125,2500,0.25,0.0003511627728585154,2.859831609864277e-05,0.0003874759486046596,0.0013641494543484875,-0.07258133816657,0.013404279207083163,0.022192647494375703,0.9953396969179992,14060.7347701604,1708032.0,nan,nan,nan,nan,nan,nan,nan,nan,0,0.019487459787185146,0.5019455252918288,0.00037976108895715815,0.01327155542004016,-0.005479799161449916,0.9436838846883634
large,AdaBelief,KEYS,44,0.003162,,0.00038004192964051123,0.0003524382773321122,False,,,10000,22.138055324554443,0.0022138055324554444,0.0005593871419843762,0.001,17.689453125,1750,0.175,0.00028609897708520293,9.39429525553083e-05,0.0003774934105025843,0.0014165490331770596,-0.22792235569816596,0.014248697281023487,0.020985155552625645,0.9996272101705707,14454.74750643846,1708032.0,nan,nan,nan,nan,nan,nan,nan,nan,0,0.01949466413253922,0.4708171206225681,0.00038004192964051123,0.013327432233233785,-0.006223370954625329,0.16004517618056605
large,AdaBelief,KLAC,42,0.003162,,0.0006326688502831433,0.0008016887172779923,False,,,10000,22.667854070663452,0.0022667854070663454,0.0005687655529064841,0.0,17.80859375,1500,0.15,0.00019382877508178353,0.0004388400752013598,0.0008391902101029347,0.0016074082229228467,-0.18629535990929474,0.007896660911435902,0.018366426974534982,0.9715572155217785,14116.907537980904,1708032.0,nan,nan,nan,nan,nan,nan,nan,nan,0,0.025152909380092462,0.5291005291005291,0.0006326688502831433,0.017819870085943313,-0.0011880252741709452,0.912667196644076
large,AdaBelief,KLAC,43,0.003162,,0.0009404717299042555,0.0008011969394329688,False,,,10000,22.281654357910156,0.0022281654357910155,0.0005602314057596288,0.0001,17.80859375,1750,0.175,0.00042848638258874416,0.0005119853473155114,0.0008818544571573034,0.0015151742518159654,-0.02621588218619677,0.011256218164830353,0.02445345791056752,0.9758783598489064,14361.590699677898,1708032.0,nan,nan,nan,nan,nan,nan,nan,nan,0,0.03066711153506726,0.4497354497354497,0.0009404717299042555,0.02391552798962467,-0.48828100777781014,-0.46054431575672167
large,AdaBelief,KLAC,44,0.003162,,0.0007842328182603947,0.0008043336141014605,False,,,10000,22.15503716468811,0.002215503716468811,0.0005588730467725996,0.0003,17.80859375,4750,0.475,0.00024068087805062532,0.0005435519402097694,0.0008635776534110018,0.001396381019797891,-0.09197866641220227,0.012482567081894377,0.029023244790732816,0.9850659484973432,14443.667939769164,1708032.0,nan,nan,nan,nan,nan,nan,nan,nan,0,0.028004157160328797,0.4603174603174603,0.0007842328182603947,0.02130481175013951,-0.2410355058857907,-0.3562579452950898
large,AdaBelief,LRCX,42,0.003162,,0.0006979449243141861,0.0009595852947994,False,,,10000,22.475971460342407,0.0022475971460342407,0.0005614756020558423,0.0002,17.80859375,2250,0.225,0.00021795141219627112,0.000479993512117915,0.0009948730687661164,0.0017362467576574746,-0.04997723848379055,0.009310483874490455,0.022317747678607704,0.9766814201536356,14237.42687005196,1708032.0,nan,nan,nan,nan,nan,nan,nan,nan,0,0.02641864728395809,0.4880636604774536,0.0006979449243141861,0.019787430132507645,-0.07547710095233096,-0.2179367264438608
large,AdaBelief,LRCX,43,0.003162,,0.0007002244077662312,0.0009660249679727327,False,,,10000,22.548673391342163,0.002254867339134216,0.0005600602615833672,0.0002,17.80859375,750,0.075,0.00034112876164726913,0.0003590956461189621,0.0010562848636976418,0.00151038118615458,-0.13445908746402244,0.012594597772457928,0.02717394307255743,0.9766926352915241,14191.522243737314,1708032.0,nan,nan,nan,nan,nan,nan,nan,nan,0,0.026461753678965257,0.4880636604774536,0.0007002244077662312,0.019799739595443483,-0.0789896019667673,-0.2179367264438608
large,AdaBelief,LRCX,44,0.003162,,0.0006656575770605178,0.0009688681253387694,False,,,10000,22.468623638153076,0.002246862363815308,0.0005620674837637692,0.0003,17.80859375,2000,0.2,0.0002030064060818404,0.0004626511709786774,0.0010462748650052244,0.0015669347268546532,-0.08933851846986418,0.012460738534065603,0.0283940645866096,0.9822764797776571,14242.082877592055,1708032.0,nan,nan,nan,nan,nan,nan,nan,nan,0,0.025800340638458978,0.5172413793103449,0.0006656575770605178,0.019148826599121094,-0.025724890696003033,0.7884292754065773
large,AdaBelief,MCHP,42,0.003162,,0.00052201570499511,0.0007153994524826738,False,,,10000,22.403448820114136,0.0022403448820114136,0.00055789207490714,0.0001,17.80859375,1500,0.15,0.00014747082605026662,0.0003745448789448433,0.0007338086660643025,0.0015011157353991124,0.04548498048552459,0.008883647781953915,0.01924648582935333,0.9956619092461702,14283.515121685168,1708032.0,nan,nan,nan,nan,nan,nan,nan,nan,0,0.022847663009487644,0.4920212765957447,0.00052201570499511,0.017334155935459037,0.00248932267688895,0.7486626410829514
large,AdaBelief,MCHP,43,0.003162,,0.0005195408507629678,0.0007180478275612748,False,,,10000,22.360368967056274,0.0022360368967056276,0.0005598730772680459,0.0004,17.80859375,500,0.05,0.00032595795346423984,0.00019358289729872792,0.0007752179096144478,0.0014812975798212424,-0.12888675519675774,0.012062712980349898,0.024283785466104744,0.9808450549856842,14311.033975846229,1708032.0,nan,nan,nan,nan,nan,nan,nan,nan,0,0.022793438765639724,0.5345744680851063,0.0005195408507629678,0.01715301962756606,0.007218478328256284,1.0500032847130296
large,AdaBelief,MCHP,44,0.003162,,0.0005187113133687821,0.0007223950931184804,False,,,10000,22.04773211479187,0.002204773211479187,0.0005586495266245523,0.0001,17.80859375,4000,0.4,9.101166506297886e-05,0.0004276996483058033,0.0007540487705149116,0.0013926450652154863,-0.10300762739011099,0.010643225151200749,0.024067272525280712,0.9691732729389358,14513.964444683692,1708032.0,nan,nan,nan,nan,nan,nan,nan,nan,0,0.022775234650136585,0.5718085106382979,0.0005187113133687821,0.017106056213378906,0.00880362682095659,1.4136918028229954
large,AdaBelief,META,42,0.003162,,0.0005768038941629278,0.0010951535558850983,False,,,10000,22.412098169326782,0.0022412098169326783,0.0005652534891853232,0.0003,17.7490234375,500,0.05,0.0001934337487909943,0.0003833701453719335,0.001203020850036326,0.0015832697402217266,-0.17687733166495007,0.013732963837502757,0.03173357490450141,0.9992023596000555,14278.002781459894,1708032.0,nan,nan,nan,nan,nan,nan,nan,nan,0,0.02401674195562187,0.5078864353312302,0.0005768038941629278,0.017256450353178587,-0.2607421706964743,-0.5166855382025803
large,AdaBelief,META,43,0.003162,,0.000498417226023644,0.0010939372074716851,False,,,10000,22.08999490737915,0.002208999490737915,0.0005618685055737194,0.0,17.7490234375,500,0.05,0.00042922014836221933,6.919707766142472e-05,0.0011190994350614937,0.0015718582332611285,-0.11608166712643292,0.009307507813312986,0.022079702094197264,0.9699949713416538,14486.196187084868,1708032.0,nan,nan,nan,nan,nan,nan,nan,nan,0,0.02232525981984631,0.5110410094637224,0.000498417226023644,0.01537536675075315,-0.08940945407707179,-0.35995705515619797
large,AdaBelief,META,44,0.003162,,0.0004905570509298792,0.0010941938646960333,False,,,10000,22.313846588134766,0.0022313846588134767,0.0005600479738820294,0.0005,17.7490234375,500,0.05,0.0006897004786878824,-0.00019914342775800321,0.001118947370417014,0.0014815351907876482,-0.13789879322562976,0.012234005032823188,0.02666856618598101,0.9769081945878674,14340.871204615962,1708032.0,nan,nan,nan,nan,nan,nan,nan,nan,0,0.022148522545079145,0.501577287066246,0.0004905570509298792,0.015023403947458326,-0.072229170951299,-0.33755722391941106
large,AdaBelief,MRVL,42,0.003162,,0.0012130244541420508,0.0015767049093777684,False,,,10000,22.228766679763794,0.0022228766679763794,0.0005599190492606304,0.0,17.80859375,500,0.05,0.0007896465249359608,0.00042337792920609007,0.0016662450110126676,0.0016107342006511122,-0.061637120882489106,0.010273903553385753,0.023325904365628952,0.9774855644760839,14395.76044006596,1708032.0,nan,nan,nan,nan,nan,nan,nan,nan,0,0.034828500601404744,0.4827586206896552,0.0012130244541420508,0.025932460865646444,-0.1780962505947723,-0.7391835870989274
large,AdaBelief,MRVL,43,0.003162,,0.0010897279889495284,0.0015900448083245153,False,,,10000,22.48319387435913,0.002248319387435913,0.0005600465191035275,0.0001,17.80859375,750,0.075,0.0011958600953221321,-0.00010613210637260375,0.001727402704812666,0.0014889068247314857,0.01522036856373683,0.010975802427396411,0.02634414294734596,0.9682311905544476,14232.853294252945,1708032.0,nan,nan,nan,nan,nan,nan,nan,nan,0,0.033011028292822514,0.47745358090185674,0.0010897279889495284,0.02410578349279979,-0.058350022182884764,-0.6941142702501879
large,AdaBelief,MRVL,44,0.003162,,0.0011042073447868307,0.0015912207747644075,False,,,10000,23.129843711853027,0.0023129843711853027,0.0005615997384374777,0.0001,17.80859375,4000,0.4,0.00022287351021077484,0.0008813338345760558,0.0016918765751024595,0.001535909596760382,-0.1939573975043698,0.011350732171538402,0.028374894801527224,0.970431933387487,13834.940001605548,1708032.0,nan,nan,nan,nan,nan,nan,nan,nan,0,0.03322961547756505,0.46684350132625996,0.0011042073447868307,0.024395445667246662,-0.07241245494316906,-1.4112181728750641
large,AdaBelief,MSFT,42,0.003162,,0.0002260693008937533,0.0004308570364109717,False,,,10000,22.31097984313965,0.002231097984313965,0.0005577200587278078,0.0,17.80859375,750,0.075,0.00034111435525119305,-0.00011504505435743975,0.0004684920995030964,0.001494004157809243,-0.06706674067285737,0.007052987940477397,0.018609293084591617,0.9760418127192773,14342.713867781833,1708032.0,nan,nan,nan,nan,nan,nan,nan,nan,0,0.015035601115145123,0.4470899470899471,0.0002260693008937533,0.012331806162677745,-0.3676438261342385,-0.7335835718058848
large,AdaBelief,MSFT,43,0.003162,,0.0001729256892330432,0.00043217691565698274,False,,,10000,22.472270011901855,0.0022472270011901856,0.0005594636842011182,0.0002,17.80859375,1250,0.125,0.0006624977104365826,-0.0004895720212035393,0.0004864833062744089,0.0014701346351307359,-0.189433420703082,0.00942003318456118,0.020307467225939027,0.9752231015550432,14239.771942510493,1708032.0,nan,nan,nan,nan,nan,nan,nan,nan,0,0.013150121263054695,0.4603174603174603,0.0001729256892330432,0.010140046240791442,-0.04614271077313914,-0.5438894057413738
large,AdaBelief,MSFT,44,0.003162,,0.00016489609208687273,0.0004354394003946522,False,,,10000,22.763351440429688,0.002276335144042969,0.0005600852722263934,0.0001,17.80859375,2000,0.2,0.00010910038690781221,5.579570517906052e-05,0.0005065212979540812,0.0014844810006619555,0.0822686317654191,0.00869891655567626,0.020061290636658638,0.9669458531798388,14057.68394155055,1708032.0,nan,nan,nan,nan,nan,nan,nan,nan,0,0.012841187331663406,0.5026455026455027,0.00016489609208687273,0.009768298063328656,0.0024336723089062318,0.5287207394805445
large,AdaBelief,MSI,42,0.003162,,0.00012119002048931425,0.0002936796342030128,False,,,10000,22.453508377075195,0.0022453508377075194,0.0005568134780404786,0.0,17.80859375,500,0.05,0.00010166922584176064,1.9520794647553613e-05,0.0003267371658260365,0.0014686960191311214,-0.11153456055518308,0.006908680659547099,0.016751743759959935,0.9725969430845497,14251.67036821367,1708032.0,nan,nan,nan,nan,nan,nan,nan,nan,0,0.011008633906589602,0.5476190476190477,0.00012119002048931425,0.00766920286511618,-0.014727390533554097,0.6681074797383659
large,AdaBelief,MSI,43,0.003162,,0.00014594833923395347,0.0002933380537387231,False,,,10000,22.297438859939575,0.0022297438859939576,0.0005600754705965874,0.0001,17.80859375,750,0.075,0.00025384739274159074,-0.00010789905350763726,0.0004077867098623398,0.0015173541402776017,0.12431506366761844,0.008207662110643287,0.018558072391897436,0.9715394331333883,14351.424036189383,1708032.0,nan,nan,nan,nan,nan,nan,nan,nan,0,0.012080908046746879,0.42857142857142855,0.00014594833923395347,0.008723735809326172,-0.222029477556148,-1.8891906976034794
large,AdaBelief,MSI,44,0.003162,,0.0001209567266481894,0.0002940257601143511,False,,,10000,22.262293100357056,0.0022262293100357056,0.0005605562108474714,0.0001,17.80859375,4000,0.4,0.00014516279043164104,-2.4206063783451643e-05,0.00038327868602952526,0.00152588933231529,-0.05531766550235167,0.008234483811994141,0.018306612223386764,0.9733350935146934,14374.080808183577,1708032.0,nan,nan,nan,nan,nan,nan,nan,nan,0,0.010998032853569288,0.5661375661375662,0.0001209567266481894,0.007677357032816246,-0.012774014754951768,1.6707839770057398
large,AdaBelief,MU,42,0.003162,,0.0008469631589909709,0.0008026273718563252,False,,,10000,22.22751235961914,0.002222751235961914,0.0005614429944709587,0.0,17.80859375,1000,0.1,0.0006397594697773457,0.0002072036892136253,0.0008276558113707853,0.0016299321670535465,-0.08099196527928673,0.010639207039939357,0.025785147212445732,0.9682217654323355,14396.57280683132,1708032.0,nan,nan,nan,nan,nan,nan,nan,nan,0,0.029102631478802238,0.47619047619047616,0.0008469631589909709,0.02088023241234835,-0.018478583217288236,-0.43193267581776207
large,AdaBelief,MU,43,0.003162,,0.0010267612795350413,0.0008051259448104575,False,,,10000,22.41933298110962,0.002241933298110962,0.0005611499416356588,0.0,17.80859375,1500,0.15,0.0008064114954322577,0.00022034978410278368,0.0008559692885400096,0.0015613393882436394,-0.03792301192797856,0.012136045113936051,0.02831141930073499,0.9720328227532434,14273.395210715229,1708032.0,nan,nan,nan,nan,nan,nan,nan,nan,0,0.0320431159460974,0.47883597883597884,0.0010267612795350413,0.023601698496985058,-0.2346869662300941,-0.2724967981501968
large,AdaBelief,MU,44,0.003162,,0.0008852894974764062,0.0008018031834923621,False,,,10000,22.252988815307617,0.0022252988815307617,0.000561782164342156,0.0,17.80859375,2500,0.25,0.0005335219902917743,0.000351767507184632,0.0008361890140799514,0.0015180945036229426,-0.13974360590369275,0.011976202747457136,0.029278549551963795,0.9632071678604305,14380.090811885686,1708032.0,nan,nan,nan,nan,nan,nan,nan,nan,0,0.029753814839048896,0.49206349206349204,0.0008852894974764062,0.02154640924362909,-0.06456624890401774,-0.1532041399690186
large,AdaBelief,NOW,42,0.003162,,0.0006976121947878883,0.0006895493834641329,False,,,10000,22.36355710029602,0.002236355710029602,0.0005805808842439478,0.0005,17.74609375,1750,0.175,0.0004467446415219456,0.0002508675532659427,0.000709667943007958,0.0016680124203911721,-0.18382306933390297,0.014412554682552581,0.026859476324170826,1.0248944883747957,14308.9938047362,1708032.0,nan,nan,nan,nan,nan,nan,nan,nan,0,0.026412349285663484,0.4126984126984127,0.0006976121947878883,0.020564312405056424,-0.6567417758211427,-1.3520246751747738
large,AdaBelief,NOW,43,0.003162,,0.0006076188314528692,0.0006919063295528387,False,,,10000,22.65061044692993,0.0022650610446929933,0.0005693514000375877,0.0018,17.74609375,500,0.05,0.0008487147279083729,-0.00024109589645550367,0.0007891332541739806,0.0016148244987861118,-0.10152817394460023,0.02314361085417331,0.04205986727029082,1.072801014210217,14127.654561441317,1708032.0,nan,nan,nan,nan,nan,nan,nan,nan,0,0.024649925587166978,0.41904761904761906,0.0006076188314528692,0.019098902505541606,-0.4430187851714309,-1.1952337370578383
large,AdaBelief,NOW,44,0.003162,,0.000587536512859284,0.0006896269739053811,False,,,10000,22.47341012954712,0.002247341012954712,0.0005608165607694727,0.0007,17.74609375,1000,0.1,0.0004243399598635733,0.00016319655299571064,0.0007127023991194306,0.0014750281226696277,0.052325942662366294,0.015253251999962959,0.030227761063724753,1.0184068812679308,14239.04953255301,1708032.0,nan,nan,nan,nan,nan,nan,nan,nan,0,0.024239152478155748,0.4158730158730159,0.000587536512859284,0.018673150501553975,-0.39532578837761956,-1.2485947391176566
large,AdaBelief,NVDA,42,0.003162,,0.0009120922713052659,0.0014719626315392613,False,,,10000,22.614966869354248,0.0022614966869354248,0.0005636244512166269,0.0001,17.80859375,500,0.05,0.0018583025084808469,-0.000946210237175581,0.001635801049873779,0.001742249481289928,0.026340903716227253,0.010576751852896997,0.024950325489044183,0.9762060104438245,14149.921237940656,1708032.0,nan,nan,nan,nan,nan,nan,nan,nan,0,0.030200865406561878,0.5464190981432361,0.0009120922713052659,0.022495007388806217,-0.02910818294025419,1.6606895751123953
large,AdaBelief,NVDA,43,0.003162,,0.001965141800976304,0.0015124632762028621,False,,,10000,22.631489753723145,0.0022631489753723146,0.0005619076824871197,0.0005,17.80859375,2000,0.2,0.0005858869990333915,0.0013792548019429126,0.0016860267418400412,0.0016017858532750729,-0.059666542851705716,0.013063300083804642,0.028391683381050824,0.9779310477881732,14139.590609467336,1708032.0,nan,nan,nan,nan,nan,nan,nan,nan,0,0.04432991992973035,0.44297082228116713,0.001965141800976304,0.03658621147196129,-1.2172575863717738,-1.6280204639536195
large,AdaBelief,NVDA,44,0.003162,,0.0023660393303664273,0.001474436777656211,False,,,10000,22.401459217071533,0.002240145921707153,0.0005628290059640339,0.0001,17.80859375,1750,0.175,0.00031533982837572694,0.0020506995019907003,0.0015834376600042765,0.0016366288238821188,-0.037534047580906144,0.013457052874562215,0.031489788368344304,0.9672740749889345,14284.783723202141,1708032.0,nan,nan,nan,nan,nan,nan,nan,nan,0,0.04864195031417251,0.4482758620689655,0.0023660393303664273,0.03840381884701038,-1.6695878395658892,-1.533097293139784
large,AdaBelief,NXPI,42,0.003162,,0.00048752888503481864,0.0006630424801157324,False,,,10000,22.198210954666138,0.0022198210954666136,0.0005600119697569931,0.0002,17.7939453125,5000,0.5,0.000650790985673666,-0.00016326210063884736,0.0006834190681350858,0.0015627447413937945,0.000429527382644128,0.01189077974176471,0.02635570364072919,0.9924577615518428,14415.57613149608,1708032.0,nan,nan,nan,nan,nan,nan,nan,nan,0,0.022080056273361685,0.465564738292011,0.00048752888503481864,0.017590601582172488,-0.06364053625987443,-0.02440675184091521
large,AdaBelief,NXPI,43,0.003162,,0.0012798483378302623,0.0006616602121795738,False,,,10000,22.420607328414917,0.0022420607328414916,0.0005640252001243993,0.0,17.7939453125,750,0.075,0.0007153738406486809,0.0005644744971815814,0.0006819063094912279,0.0016853677805890414,-0.0575715384164858,0.010733865676326969,0.02708381526172161,0.9774594171139451,14272.583936405937,1708032.0,nan,nan,nan,nan,nan,nan,nan,nan,0,0.03577496803395165,0.47107438016528924,0.0012798483378302623,0.029096445761436274,-1.7922418838503633,0.11226823155846995
large,AdaBelief,NXPI,44,0.003162,,0.0004522509811338314,0.0006644502693776926,False,,,10000,22.488197803497314,0.0022488197803497314,0.0005602681015421257,0.0,17.7939453125,1250,0.125,0.00048694925499148667,-3.469827385765525e-05,0.0007013642210800969,0.0014955993621441218,-0.07908731033341955,0.011877026347993523,0.027953452151268713,0.9691768809532524,14229.686291279166,1708032.0,nan,nan,nan,nan,nan,nan,nan,nan,0,0.021266193386072444,0.5289256198347108,0.0004522509811338314,0.016738710324626323,0.013325177516634423,1.3254888498907778
large,AdaBelief,ORCL,42,0.003162,,0.0007247283029808569,0.00032819584209659686,False,,,10000,22.46799612045288,0.002246799612045288,0.0005802294715770431,0.0,17.80859375,3000,0.3,0.00010299543646397069,0.0006217328665168862,0.0003976863147952496,0.0017856512038025647,-0.07456093418895159,0.007274217231459624,0.020412840228527768,0.9676955787143341,14242.480650452857,1708032.0,nan,nan,nan,nan,nan,nan,nan,nan,0,0.026920778275912768,0.44680851063829785,0.0007247283029808569,0.01860181112138052,-0.6592226957554304,-0.7042264408840019
large,AdaBelief,ORCL,43,0.003162,,0.0010403765257073457,0.00034366050038476837,False,,,10000,22.215574264526367,0.0022215574264526365,0.0005595157295093956,0.0001,17.80859375,3500,0.35,0.00020925547869410366,0.000831121047013242,0.00046591568994885327,0.0014974714005771,0.13159346842855021,0.008811357311352913,0.018831734731793396,0.9759246693609045,14404.309165708724,1708032.0,nan,nan,nan,nan,nan,nan,nan,nan,0,0.03225486824817838,0.4441489361702128,0.0010403765257073457,0.024346730065724208,-1.3818806806423392,-0.7129394529647527
large,AdaBelief,ORCL,44,0.003162,,0.0005535549981884225,0.000327450665460025,False,,,10000,22.431416273117065,0.0022431416273117066,0.0005611561408995809,0.0001,17.80859375,3500,0.35,0.00012262594827916473,0.00043092904990925775,0.00043343492716273137,0.0015351476780161623,-0.004428415903457607,0.008438387513419729,0.019124939292669285,0.9739302610668656,14265.706458468432,1708032.0,nan,nan,nan,nan,nan,nan,nan,nan,0,0.023527749535143017,0.4946808510638298,0.0005535549981884225,0.015539426652211991,-0.2673315124652269,-0.11740641805471072
large,AdaBelief,PANW,42,0.003162,,0.0008444351375482644,0.0006432768445426282,False,,,10000,22.33293890953064,0.002233293890953064,0.0005579645360781552,0.0001,17.7451171875,3000,0.3,0.0003550348919816315,0.0004894002455666329,0.0007533751879178248,0.0014245601145519745,-0.18258835736102777,0.01030084966184295,0.022233655024319874,0.9709860022652087,14328.611263224258,1708032.0,nan,nan,nan,nan,nan,nan,nan,nan,0,0.029059166153698635,0.4554140127388535,0.0008444351375482644,0.01839876782362628,-0.06112587771723499,-1.2772223863938703
large,AdaBelief,PANW,43,0.003162,,0.0026148990461021472,0.0006487082939940138,False,,,10000,22.65878176689148,0.002265878176689148,0.0005594609745894955,0.0001,17.7451171875,1000,0.1,0.0005238858284428716,0.0020910132176592757,0.0008088162465949819,0.0014650771045814418,-0.04723820888408806,0.011698910668704775,0.02555257463827729,0.9711425393127749,14122.559778018474,1708032.0,nan,nan,nan,nan,nan,nan,nan,nan,0,0.05113608360152493,0.445859872611465,0.0026148990461021472,0.04248928568165773,-2.285909032034458,-0.07171077550637317
large,AdaBelief,PANW,44,0.003162,,0.0018103156879449346,0.0006417336936195057,False,,,10000,22.520596981048584,0.0022520596981048585,0.000561814688935857,0.0,17.7451171875,750,0.075,0.0014173814561218023,0.00039293423182313225,0.000770502516309684,0.0016043512430025497,-0.08528909718367181,0.011017429706206894,0.024257594812661404,0.9737417340534295,14209.214803199255,1708032.0,nan,nan,nan,nan,nan,nan,nan,nan,0,0.0425478047370829,0.445859872611465,0.0018103156879449346,0.03376107914432599,-1.2748613101217074,-0.059719905954414336
large,AdaBelief,PTC,42,0.003162,,0.00021997925938752592,0.00045847521220341285,False,,,10000,22.381467580795288,0.0022381467580795287,0.0005571311754178027,0.0003,17.80859375,3500,0.35,0.00026915897615253925,-4.9179716765013334e-05,0.0004826457936009898,0.0014157878111678546,0.005265133629516352,0.010857737039445783,0.02265665167942642,0.9835779009557749,14297.543217165088,1708032.0,nan,nan,nan,nan,nan,nan,nan,nan,0,0.014831697791808122,0.46419098143236076,0.00021997925938752592,0.011813017426344453,-0.256435173854336,-0.8123563159323363
large,AdaBelief,PTC,43,0.003162,,0.0002540849819385185,0.0004547456926629145,False,,,10000,22.192294120788574,0.0022192294120788572,0.0005596872628045364,0.0005,17.80859375,3500,0.35,0.00040616258047521114,-0.00015207759853669262,0.0005035876157550855,0.001431886300327995,-0.008901750318706162,0.010363308341849188,0.021123499609529965,0.9812681978682907,14419.419563308726,1708032.0,nan,nan,nan,nan,nan,nan,nan,nan,0,0.015940043348075264,0.46684350132625996,0.0002540849819385185,0.013043898123281973,-0.45123367241321466,-0.6869889600480078
large,AdaBelief,PTC,44,0.003162,,0.0001918125562566929,0.00045297269163460565,False,,,10000,22.529595375061035,0.0022529595375061036,0.0005590441538582542,0.0006,17.80859375,1000,0.1,0.00021950110385660082,-2.7688547599907933e-05,0.0005066467183411207,0.001356179753292106,0.11251737793476821,0.013737816090206616,0.0283499247394502,0.9902851829870427,14203.5395963756,1708032.0,nan,nan,nan,nan,nan,nan,nan,nan,0,0.013849641015444872,0.46419098143236076,0.0001918125562566929,0.010851053964524042,-0.09555802278279968,-0.744840090207473
large,AdaBelief,PYPL,42,0.003162,,0.0004664425738155842,0.0005445636871482144,False,,,10000,22.148918628692627,0.0022148918628692627,0.0005739113386158116,0.0003,17.6708984375,750,0.075,0.0003695098275784403,9.69327462371439e-05,0.0005947509160447136,0.0017463432970123874,-0.1982128492928377,0.010708657035886426,0.02158773858100174,0.9986315935121077,14447.657936015836,1708032.0,nan,nan,nan,nan,nan,nan,nan,nan,0,0.02159728163023264,0.4583333333333333,0.0004664425738155842,0.015933099389076232,-0.045297580216914435,-0.9941912295175683
large,AdaBelief,PYPL,43,0.003162,,0.0004518761299550533,0.0005363839514115278,False,,,10000,22.577502727508545,0.0022577502727508547,0.0005599158432884853,0.0003,17.6708984375,500,0.05,0.0030608391389250755,-0.0026089630089700224,0.0006238287228483291,0.0014524297426519797,-0.14588016090055322,0.010850458466476993,0.02373017305508255,0.9796753252081926,14173.401011711998,1708032.0,nan,nan,nan,nan,nan,nan,nan,nan,0,0.02125737824744748,0.5458333333333333,0.0004518761299550533,0.015391692519187927,-0.012654186636382514,1.478569572005508
large,AdaBelief,PYPL,44,0.003162,,0.0004497487097978592,0.0005457095113121161,False,,,10000,22.436086893081665,0.0022436086893081663,0.0005646740234750012,0.0001,17.6708984375,750,0.075,0.0003295011119917035,0.00012024759780615568,0.0006476200409065005,0.0015175097967741124,-0.03766098068012672,0.01322009013754723,0.03162937927991151,0.9881717829603114,14262.736702926319,1708032.0,nan,nan,nan,nan,nan,nan,nan,nan,0,0.021207279641619742,0.4625,0.0004497487097978592,0.015497742096583049,-0.007886639102655524,-0.9952706457155283
large,AdaBelief,QCOM,42,0.003162,,0.0004997272734288816,0.0007304155541984093,False,,,10000,22.472525119781494,0.0022472525119781495,0.0005607392283417572,0.0002,17.80859375,750,0.075,0.00016029663674999028,0.0003394306366788913,0.0007624094469047992,0.0014811207766267313,-0.06526636261300381,0.009393748998320371,0.019398953393101694,0.977037292238166,14239.610292762305,1708032.0,nan,nan,nan,nan,nan,nan,nan,nan,0,0.02235458059165686,0.5,0.0004997272734288816,0.016218970061609984,0.0032546656130459928,0.6129562218668884
large,AdaBelief,QCOM,43,0.003162,,0.0005313025186301539,0.0007254799101649924,False,,,10000,22.346234798431396,0.0022346234798431394,0.000559709948415067,0.0001,17.80859375,1500,0.15,0.00036241146153770387,0.00016889105709245002,0.0008121611516118771,0.0014905912194810962,-0.1276152540282955,0.010976713422128524,0.023748379759490474,0.9805924714215914,14320.085816983474,1708032.0,nan,nan,nan,nan,nan,nan,nan,nan,0,0.02305000040412481,0.4708994708994709,0.0005313025186301539,0.01693466479185397,-0.05972464332189298,-0.5353821505509936
large,AdaBelief,QCOM,44,0.003162,,0.0005071823086057391,0.0007306139728434838,False,,,10000,22.69231867790222,0.002269231867790222,0.00056194886877646,0.0001,17.80859375,5500,0.55,0.00015195232117548585,0.0003552299874302532,0.0008026849150876565,0.0016221393111555827,-0.09246784510337706,0.009986248982336838,0.023672177363187066,0.9750388240377539,14101.688088472685,1708032.0,nan,nan,nan,nan,nan,nan,nan,nan,0,0.02252070843925073,0.4576719576719577,0.0005071823086057391,0.0164612992099984,-0.011614988146767757,-0.28728545470506417
large,AdaBelief,ROP,42,0.003162,,0.00012472859293064743,0.00021776553016126314,False,,,10000,22.400104522705078,0.0022400104522705077,0.000557127310014094,0.0,17.80859375,1250,0.125,0.00015798144158907235,-3.325284865842492e-05,0.0002471175880133923,0.0014148754865178068,-0.16535717180980677,0.006524870169463248,0.014651009207591412,0.9650270057513303,14285.64762613689,1708032.0,nan,nan,nan,nan,nan,nan,nan,nan,0,0.011168195598692181,0.47745358090185674,0.00012472859293064743,0.007746343259458189,-0.12905521114235863,-0.3147077671282733
large,AdaBelief,ROP,43,0.003162,,0.000131252729309299,0.00021810438335732377,False,,,10000,22.29503631591797,0.002229503631591797,0.0005580816187277249,0.0,17.80859375,4250,0.425,0.0002402728277957067,-0.00010902009848640768,0.0002341912289744274,0.001351102771626546,0.01265065075349384,0.0068181756723766735,0.01526111103594302,0.9620254455833146,14352.970565539285,1708032.0,nan,nan,nan,nan,nan,nan,nan,nan,0,0.011456558353593762,0.47214854111405835,0.000131252729309299,0.007823942830322912,-0.18811232069073425,-0.27093819125190266
large,AdaBelief,ROP,44,0.003162,,0.000215523102611461,0.00021747687451086878,False,,,10000,22.290477991104126,0.0022290477991104124,0.0005585986947145981,0.0,17.80859375,4000,0.4,5.356702604331076e-05,0.00016195607656815025,0.00025878378241344155,0.0013736111847765784,-0.015203771849969407,0.007525033275298483,0.01735573941841721,0.9647669136920015,14355.905697836912,1708032.0,nan,nan,nan,nan,nan,nan,nan,nan,0,0.014680705112884088,0.4827586206896552,0.000215523102611461,0.008067991367723576,-0.9509358392292757,0.005856445564195052
large,AdaBelief,SNOW,42,0.003162,,0.0016740278913340437,0.0006558517011526589,False,,,10000,22.271491527557373,0.002227149152755737,0.0005623176692675793,0.0,17.59130859375,nan,nan,0.0018985888455063105,-0.00022456095417226676,0.0008086587866804396,0.001677940371008332,-0.3564229467859186,0.012872397600288969,0.032433595322072496,0.9868062858168032,14368.144118414866,1708032.0,nan,nan,nan,nan,nan,nan,nan,nan,0,0.04091488593817712,0.5871559633027523,0.0016740278913340437,0.02469139142867622,-0.132485975818182,1.0691214045412096
large,AdaBelief,SNOW,43,0.003162,,0.0015461168704776589,0.0007026588248315259,False,,,10000,22.31846809387207,0.002231846809387207,0.0005636903387324006,0.0,17.59130859375,1500,0.15,0.0012517094146460295,0.0002944074558316294,0.000810438997841784,0.001722434858765974,-0.343085036596655,0.014570433684822637,0.02854336593300103,0.9789354882361065,14337.901627211666,1708032.0,nan,nan,nan,nan,nan,nan,nan,nan,0,0.039320692650024094,0.6055045871559633,0.0015461168704776589,0.021894157479662415,-0.04595370355299,0.47994229832313967
large,AdaBelief,SNOW,44,0.003162,,0.0015768791557452002,0.0007039382357463659,False,,,10000,22.078279495239258,0.002207827949523926,0.0005625279080053002,0.0,17.59130859375,1000,0.1,0.0015475638210773468,2.9315334667853353e-05,0.0007910574559839172,0.0016518045126792114,-0.30203228001383575,0.015425333846802823,0.03396202269941568,0.9778418265318777,14493.883007007029,1708032.0,nan,nan,nan,nan,nan,nan,nan,nan,0,0.03970993774542086,0.5779816513761468,0.0015768791557452002,0.023286381992725057,-0.06676450176606297,1.0067919292481156
large,AdaBelief,TEL,42,0.003162,,0.00022307586259942837,0.0003579775123444413,False,,,10000,22.432910442352295,0.0022432910442352293,0.0005629226244671687,0.0018,17.80859375,1000,0.1,0.00013013130228500813,9.294456031442024e-05,0.0004566283661565318,0.001356680892425736,-0.06385718202507615,0.02482371568903909,0.032493617571890315,1.1379232854770098,14264.756275041995,1708032.0,nan,nan,nan,nan,nan,nan,nan,nan,0,0.014935724374781035,0.4973404255319149,0.00022307586259942837,0.01167613740951296,-0.35547051725947854,0.3351153129520217
large,AdaBelief,TEL,43,0.003162,,0.00016929703966650383,0.00035799336212067137,False,,,10000,22.554015398025513,0.0022554015398025514,0.0005979807606594245,0.0012,17.80859375,1250,0.125,0.00019528587290551513,-2.59888332390113e-05,0.0004363419827714077,0.0014940760671076614,-0.18433116357973195,0.043464109196455686,0.03295498341321939,1.1611992465642111,14188.160926236415,1708032.0,nan,nan,nan,nan,nan,nan,nan,nan,0,0.013011419586905337,0.4973404255319149,0.00016929703966650383,0.00987671796606962,-0.028695544436022846,0.2339011947564692
large,AdaBelief,TEL,44,0.003162,,0.00018009965224240822,0.00035826431029038975,False,,,10000,22.44159770011902,0.002244159770011902,0.000574100667010802,0.0014,17.80859375,500,0.05,0.0001373447448713705,4.2754907371037726e-05,0.0005258339599290771,0.0015943271556359464,0.08820550381439589,0.02996834129619092,0.0302763738669455,1.0705564091510145,14259.234314600644,1708032.0,nan,nan,nan,nan,nan,nan,nan,nan,0,0.013420121170928683,0.5,0.00018009965224240822,0.010213887249981915,-0.09433520031536946,-0.15036013081822847
large,AdaBelief,TSLA,42,0.003162,,0.0013741687998745612,0.001556454456015809,False,,,10000,22.30707859992981,0.002230707859992981,0.000566795849220299,0.0001,17.796875,500,0.05,0.0013076488394290209,6.651996044554028e-05,0.001695743700391919,0.0018890405381319995,-0.04129960288017816,0.015076969057467068,0.03503822162747382,0.9944324547582505,14345.22223815569,1708032.0,nan,nan,nan,nan,nan,nan,nan,nan,0,0.037069782840941506,0.5136612021857924,0.0013741687998745612,0.026561169025025082,-0.014348447528270691,0.15959480911422466
large,AdaBelief,TSLA,43,0.003162,,0.0013687096006883299,0.0015605681563076908,False,,,10000,22.329303979873657,0.002232930397987366,0.0005676475103139908,0.0002,17.796875,1250,0.125,0.0011994870146736503,0.0001692225860146796,0.0017283356059924902,0.0018743959441063559,-0.06829346448686259,0.015487674057201367,0.034470285661518565,0.9920899343511895,14330.943780801654,1708032.0,nan,nan,nan,nan,nan,nan,nan,nan,0,0.03699607547684389,0.5300546448087432,0.0013687096006883299,0.026634581102048114,-0.010318716814106121,1.0594100405740177
large,AdaBelief,TSLA,44,0.003162,,0.001374979813893636,0.001558165680872251,False,,,10000,22.51594567298889,0.0022515945672988893,0.0005643051127071624,0.0002,17.796875,1250,0.125,0.001835803734138608,-0.000460823920244972,0.0017317282889740989,0.0016756774644361722,-0.1637709596556183,0.014489853467978537,0.03470960855484008,0.967766714802877,14212.150120076276,1708032.0,nan,nan,nan,nan,nan,nan,nan,nan,0,0.03708072024507663,0.5327868852459017,0.001374979813893636,0.026624947949185396,-0.014947100918776712,1.01793331936802
large,AdaBelief,TXN,42,0.003162,,0.00026230762402216595,0.00034997460064268237,False,,,10000,22.329384565353394,0.0022329384565353393,0.0005582293063807211,0.0,17.80859375,1000,0.1,0.0001256656541954726,0.00013664196982669335,0.0003855262188078603,0.001553613005715901,0.06582428062087076,0.0069133947121033995,0.017595688719302414,0.9713744422923123,14330.892061240093,1708032.0,nan,nan,nan,nan,nan,nan,nan,nan,0,0.01619591380633294,0.5396825396825397,0.00026230762402216595,0.012404139079744853,0.01017280703679091,0.8959744944733062
large,AdaBelief,TXN,43,0.003162,,0.00026187560861072845,0.00035028570684893375,False,,,10000,22.30861735343933,0.002230861735343933,0.0005597183156849185,0.0001,17.80859375,1250,0.125,0.0003033917164430022,-4.151610783227378e-05,0.00041389459859252195,0.0014786160927091397,-0.05179509109832061,0.008958377601396932,0.019703927915543318,0.9759953992382708,14344.232765759705,1708032.0,nan,nan,nan,nan,nan,nan,nan,nan,0,0.016182571137205868,0.544973544973545,0.00026187560861072845,0.012418656122116815,0.01180303263017246,1.2474242907042443
large,AdaBelief,TXN,44,0.003162,,0.00026387360597413684,0.0003513244007879606,False,,,10000,22.480775117874146,0.0022480775117874148,0.000560244473168561,0.0,17.80859375,1500,0.15,7.043435471132398e-05,0.00019343925126281286,0.00040971245235353474,0.0014737850528531427,-0.07767140642935273,0.008171272792657691,0.020401235017925495,0.9668962108006328,14234.384638524876,1708032.0,nan,nan,nan,nan,nan,nan,nan,nan,0,0.01624418683634662,0.5264550264550265,0.00026387360597413684,0.012466907501220703,0.004263518179752457,0.479682107683295
large,AdaBelief,TYL,42,0.003162,,0.0002501332964846697,0.0005582278144770656,False,,,10000,22.22535991668701,0.002222535991668701,0.000560909020351246,0.0009,17.80859375,500,0.05,0.00015483009337913245,9.530320310553725e-05,0.0006389162458019793,0.0014974014049361243,-0.1011581816483413,0.012559538843586779,0.02215013932436701,0.9920599604800284,14397.967061030176,1708032.0,nan,nan,nan,nan,nan,nan,nan,nan,0,0.015815602944076135,0.4894179894179894,0.0002501332964846697,0.01085101359735721,-0.11484004975093787,-0.9111216109985153
large,AdaBelief,TYL,43,0.003162,,0.000249587511890149,0.0005599112504357052,False,,,10000,22.419456243515015,0.0022419456243515015,0.0005645807546095905,0.0008,17.80859375,500,0.05,0.0002042781561613083,4.5309355728840694e-05,0.0005918141445083569,0.0014497318433088103,-0.08831117937650153,0.011530842308282444,0.018144931644201275,1.0083087810286853,14273.316735438766,1708032.0,nan,nan,nan,nan,nan,nan,nan,nan,0,0.01579833889654697,0.49206349206349204,0.000249587511890149,0.010877615560299505,-0.11240749665600824,-0.8536742775279099
large,AdaBelief,TYL,44,0.003162,,0.0002550257655678603,0.0005597038199477866,False,,,10000,22.607973337173462,0.002260797333717346,0.0005704116870567862,0.0007,17.80859375,500,0.05,0.0003912507672794163,-0.00013622500171155605,0.0006075060437311488,0.0016616714457957638,0.04083859830240629,0.014031705399681233,0.025490231998264775,0.9840685531243598,14154.298363128186,1708032.0,nan,nan,nan,nan,nan,nan,nan,nan,0,0.0159695261535169,0.5132275132275133,0.0002550257655678603,0.010878292971817905,-0.13664570518651242,-0.5497534603493711
large,AdaBelief,UBER,42,0.003162,,0.0007475825997305588,0.0006863303797345765,False,,,10000,22.29920268058777,0.002229920268058777,0.0005635103211475584,0.0,17.59130859375,4000,0.4,0.0006223078235052526,0.00012527477622530623,0.001304505424524912,0.0017367118688286678,0.006920104942951856,0.013124709294585046,0.03212845139205453,0.9924423353061511,14350.288868335689,1708032.0,nan,nan,nan,nan,nan,nan,nan,nan,0,0.027341956764843273,0.5319148936170213,0.0007475825997305588,0.018919870887004153,-0.07310296802310012,1.970337944396198
large,AdaBelief,UBER,43,0.003162,,0.0006924292046419332,0.0010394358509023425,False,,,10000,22.370275735855103,0.00223702757358551,0.0005685699437347114,0.0,17.59130859375,2500,0.25,0.0009561596671119332,-0.00026373046247,0.002368577911712582,0.0019378418959983493,0.264267646419321,0.01316408479755046,0.025252803787589054,0.9799265392305381,14304.696275473425,1708032.0,nan,nan,nan,nan,nan,nan,nan,nan,0,0.02631404956752064,0.5602836879432624,0.0006924292046419332,0.01764511054670307,0.0060659050719747976,2.8911873384790816
large,AdaBelief,UBER,44,0.003162,,0.0006993737753847955,0.0006869614753924625,False,,,10000,22.175140142440796,0.0022175140142440797,0.0005634280984347185,0.0,17.59130859375,4500,0.45,0.0012652004370465875,-0.0005658266616617919,0.0011195144759011467,0.0016818316734831813,0.12392065583267235,0.013429099827969913,0.02900689970701932,1.01862636243095,14430.573964561107,1708032.0,nan,nan,nan,nan,nan,nan,nan,nan,0,0.026445675929814984,0.5177304964539007,0.0006993737753847955,0.017333168379018004,-0.0039025445394766933,0.3784173710995373
large,AdaBelief,WDAY,42,0.003162,,0.002286087189401899,0.0006354444384186587,False,,,10000,22.449532747268677,0.0022449532747268676,0.0005586693797703927,0.0001,17.7392578125,1500,0.15,0.0012497040443122387,0.0010363831450896604,0.0006593889971031518,0.0014476254754400056,-0.07966010599587534,0.009963043656005175,0.026279302686452854,0.9777653213501586,14254.194223215305,1708032.0,nan,nan,nan,nan,nan,nan,nan,nan,0,0.047813044134439917,0.4902597402597403,0.002286087189401899,0.015699858789320117,-4.519434510929397,0.04938902122503943
large,AdaBelief,WDAY,43,0.003162,,0.00041440143794208375,0.000630683056306373,False,,,10000,22.385995864868164,0.0022385995864868165,0.0005621190920976141,0.0001,17.7392578125,1250,0.125,0.00037949654506519437,3.4904892876889385e-05,0.0006618123493138425,0.001565661508119587,-0.05259539465175148,0.009937452771513198,0.02411051765084266,0.973345112093315,14294.651081491413,1708032.0,nan,nan,nan,nan,nan,nan,nan,nan,0,0.020356852358409533,0.5292207792207793,0.00041440143794208375,0.012997648932717064,-0.0005137199315272678,1.045956473840854
large,AdaBelief,WDAY,44,0.003162,,0.00042907603375323406,0.0006292184711667536,False,,,10000,22.399553537368774,0.0022399553537368775,0.0005602592601681914,0.0001,17.7392578125,6250,0.625,0.00046964921057224274,-4.057317681900867e-05,0.0006607241102809407,0.001516801055452816,-0.23086862705537578,0.011104840646842785,0.023289411794394244,0.9765426315853456,14285.999025210467,1708032.0,nan,nan,nan,nan,nan,nan,nan,nan,0,0.02071415056798695,0.5064935064935064,0.00042907603375323406,0.013203577561811968,-0.0359434581013971,-0.622983152539643
large,EvieKF,AAPL,42,0.01,3000.0,0.00030093736670635363,0.0003956231419540527,False,,,10000,89.86496996879578,0.008986496996879577,0.001589941574596077,0.0002,20.00634765625,750,0.075,0.0001981768582481891,0.00010276050845816454,0.00041090686560601417,0.004010372319847481,-0.006749745640119753,0.007042111916495924,0.013676713593304156,1.0292040250761654,3560.8980908925364,1708032.0,nan,nan,0.6988571818094054,0.40422876266346053,69.07804133382233,2.397815728187561,0.29686760902404785,1.0,9980,0.017347546417472232,0.4588859416445623,0.00030093736670635363,0.013646660658417555,-0.6568168201798579,-0.020144234413915652
large,EvieKF,AAPL,43,0.01,3000.0,0.00018778098402199921,0.0003953712846619381,False,,,10000,89.80344367027283,0.008980344367027283,0.0015994173284307619,0.0001,20.00634765625,500,0.05,0.00014767614993616007,4.010483408583914e-05,0.00043782161091781993,0.004209056552426601,-0.052312543851491235,0.008126205257220135,0.01566931344568729,1.0202389693824558,3563.337739863621,1708032.0,nan,nan,0.6741690940392024,0.31738559773518454,60.265168573153495,2.6493528207143147,0.2788246273994446,1.0,9980,0.013703320182422915,0.46419098143236076,0.00018778098402199921,0.010318526515254268,-0.0338320436662638,0.18257901700958515
large,EvieKF,AAPL,44,0.01,3000.0,0.00018714135759091252,0.000396490294674031,False,,,10000,89.64189147949219,0.008964189147949218,0.0015946570821551587,0.0002,20.00634765625,6750,0.675,0.00016831259563332424,1.8828761957588282e-05,0.0004338056978089367,0.004103315376706498,0.05764595675520255,0.008097085829626304,0.01637745443731546,0.973045175985361,3569.7595702028216,1708032.0,nan,nan,0.6844249255255581,0.4088792085472759,23.35264370531286,3.0601639608542124,0.29716867208480835,1.0,9980,0.013679961900199595,0.44562334217506633,0.00018714135759091252,0.01027430049956791,-0.03031056728313941,-0.36601689176165014
large,EvieKF,ACN,42,0.01,3000.0,0.0002278771704782254,0.000368521210369444,False,,,10000,90.23713159561157,0.009023713159561157,0.001658352746086386,0.0028,20.00634765625,1000,0.1,0.0001350193597318139,9.28578107464115e-05,0.00040547369730956604,0.003416388515296076,-0.09654415972259008,0.0252764810825116,0.024781493283808225,2.0269527728662795,3546.212012079984,1708032.0,nan,nan,0.739676521349399,0.251358666741895,16.39946303468256,3.779376855492592,0.006229585036635399,1.0,9980,0.015095601030705117,0.47619047619047616,0.0002278771704782254,0.010969595934348132,-0.11561160058843423,-0.454156146275745
large,EvieKF,ACN,43,0.01,3000.0,0.00020660274716281386,0.0003755759813425079,False,,,10000,89.24590182304382,0.008924590182304383,0.0016015469684470284,0.0004,20.00634765625,750,0.075,0.00014475614443654194,6.184660272627192e-05,0.0003966701930293922,0.003992145728276939,0.06238887077873502,0.007299789595139737,0.014142195461317895,1.0237275254923488,3585.5988170134005,1708032.0,nan,nan,0.6902565637714669,0.38923590173016165,48.844146152056915,2.5988785018523535,0.07954118400812149,1.0,9980,0.01437368244963043,0.46296296296296297,0.00020660274716281386,0.010061285483143317,-0.011459028408018934,-0.6245142625969817
large,EvieKF,ACN,44,0.01,3000.0,0.0002056152101546999,0.0003761566918471764,False,,,10000,89.74247145652771,0.00897424714565277,0.001757842564128215,0.0033,20.00634765625,1000,0.1,0.00014035966887604445,6.525554127865545e-05,0.0007009597560187501,0.0036383967133998725,-0.08647720516224074,0.052509550496621524,0.036959940195083564,2.1848932789784863,3565.7587183233713,1708032.0,nan,nan,0.7214374032268034,0.3274111965929785,22.245353906949056,5.109621344010035,0.008317414671182632,1.0,9980,0.014339289039373601,0.5105820105820106,0.0002056152101546999,0.009981993014219577,-0.00662437235208202,-0.5782077721535854
large,EvieKF,ADBE,42,0.01,3000.0,0.00046701201055415726,0.0007144174778176872,False,,,10000,90.21796536445618,0.009021796536445617,0.0015937440736972983,0.0001,20.00634765625,4000,0.4,0.0008211915119318292,-0.0003541795013776719,0.0007259682847522258,0.0042260733029462995,-0.02184168762346428,0.007332301763162832,0.016168913803994656,0.9879633829087231,3546.965382197288,1708032.0,nan,nan,0.689177929903076,0.3444296815223934,42.34881696095215,3.4954351484775543,0.0582316555082798,1.0,9980,0.0216104606742697,0.5052910052910053,0.00046701201055415726,0.013953549521309989,0.004832709944831648,0.18390016530866893
large,EvieKF,ADBE,43,0.01,3000.0,0.0004709910936456509,0.0007156280687064012,False,,,10000,89.47659254074097,0.008947659254074097,0.0015973199395170079,0.0012,20.00634765625,1500,0.15,0.0002978298725793138,0.00017316122106633707,0.0007500765838972008,0.003700388782158905,-0.050483221576430135,0.012243081359296047,0.01979312803596258,1.334369775590978,3576.3543393127748,1708032.0,nan,nan,0.6905892200417825,0.4199993765093404,32.68291852586181,2.70968868235747,0.012199974618852139,1.0,9980,0.02170232922166768,0.5185185185185185,0.0004709910936456509,0.014014270570543077,-0.0036464153187076853,0.7213089751691899
large,EvieKF,ADBE,44,0.01,3000.0,0.0004857294064350229,0.0007154813495808002,False,,,10000,89.26123380661011,0.00892612338066101,0.0016708055253914639,0.0003,20.00634765625,1750,0.175,0.00018657278269529343,0.0002991566237397295,0.0008324000713071685,0.004573977995765576,-0.09236436235178996,0.01026122226010484,0.019345768447965348,1.1278837730714315,3584.9829355182283,1708032.0,nan,nan,0.6145467004458045,0.34107721789678747,33.95178307124976,3.266998663544655,0.00858334545046091,1.0,9980,0.022039269643865763,0.5052910052910053,0.0004857294064350229,0.014574989439949157,-0.03505264570918687,0.18390016530866893
large,EvieKF,ADI,42,0.01,3000.0,0.00036385978655840355,0.0004543086578106058,False,,,10000,89.85897445678711,0.00898589744567871,0.0016253650932037025,0.0001,20.00634765625,1500,0.15,0.0001135528800659813,0.00025030690649242225,0.0004827877554627233,0.0058367798865101685,-0.03937454707937118,0.006799195813700135,0.014965403079986568,0.9973522832612773,3561.1356788173334,1708032.0,nan,nan,0.6818961144061555,0.4324585696920536,28.595124833591274,3.4050741126139963,0.25390008091926575,1.0,9980,0.019075109083787792,0.48677248677248675,0.00036385978655840355,0.014658155895414807,-0.07251953989224247,-0.49482336220085443
large,EvieKF,ADI,43,0.01,3000.0,0.00033330873995230943,0.00045506557355825086,False,,,10000,88.99937009811401,0.008899937009811402,0.0016067764026224769,0.0001,20.00634765625,3500,0.35,0.00029099706443957984,4.2311675512729584e-05,0.0004736903791629335,0.004503580842370498,-0.06402054418648653,0.007392658906787983,0.016862886492162936,0.957857296968198,3595.531065525835,1708032.0,nan,nan,0.6908630493758563,0.33330237965180165,57.61918439902238,2.5204788029193876,0.16897904872894287,1.0,9980,0.01825674505360442,0.5423280423280423,0.00033330873995230943,0.0138898009345645,0.01753326522568488,1.6170082784942907
large,EvieKF,ADI,44,0.01,3000.0,0.00033408316670271456,0.00045480913129346127,False,,,10000,89.1073625087738,0.00891073625087738,0.001594106643440644,0.0002,20.00634765625,5250,0.525,9.287021748605184e-05,0.00024121294921666272,0.00047980736208101487,0.004038618580021258,-0.028013553199182965,0.007265568905422697,0.01783102303743362,0.9815420352599066,3591.173512385037,1708032.0,nan,nan,0.5832358034330807,0.31254563826957515,66.94936337965862,2.5422282646099723,0.19885008037090302,1.0,9980,0.018277942080625886,0.5343915343915344,0.00033408316670271456,0.013914334080206654,0.015250551244343491,1.2686800392291293
large,EvieKF,ADSK,42,0.01,3000.0,0.00029999305489202026,0.0007563013613065927,False,,,10000,89.188152551651,0.008918815255165101,0.0016111461126287543,0.0001,20.00634765625,1250,0.125,0.00016163858526851982,0.00013835446962350044,0.0007658058738559311,0.005432479605249462,-0.05358751210480706,0.0075914795055003195,0.01675186427310109,0.9812587885699882,3587.9204899404135,1708032.0,nan,nan,0.6797966762463121,0.3142161034558971,29.009834997085097,4.205489576856296,0.2898853123188019,1.0,9980,0.017320307586530335,0.4470899470899471,0.00029999305489202026,0.012951611211060216,-0.04586522508011526,-0.773326674785309
large,EvieKF,ADSK,43,0.01,3000.0,0.00030210464404373575,0.0007580784334744319,False,,,10000,89.2596595287323,0.00892596595287323,0.001617426125407921,0.0002,20.00634765625,750,0.075,0.00034709819010458887,-4.499354606085312e-05,0.0007716305647659795,0.005064522660200667,-0.03417062218423859,0.009305282158772752,0.018541244510561227,1.028624375364284,3585.0461640736303,1708032.0,nan,nan,0.6428299830333717,0.39140973451196714,14.948683920491879,3.9689122895399733,0.33885088562965393,1.0,9980,0.01738115773024731,0.4470899470899471,0.00030210464404373575,0.013004477061922587,-0.053226854382601996,-0.4614296481176361
large,EvieKF,ADSK,44,0.01,3000.0,0.00030573887169045745,0.0007552236555742015,False,,,10000,89.1277322769165,0.00891277322769165,0.001590980184736492,0.0001,20.00634765625,3500,0.35,0.00021606669179163873,8.967217989881872e-05,0.0007755821524514135,0.003898697373166066,0.05372435884513544,0.00786239519525625,0.01770858122035861,0.9591277360051601,3590.3527647912333,1708032.0,nan,nan,0.631813368373688,0.3286490130609483,61.93761317006697,3.3425425757964446,0.14547695219516754,1.0,9980,0.017485390235578314,0.4444444444444444,0.00030573887169045745,0.013152813785290592,-0.06589685541678958,-0.910808831292842
large,EvieKF,AMD,42,0.01,3000.0,0.0008585207046024383,0.0013323374072816074,False,,,10000,89.79374980926514,0.008979374980926514,0.0016118151103227637,0.0002,20.00634765625,1250,0.125,0.006635604077018797,-0.005777083372416359,0.001359939117103436,0.005265010846270483,-0.018551591260268622,0.01056106617376863,0.024168037250638003,0.924106004785041,3563.722427003284,1708032.0,nan,nan,0.6705117529726221,0.37046799916579265,55.66268293346898,3.427606038252513,0.2856608033180237,1.0,9980,0.029300523964639922,0.5119363395225465,0.0008585207046024383,0.021630019737929895,-0.02830418528436196,0.014045318736282453
large,EvieKF,AMD,43,0.01,3000.0,0.0008531157617215757,0.0013369350281571203,False,,,10000,91.71974730491638,0.009171974730491639,0.0016195941876741757,0.0003,20.00634765625,1750,0.175,0.002585762762464583,-0.0017326470007430071,0.0013848093689797418,0.005328554412838428,-0.05091083640031701,0.011593220822163857,0.0288089083507657,1.0307741418103868,3488.8888096930823,1708032.0,nan,nan,0.6719280197705411,0.37474939082012043,32.96471226052685,3.6829544772704437,0.22477185726165771,1.0,9980,0.0292081454687143,0.5119363395225465,0.0008531157617215757,0.021539879854394015,-0.02183034562526176,0.2921133844673038
large,EvieKF,AMD,44,0.01,3000.0,0.0008728862912566574,0.0013328934537953344,False,,,10000,92.55906438827515,0.009255906438827516,0.0016008276814446893,0.0001,20.00634765625,2000,0.2,0.0005499966500792652,0.00032288964117739214,0.0013678465835384743,0.004650684963726668,0.025028806894006224,0.01265676448000304,0.029941819794476004,0.9966205502303668,3457.251886834498,1708032.0,nan,nan,0.6819176006111581,0.3814545725293418,60.045062962035146,3.3870975991090133,0.2183954119682312,1.0,9980,0.029544649113784672,0.5145888594164456,0.0008728862912566574,0.02196402776808966,-0.045510750951802015,-0.008105027694568723
large,EvieKF,AMZN,42,0.01,3000.0,0.0003359345768494581,0.000827784958821709,False,,,10000,91.31230688095093,0.009131230688095092,0.001604884739450256,0.0002,20.00634765625,6250,0.625,0.0003767907473957166,-4.0856170546258515e-05,0.0008361713207879618,0.0047677392538920445,-0.08379359685481864,0.007122607237040211,0.016620499826967686,0.8746165572225114,3504.456419190047,1708032.0,nan,nan,0.7226932374558481,0.37670315897684,28.49912903843683,2.8702511926492056,0.2890263795852661,1.0,9980,0.018328518130210584,0.49866666666666665,0.0003359345768494581,0.01343619634234716,-0.022036741234653157,-0.87723077753964
large,EvieKF,AMZN,43,0.01,3000.0,0.0003446966567367473,0.0008286806095184002,False,,,10000,96.53333401679993,0.009653333401679993,0.0016081163378140844,0.0002,20.00634765625,6000,0.6,0.00020230837253620848,0.00014238828420053883,0.0008421698859425003,0.004587814272859181,-0.05541421967212661,0.007708442512770853,0.01694114208221435,0.9294718765308331,3314.9171036018465,1708032.0,nan,nan,0.6955163302645999,0.3163937219517867,43.412216669979166,2.7955161531766257,0.21901609003543854,1.0,9980,0.018566008099124252,0.4693333333333333,0.0003446966567367473,0.013705659795690465,-0.0486942162062034,-1.2042107154628319
large,EvieKF,AMZN,44,0.01,3000.0,0.00034386861734289343,0.0008281995826437872,False,,,10000,91.78598141670227,0.009178598141670227,0.0015919671607192,0.0001,20.00634765625,2250,0.225,0.00017456839850638062,0.00016930021883651282,0.0008459433154136173,0.004112768700762595,-0.06479882031556015,0.00885596928631203,0.01848454969003794,1.0000086752439812,3486.371176304377,1708032.0,nan,nan,0.6304279358317133,0.3059045726708622,34.7285421160939,2.9771499186754227,0.18280526995658875,1.0,9980,0.018543694813679755,0.4693333333333333,0.00034386861734289343,0.013641539074125745,-0.046175015319991575,-1.2042107154628319
large,EvieKF,APH,42,0.01,3000.0,0.00022991218421825025,0.0002810522637253415,False,,,10000,91.15619540214539,0.009115619540214538,0.0016375893106528245,0.0002,20.00634765625,5500,0.55,0.0001008622712106444,0.00012904991300760586,0.00029492298651534525,0.006563407492289319,0.0031319190379425965,0.006541305239068606,0.01356343636289239,0.8160485643583956,3510.458050473536,1708032.0,nan,nan,0.6731410504445413,0.27803768529274336,27.668209838447808,3.449448523918788,0.29074767231941223,1.0,9980,0.01516285541111074,0.5212765957446809,0.00022991218421825025,0.010589395250592912,-0.01227529044988862,0.5041255567379115
large,EvieKF,APH,43,0.01,3000.0,0.00022768917143660248,0.0002817793376249723,False,,,10000,91.4108784198761,0.00914108784198761,0.0016016394258576523,0.0002,20.00634765625,6500,0.65,0.0001320042138104327,9.568495762616978e-05,0.0002976279605175211,0.004182082311914609,-0.04804528488217674,0.006666023385092558,0.013248456362634895,0.9457137143706794,3500.677441585773,1708032.0,nan,nan,0.7147684619932028,0.3774556904669628,48.23070293607761,3.005459263920784,0.32088106870651245,1.0,9980,0.015089372797986087,0.4973404255319149,0.00022768917143660248,0.010443039041347605,-0.002487636451176778,-0.22619917540704573
large,EvieKF,APH,44,0.01,3000.0,0.0002282310533460486,0.00028324785298947,False,,,10000,90.51107382774353,0.009051107382774353,0.0015862090399171292,0.0002,20.00634765625,1750,0.175,0.0004159937598160468,-0.0001877627064699982,0.000307765331554841,0.003470386936322264,-0.013745390776076154,0.007031802460092149,0.015744367521256207,0.9621493874847813,3535.4789913222016,1708032.0,nan,nan,0.6256627867808096,0.30488487363070294,308.49668712829674,2.6736952592929204,0.2893699109554291,1.0,9980,0.015107317873998966,0.4973404255319149,0.0002282310533460486,0.010470951675737977,-0.0048734763714890494,0.5356016479661555
large,EvieKF,AVGO,42,0.01,3000.0,0.0008829508824323221,0.0004986944344062704,False,,,10000,91.29054975509644,0.009129054975509643,0.0016426862350319678,0.0001,20.00634765625,500,0.05,0.0001610183244338259,0.0007219325579984961,0.0005213866200462001,0.005416812284514542,-0.08297649188152287,0.007309543866381864,0.016128421202301964,0.9485250542826303,3505.2916304968962,1708032.0,nan,nan,0.7001636972453396,0.382300894195563,60.91692855038286,3.424953983227412,0.014707929454743862,1.0,9980,0.029714489435834532,0.5238095238095238,0.0008829508824323221,0.0207881284138513,-0.02631219849889921,1.4391859399277436
large,EvieKF,AVGO,43,0.01,3000.0,0.0008970995744069418,0.0004990832084686117,False,,,10000,91.75292897224426,0.009175292897224427,0.0015970642763369065,0.0005,20.00634765625,5250,0.525,0.00048482115380465984,0.0004122784206022819,0.0005176320914256365,0.003871036056578876,-0.08831808982838595,0.009526150364834757,0.018780307192355395,1.1725227376271525,3487.6270826929313,1708032.0,nan,nan,0.6243588754356714,0.3198914027881977,23.07378324241002,3.7037431786457704,0.16461707651615143,1.0,9980,0.029951620563951824,0.5238095238095238,0.0008970995744069418,0.0210634362760675,-0.042758158806854185,1.4391859399277436
large,EvieKF,AVGO,44,0.01,3000.0,0.0008990718889488745,0.000498935264048589,False,,,10000,91.8662781715393,0.00918662781715393,0.0015890645020954122,0.0006,20.00634765625,3250,0.325,0.0003692130703711882,0.0005298588185776862,0.0005312585202535058,0.0036407414090353753,0.019783035417734362,0.009937213396871812,0.020613457821309564,0.9985714906258879,3483.3238743216857,1708032.0,nan,nan,0.6618809610542936,0.3776201696216081,99.9753248605775,2.9693347136179606,0.01811177283525467,1.0,9980,0.02998452749250644,0.5185185185185185,0.0008990718889488745,0.021066680787101624,-0.045050710424319185,1.356273697433101
large,EvieKF,CDNS,42,0.01,3000.0,0.0003987844816591374,0.000558592517432863,False,,,10000,90.98915386199951,0.009098915386199951,0.0016414583782781553,0.0007,20.00634765625,1250,0.125,0.00021270268189255148,0.0001860817997665859,0.00073646230615905,0.0039100999882617695,-0.06343133529149315,0.010539942938188324,0.018441990111023186,1.6892398901183636,3516.902690240798,1708032.0,nan,nan,0.7046236345828362,0.46695201627051736,24.711459784655215,3.064920317133268,0.006081780418753624,1.0,9980,0.01996958892063473,0.47619047619047616,0.0003987844816591374,0.01471136486719525,-0.020068968424126643,-0.40093092103932043
large,EvieKF,CDNS,43,0.01,3000.0,0.00039200043236767805,0.0005605776524986449,False,,,10000,91.20852375030518,0.009120852375030518,0.0015926648802578427,0.0002,20.00634765625,500,0.05,0.0003224444226361811,6.955600973149694e-05,0.0006674680538844926,0.003805487302436774,-0.12221856627275006,0.009459230030294566,0.01745335450395941,1.0282669077933486,3508.4440230174137,1708032.0,nan,nan,0.6735581325694551,0.3554646385530551,32.035081065963126,2.6305272966623305,0.015127215534448624,1.0,9980,0.019799000792153073,0.4894179894179894,0.00039200043236767805,0.014506429591506878,-0.0027157400996793424,0.37987876075472815
large,EvieKF,CDNS,44,0.01,3000.0,0.0003915916359613812,0.00056013717891683,False,,,10000,91.66867518424988,0.009166867518424987,0.001610168443996545,0.0003,20.00634765625,1500,0.15,0.00017130681953858584,0.00022028481642279537,0.0005955613917990833,0.004418879284551498,-0.1325674403017811,0.009029272696427506,0.01791980164125561,1.1272589302016,3490.832602923676,1708032.0,nan,nan,0.674872381134397,0.2834140200501647,44.51296872679304,2.692090199391047,0.01998036541044712,1.0,9980,0.01978867443669184,0.48148148148148145,0.0003915916359613812,0.014490536281040736,-0.0016700611737296978,-0.5774530029554095
large,EvieKF,CRM,42,0.01,3000.0,0.00047352295073251874,0.0007236042610846401,False,,,10000,92.86416435241699,0.009286416435241699,0.001599449740607204,0.0002,20.00634765625,4000,0.4,0.00022963812807574868,0.00024388482265677006,0.0007385910449202819,0.004406141647485767,-0.06752135288310897,0.010023470492372871,0.020286072604358187,1.0236027774638332,3445.8932811327377,1708032.0,nan,nan,0.7485939743109319,0.4487798199110332,50.05420666976933,4.180600218971571,0.16100311279296875,1.0,9980,0.02176058249984404,0.48412698412698413,0.00047352295073251874,0.013937808849193432,-0.0589205733403424,-0.42996989125383167
large,EvieKF,CRM,43,0.01,3000.0,0.00045567254225413006,0.0007284048855779026,False,,,10000,92.49322271347046,0.009249322271347046,0.0016110989314120445,0.0001,20.00634765625,750,0.075,0.0001939915309776552,0.00026168101127647486,0.000745094767851156,0.004796187937861122,-0.0872756933489672,0.008257411464556207,0.018341362383216615,0.8946440506227602,3459.712945577753,1708032.0,nan,nan,0.6605559640773051,0.284994227955741,33.48256184549213,3.0507275631030404,0.31402602791786194,1.0,9980,0.0213464878201106,0.48677248677248675,0.00045567254225413006,0.013401198008703806,-0.01900241361639665,-0.4487040930682875
large,EvieKF,CRM,44,0.01,3000.0,0.00046279490309417566,0.0007251349304968229,False,,,10000,91.49091815948486,0.009149091815948486,0.0015991789869375325,0.0001,20.00634765625,2000,0.2,0.00047157445806078613,-8.779554966610473e-06,0.0007440475738754744,0.004084509244750491,-0.04781579585405918,0.008611191651229456,0.02018050681799649,0.9949582014425254,3497.614915637674,1708032.0,nan,nan,0.6810663516645251,0.3326777134479046,200.54360358480102,3.0086348801851273,0.2404574304819107,1.0,9980,0.02151266843267417,0.49206349206349204,0.00046279490309417566,0.013760845497171714,-0.03492986636733675,-0.28517146412337946
large,EvieKF,CSCO,42,0.01,3000.0,0.00015231779722309617,0.0002847046292428945,False,,,10000,92.17036604881287,0.009217036604881287,0.0015979047550184124,0.0001,20.00634765625,1000,0.1,0.00018819337856257334,-3.587558133947717e-05,0.0003029266101851201,0.00426554547045914,-0.02084662842444997,0.00765996782888833,0.014844589168205842,1.1247721497285679,3471.8317146590257,1708032.0,nan,nan,0.7301669681675419,0.361097084751042,68.38413452071744,2.949393186966578,0.042959775775671005,1.0,9980,0.012341709655598618,0.4601063829787234,0.00015231779722309617,0.008452199754260835,-0.046867898467156,-0.5165611691594677
large,EvieKF,CSCO,43,0.01,3000.0,0.00014755037174653756,0.0002847277122087757,False,,,10000,91.34181332588196,0.009134181332588196,0.0016012407871841142,0.0001,20.00634765625,6000,0.6,0.0002414664049865678,-9.391603324003024e-05,0.0002964368963017801,0.004436625662460646,-0.04960433653056965,0.00703070141895696,0.014933819277212023,0.9827123481946808,3503.324363162463,1708032.0,nan,nan,0.6830256941065198,0.3317475074481345,39.09048780612543,2.8258258193731307,0.11318277567625046,1.0,9980,0.012147031396458048,0.4574468085106383,0.00014755037174653756,0.00818136003282335,-0.014101768830750538,-0.6252620688901424
large,EvieKF,CSCO,44,0.01,3000.0,0.000147263524393556,0.00028393417596817017,False,,,10000,91.93637013435364,0.009193637013435363,0.0016164771587612512,0.0004,20.00634765625,1750,0.175,0.00036125675251241773,-0.00021399322811886174,0.0002979785510510691,0.003916705234554327,0.07846042853664636,0.008315649902069708,0.016022604890167713,1.1719165246679182,3480.668200543045,1708032.0,nan,nan,0.6677460503127546,0.38895790001964137,35.59336597264011,2.5690715432167055,0.03092389553785324,1.0,9980,0.012135218349644806,0.43882978723404253,0.000147263524393556,0.008161008042633217,-0.012130290178411274,-0.8093203983024608
large,EvieKF,CTSH,42,0.01,3000.0,0.000171244775176679,0.00040679209586479934,False,,,10000,90.74680781364441,0.00907468078136444,0.0016098828447429455,0.0002,20.00634765625,1250,0.125,0.0001382074478897266,3.30373272869524e-05,0.0004133884516620461,0.005057102719773155,-0.040656980798028805,0.007635028999224597,0.017363427765667436,0.9832305405658832,3526.294838460266,1708032.0,nan,nan,0.6663162404767433,0.3599208230569528,21.305412495711625,3.904326444864273,0.1447170078754425,1.0,9980,0.013086052696542186,0.4603174603174603,0.000171244775176679,0.009682316628713456,-0.012141998378333074,-0.6000836698790717
large,EvieKF,CTSH,43,0.01,3000.0,0.00016996443823531822,0.0004081465600340056,False,,,10000,90.22375726699829,0.00902237572669983,0.0016143698504175006,0.0003,20.00634765625,500,0.05,0.00023357886675512418,-6.361442851980596e-05,0.0004183024751777626,0.004704503527038861,-0.0683308392917278,0.007155102249602351,0.016405948810279364,0.9479206648818391,3546.7376852088646,1708032.0,nan,nan,0.6897730779629784,0.3609641710436199,60.06688794732124,3.2016379058361055,0.10788463801145554,1.0,9980,0.01303704100765654,0.47619047619047616,0.00016996443823531822,0.009620819772992815,-0.0045745687204674645,-0.7419389565320079
large,EvieKF,CTSH,44,0.01,3000.0,0.0001703172567344847,0.0004068942696093248,False,,,10000,90.25381851196289,0.00902538185119629,0.0015889246596050555,0.0003,20.00634765625,3500,0.35,0.00029455604089889675,-0.00012423878416441205,0.0004202068168225276,0.003623981718381525,-0.07132409218524627,0.007773577763745561,0.016518831253051758,1.047912435644794,3545.5563573477493,1708032.0,nan,nan,0.7067761114374959,0.4075101310298371,32.653061487401786,3.076707045237223,0.03958037868142128,1.0,9980,0.013050565379878556,0.455026455026455,0.0001703172567344847,0.009656231239359214,-0.006659901954388259,-0.6567516084674377
large,EvieKF,FICO,42,0.01,3000.0,0.0003478624044902741,0.0006999194780142301,False,,,10000,90.41969013214111,0.00904196901321411,0.001609235547790393,0.0001,20.00634765625,6000,0.6,0.0001986867682717275,0.00014917563621854663,0.0007549134807538672,0.005340027895295844,0.03220709521008298,0.007122514874874469,0.018155678361654277,0.7110687160095985,3539.0521636641943,1708032.0,nan,nan,0.7691909149747144,0.3711409600392459,27.814893439259002,3.5356700698534653,0.14717741310596466,1.0,9980,0.01865106979479392,0.6031746031746031,0.0003478624044902741,0.0135154888112709,-0.011370105442097822,2.0359688915627197
large,EvieKF,FICO,43,0.01,3000.0,0.000387464960416158,0.0007000842208255191,False,,,10000,91.30587220191956,0.009130587220191956,0.0016089939477224892,0.0001,20.00634765625,2250,0.225,0.000476131695904769,-8.866673548861098e-05,0.0007234817661007011,0.0050771192018704,-0.06493629697292802,0.007625083184763207,0.015252538211643692,0.806649389689814,3504.703391829299,1708032.0,nan,nan,0.6476461058328749,0.32252767804322435,34.372828319824215,3.2640209019184114,0.20581112802028656,1.0,9980,0.01968412965858938,0.3968253968253968,0.000387464960416158,0.015128251736756986,-0.12651000169282245,-2.0359688915627197
large,EvieKF,FICO,44,0.01,3000.0,0.00038210357780809755,0.0007002947343123054,False,,,10000,90.42057037353516,0.009042057037353515,0.0015946400556320032,0.0002,20.00634765625,3250,0.325,0.00017998878320213407,0.00020211479460596348,0.0007626158466859957,0.00412364670833228,-0.03189086095364802,0.008900186083505105,0.01858898699283599,0.996537551051965,3539.017711103264,1708032.0,nan,nan,0.6404179579768604,0.3166801070193532,48.31507020650823,3.8463341305653254,0.06732716411352158,1.0,9980,0.01954746985694306,0.40476190476190477,0.00038210357780809755,0.014868229154556517,-0.11092239572092977,-2.0210719916194995
large,EvieKF,FTNT,42,0.01,3000.0,0.0007313090972799473,0.0009435824753434968,False,,,10000,91.34644985198975,0.009134644985198975,0.0015927633268576144,0.0002,20.00634765625,1000,0.1,0.000543745729373768,0.00018756336790617934,0.0009774498219377514,0.004225494667484054,-0.032900711073885605,0.009104574970772956,0.01980260303243995,1.0188760148177607,3503.146542843226,1708032.0,nan,nan,0.7481553943295338,0.4819798664559298,61.683078904224104,3.887639905015628,0.06429463624954224,1.0,9980,0.027042727252996272,0.47883597883597884,0.0007313090972799473,0.015306399612830429,-0.023598028377225022,-0.2729223545422098
large,EvieKF,FTNT,43,0.01,3000.0,0.0007152069340307245,0.0009446110111965109,False,,,10000,90.54489421844482,0.009054489421844482,0.001592919455316371,0.0003,20.00634765625,7500,0.75,0.00035903208481613547,0.00035617484921458907,0.0009745293565001737,0.0040112033179675625,-0.07441429898378066,0.009224822126325307,0.020797291956841938,0.9521297644843855,3534.1584167957762,1708032.0,nan,nan,0.6370730880012541,0.3106133252449788,71.08013701882001,3.3240243742863336,0.045796964317560196,1.0,9980,0.026743353081293386,0.47354497354497355,0.0007152069340307245,0.014947278159005302,-0.001060167689019842,-0.11105607128015145
large,EvieKF,FTNT,44,0.01,3000.0,0.0007234822032312867,0.0009414672219152475,False,,,10000,90.71487998962402,0.009071487998962402,0.0015932317895224893,0.0004,20.00634765625,2500,0.25,0.00038788781967014074,0.000335594383561146,0.0009777128720765114,0.004089195831065267,-0.03880526001494623,0.011125298226875748,0.022847413085401048,1.0179731847289955,3527.5359459947654,1708032.0,nan,nan,0.6575728423783251,0.37043342683885955,103.52758471707668,3.1722975373268127,0.07256951183080673,1.0,9980,0.026897624490487756,0.5079365079365079,0.0007234822032312867,0.015260055582359355,-0.012642888688241483,0.9464536748624369
large,EvieKF,GLW,42,0.01,3000.0,0.0002402629328783227,0.0003453872959556883,False,,,10000,90.56262254714966,0.009056262254714965,0.001618672547572575,0.0001,20.00634765625,750,0.075,0.00013007857342017815,0.00011018435945814455,0.0003551025936038107,0.005746428021249474,0.01513720250623674,0.006716695358613652,0.014080935344099996,0.9948429685029777,3533.466578150365,1708032.0,nan,nan,0.71475289064698,0.3332991960982895,27.304265911268033,2.9722483297189077,0.2914395034313202,1.0,9980,0.015500417184009038,0.4867021276595745,0.0002402629328783227,0.010654313223702567,-0.030038202323337426,-0.6422477683935256
large,EvieKF,GLW,43,0.01,3000.0,0.0002628636186715787,0.00034490168410840024,False,,,10000,94.95284128189087,0.009495284128189087,0.0015896581162154013,0.0003,20.00634765625,nan,nan,0.00029493976035155356,-3.207614167997485e-05,0.0003584276154836992,0.003841835119045671,0.041438200801993265,0.007534279844391858,0.014811683027073728,1.0440333739411494,3370.0939927642744,1708032.0,nan,nan,0.6993450281867708,0.37609505800709464,55.246531499008825,2.90355421602726,0.24693214893341064,1.0,9980,0.01621306937848533,0.4574468085106383,0.0002628636186715787,0.010986569066527029,-0.1269302592331294,-1.0456383357991277
large,EvieKF,GLW,44,0.01,3000.0,0.00023678355116062063,0.0003470764236045453,False,,,10000,90.73346424102783,0.009073346424102784,0.0015971472413953444,0.0002,20.00634765625,1750,0.175,0.00015079295553732663,8.5990595623294e-05,0.000365242170475133,0.004011231355685831,-0.014329364391204904,0.007991759695929067,0.018696362059563397,0.9841851664418576,3526.813427402483,1708032.0,nan,nan,0.6288854435127337,0.3116487244129487,51.5697347492718,2.8655753056208293,0.32530131936073303,1.0,9980,0.015387772781030418,0.47606382978723405,0.00023678355116062063,0.010528102753654359,-0.015121643839829835,-0.4808199863034334
large,EvieKF,GOOGL,42,0.01,3000.0,0.000339351200237476,0.00053549299031417,False,,,10000,89.96278381347656,0.008996278381347656,0.0016396440965477758,0.0,20.00634765625,500,0.05,0.00024464548914693296,9.470571109054305e-05,0.0005551999604459572,0.006054847144331842,0.026339446160629925,0.005532921992372212,0.012440729932859534,0.9509214330406275,3557.026432879943,1708032.0,nan,nan,0.6509232214537743,0.36020999811128745,38.586587585713175,3.3246537506580354,0.3209085166454315,1.0,9980,0.018421487459960337,0.41909814323607425,0.000339351200237476,0.013743708373377564,-0.10857013269555549,-1.1073815342933746
large,EvieKF,GOOGL,43,0.01,3000.0,0.00036603220240779655,0.0005369574543019505,False,,,10000,90.32569289207458,0.009032569289207459,0.0016077262440684621,0.0002,20.00634765625,1000,0.1,0.00017221302550751716,0.0001938191769002794,0.0005662459835773957,0.004721541378358106,-0.06456075009373108,0.007998028793131017,0.016315932013094423,1.023430700491841,3542.7350707660903,1708032.0,nan,nan,0.6848721877174544,0.33388091865134095,23.603303633265977,2.7476812481880186,0.3134247064590454,1.0,9980,0.019131968074607392,0.4244031830238727,0.00036603220240779655,0.014344124566941034,-0.1957298719147016,-0.8485793993179453
large,EvieKF,GOOGL,44,0.01,3000.0,0.000324543841459133,0.0005360761118820555,False,,,10000,90.44713544845581,0.009044713544845581,0.0015878302179910544,0.0002,20.00634765625,1000,0.1,8.78062128322199e-05,0.0002367376286269131,0.0005785637062430861,0.0036557285087806327,-0.024590151241860203,0.007494740703426941,0.015357209276407956,1.0081181672633837,3537.978272206998,1708032.0,nan,nan,0.6150528979574537,0.3324965118926147,70.35001834433504,2.8129597812891007,0.3339419662952423,1.0,9980,0.01801510037327389,0.3978779840848806,0.000324543841459133,0.013245950930963748,-0.06019842906141104,-1.8893516303572453
large,EvieKF,GPN,42,0.01,3000.0,0.00032850457404656383,0.0005774381780497907,False,,,10000,90.33159065246582,0.009033159065246581,0.0016325137854865692,0.0,20.00634765625,5750,0.575,0.00015226853429339826,0.00017623603975316557,0.0005848815203896755,0.006364553742088372,0.015627360426636965,0.006849738676579,0.015930830873548976,0.7585167734901594,3542.50376516828,1708032.0,nan,nan,0.6533263649965556,0.307405342867281,65.70640112420458,2.80814308822155,0.2242717444896698,1.0,9980,0.018124695143548315,0.5145888594164456,0.00032850457404656383,0.01273303814035244,-0.0033977093577404194,0.4555206672843014
large,EvieKF,GPN,43,0.01,3000.0,0.00032780565833919265,0.0005761334766443591,False,,,10000,90.25551867485046,0.009025551867485047,0.0016455070688605133,0.0001,20.00634765625,750,0.075,0.00026576090749586,6.204475084333264e-05,0.0005925140987608146,0.005512155925259297,-0.04563856951312627,0.007081906626540876,0.014981315145269033,1.064582099216202,3545.489568929456,1708032.0,nan,nan,0.6184048766484267,0.3206711836232643,29.738872994703474,3.748003217577934,0.0954398661851883,1.0,9980,0.01810540411974261,0.519893899204244,0.00032780565833919265,0.01266408849645544,-0.0012629128428187641,0.2735205269011161
large,EvieKF,GPN,44,0.01,3000.0,0.0003326414596466791,0.0005760049393069523,False,,,10000,90.99926900863647,0.009099926900863647,0.0015919673082716427,0.0002,20.00634765625,3500,0.35,0.00016001099356799386,0.00017263046607868525,0.0005913144519099945,0.003932199152876469,-0.05636215461407227,0.007842227133130654,0.016279011126607637,1.018889864480296,3516.51176417285,1708032.0,nan,nan,0.6223831656067927,0.34565846532787686,58.03725028030262,2.836828712622325,0.057144615799188614,1.0,9980,0.018238460999949507,0.4588859416445623,0.0003326414596466791,0.012728592706105065,-0.016033580706193318,-0.9845965216627605
large,EvieKF,GRMN,42,0.01,3000.0,0.00036143641623239667,0.0003132045031858692,False,,,10000,90.91461205482483,0.009091461205482482,0.001610471073025594,0.0001,20.00634765625,2000,0.2,9.755650535225868e-05,0.000263879910880138,0.00032171811942688377,0.004989320563082288,0.00029395984581939916,0.00729147214760742,0.014898711256682871,0.9546595824109567,3519.786234219735,1708032.0,nan,nan,0.6112760102290233,0.3507523431558298,29.482054198238636,3.256282317638397,0.06321056187152863,1.0,9980,0.01901148116881998,0.4450402144772118,0.00036143641623239667,0.01081175274319119,-0.11028419888769503,-1.654706844715586
large,EvieKF,GRMN,43,0.01,3000.0,0.0003327671339902928,0.00031658372686143264,False,,,10000,90.49802780151367,0.009049802780151368,0.0015890770996867024,0.0001,20.00634765625,4500,0.45,0.00032027024280978367,1.2496891180509132e-05,0.0003254716715617771,0.0036515114935169552,-0.10776977866654207,0.007450598203099071,0.013001316320151078,1.0275914191570024,3535.9886593533884,1708032.0,nan,nan,0.6798077390314521,0.3896841560188427,113.17768407727127,2.344928883512815,0.03894339129328728,1.0,9980,0.018241905985677397,0.4450402144772118,0.0003327671339902928,0.00976639639132868,-0.02221600864094153,-1.654706844715586
large,EvieKF,GRMN,44,0.01,3000.0,0.000557305912176768,0.00031516264224874563,False,,,10000,90.13832378387451,0.009013832378387451,0.001636763354206213,0.0002,20.00634765625,nan,nan,0.000693144254910294,-0.00013583834273352602,0.0003321069205755086,0.004603646944070142,-0.0650145728945217,0.007660279074656137,0.016525446530431493,1.020782115071964,3550.0992981328004,1708032.0,nan,nan,0.6521115232191501,0.32072387520542356,134.88050030602716,3.016587941845258,0.0349649116396904,1.0,9980,0.023607327510261893,0.4450402144772118,0.000557305912176768,0.01625126631802352,-0.7119690226197435,-1.6786990295352688
large,EvieKF,HPE,42,0.01,3000.0,0.0005666586602556294,0.0003791995894857299,False,,,10000,90.31242561340332,0.009031242561340332,0.0016298768440289432,0.0001,20.00634765625,4000,0.4,0.0007773098186589777,-0.00021065115840334834,0.00040177922484572765,0.00610051690569654,-0.023226084737200614,0.008781110080778308,0.021220844890922304,0.9232239063575218,3543.255513585814,1708032.0,nan,nan,0.7103973050564366,0.3022617295841032,15.596915009894492,3.3415474951267243,0.2757083475589752,1.0,9980,0.02380459325961335,0.5309734513274337,0.0005666586602556294,0.016059642208033596,0.00566433352057405,0.9006490222490532
large,EvieKF,HPE,43,0.01,3000.0,0.0005859940730292222,0.00037869140183254755,False,,,10000,90.3642897605896,0.00903642897605896,0.0016168634716600887,0.0001,20.00634765625,2500,0.25,0.0005272792186588049,5.871485437041726e-05,0.00039332208023813356,0.005410553320225614,0.07527550879266771,0.007749508462569793,0.016535869054496288,0.7639142130631803,3541.2218792158424,1708032.0,nan,nan,0.6377762828908793,0.3572037310164241,36.567450304663865,3.5284783770640686,0.2585330903530121,1.0,9980,0.02420731445305782,0.504424778761062,0.0005859940730292222,0.016287620725302862,-0.028264187995733492,-1.2534131728177116
large,EvieKF,HPE,44,0.01,3000.0,0.0005794884315852461,0.00037621780907436884,False,,,10000,90.29311084747314,0.009029311084747315,0.001590273328967029,0.0002,20.00634765625,2750,0.275,0.00035349864629097283,0.0002259897852942733,0.00039460717844425845,0.0037654993816565348,0.04564680839350677,0.008162299412353604,0.01566428579390048,1.004697421742403,3544.013457909953,1708032.0,nan,nan,0.698477417427973,0.40745766382315846,45.302177227955454,2.8720318883657456,0.28999677300453186,1.0,9980,0.024072565953492497,0.49557522123893805,0.0005794884315852461,0.01645429586542064,-0.0168485126080955,0.05495460204130282
large,EvieKF,HPQ,42,0.01,3000.0,0.0003406723182668131,0.0005568482515350261,False,,,10000,90.83423328399658,0.009083423328399658,0.0015931127595341394,0.0007,20.00634765625,750,0.075,0.0008614651851530652,-0.0005207928668862522,0.0005814479180665955,0.004034494880366036,-0.019763781575149846,0.010102337887336034,0.020010583195835346,1.1262675487315144,3522.900875923158,1708032.0,nan,nan,0.7538745552052313,0.5491188356942202,22.839599081168764,3.6711205671230958,0.026393292471766472,1.0,9980,0.01845731069974207,0.472,0.0003406723182668131,0.012595691378154451,-0.0018102841668530267,-0.28647243220643775
large,EvieKF,HPQ,43,0.01,3000.0,0.0003370561848872553,0.0005555628781609574,False,,,10000,90.30193257331848,0.009030193257331847,0.0015933953287479226,0.0001,20.00634765625,750,0.075,0.0016029227990657091,-0.0012658666141784538,0.0005854221792729592,0.004204011028064171,-0.10278209000599908,0.008222058063512668,0.016768605541437855,1.0211991291136546,3543.667238131185,1708032.0,nan,nan,0.7097909868633152,0.39571569211492424,29.73474164017073,3.0803941617409385,0.14889061450958252,1.0,9980,0.018359089979823492,0.49866666666666665,0.0003370561848872553,0.012590892731197297,0.008823628288936014,0.31036658945853646
large,EvieKF,HPQ,44,0.01,3000.0,0.0003398743571427764,0.0005558056445589748,False,,,10000,90.17224144935608,0.009017224144935608,0.0016008737238397963,0.0002,20.00634765625,6000,0.6,0.00026739547320175916,7.247888394101723e-05,0.0006022859058931135,0.0042173980575289285,-0.0766665026628241,0.008625475021640159,0.019343645870685575,1.0142114660659265,3548.7639528149393,1708032.0,nan,nan,0.7087497575274033,0.4724401714047513,33.15058310008376,3.163735258579254,0.11668164283037186,1.0,9980,0.01843568162945912,0.49066666666666664,0.0003398743571427764,0.012478192647298178,0.0005362688624399592,0.2738917279528026
large,EvieKF,IBM,42,0.01,3000.0,0.0003488350797582556,0.00018881478739670164,False,,,10000,89.78094577789307,0.008978094577789307,0.0015961626447816928,0.0001,20.00634765625,2250,0.225,0.00017244561604456976,0.00017638946371368583,0.00020218506229415943,0.004243435176407233,-0.08838941105080082,0.00566886141467985,0.012439070316031574,1.0017742328370505,3564.2306641727782,1708032.0,nan,nan,0.6437775159669459,0.3467734418203287,30.499299573453953,3.2527270197868345,0.35718780755996704,1.0,9980,0.0186771271816159,0.41909814323607425,0.0003488350797582556,0.014438386947389633,-1.036511964716531,-1.7774495433568487
large,EvieKF,IBM,43,0.01,3000.0,0.0004171442496713507,0.00018574668969020288,False,,,10000,90.53274750709534,0.009053274750709535,0.0015871295818189577,0.0002,20.00634765625,1500,0.15,0.00031293601205106825,0.00010420823762028245,0.00019855471660448225,0.003581870189732859,0.07106307544440316,0.005436131147894776,0.011486071441322564,0.9935003895453093,3534.632592200083,1708032.0,nan,nan,0.6917174496414873,0.46290742365730064,52.38873671978645,2.3404389133056007,0.3144714832305908,1.0,9980,0.020424109519666965,0.47745358090185674,0.0004171442496713507,0.014253567135523237,-1.435303399122378,-0.114539375591113
large,EvieKF,IBM,44,0.01,3000.0,0.00024013418369192295,0.00018862399719754328,False,,,10000,89.83959531784058,0.008983959531784057,0.0015906769427538132,0.0001,20.00634765625,1750,0.175,9.556556506140623e-05,0.00014456861863051672,0.00019932059681489339,0.003933477683727644,0.0832294501271729,0.005694902390475181,0.013167486991733299,0.9923840015507522,3561.9038450460785,1708032.0,nan,nan,0.7059950214355706,0.35177585166674796,67.05649149634021,3.050623137752215,0.3883668780326843,1.0,9980,0.015496263539702819,0.4535809018567639,0.00024013418369192295,0.011016136754757513,-0.4019121544912938,-1.2050091872914552
large,EvieKF,INTC,42,0.01,3000.0,0.0009817425851468688,0.0006057864316894774,False,,,10000,89.78520274162292,0.008978520274162292,0.0016272872706763843,0.0001,20.00634765625,2250,0.225,0.0003622508520493284,0.0006194917330975404,0.000627435984509677,0.0057539113640725755,-0.0284901255678714,0.006736918198248895,0.01567445239052175,0.9816461703010364,3564.0616741811214,1708032.0,nan,nan,0.7033524159245225,0.3603647795690786,21.021025848263527,3.3586408257484437,0.15724530816078186,1.0,9980,0.031332771743764844,0.48010610079575594,0.0009817425851468688,0.020538572281125992,-0.045895927189820496,0.04749427419130639
large,EvieKF,INTC,43,0.01,3000.0,0.0009596530722562598,0.0006113831813518817,False,,,10000,90.21366786956787,0.009021366786956787,0.001624468559426079,0.0002,20.00634765625,7500,0.75,0.00041432697616983205,0.0005453260960864277,0.0006269470241323893,0.00540638016772948,-0.08189680297497712,0.007505093053104792,0.016976636555045842,0.91741627239382,3547.134348452169,1708032.0,nan,nan,0.7437733610034228,0.43830461458914177,32.021134932942324,2.5526142001152037,0.15714460611343384,1.0,9980,0.030978267741374108,0.493368700265252,0.0009596530722562598,0.02043777168112457,-0.022362944190576828,-0.03539190629316972
large,EvieKF,INTC,44,0.01,3000.0,0.0009415159149775429,0.0006157454666471608,False,,,10000,90.1001844406128,0.009010018444061279,0.001589626701716014,0.0001,20.00634765625,3250,0.325,0.00013670616681338288,0.00080480974816416,0.0006311408927600692,0.003826028049160466,-0.04062531815919742,0.0076619519803280125,0.017244548536837098,0.9915699424379996,3551.602052611998,1708032.0,nan,nan,0.7411170251756648,0.5103396378183501,72.67183117502297,2.707436176141103,0.1698797047138214,1.0,9980,0.030684131321866405,0.4960212201591512,0.0009415159149775429,0.020345257703589383,-0.003040589007447636,0.5871782685525205
large,EvieKF,INTU,42,0.01,3000.0,0.00029675004185822904,0.0007562103733143692,False,,,10000,89.65401315689087,0.008965401315689087,0.0015968842596468485,0.0001,20.00634765625,750,0.075,0.0001547996471344959,0.00014195039472373315,0.0007685523099869455,0.004637087751367285,0.0621290065038858,0.0068685291720710666,0.01670320713892578,0.9936563983592185,3569.276920599338,1708032.0,nan,nan,0.6577404253520935,0.352488962872754,30.175206419877703,3.314425859848658,0.13149715960025787,1.0,9980,0.01722643439189402,0.4588859416445623,0.00029675004185822904,0.012833787019921359,-0.04043682932334236,-0.8083000375955952
large,EvieKF,INTU,43,0.01,3000.0,0.0002881042738124807,0.0007592249928482015,False,,,10000,89.63917469978333,0.008963917469978332,0.0016047756724163716,0.0003,20.00634765625,2500,0.25,0.00014872608880978078,0.0001393781850026999,0.000782107590153405,0.004480709004122403,-0.005246258372201897,0.008125763534638827,0.015043877344578502,0.9613133928011031,3569.8677623007334,1708032.0,nan,nan,0.6702948289621693,0.39868994928302126,50.326427827805134,3.3778321186701463,0.18917302787303925,1.0,9980,0.01697363466710889,0.44562334217506633,0.0002881042738124807,0.01250138863053902,-0.010123858055486767,-1.0316830323499833
large,EvieKF,INTU,44,0.01,3000.0,0.0004175538344988747,0.0007406751420200662,False,,,10000,90.18871474266052,0.009018871474266053,0.0015941384624067712,0.0003,20.00634765625,nan,nan,0.0001477836303820368,0.0002697702041168379,0.0008037191487117535,0.004067932275924564,-0.1290344283968347,0.007460696097496839,0.015491673583164806,1.0265782245400428,3548.1157583082345,1708032.0,nan,nan,0.6618671036847493,0.32628023037655385,85.6436903355193,3.4391946325699494,0.3441958725452423,1.0,9980,0.02043413405307097,0.4588859416445623,0.0004175538344988747,0.016241663978213354,-0.4639876204140987,-0.6730220018709498
large,EvieKF,KEYS,42,0.01,3000.0,0.00037153007448181624,0.000348265515640378,False,,,10000,89.92106819152832,0.008992106819152832,0.0017581613776872368,0.0014,20.00634765625,750,0.075,0.00027767034771386534,9.38597267679509e-05,0.00040911068133890437,0.0045149785070637575,0.17483165616759022,0.024223758570471546,0.021554565802216527,2.07708878834261,3558.6765864303643,1708032.0,nan,nan,0.7177084297576475,0.3079251714678584,20.61873729686685,5.2852323452631635,0.012363326735794544,1.0,9980,0.01927511542071321,0.5369649805447471,0.00037153007448181624,0.013139433638994084,0.016313162314114726,2.396710107704071
large,EvieKF,KEYS,43,0.01,3000.0,0.00037411092094672744,0.00034767482429742813,False,,,10000,89.93411040306091,0.008993411040306092,0.001656438967050062,0.0026,20.00634765625,500,0.05,0.0003578009636839852,1.630995726274227e-05,0.000677819422726782,0.0035070954225519106,0.15353622122212687,0.03637576394111384,0.02665332481265067,2.2832464279476405,3558.1605084638586,1708032.0,nan,nan,0.7242199919813513,0.2566751611221488,27.66157918600472,4.569761983553569,0.00722605362534523,1.0,9980,0.01934194718601846,0.5214007782101168,0.00037411092094672744,0.013240954672643381,0.009479947799348576,0.5648615234089195
large,EvieKF,KEYS,44,0.01,3000.0,0.0003748823159424834,0.00034807322663255036,False,,,10000,90.17824578285217,0.009017824578285217,0.0016171363990397983,0.0044,20.00634765625,1000,0.1,0.0003062035975744948,6.86787183679886e-05,0.0005224022047164348,0.0034208364385412545,0.18819044918558353,0.05201306104465621,0.029352288786321838,2.2390145331007596,3548.527665647379,1708032.0,nan,nan,0.725551416556533,0.4823878702771377,14.520400404390978,5.992712611953417,0.009198986925184727,1.0,9980,0.01936187790330482,0.5058365758754864,0.0003748823159424834,0.01315878528033116,0.007437552967543448,1.9737994480739436
large,EvieKF,KLAC,42,0.01,3000.0,0.0006384765975689762,0.0008003749645040902,False,,,10000,90.43590593338013,0.009043590593338013,0.0016191737747867601,0.0002,20.00634765625,750,0.075,0.00018491969240130857,0.00045355690516766763,0.0008253542706243669,0.005625048674225486,-0.019309028601075078,0.00717387372978701,0.016425990965217352,0.9771951688096603,3538.417586436619,1708032.0,nan,nan,0.6302557183059531,0.39553718619504746,32.565400936382176,3.0249814689159393,0.24738210439682007,1.0,9980,0.025268094458604833,0.47883597883597884,0.0006384765975689762,0.01830741841957052,-0.01037868960637578,0.04181378348973655
large,EvieKF,KLAC,43,0.01,3000.0,0.0006299838817939556,0.000803049584598693,False,,,10000,90.84076166152954,0.009084076166152954,0.0016120594186614736,0.0003,19.970703125,4000,0.4,0.00040681904647499323,0.00022316483531896242,0.0008297660622735871,0.0046468578996093374,-0.022016208715570616,0.009484110560173576,0.019093994982540604,1.0043601187032307,3522.64769853331,1708032.0,nan,nan,0.7030461382189419,0.4030477289055714,32.820146818447654,2.4589990893999736,0.0805182084441185,1.0,65,0.02509947971161864,0.5238095238095238,0.0006299838817939556,0.017875285375685918,0.0030608930950678515,0.5005152721672462
large,EvieKF,KLAC,44,0.01,3000.0,0.0006470183531443278,0.0008041609661648697,False,,,10000,98.92057371139526,0.009892057371139526,0.00159980595722241,0.0002,20.00634765625,3250,0.325,0.00023109144967747852,0.00041592690346684924,0.0008359549595354073,0.004386850576196489,-0.1299710190659342,0.009420180799937953,0.021863040514290333,0.9785101498255123,3234.9185613663426,1708032.0,nan,nan,0.6652673424079311,0.333933523769857,68.25055826809164,2.52888898452123,0.020905964076519012,1.0,9980,0.02543655544967376,0.46296296296296297,0.0006470183531443278,0.018482244834698066,-0.02389587698336393,-0.6825954349283923
large,EvieKF,LRCX,42,0.01,3000.0,0.0006478828175988777,0.0009616703506489964,False,,,10000,97.37620115280151,0.00973762011528015,0.0016315385487578227,0.0001,20.00634765625,2750,0.275,0.00021886004105908796,0.00042902277653978976,0.000984092727774772,0.006296276195311139,-0.052799285273946756,0.007770011109919505,0.01649242360144853,0.9082425929389505,3286.22390493402,1708032.0,nan,nan,0.6399508017885445,0.34391303397060696,27.046408275995656,3.61097694337368,0.21584618091583252,1.0,9980,0.025453542338913806,0.4907161803713528,0.0006478828175988777,0.018446721727885897,0.0016645867684456084,-0.019027866533807846
large,EvieKF,LRCX,43,0.01,3000.0,0.000753139613797425,0.0009617871884009566,False,,,10000,96.3432765007019,0.00963432765007019,0.001610668840075227,0.0002,20.00634765625,nan,nan,0.0003695538325700909,0.0003835857812273341,0.0009998628061531046,0.004717394681044032,-0.0763245441446826,0.010508769880034378,0.021537645068019626,1.0506787138298868,3321.456479608815,1708032.0,nan,nan,0.6963603582439307,0.3639196401359953,41.45344023093004,2.9389626572529473,0.14337141811847687,1.0,9980,0.027443389254926676,0.5013262599469496,0.000753139613797425,0.020633409893701948,-0.16052768670123774,0.12206254231006138
large,EvieKF,LRCX,44,0.01,3000.0,0.0007437309102406578,0.000964949633777932,False,,,10000,96.41278147697449,0.00964127814769745,0.0016120012083810013,0.0002,20.00634765625,4250,0.425,0.00020656668493757024,0.0005371642253030875,0.0010069001828100718,0.0048467613089358775,-0.006048238195343993,0.009272122337880138,0.021968668699264525,0.9817252816312924,3319.0620071097433,1708032.0,nan,nan,0.6380649618495852,0.32342538711658547,33.19842092056029,2.7485529114802683,0.1714554876089096,1.0,9980,0.02727143029326951,0.4854111405835544,0.0007437309102406578,0.020817890369072164,-0.14602962980241463,-0.31511645764924423
large,EvieKF,MCHP,42,0.01,3000.0,0.0005219629990360725,0.0007175000023778617,False,,,10000,96.33095526695251,0.009633095526695251,0.0016549146942863042,0.0,20.00634765625,750,0.075,0.00014885971904732287,0.0003731032799887496,0.0007354231987211613,0.007095388624730031,-0.00871003253151491,0.007690828839178721,0.01718439823016523,1.01676494822655,3321.8813112899734,1708032.0,nan,nan,0.613941389389075,0.31821971543872557,21.728625967936363,3.762249691287677,0.04220376908779144,1.0,9980,0.02284650955914431,0.4920212765957447,0.0005219629990360725,0.017316477639334544,0.0025900375718534985,0.4972927867455337
large,EvieKF,MCHP,43,0.01,3000.0,0.0005229775788922789,0.0007188957313011432,False,,,10000,96.26394581794739,0.009626394581794739,0.0016170509660905145,0.0006,20.00634765625,750,0.075,0.0002984594466397539,0.00022451813225252506,0.0007370616342472818,0.004196846344421473,-0.080410247682063,0.010263555820018519,0.019257811456918714,1.2445068717518641,3324.1936768847822,1708032.0,nan,nan,0.6406972047355391,0.3282012145418155,18.655825992370602,3.080202128489812,0.02235574647784233,1.0,9980,0.022868703043510775,0.523936170212766,0.0005229775788922789,0.01721791867856626,0.0006512946760388605,0.9207773218043174
large,EvieKF,MCHP,44,0.01,3000.0,0.0005186211179803919,0.000719157469999885,False,,,10000,95.8620855808258,0.00958620855808258,0.001590439758345314,0.0005,20.00634765625,2750,0.275,9.48836313909851e-05,0.0004237374865894068,0.0007424217379029119,0.0037816882660000814,0.030133014517972595,0.008942539233256684,0.020824330206960437,1.0460477510431903,3338.1289178211446,1708032.0,nan,nan,0.6111159303669693,0.320460395869407,51.58055892408604,2.9877199798822405,0.11605556309223175,1.0,9980,0.022773254444202563,0.5718085106382979,0.0005186211179803919,0.01713482665006446,0.008975979610544416,2.0117668843606977
large,EvieKF,META,42,0.01,3000.0,0.00048185688144755813,0.0010927751049258356,False,,,10000,96.34448862075806,0.009634448862075805,0.0016117859829576334,0.0003,20.00634765625,750,0.075,0.00018697485938901082,0.0002948820220585473,0.0011108856011505393,0.004786089255860587,-0.02980874618029298,0.009981823119171895,0.023731547128409122,1.0836834320865127,3321.4146920185517,1708032.0,nan,nan,0.6859033648120074,0.33723439039877146,31.984806919155698,3.9618479381004965,0.02043546549975872,1.0,9980,0.021951238722394645,0.48580441640378547,0.00048185688144755813,0.014784459048097238,-0.05321288019881232,-0.7367284566837116
large,EvieKF,META,43,0.01,3000.0,0.0004971204032688021,0.0010944987509152867,False,,,10000,96.34710216522217,0.009634710216522216,0.001630067026451559,0.0001,20.00634765625,1500,0.15,0.00043472566176205873,6.239474150674339e-05,0.0011072452063700493,0.006240805626825907,-0.024850361499332924,0.007599228443445463,0.017928890138864517,0.9711751091664481,3321.3245941870005,1708032.0,nan,nan,0.7219717371275685,0.42469332075411276,25.758205665897236,4.1136970380942035,0.1489885151386261,1.0,9980,0.022296197058440305,0.4794952681388013,0.0004971204032688021,0.01534750926419624,-0.0865749393459938,-0.9741364220424455
large,EvieKF,META,44,0.01,3000.0,0.000525146207344607,0.0010931947817937808,False,,,10000,95.96810984611511,0.009596810984611511,0.001601944539190375,0.0002,20.00634765625,1500,0.15,0.0006861371657578275,-0.0001609909584132205,0.0011128524230500983,0.00449096973630834,-0.10991337325082266,0.009921488037623931,0.017384401895105837,1.0099294696116328,3334.440998297456,1708032.0,nan,nan,0.7227758057004653,0.4474810373200823,24.356241592576374,3.513558578491211,0.07843361794948578,1.0,9980,0.022916068758506703,0.4637223974763407,0.000525146207344607,0.016027855423261534,-0.14783200335614732,-1.5103150386806803
large,EvieKF,MRVL,42,0.01,3000.0,0.0010360323247455415,0.0015752685481104358,False,,,10000,96.21638035774231,0.00962163803577423,0.0016282385967305091,0.0002,20.00634765625,750,0.075,0.000785763404564932,0.00025026892018060955,0.0016215063638122182,0.005450481598659964,0.02031190483759035,0.009398240226582857,0.02012832025066018,0.8250901876639929,3325.8370228666613,1708032.0,nan,nan,0.6974667900146626,0.38225196390866284,24.707916299406044,3.7169169386227927,0.2851513624191284,1.0,9980,0.03218745601543467,0.48010610079575594,0.0010360323247455415,0.02333139490198206,-0.006200487640603214,-0.6058563985265979
large,EvieKF,MRVL,43,0.01,3000.0,0.0010483719053722563,0.00157433558522232,False,,,10000,96.07537317276001,0.009607537317276002,0.0016130050707610255,0.0002,20.00634765625,6000,0.6,0.0011968485487159342,-0.00014847664334367784,0.0016482066258454674,0.004893500125854159,0.03667948190815558,0.009282002650504,0.019215825852006634,0.9569663617481396,3330.718262468625,1708032.0,nan,nan,0.700125577881357,0.3875620083691731,27.865116611671375,3.529986324906349,0.2719467878341675,1.0,9980,0.03237857170062102,0.47745358090185674,0.0010483719053722563,0.02352699905476242,-0.018184758543473567,-0.8098139735319513
large,EvieKF,MRVL,44,0.01,3000.0,0.0010421602498917352,0.0015789001626740715,False,,,10000,96.85466027259827,0.009685466027259827,0.0015934690452303274,0.0003,20.00634765625,3500,0.35,0.00022663061099592596,0.0008155296388958093,0.0016320975554246428,0.003983399139484653,-0.07085263140919028,0.00946947754562425,0.019547414779663083,1.00643185471207,3303.9194923543923,1708032.0,nan,nan,0.6781913713779666,0.3383631232622998,59.83545861672553,3.0780903160572053,0.21583956480026245,1.0,9980,0.0322825068712412,0.4986737400530504,0.0010421602498917352,0.023384518093532987,-0.012151963403523647,-0.32007235692303004
large,EvieKF,MSFT,42,0.01,3000.0,0.0001739534751448051,0.0004344656470599794,False,,,10000,96.12608027458191,0.00961260802745819,0.0016634990421143857,0.0001,20.00634765625,4500,0.45,0.0003437299528741278,-0.00016977647772932266,0.00045129718056408097,0.006944183602711309,-0.0239141174156046,0.006066085981242213,0.015984254609793424,0.7457940626232789,3328.961287986855,1708032.0,nan,nan,0.6204542440421842,0.27820185081595916,15.252881185194202,3.4930388897657396,0.18541280925273895,1.0,9980,0.013189142320287742,0.43915343915343913,0.0001739534751448051,0.010106845507546076,-0.05236047254464804,-1.9259648874382478
large,EvieKF,MSFT,43,0.01,3000.0,0.00023975010429109846,0.0004313841501660941,False,,,10000,96.63692283630371,0.00966369228363037,0.0015953473252032203,0.0002,20.00634765625,750,0.075,0.0006583261783816852,-0.0004185760740905867,0.0004522839935711433,0.00413063539821181,-0.14432068867543407,0.007850184714893111,0.014760092739015816,1.015449397469053,3311.3637169724243,1708032.0,nan,nan,0.7043343080062094,0.3988088277935313,51.84129552854621,2.418391877412796,0.13538680970668793,1.0,9980,0.01548386593493687,0.455026455026455,0.00023975010429109846,0.012702576067081835,-0.45040812110469486,-0.7973038211961238
large,EvieKF,MSFT,44,0.01,3000.0,0.00016506974186216082,0.0004349143024464817,False,,,10000,96.51495909690857,0.009651495909690857,0.001587050582502063,0.0002,20.00634765625,3000,0.3,9.905426850309595e-05,6.601547335906486e-05,0.00046435230395943587,0.0035493789563695857,-0.05198654901863137,0.00756573933917316,0.01557785533368587,0.99315340305134,3315.548211326443,1708032.0,nan,nan,0.7156096920606715,0.3621273602679297,33.40577797022884,2.7253846089045206,0.31328538060188293,1.0,9980,0.012847946990167761,0.4894179894179894,0.00016506974186216082,0.009764835317298848,0.0013831491191435008,0.4682823109186471
large,EvieKF,MSI,42,0.01,3000.0,0.00013330576832963045,0.00029362232204457493,False,,,10000,97.05102849006653,0.009705102849006653,0.0016025242190179229,0.0,20.00634765625,1250,0.125,0.00010235352965537459,3.095223867425587e-05,0.000302589822456414,0.00496856409667269,-0.03322364338693316,0.00529434451637353,0.01188482255674898,0.9442430400848588,3297.234506203641,1708032.0,nan,nan,0.7045943496194292,0.3718435208916725,52.03732852830278,3.4817445884148284,0.35192301869392395,1.0,9980,0.011545811722422571,0.43386243386243384,0.00013330576832963045,0.00824426153980235,-0.11617288200824727,-1.7645861292902725
large,EvieKF,MSI,43,0.01,3000.0,0.0009486323626583846,0.0002930435087699789,False,,,10000,97.09646010398865,0.009709646010398865,0.0015986051770082398,0.0001,20.00634765625,1000,0.1,0.0002472535488777794,0.0007013788137806052,0.000309050944109624,0.004289907343458693,-0.07950382752579585,0.0071240636560032725,0.01514299460686742,1.020699569674307,3295.6917240575553,1708032.0,nan,nan,0.6770514056278127,0.42983350790765357,30.635150383500832,3.3165962388118104,0.33651989698410034,1.0,9980,0.030799876016932026,0.4312169312169312,0.0009486323626583846,0.02246508270344406,-6.94292498713538,-1.1785762976412575
large,EvieKF,MSI,44,0.01,3000.0,0.00012023647429135741,0.000293496887468849,False,,,10000,97.53545379638672,0.009753545379638672,0.001589930476198973,0.0001,20.00634765625,2500,0.25,0.00014049293167772703,-2.0256457386369614e-05,0.0003439545913155465,0.0036589948299127033,-0.012354594599357265,0.00661454778906409,0.01439999616704881,0.9775271395945268,3280.8582678871453,1708032.0,nan,nan,0.6857747660006603,0.302252776644682,65.37676680998618,2.813641232252121,0.27005478739738464,1.0,9980,0.010965239363158354,0.5396825396825397,0.00012023647429135741,0.00760167364090208,-0.006743321867675567,1.1731044242138757
large,EvieKF,MU,42,0.01,3000.0,0.0008924589270637149,0.0007971563136862191,False,,,10000,97.40862250328064,0.009740862250328063,0.0016337899872570975,0.0001,20.00634765625,1500,0.15,0.0006283849361352623,0.00026407399092845266,0.0008197530991591816,0.006204307145255154,0.010626056775644864,0.009713383388673537,0.023287252429872746,0.9844728109152553,3285.130122738597,1708032.0,nan,nan,0.6622949373558445,0.35390058690911824,31.071682643557757,3.2275441030661263,0.24188944697380066,1.0,9980,0.029874051065493526,0.49206349206349204,0.0008924589270637149,0.021655138207491112,-0.0731875335620864,-0.022594133863341838
large,EvieKF,MU,43,0.01,3000.0,0.0008432145314241843,0.0008014040537158753,False,,,10000,97.57043838500977,0.009757043838500977,0.001619341014439987,0.0001,20.00634765625,3500,0.35,0.0008033352787606418,3.9879252663542475e-05,0.0008203076913325484,0.0056633145481954465,0.04747343555590389,0.010654155040168553,0.02359977327287197,0.862765627210438,3279.681892350329,1708032.0,nan,nan,0.6358521915300903,0.37173824831275615,22.607086959936762,3.404230426748593,0.22404010593891144,1.0,9980,0.029038156474269924,0.47883597883597884,0.0008432145314241843,0.020817457683502683,-0.013970834736493964,-0.39887499764978357
large,EvieKF,MU,44,0.01,3000.0,0.0008773698062493057,0.0008021672145125088,False,,,10000,96.35342454910278,0.009635342454910278,0.0015981047940908453,0.0002,20.00634765625,3000,0.3,0.00053236739768181,0.00034500240856749577,0.0008144274952946282,0.004245513569719436,-0.09446543321638909,0.01059003636733978,0.024392237979918716,0.97981285991402,3321.1066601677912,1708032.0,nan,nan,0.6641255156301759,0.3412942301879932,130.34265469331984,2.844694885611534,0.21757164597511292,1.0,9980,0.02962042886673496,0.48412698412698413,0.0008773698062493057,0.021392953458917206,-0.05504276985434431,-0.34861819661674487
large,EvieKF,NOW,42,0.01,3000.0,0.00043858663430289616,0.0006898454609949878,False,,,10000,96.38821291923523,0.009638821291923522,0.0016284748556798837,0.0002,20.00634765625,750,0.075,0.0004515048349276185,-1.2918200624722348e-05,0.0007057017335680678,0.0051138617624896555,-0.015997997924803192,0.011197273562762712,0.02230273019522428,1.07382736088493,3319.9080085459373,1708032.0,nan,nan,0.6164202625194799,0.34526749137199036,35.44793086944833,3.6776306509971617,0.030347954481840134,1.0,9980,0.020942460082399493,0.4634920634920635,0.00043858663430289616,0.014896143050420852,-0.04158844239718529,0.4362915341419413
large,EvieKF,NOW,43,0.01,3000.0,0.0005019634489029172,0.0006901691578755713,False,,,10000,97.90187096595764,0.009790187096595765,0.001760663103477797,0.0015,20.00634765625,1000,0.1,0.0007787554641254246,-0.0002767920152225074,0.0007801738409615996,0.004811880025921192,-0.11711200770132382,0.019513283735950245,0.03214730005711314,1.6121060033545869,3268.579005106758,1708032.0,nan,nan,0.6499303128868424,0.3158904696024324,28.480015113957688,2.9541857928037643,0.007218936458230019,1.0,9980,0.02240454080990988,0.4126984126984127,0.0005019634489029172,0.01681313287644159,-0.1921004563080826,-1.4382468103023338
large,EvieKF,NOW,44,0.01,3000.0,0.00041989064405834867,0.0006886026851690499,False,,,10000,97.05551934242249,0.00970555193424225,0.0016475836066693504,0.0003,20.00634765625,1000,0.1,0.0004222401330480352,-2.3494889896865387e-06,0.0007185199975276254,0.0058414602472232615,-0.0868971903726265,0.010291671200300334,0.02098718415945767,1.0708465436421577,3297.081939987411,1708032.0,nan,nan,0.6579859991599617,0.37498813689971927,32.75255731082839,3.0652546693881355,0.025064809247851372,1.0,9980,0.020491233346442293,0.5047619047619047,0.00041989064405834867,0.014598976619659908,0.0028121978294443073,2.379418443867453
large,EvieKF,NVDA,42,0.01,3000.0,0.0009095972334897077,0.0014714413675768622,False,,,10000,96.73796319961548,0.009673796319961549,0.0016251705821814933,0.0003,20.00634765625,1000,0.1,0.0018556964860181324,-0.0009460992525284248,0.0015149188493292632,0.005644170363647568,-0.03878775096931703,0.009362143344807556,0.018699559848755595,0.8905964857715145,3307.905081066168,1708032.0,nan,nan,0.6941291220057042,0.4416927901050627,66.31416009712615,3.4926181962092713,0.2014828473329544,1.0,9980,0.0301595297292532,0.4535809018567639,0.0009095972334897077,0.02261199648418124,-0.02629304689150569,-1.7776775778100915
large,EvieKF,NVDA,43,0.01,3000.0,0.0009152899501184938,0.0014730141713069035,False,,,10000,96.80045294761658,0.009680045294761658,0.0015969670274757694,0.0003,20.00634765625,2250,0.225,0.0005742987559642643,0.0003409911941542295,0.0014937565430957248,0.0044037682333284076,-0.07608000524916915,0.01117038707095926,0.021208286844193926,0.9395027638704297,3305.769655573487,1708032.0,nan,nan,0.7240853209220715,0.4185064131871947,58.20271181572965,3.3866083929936095,0.17693807184696198,1.0,9980,0.030253759272501884,0.46684350132625996,0.0009152899501184938,0.022767707784339866,-0.03271610456905849,-0.6879297805385375
large,EvieKF,NVDA,44,0.01,3000.0,0.000947053312624573,0.0014732336175852809,False,,,10000,96.14907550811768,0.009614907550811768,0.0016008591115581308,0.0001,20.00634765625,2250,0.225,0.000314358199830167,0.000632695112794406,0.0015079596655097843,0.004613209463028899,-9.59429715381838e-05,0.010921596038973075,0.024627088755369182,0.916301300962051,3328.1651259661153,1708032.0,nan,nan,0.7099792423587706,0.36604467677678026,38.804798296232846,3.552583416302999,0.1900065392255783,1.0,9980,0.03077423130842707,0.4509283819628647,0.000947053312624573,0.023205451864414115,-0.0685545140163013,-1.3370857113954042
large,EvieKF,NXPI,42,0.01,3000.0,0.00045477555803030977,0.0006639652818606045,False,,,10000,96.46996331214905,0.009646996331214904,0.0015974775711231621,0.0,20.00634765625,1000,0.1,0.0006451508816098794,-0.00019037532357956967,0.000670402256299862,0.00463064084838319,0.0014868304191996966,0.008827776849080692,0.020856417249888147,1.0016149891969357,3317.094658412713,1708032.0,nan,nan,0.6825628256751676,0.3245896515192952,48.931829382748084,3.4689444551865263,0.24143438041210175,1.0,9980,0.021325467357840244,0.5013774104683195,0.00045477555803030977,0.016762820157137783,0.007817314482410853,1.1027567509459408
large,EvieKF,NXPI,43,0.01,3000.0,0.0004729505412834735,0.0006595955780856517,False,,,10000,97.18755435943604,0.009718755435943603,0.0016202226882644879,0.0002,20.00634765625,3250,0.325,0.0007139662920963019,-0.00024101575081282844,0.000681065710585758,0.005383656625759682,0.007643675297682936,0.009498402031429577,0.02216896312311289,1.0321310180499572,3292.6026599714605,1708032.0,nan,nan,0.7097808699862009,0.3940917153838905,39.535102483793324,3.3716294576724364,0.10803598165512085,1.0,9980,0.021747426084101847,0.465564738292011,0.0004729505412834735,0.017296746414226606,-0.03183500054406929,0.196465152401869
large,EvieKF,NXPI,44,0.01,3000.0,0.0004536579709407712,0.0006654885757035314,False,,,10000,96.24522519111633,0.009624522519111634,0.00159456442889023,0.0003,20.00634765625,1500,0.15,0.0004813112609554082,-2.7653290014637022e-05,0.0006764598210838433,0.004281499516902453,-0.0033287226438714493,0.010014362888520555,0.021902650035917758,0.9644220833991753,3324.840264694365,1708032.0,nan,nan,0.600919165892042,0.2943033452118562,44.14896426012449,3.21851204931736,0.2583688795566559,1.0,9980,0.021299248130879436,0.512396694214876,0.0004536579709407712,0.01673357151756602,0.010255551410975672,1.2486061750449131
large,EvieKF,ORCL,42,0.01,3000.0,0.0004362501795329745,0.0003220796071249863,False,,,10000,96.43590235710144,0.009643590235710145,0.0016164965450834819,0.0002,20.00634765625,2250,0.225,0.00010762408783193678,0.0003286260917010377,0.00035664341704809595,0.005442377735448539,0.025227912675740073,0.006149025270263155,0.012951204786077135,0.9051791036626785,3318.2662491718315,1708032.0,nan,nan,0.6860371045937742,0.33266583213276324,41.702782254936096,3.3313731461763383,0.3150636553764343,1.0,9980,0.02088660287200804,0.5558510638297872,0.0004362501795329745,0.012951723482242968,0.0012309496796182318,0.5339487949585194
large,EvieKF,ORCL,43,0.01,3000.0,0.0004365411463868681,0.00032175342189222177,False,,,10000,95.89899158477783,0.009589899158477784,0.0016051866073080498,0.0001,20.00634765625,3500,0.35,0.0001942916860571131,0.000242249460329755,0.00036535027483722054,0.004424573327360723,0.005005285440328242,0.007181416994363826,0.01389783266931772,0.9274175672172553,3336.84426407247,1708032.0,nan,nan,0.7030711424662128,0.4000720373101616,29.504837562016423,2.8458099325497943,0.33084720373153687,1.0,9980,0.02089356710537643,0.5558510638297872,0.0004365411463868681,0.0128941018745382,0.0005647982326454359,0.6632945307738206
large,EvieKF,ORCL,44,0.01,3000.0,0.0004397225048806932,0.000323118755608718,False,,,10000,96.49405884742737,0.009649405884742737,0.0015971590928232685,0.0002,20.00634765625,3000,0.3,0.00011520145199028775,0.00032452105289040547,0.0003489743555102115,0.004274013023465877,0.038310203244069176,0.007225834980502259,0.014604034321382629,0.9779984745040996,3316.266346573435,1708032.0,nan,nan,0.6184427913594851,0.33514882661929274,27.761117088356116,2.921997888882955,0.18259288370609283,1.0,9980,0.020969561389802438,0.5186170212765957,0.0004397225048806932,0.012957514909209399,-0.006718734360986911,-0.12694996305428194
large,EvieKF,PANW,42,0.01,3000.0,0.0008277028419409588,0.000639539985611035,False,,,10000,96.48334407806396,0.009648334407806396,0.0016392564714830305,0.0,20.00634765625,1000,0.1,0.0003295622445875779,0.000498140597353381,0.0006904929065778564,0.0069831998947347,-0.044706475429641714,0.008401534922509018,0.018767106346786022,0.5860801770636617,3316.6346280565313,1708032.0,nan,nan,0.715765312447309,0.3547024550651038,30.815923571205207,4.001876416802406,0.31249064207077026,1.0,9980,0.028769825198303844,0.4554140127388535,0.0008277028419409588,0.01778842385407466,-0.04009990298804911,-1.4011953319212136
large,EvieKF,PANW,43,0.01,3000.0,0.000843322580787027,0.0006314358010459631,False,,,10000,96.0200126171112,0.00960200126171112,0.001621044376195096,0.0002,20.00634765625,3250,0.325,0.0005324644153006375,0.00031085816548638947,0.0006638754367037352,0.0054531315616224065,-0.04047572512937549,0.009958402215674868,0.021857572346925733,0.9059286359764552,3332.638595623081,1708032.0,nan,nan,0.618269482127603,0.33478872855149344,34.35633649214843,3.7446890592575075,0.14091600477695465,1.0,9980,0.029040016886824067,0.4426751592356688,0.000843322580787027,0.018252096358378222,-0.059727827449921556,-1.5251007749449563
large,EvieKF,PANW,44,0.01,3000.0,0.0008368445619656022,0.0006319847160254043,False,,,10000,95.85122799873352,0.009585122799873351,0.001599807001591028,0.0003,20.00634765625,2500,0.25,0.0014064045972190797,-0.0005695600352534775,0.0006919443177641722,0.004492070291403098,-0.1567138095797267,0.009503283623352763,0.018691646121442317,0.9694015819227578,3338.5070455667833,1708032.0,nan,nan,0.6121114174847581,0.3634270642353224,24.71383690649386,3.465898851553599,0.16161306202411652,1.0,9980,0.028928265796027287,0.44904458598726116,0.0008368445619656022,0.018163743292450147,-0.05158748238125099,-1.3769000542722354
large,EvieKF,PTC,42,0.01,3000.0,0.00024354158255158277,0.00045378691954068857,False,,,10000,95.81447172164917,0.009581447172164918,0.0015943671410409387,0.0001,20.00634765625,750,0.075,0.00027299880457576364,-2.9457222024180873e-05,0.00046447210106599624,0.004304767345736382,-0.07573315764151752,0.007572496483598661,0.01587793119251726,0.9878411640766764,3339.7877611811364,1708032.0,nan,nan,0.6854042969432443,0.38122305664909756,41.77147410463282,3.6295643915732705,0.1420462429523468,1.0,9980,0.015605818868344678,0.46419098143236076,0.00024354158255158277,0.012641537126409945,-0.3910139140658897,-0.8123563159323363
large,EvieKF,PTC,43,0.01,3000.0,0.00035398638753033186,0.000460643429971184,False,,,10000,96.06562900543213,0.009606562900543214,0.0015979679960163857,0.0032,20.00634765625,2750,0.275,0.00041077923378907144,-5.679284625873958e-05,0.00048662952524881285,0.0034612168270573723,-0.19221666066424364,0.024593395237851656,0.025580875016748904,1.927347928779407,3331.056105216417,1708032.0,nan,nan,0.7570818473466465,0.38648084024190466,26.48733385814476,4.328568062186241,0.010511471889913082,1.0,9980,0.018814525971449076,0.46419098143236076,0.00035398638753033186,0.015863873971202386,-1.0218312835358212,-0.8123563159323363
large,EvieKF,PTC,44,0.01,3000.0,0.00020445335321325474,0.0004543603178044529,False,,,10000,96.83903694152832,0.009683903694152831,0.0016306402261063802,0.0014,20.00634765625,500,0.05,0.00022103423543740064,-1.6580882224145904e-05,0.0004884291635089558,0.003937103293736093,-0.07798145213196121,0.013064198283132282,0.023825253080576612,1.2388175004559752,3304.452523554286,1708032.0,nan,nan,0.6547179446901911,0.2240103347607345,37.01089134450627,3.088626093665759,0.005299756769090891,1.0,9980,0.014298718586406781,0.46419098143236076,0.00020445335321325474,0.0113167094175147,-0.16775729268667772,-0.8123563159323363
large,EvieKF,PYPL,42,0.01,3000.0,0.0004491110642751058,0.0005465300143265925,False,,,10000,95.53920769691467,0.009553920769691467,0.0016784773029796857,0.0,20.00634765625,5000,0.5,0.0003614563902374357,8.765467403767008e-05,0.0005667033892039003,0.00821625177153577,-0.008131680760077614,0.008328838811497917,0.017694584839046,0.7579149498055864,3349.41023391315,1708032.0,nan,nan,0.6902120854973353,0.44599999369037496,18.79560565675139,4.184842960039775,0.09218498319387436,1.0,9980,0.021192240661975923,0.525,0.0004491110642751058,0.015402480959892273,-0.0064576757974452725,1.035948198871705
large,EvieKF,PYPL,43,0.01,3000.0,0.00045320885255932807,0.000545448052282093,False,,,10000,96.47235655784607,0.009647235655784608,0.0016225210099141706,0.0002,20.00634765625,500,0.05,0.0029757842421531677,-0.00252257538959384,0.0005986681571232299,0.005270068834437203,-0.07828349498602027,0.009149126031875494,0.021899464167654512,0.8747134656101051,3317.0123693218156,1708032.0,nan,nan,0.5988248638183992,0.32346056241242827,16.3282614928529,4.242742974559466,0.04289696738123894,1.0,9980,0.021288702463027852,0.45416666666666666,0.00045320885255932807,0.015524872144063314,-0.01564081734196554,-0.9706260972933541
large,EvieKF,PYPL,44,0.01,3000.0,0.00046234047040343284,0.0005434448478602562,False,,,10000,95.76842379570007,0.009576842379570008,0.0015938685295409083,0.0005,20.00634765625,750,0.075,0.0003151610435452312,0.0001471794268582016,0.0006160094203863696,0.003724253269285438,-0.03278502944206405,0.012658861561855883,0.02946646800264716,1.159172497250594,3341.3936171973182,1708032.0,nan,nan,0.7064712017646174,0.3890097270492179,36.36611322130519,2.7543996304273604,0.02782469429075718,1.0,9980,0.021502103859935028,0.44166666666666665,0.00046234047040343284,0.015641233325004576,-0.036104768472811744,-2.1528068794862514
large,EvieKF,QCOM,42,0.01,3000.0,0.0005038506376049506,0.0007271796702073803,False,,,10000,95.75642490386963,0.009575642490386962,0.0016026600900867947,0.0003,20.00634765625,2500,0.25,0.00016622117982478812,0.0003376294577801625,0.000748883771432595,0.004571969365667182,0.038482000378008294,0.007842381033034326,0.015943448431789874,1.0016595935330668,3341.8123151657933,1708032.0,nan,nan,0.6895023205834457,0.41318096979406077,52.72446430967383,3.3075463821490607,0.2024606615304947,1.0,9980,0.022446617509213958,0.4603174603174603,0.0005038506376049506,0.01634793685226844,-0.004969708406556084,0.09490247221513075
large,EvieKF,QCOM,43,0.01,3000.0,0.0005094468908965903,0.0007243261571271983,False,,,10000,95.68118262290955,0.009568118262290955,0.001598941555852435,0.0003,20.00634765625,5250,0.525,0.0003366923046996817,0.00017275458619690862,0.0007612287586727556,0.00429987231550156,-0.03801162374263356,0.008820783458446385,0.01922222413122653,1.0069537245899833,3344.440267436456,1708032.0,nan,nan,0.6628141210905079,0.3776920685405725,21.132564864094096,3.0882443835337954,0.25844836235046387,1.0,9980,0.022570930217795417,0.4603174603174603,0.0005094468908965903,0.016459094153510198,-0.016131875562684472,-0.4028577891873603
large,EvieKF,QCOM,44,0.01,3000.0,0.0006378266231092827,0.0007288925527577691,False,,,10000,95.76334023475647,0.009576334023475647,0.0015919359463383341,0.0001,20.00634765625,1000,0.1,0.0001484612985223066,0.0004893653245869761,0.000752407574275801,0.003989017106493482,-0.038953087130090124,0.008055778608632682,0.017411623522639263,1.0109472335620933,3341.5709938223185,1708032.0,nan,nan,0.6867566230483224,0.361822735843594,52.154484730750696,2.8413025180498757,0.04835212230682373,1.0,9980,0.025255229619017182,0.47619047619047616,0.0006378266231092827,0.019137677692231677,-0.2721953444120757,-0.5216984697452729
large,EvieKF,ROP,42,0.01,3000.0,0.00011264854086139214,0.000217798296905639,False,,,10000,96.72962212562561,0.009672962212562562,0.0016429536857778652,0.0,20.00634765625,500,0.05,0.00016106682596728206,-4.8418285105889916e-05,0.00022911650971685924,0.006785388392830894,-0.034844199061455146,0.005229784936053329,0.01270194393582642,0.6028886711346512,3308.1903244117566,1708032.0,nan,nan,0.6619265626786602,0.38547495210436833,25.140770964967384,4.043385425209999,0.21806767582893372,1.0,9980,0.010613601691291798,0.5119363395225465,0.00011264854086139214,0.0075082772623294245,-0.019705418771595706,-0.12371965216705076
large,EvieKF,ROP,43,0.01,3000.0,0.00011274325981657341,0.00021707790283688816,False,,,10000,97.13454723358154,0.009713454723358154,0.0016012330146721874,0.0002,20.00634765625,2750,0.275,0.00023347820751951076,-0.00012073494770293735,0.0002266194508982655,0.00449049971475283,-0.13756627985039455,0.005486917515692767,0.011199410585686555,0.8961127652798977,3294.3994604771165,1708032.0,nan,nan,0.6641579709642021,0.32024326234975103,33.559502662168555,3.1973359594742456,0.3295418322086334,1.0,9980,0.01061806290321231,0.47214854111405835,0.00011274325981657341,0.007555035686997509,-0.020562823857539714,-0.34939882303885167
large,EvieKF,ROP,44,0.01,3000.0,0.00012490562306194709,0.00021715072880373076,False,,,10000,96.42946147918701,0.009642946147918701,0.0015850451503583302,0.0002,20.00634765625,1750,0.175,5.1067621825495735e-05,7.383800123645135e-05,0.00024031428236998012,0.0033854093485557865,0.05158600773710299,0.006800724318843277,0.014440926862880581,0.98611227009142,3318.4878883624965,1708032.0,nan,nan,0.6603062338092703,0.32370651430047426,88.91236335254762,2.875492885708809,0.14832597970962524,1.0,9980,0.011176118425551293,0.47214854111405835,0.00012490562306194709,0.00786252879591846,-0.130657704905631,-0.4996463142176813
large,EvieKF,SNOW,42,0.01,3000.0,0.0016142155872572452,0.0007261379021350469,False,,,10000,97.01588463783264,0.009701588463783264,0.001616359734622457,0.0002,20.00634765625,500,0.05,0.001928573241457343,-0.0003143576542000979,0.0008038738525987899,0.005274614104656763,-0.10315708656865397,0.012229879635665566,0.030270572099834678,1.0105417990542542,3298.428924238369,1708032.0,nan,nan,0.7740131614382333,0.5520165285565443,50.070290425321545,4.860207364956538,0.12211471796035767,1.0,9980,0.040177301891207745,0.4954128440366973,0.0016142155872572452,0.02279514785206646,-0.09202273389790139,0.034578191343920726
large,EvieKF,SNOW,43,0.01,3000.0,0.001523813659991693,0.000675665789118437,False,,,10000,96.89956784248352,0.009689956784248352,0.0016355842865464656,0.0001,20.00634765625,2750,0.275,0.001288538915105164,0.00023527474488652892,0.0007829510278976595,0.006289245563812833,-0.06693228433334078,0.012914100212417543,0.026069941092282528,0.897005141456295,3302.388309101446,1708032.0,nan,nan,0.7436990871272051,0.4687176600518907,45.819769135636946,4.544464028875033,0.06503452360630035,1.0,9980,0.03903605589697418,0.5963302752293578,0.001523813659991693,0.022126755583176918,-0.030865500290767844,1.2590169457848839
large,EvieKF,SNOW,44,0.01,3000.0,0.0016795893054489695,0.0006932272253749527,False,,,10000,96.01370620727539,0.009601370620727539,0.001611738661630202,0.0001,20.00634765625,6750,0.675,0.0015260804211720824,0.00015350888427688707,0.0007815588334396307,0.00491712157883141,-0.1504711856352088,0.015065069992002099,0.029120215028524393,1.0592681345764015,3332.857491295885,1708032.0,nan,nan,0.6824992516097363,0.4089368127775905,50.425854211788916,4.625061184167862,0.09227678179740906,1.0,9980,0.04098279279708704,0.5688073394495413,0.0016795893054489695,0.02523708124773218,-0.1362482927565527,1.0396549528466488
large,EvieKF,TEL,42,0.01,3000.0,0.0001658320663467286,0.00036348117915641727,False,,,10000,96.02870774269104,0.009602870774269103,0.0017551978133274846,0.0044,20.00634765625,500,0.05,0.0001548305772303138,1.1001489116414808e-05,0.0007746010838354039,0.004057955534971869,-0.12491198057868858,0.09472627733547125,0.06709089577197999,2.77806739275371,3332.336834704057,1708032.0,nan,nan,0.7142339387212051,0.17366455138408898,26.933622750100813,5.851620229085286,0.006217423360794783,1.0,9980,0.012877579987976336,0.5,0.0001658320663467286,0.00974123440091572,-0.007641410101105084,0.15036013081822847
large,EvieKF,TEL,43,0.01,3000.0,0.0001748180184414778,0.00035592743667430525,False,,,10000,96.91664218902588,0.009691664218902588,0.0021853068995107364,0.0029,20.00634765625,2250,0.225,0.0001984060727409087,-2.3588054299430924e-05,0.0005190544368044613,0.004805484570723382,-0.13361713564117914,0.05776760951440083,0.037958708032965624,2.3697042786550844,3301.8065088952744,1708032.0,nan,nan,0.7115397170668686,0.18093589373196167,20.574077617872195,4.24842309653759,0.005091396626085043,1.0,9980,0.013221876509840719,0.5079787234042553,0.0001748180184414778,0.010013104746581385,-0.06224253544029179,0.22250935198458954
large,EvieKF,TEL,44,0.01,3000.0,0.00016533995352724872,0.0003600076275731904,False,,,10000,96.0010666847229,0.00960010666847229,0.0016885880918138714,0.0029,20.00634765625,500,0.05,0.00014192454909789376,2.341540442935496e-05,0.0004621799228256725,0.003906042669698239,-0.09187363134752569,0.06973746020381222,0.028002021368592967,2.2064529087050135,3333.296296080876,1708032.0,nan,nan,0.7352338561151881,0.34410278078415085,20.24218800577291,5.265735243757566,0.004679676610976458,1.0,9980,0.012858458442879096,0.5053191489361702,0.00016533995352724872,0.009708304253835526,-0.004651196770995902,-0.07953366749030216
large,EvieKF,TSLA,42,0.01,3000.0,0.0013645568180605363,0.0015588828962143154,False,,,10000,96.66094064712524,0.009666094064712524,0.0016196650979637154,0.0001,20.00634765625,500,0.05,0.001308125734794885,5.6431083265651334e-05,0.0016242032788869245,0.00543898507850995,-0.052641483379938465,0.01378772692696657,0.029549936763942238,1.0108612871469451,3310.54092643487,1708032.0,nan,nan,0.7352303670780052,0.540288819389894,45.535035184361625,4.097613000869751,0.12362153828144073,1.0,9980,0.03693990820319585,0.5327868852459017,0.0013645568180605363,0.026582566766791004,-0.0072533229470577165,0.9994928664623185
large,EvieKF,TSLA,43,0.01,3000.0,0.0013543683323052412,0.0015566837297726983,False,,,10000,95.8632881641388,0.009586328816413879,0.0016504882717489357,0.0002,20.00634765625,7500,0.75,0.001174700097180903,0.0001796682351243382,0.0017012257554215383,0.007053125274371161,0.009578503760798843,0.013120547453952896,0.02854476040229201,0.693494820649683,3338.08704174731,1708032.0,nan,nan,0.6776907501980861,0.373628840823351,27.569660294693325,3.879416471719741,0.14319966733455658,1.0,9980,0.03680174360414519,0.5027322404371585,0.0013543683323052412,0.026487126376459506,0.0002673504298162932,-0.8375209794937016
large,EvieKF,TSLA,44,0.01,3000.0,0.0013628554800169065,0.001559485474677935,False,,,10000,99.90912890434265,0.009990912890434266,0.0016144557417859292,0.0002,20.00634765625,1500,0.15,0.0018713183235377073,-0.0005084628435208008,0.001603235526800072,0.005314411245918207,-0.0075194870945081635,0.01193477390640328,0.02510702181607484,0.8426398098334533,3202.9105198823418,1708032.0,nan,nan,0.6978665657825417,0.3654022311699797,46.122698504220935,3.769912284612656,0.17888285219669342,1.0,9980,0.036916872565493766,0.4890710382513661,0.0013628554800169065,0.02653129765244781,-0.005997473153761312,-0.31993168993854176
large,EvieKF,TXN,42,0.01,3000.0,0.0002638061762486816,0.00035066455997902137,False,,,10000,97.31725072860718,0.009731725072860718,0.0016168159322962924,0.0001,20.00634765625,1500,0.15,0.00011528544200700708,0.00014852073424167453,0.00036764085254304015,0.005578912995568752,-0.032918727389129626,0.005995097407085268,0.014676782861351961,0.8152013981291147,3288.214551933838,1708032.0,nan,nan,0.6842345260378137,0.36212715812522533,30.282315082048047,3.2039446413516997,0.1764797419309616,1.0,9980,0.016242111200477652,0.5,0.0002638061762486816,0.012447246168025587,0.00451796665839832,-0.04120910174277959
large,EvieKF,TXN,43,0.01,3000.0,0.0002595862501828128,0.0003529699316707783,False,,,10000,96.09732842445374,0.009609732842445373,0.0015889746944782724,0.0002,20.00634765625,2500,0.25,0.0002924219297710806,-3.2835679588267815e-05,0.0003736979941693259,0.0037636127970993825,-0.0016024058580503115,0.007672643415039056,0.01569244340062139,0.9964032282786276,3329.957296904105,1708032.0,nan,nan,0.7322555677211237,0.4298632522308496,54.88280684784279,2.0422367960214616,0.16644781827926636,1.0,9980,0.016111680551165755,0.5608465608465608,0.0002595862501828128,0.012342780986160198,0.020442008469467532,2.1094438952133188
large,EvieKF,TXN,44,0.01,3000.0,0.0002625384737574865,0.0003508300537772141,False,,,10000,97.79047989845276,0.009779047989845276,0.0015878551173743908,0.0002,20.00634765625,2250,0.225,6.887712515890598e-05,0.00019366134859858053,0.00037871661870842653,0.0036305368027084437,-0.05350918819866327,0.0070064365921047285,0.015276870224624872,0.9917709787731087,3272.30217432508,1708032.0,nan,nan,0.6477406999683668,0.3404868694949254,29.565544141746887,2.136446884274483,0.1922437697649002,1.0,9980,0.01620303902845039,0.5185185185185185,0.0002625384737574865,0.012436420198470827,0.00930168731100911,0.484009885514243
large,EvieKF,TYL,42,0.01,3000.0,0.00024562157572261873,0.0005567164730962455,False,,,10000,97.41440653800964,0.009741440653800964,0.0016045832550641227,0.0003,20.00634765625,750,0.075,0.00015360188263002783,9.20196930925909e-05,0.0005734997432766857,0.004777152162220726,-0.02295854244544077,0.007923310123578267,0.016647538635879748,1.0031629906209496,3284.935066305011,1708032.0,nan,nan,0.5537218288536477,0.30217596919120043,37.369112738590395,3.7501445392767585,0.0453023836016655,1.0,9980,0.01567231877300289,0.4894179894179894,0.00024562157572261873,0.010666459956497112,-0.09473138341376552,-0.9111216109985153
large,EvieKF,TYL,43,0.01,3000.0,0.00023782919481317834,0.0005599907364706145,False,,,10000,97.38124513626099,0.009738124513626099,0.0015916804816517248,0.0009,20.00634765625,1000,0.1,0.00019963002705480903,3.819916775836931e-05,0.0005828378362160414,0.0032973570112420645,0.01933814957615489,0.010290346492412209,0.01620623227208852,1.525426611657615,3286.053690854323,1708032.0,nan,nan,0.7416435190922008,0.4066951579089027,31.421664320788903,3.4944954315821333,0.013977445662021637,1.0,9980,0.015421711799057145,0.4894179894179894,0.00023782919481317834,0.010415257600249438,-0.06000086795321691,-0.8769415672196998
large,EvieKF,TYL,44,0.01,3000.0,0.0002669755310293228,0.0005582953242471427,False,,,10000,96.26122522354126,0.009626122522354126,0.001588519757517723,0.0011,20.00634765625,1750,0.175,0.0003915257620974444,-0.00012455023106812158,0.0005719247980684696,0.003508482376259025,-0.03197526389368931,0.012895376585476334,0.017760081961750985,1.1620280823821345,3324.287627306681,1708032.0,nan,nan,0.6449183561680112,0.37473580831740255,40.614718136823875,2.6936788856983185,0.040964048355817795,1.0,9980,0.016339385882869737,0.4973544973544973,0.0002669755310293228,0.011205731245575758,-0.18990561623712066,-1.0857644183087467
large,EvieKF,UBER,42,0.01,3000.0,0.0007513538002967834,0.0004776595029192911,False,,,10000,96.28040790557861,0.009628040790557861,0.0016248787842816728,0.0001,20.00634765625,1500,0.15,0.0006581923516932875,9.316144860349596e-05,0.0009070984284642717,0.005224836889467744,0.014827014228205319,0.01228247627824312,0.026651156600564708,1.0916638875195905,3323.625304057927,1708032.0,nan,nan,0.6720074439810778,0.4549239502305257,28.687864214017587,2.8255980829397838,0.038563430309295654,1.0,9980,0.027410833630095666,0.475177304964539,0.0007513538002967834,0.019187625025359676,-0.0785162648575699,-0.05251475493370582
large,EvieKF,UBER,43,0.01,3000.0,0.0008326451963102313,0.0008761445191544546,False,,,10000,95.8876211643219,0.00958876211643219,0.0016549003647382354,0.0001,20.00634765625,3000,0.3,0.0009589802357368171,-0.0001263350394265858,0.0037992752337765723,0.0062139266377900255,0.0662663137969062,0.012252728284103795,0.02272840421646833,1.0277071875498112,3337.2399493738444,1708032.0,nan,nan,0.7700440541263152,0.6334018587995264,54.59811637544958,3.4004736999670664,0.06394421309232712,1.0,9980,0.028855592115051655,0.5390070921985816,0.0008326451963102313,0.02028836834598595,-0.19520442529390536,0.6682097378380286
large,EvieKF,UBER,44,0.01,3000.0,0.0007307988027451743,0.000541709153585031,False,,,10000,96.82295393943787,0.009682295393943786,0.0016071652604077434,0.0001,20.00634765625,9500,0.95,0.0013378025614656508,-0.0006070037587204765,0.0010174657327468408,0.004780821716645676,0.037068525650520684,0.012730915870156605,0.02842135932296513,1.2035268784386022,3305.001417330832,1708032.0,nan,nan,0.72111482857102,0.442588913975111,76.04898255948333,3.450919011235237,0.07718036323785782,1.0,9980,0.02703329063849191,0.5531914893617021,0.0007307988027451743,0.017633609368767535,-0.04901099160978539,0.2957045607034649
large,EvieKF,WDAY,42,0.01,3000.0,0.00042805085321525476,0.0006308641515259634,False,,,10000,97.0922269821167,0.00970922269821167,0.0016303288011871443,0.0001,20.00634765625,1000,0.1,0.0012515402268036269,-0.0008234893735883721,0.0006492543742490036,0.006577074403521158,-0.01699278566668571,0.007563170486265153,0.02149488022550937,0.9850749059920281,3295.835412848656,1708032.0,nan,nan,0.6902250348744008,0.30342815565505765,26.721484374245914,3.306128627061844,0.2073362022638321,1.0,9980,0.020689389870541246,0.5162337662337663,0.00042805085321525476,0.013134962552553647,-0.033468304543174066,0.5183091887521607
large,EvieKF,WDAY,43,0.01,3000.0,0.0010753361048636498,0.0006316805118846583,False,,,10000,96.5988130569458,0.00965988130569458,0.001599005738308622,0.0001,20.00634765625,1500,0.15,0.000372387861716561,0.0007029482431470887,0.0006468165390505226,0.00465333990318922,0.05008761499310308,0.00859281488484121,0.017823112104088067,0.9848625814001793,3312.6701030100376,1708032.0,nan,nan,0.7439224857082435,0.393858074718557,45.04984325183754,3.624816617369652,0.18314547836780548,1.0,9980,0.03279231777205829,0.5032467532467533,0.0010753361048636498,0.01490620823649617,-1.5962470878399175,-0.28847535298397314
large,EvieKF,WDAY,44,0.01,3000.0,0.00042320033172508337,0.0006280507443393869,False,,,10000,96.48476839065552,0.009648476839065551,0.0015907379622962356,0.0003,20.00634765625,2000,0.2,0.0004713847883976996,-4.8184456672616225e-05,0.0006507931608987673,0.003927446604621585,-0.11804540690114217,0.009852717664375087,0.019854328595101816,1.009991017456022,3316.5856677435086,1708032.0,nan,nan,0.6803817624546626,0.4784436491863809,73.34910414195267,3.562943148612976,0.1574639081954956,1.0,9980,0.0205718334556034,0.5064935064935064,0.00042320033172508337,0.01302491689657236,-0.021757405749388115,0.22013147496037386
