opt,unit,seed,lr_used,knob_used,primary,best_val_primary,diverged,fail_reason,steps_run,wall_s,sec_per_step,mean_step_size,clip_freq,peak_mem_mb,hess_norm,hess_cv,n_params,steps_to_best_val,steps_to_90pct_best,frac_budget_to_90pct_best,wallclock_to_90pct_best_s,train_loss_at_25pct,train_loss_at_50pct,train_loss_at_75pct,final_train_loss,gen_gap_loss,auc_val_curve,update_weight_ratio,update_cos_sim_sampled,grad_norm_mean,grad_norm_p95,weight_norm_start,weight_norm_end,weight_norm_growth,throughput_samples_per_s,flops_per_step_est,total_flops_est,hess_trace,hess_top_eig,eviekf_cos_mean,eviekf_cos_min,eviekf_b_simple_mean,eviekf_tr_sigma_mean,eviekf_eff_rank_mean,eviekf_gain_lo_min,eviekf_gain_hi_max,eviekf_n_active_steps,rmse,dir_acc,test_loss,mae,r2,sign_sharpe
EvieDiagAbs,AAPL,42,0.01,3.0,0.00019005197223532136,0.0003967972902151254,False,,10000,59.19974112510681,0.005919974112510681,0.0015890701981734077,0.0001,17.525390625,nan,nan,2497,1500,1500,0.15,9.018634796142578,0.0003291486132260269,0.0003179248640370156,0.0003122987016362044,0.00019774171960307285,-7.689747367751494e-06,0.0004271807872802313,0.0027882213082944278,-0.03312075110933723,0.007555246731562511,0.01674433397129177,7.192625308173382,6.994354054227426,0.9724340911070886,5405.429042734224,460800.0,4608000000.0,nan,nan,0.9999966131248386,0.999990646980041,84.50784982099175,0.00902901736931092,0.0,1.0,1.0,9980,0.013785933854306764,0.44297082228116713,0.00019005197223532136,0.010285891553081532,-0.04633501566818787,-0.8917768795491037
EvieDiagAbs,AAPL,43,0.01,3.0,0.00018208355657638064,0.00039759262487173714,False,,10000,58.88214135169983,0.005888214135169983,0.0015870662088474303,0.0001,17.525390625,nan,nan,2497,9750,500,0.05,3.0453145503997803,0.0003406497648377222,0.00031866583365778103,0.0003214068017860437,0.00015413882647408172,2.794473010229892e-05,0.00043483758320542805,0.0025644904283122104,-0.059410167529493525,0.007874337527371973,0.01702887853607534,7.239556148304201,6.574375274068272,0.9081185558051453,5434.584963353445,460800.0,4608000000.0,nan,nan,0.999997973191564,0.9999925129998696,54.13262266178877,0.005024988782002282,0.0,1.0,1.0,9980,0.013493834020632558,0.5278514588859416,0.00018208355657638064,0.009961466940622481,-0.0024647404730178124,-0.01524726810358952
EvieDiagAbs,AAPL,44,0.01,3.0,0.0002018818385386593,0.00039635444509571996,False,,10000,59.37412357330322,0.005937412357330322,0.0015915040486058631,0.0001,17.525390625,nan,nan,2497,6750,6750,0.675,39.92081069946289,0.0003381816838651183,0.00033060075956268023,0.00031892424568137845,0.00016263057477772236,3.925126376093694e-05,0.0004447371148660963,0.0028569874304980717,0.02174970740673941,0.009166963416185172,0.019169323798269033,7.383611064693213,6.976202651334368,0.9448226064740894,5389.55323870892,460800.0,4608000000.0,nan,nan,0.9999987403018367,0.9999969277244716,22.856988513636416,0.007482818800649227,0.0,1.0,1.0,9980,0.014208512889766448,0.4403183023872679,0.0002018818385386593,0.010881353307653356,-0.11146458627074551,-0.8184087983404611
EvieDiagAbs,AAPL,45,0.01,3.0,0.00019670031452305103,0.00039604551279892657,False,,10000,59.14803504943848,0.005914803504943848,0.0015859356867319516,0.0,17.525390625,nan,nan,2497,3500,1500,0.15,8.848267078399658,0.0003196070374918502,0.0003363127488624207,0.00029628056702030094,0.00021848584583494812,-2.178553131189709e-05,0.00040646403215129805,0.0025056359062547626,-0.015774729478065793,0.007532267931988099,0.01669025961309671,7.37746317188219,7.007445376123416,0.9498448467802554,5410.154364934189,460800.0,4608000000.0,nan,nan,0.9999961288720474,0.9999910720567751,52.46729617560351,0.010427049209172168,0.0,1.0,1.0,9980,0.0140249889312987,0.4403183023872679,0.00019670031452305103,0.01065592538742792,-0.08293759995069006,-0.8184087983404611
EvieDiagAbs,AAPL,46,0.01,3.0,0.0001906653639500734,0.0003962249591432769,False,,10000,59.246307134628296,0.00592463071346283,0.0015873335695775154,0.0002,17.525390625,nan,nan,2497,2750,1750,0.175,10.353724479675293,0.0003169251835339536,0.00032717052678497247,0.00033299196376143436,0.00023210088693303987,-4.143552298296646e-05,0.0004283865038484146,0.002506016499178902,-0.16088753800460687,0.008328551411374792,0.02038810858502984,7.301230860173851,7.030190761818076,0.9628774786681213,5401.180520379916,460800.0,4608000000.0,nan,nan,0.9999971777789716,0.9999919685339383,121.89363703756752,0.0063845165186546815,0.0,1.0,1.0,9980,0.013808162946245725,0.4403183023872679,0.0001906653639500734,0.010412576337340017,-0.04971205628458897,-0.8184087983404611
EvieDiagAbs,AAPL,47,0.01,3.0,0.00019156481459657983,0.0003961731015212972,False,,10000,59.50624704360962,0.005950624704360962,0.0015975826289025765,0.0,17.525390625,nan,nan,2497,2250,1500,0.15,9.104568243026733,0.00033179555483788214,0.000314383580044491,0.0003087064256193792,0.00021318922517821193,-2.1624410581632097e-05,0.00041223952227090237,0.0030324981254963154,0.019485335311041397,0.0068878774506141785,0.017813825886696572,7.396284746891401,6.917839979732234,0.9353128248124501,5377.586655153794,460800.0,4608000000.0,nan,nan,0.9999948934246614,0.9999856681098757,90.36119488494802,0.007357875842901507,0.0,1.0,1.0,9980,0.013840694151543839,0.4403183023872679,0.00019156481459657983,0.010488580774377894,-0.054664000193593854,-0.8184087983404611
EvieDiagAbs,AAPL,48,0.01,3.0,0.00018520846411033913,0.00039664013632412617,False,,10000,58.9715895652771,0.00589715895652771,0.0015937501358123283,0.0,17.525390625,nan,nan,2497,7500,1500,0.15,8.812760353088379,0.0003249199812386187,0.0003273340321608029,0.00030267719200786805,0.00013255464364192449,5.265382046841464e-05,0.00042034056242133515,0.0029617626206943255,-0.077299176083936,0.00787066727103047,0.018850277084857224,7.398592567631463,6.2877063990346,0.8498516902448523,5426.341775064146,460800.0,4608000000.0,nan,nan,0.9999974294822799,0.9999903144734148,42.400661421154666,0.006315225990609896,0.0,1.0,1.0,9980,0.013609131644243109,0.4403183023872679,0.00018520846411033913,0.010199662869569486,-0.019668982739220464,-0.8184087983404611
EvieDiagAbs,AAPL,49,0.01,3.0,0.00018344583019377694,0.00039648282433062083,False,,10000,58.87207269668579,0.005887207269668579,0.0015886914108211884,0.0,17.525390625,nan,nan,2497,4000,1000,0.1,5.867661237716675,0.00031243869835256426,0.00032268659125372185,0.00032040191315553903,0.0002475987566867843,-6.415292649300739e-05,0.00041864372423487624,0.002818123363143209,-0.01905611271963558,0.0070466016446474895,0.017528419662266936,7.171096028095785,6.556906355807949,0.9143520502470628,5435.5144186729885,460800.0,4608000000.0,nan,nan,0.9999973571432241,0.9999928783265921,53.55495566772809,0.007155972433576352,0.0,1.0,1.0,9980,0.013544217592529181,0.47745358090185674,0.00018344583019377694,0.010090153053324058,-0.009964765703157408,-0.13073549964586073
EvieDiagAbs,AAPL,50,0.01,3.0,0.0001865642332526111,0.00039358267101115827,False,,10000,59.0828742980957,0.005908287429809571,0.0015890325180764693,0.0003,17.525390625,nan,nan,2497,2750,1250,0.125,7.3196001052856445,0.00033830713495454964,0.00033268609146710327,0.0003313331243621287,0.0001632002749829553,2.3363958269655805e-05,0.000441671689700036,0.0026685862663064427,-0.043062225008288796,0.009628855602510157,0.019138379208743568,7.324796526689985,7.132384797822595,0.9737314574997021,5416.121063871699,460800.0,4608000000.0,nan,nan,0.9999967984068305,0.9999846025217018,72.05817012645625,0.017454701832105003,0.0,1.0,1.0,9980,0.013658851827756648,0.5702917771883289,0.0001865642332526111,0.009969156255166997,-0.02713319744868481,0.7681531092496119
EvieDiagAbs,AAPL,51,0.01,3.0,0.00019122427575802678,0.0003959344062628101,False,,10000,59.10198783874512,0.0059101987838745115,0.0015865205512848122,0.0002,17.525390625,nan,nan,2497,2500,2500,0.25,14.594956874847412,0.0003493839250372716,0.0003208089953684119,0.00031694526185683196,0.00034639015939319506,-0.0001551658836351683,0.00042119195556459014,0.0025583511339093788,-0.12142347365119424,0.008257880294834468,0.019558402616530652,7.367164449969223,6.999164299329179,0.9500486037553321,5414.369494188479,460800.0,4608000000.0,nan,nan,0.9999951726316347,0.9999799089584958,90.5084108994749,0.011177490954085555,0.0,1.0,1.0,9980,0.013828386592731156,0.4562334217506631,0.00019122427575802678,0.010487118726054196,-0.052789156661152914,-0.24613646501934547
EvieDiagAbs,ACN,42,0.01,3.0,0.0002100007243888088,0.0003726616778487552,False,,10000,58.58183979988098,0.005858183979988098,0.0015853353896433326,0.0006,17.525390625,nan,nan,2497,3250,3250,0.325,18.949517250061035,0.00022855567140130177,0.00022913952558133714,0.00022706244119780178,0.00013496684550773352,7.503387888107527e-05,0.0003919005262229845,0.0025064262764501214,-0.19022698770360255,0.009084069356696273,0.01918833404779434,7.192625308173382,7.256598990578332,1.0088943438124398,5462.443670139737,460800.0,4608000000.0,nan,nan,0.9999982401859875,0.9999949453309043,26.160338753094926,0.00638704601362825,0.0,1.0,1.0,9980,0.01449140173995631,0.47354497354497355,0.0002100007243888088,0.010130888570553411,-0.028094406159549834,-0.4409650550028762
EvieDiagAbs,ACN,43,0.01,3.0,0.00021843395378223803,0.00037249661883245413,False,,10000,58.684088706970215,0.005868408870697022,0.0016169974849544583,0.0008,17.525390625,nan,nan,2497,750,750,0.075,4.381757497787476,0.00024432441465694325,0.00023942525468107279,0.00021164488896832949,0.00014510525215882808,7.332870162340995e-05,0.00039911078290291355,0.00273784792549904,-0.054989597646514794,0.011883098046401573,0.018947825022041797,7.239556148304201,8.113503359381834,1.1207183414527901,5452.926117637607,460800.0,4608000000.0,nan,nan,0.9999524277011849,0.9981662482983147,30.084764092180336,0.01252590518205352,0.0,1.0,1.0,9980,0.014779511283606033,0.46825396825396826,0.00021843395378223803,0.010415957718299179,-0.06938072072098156,-0.27609792612116607
EvieDiagAbs,ACN,44,0.01,3.0,0.0002064686564225999,0.0003712936168640299,False,,10000,58.91366767883301,0.005891366767883301,0.001587221832018866,0.0005,17.525390625,nan,nan,2497,1750,1750,0.175,10.499892473220825,0.00024103562172583985,0.00023788376529176178,0.00021761152314675816,0.00014092076889937744,6.554788752322248e-05,0.0004219550874771118,0.0025234201587486754,0.01420488432725057,0.008301166890791502,0.018659781571477643,7.383611064693213,7.283603188225277,0.9864554246436205,5431.6767671718435,460800.0,4608000000.0,nan,nan,0.9999988203200992,0.9999959264636934,39.60252738195119,0.005577061304182962,0.0,1.0,1.0,9980,0.014369017239275618,0.46825396825396826,0.0002064686564225999,0.01009538312437673,-0.01080256429184523,-0.5137636490574382
EvieDiagAbs,ACN,45,0.01,3.0,0.00020235670464379446,0.0003730075270807079,False,,10000,58.97961735725403,0.005897961735725403,0.0016282477036949129,0.0009,17.525390625,nan,nan,2497,3250,750,0.075,4.379705905914307,0.00024246353425323461,0.00024202156467778552,0.00021959045847758652,0.00018154333884012885,2.0813365803665603e-05,0.00039586220611838725,0.002720059324686153,-0.14908442524620918,0.013529815840245282,0.019976615626364925,7.37746317188219,9.989323721163023,1.3540323399018035,5425.603188669085,460800.0,4608000000.0,nan,nan,0.999498727207424,0.9811851489828166,75.02718556438319,0.018369507668668916,0.0,1.0,1.0,9980,0.014225213694134597,0.5211640211640212,0.00020235670464379446,0.009961671299404569,0.00932819780191152,0.256207481052332
EvieDiagAbs,ACN,46,0.01,3.0,0.00020603329022094685,0.0003720834574585568,False,,10000,60.129281520843506,0.00601292815208435,0.0015855315863557919,0.0002,17.525390625,nan,nan,2497,2750,1250,0.125,7.3973305225372314,0.0002266707973664973,0.00023162945997689077,0.00022867167675771547,0.0003296515787951648,-0.00012361828857421797,0.00040344279967610756,0.0023870684022138907,0.006878421923957538,0.007851668622843862,0.016481894534081217,7.301230860173851,7.593144686704732,1.0399814541029224,5321.866350408222,460800.0,4608000000.0,nan,nan,0.9999979751116983,0.9999924692877801,36.56524467435323,0.004484825969109351,0.0,1.0,1.0,9980,0.014353859767356892,0.4947089947089947,0.00020603329022094685,0.01000193439463459,-0.008671154708125295,-0.06777403687115777
EvieDiagAbs,ACN,47,0.01,3.0,0.00020592369967036776,0.0003757891035206438,False,,10000,59.624470472335815,0.005962447047233582,0.0015911558606132455,0.0007,17.525390625,nan,nan,2497,3500,1000,0.1,5.915435791015625,0.00025050798540397605,0.00024305262253325954,0.00022152253997349515,0.00013676837261300534,6.915532705736242e-05,0.00040432966453546017,0.002478918745748353,-0.08027129205206288,0.011564967200157115,0.02132232952862977,7.396284746891401,8.080441610064776,1.0925000708579968,5366.923973747852,460800.0,4608000000.0,nan,nan,0.9999374106576244,0.9976284204387789,39.73740734566436,0.04516162065695113,0.0,1.0,1.0,9980,0.014350041800300365,0.4708994708994709,0.00020592369967036776,0.010044137006083493,-0.008134635453983519,-0.46945515360914825
EvieDiagAbs,ACN,48,0.01,3.0,0.00020940187904569838,0.0003773847530628073,False,,10000,59.32034206390381,0.005932034206390381,0.0015971713378816626,0.0006,17.525390625,nan,nan,2497,5500,1500,0.15,8.933084964752197,0.00022074544066855368,0.00023784933417715995,0.00023305701807023712,0.00029107058071531355,-8.166870166961517e-05,0.00040303667842437804,0.0027404109595432955,-0.12810894599246841,0.014270407294126927,0.01978305922821164,7.398592567631463,8.747643027728552,1.1823387958946583,5394.439560973447,460800.0,4608000000.0,nan,nan,0.9999966577296375,0.9999358553739246,31.960434564315854,0.009099532932657941,0.0,1.0,1.0,9980,0.01447072489703603,0.4523809523809524,0.00020940187904569838,0.010100879997172683,-0.025162656522979,-0.7984892430028636
EvieDiagAbs,ACN,49,0.01,3.0,0.00021604487977961383,0.0003705752781278575,False,,10000,59.297590255737305,0.00592975902557373,0.0016079530573536599,0.0008,17.525390625,nan,nan,2497,4500,1250,0.125,7.342763185501099,0.00025076730958264727,0.0002314231197908592,0.00022351713178486233,0.0001979539229068905,1.809095687272332e-05,0.0004474487076371266,0.002731439043033179,-0.006596815771875155,0.012557750066807784,0.022546105924993752,7.171096028095785,8.68606308011505,1.2112601819978068,5396.509345825206,460800.0,4608000000.0,nan,nan,0.99994548291931,0.9987701221986953,44.70477761487915,0.010740330148519207,0.0,1.0,1.0,9980,0.014698465218505428,0.47619047619047616,0.00021604487977961383,0.010411281434316483,-0.0576846009806915,-0.454156146275745
EvieDiagAbs,ACN,50,0.01,3.0,0.00020686858309009089,0.0003761474428505733,False,,10000,59.35796403884888,0.0059357964038848875,0.001599298169552082,0.0013,17.525390625,nan,nan,2497,1750,750,0.075,4.434560298919678,0.0002524306466260303,0.0002325373475827028,0.00022370328413493784,0.0001483932246628683,5.847535842722258e-05,0.000417919353280012,0.0026082204965537335,0.012009152805140717,0.011847772444931615,0.020000230986624953,7.324796526689985,7.7522890349893725,1.058362373171964,5391.020483629878,460800.0,4608000000.0,nan,nan,0.9999904828810475,0.999819730170263,30.044132224681448,0.009876848260034876,0.0,1.0,1.0,9980,0.01438292679151538,0.5317460317460317,0.00020686858309009089,0.010003029354034907,-0.012760473584387588,0.7621936023727033
EvieDiagAbs,ACN,51,0.01,3.0,0.00020864436393061643,0.0003787059761801196,False,,10000,59.13607478141785,0.005913607478141784,0.0015856747275063596,0.0002,17.525390625,nan,nan,2497,9750,2500,0.25,14.56086277961731,0.0002550722992319175,0.00023733329043111205,0.000229789120477244,0.0002793703206407372,-7.072595671012076e-05,0.0003997056121640665,0.0024454542017645683,-0.16774263156419295,0.010019636312474177,0.02138264290988445,7.367164449969223,7.722068499094237,1.0481737650265832,5411.248568370531,460800.0,4608000000.0,nan,nan,0.9999984037698919,0.9999954910888312,29.10763476924388,0.006235034785351701,0.0,1.0,1.0,9980,0.014444527127276145,0.5185185185185185,0.00020864436393061643,0.010051374082212095,-0.021454111923127295,-0.9385476336587475
EvieDiagAbs,ADBE,42,0.01,3.0,0.00046774969687537544,0.0007171592914773551,False,,10000,59.55856990814209,0.005955856990814209,0.0015873170192666336,0.0002,17.525390625,nan,nan,2497,8250,8250,0.825,49.018698930740356,0.00039384302268391313,0.00035960104527234493,0.0003705770235647137,0.0008094026998151094,-0.00034165300293973394,0.0007290794076233957,0.00268517050157323,-0.06870265113589262,0.008304745363928669,0.018479713611304748,7.192625308173382,6.846480994761967,0.9518751083810701,5372.8623856069735,460800.0,4608000000.0,nan,nan,0.9999970565625265,0.9999914870558599,25.967303090504934,0.0066017939414550145,0.0,1.0,1.0,9980,0.02162752174603867,0.5079365079365079,0.00046774969687537544,0.013939035001885954,0.0032607561607601587,0.20304602370698863
EvieDiagAbs,ADBE,43,0.01,3.0,0.0004849205256769897,0.0007165224545830441,False,,10000,58.96030569076538,0.0058960305690765385,0.0015878329789484158,0.0,17.525390625,nan,nan,2497,750,750,0.075,4.381005764007568,0.00035739095395821236,0.00039467140290322183,0.0003486646925061178,0.00030201763729564846,0.00018290288838134123,0.0007297687325227554,0.002735048488169608,0.0047607701272036574,0.007946081504644098,0.016936255153268576,7.239556148304201,6.985521860851096,0.9649102400410817,5427.380273065983,460800.0,4608000000.0,nan,nan,0.9999972845203121,0.999990182370603,38.374538945876814,0.009044408484078304,0.0,1.0,1.0,9980,0.02202091110006554,0.5052910052910053,0.0004849205256769897,0.01457106625592267,-0.03332898196230705,0.18390016530866893
EvieDiagAbs,ADBE,44,0.01,3.0,0.00046697503359860215,0.0007194123312396143,False,,10000,59.084402084350586,0.005908440208435058,0.0015946938139206688,0.0004,17.525390625,nan,nan,2497,1750,1750,0.175,10.292026281356812,0.00039008567989814324,0.0003776637098348111,0.0003697225464985106,0.00019930145208491012,0.00026767358151369203,0.0007541265498535378,0.0028779659817792214,-0.011887117616668635,0.010700498552733915,0.021924372576177117,7.383611064693213,7.539805534393183,1.0211542114463286,5415.981015482882,460800.0,4608000000.0,nan,nan,0.9999956205928138,0.9999509749753863,40.70090180003159,0.016426438547763773,0.0,1.0,1.0,9980,0.0216096051236158,0.5,0.00046697503359860215,0.013986673304643581,0.004911505041794162,0.4492658919824411
EvieDiagAbs,ADBE,45,0.01,3.0,0.0004673179968324288,0.0007161067240434237,False,,10000,60.644448041915894,0.00606444480419159,0.0015882100233663293,0.0,17.525390625,nan,nan,2497,6000,5750,0.575,34.77900695800781,0.0003822428887325231,0.0003663794473302042,0.0003609696581563142,0.0002503690848243423,0.00021694891200808652,0.0007320427826891981,0.0026984497372713025,0.0028470877231890532,0.008263187143609685,0.018065900169312952,7.37746317188219,7.010804337647272,0.9503001471247774,5276.657803511117,460800.0,4608000000.0,nan,nan,0.999991055181735,0.9999772257211097,48.33442665872505,0.011042232566776989,0.0,1.0,1.0,9980,0.021617539102137154,0.5052910052910053,0.0004673179968324288,0.013906852278129133,0.004180676317302012,0.5084774992351285
EvieDiagAbs,ADBE,46,0.01,3.0,0.0005190935794007842,0.0007121771653071638,False,,10000,60.40308880805969,0.006040308880805969,0.0016363384971593766,0.0003,17.525390625,nan,nan,2497,1250,1250,0.125,7.439242601394653,0.0004080195105829502,0.00037937651030648913,0.0003697124757720572,0.0006209333951119334,-0.00010183981571114918,0.0007516639948799311,0.003052361017252742,-0.19711311022579986,0.011402264666245901,0.022518050484359266,7.301230860173851,8.054589666735353,1.103182438822865,5297.742322695621,460800.0,4608000000.0,nan,nan,0.9998512532654068,0.9941533110933711,41.36106866790818,1.7893138917512714,0.0,1.0,1.0,9980,0.02278362524711079,0.5079365079365079,0.0005190935794007842,0.01573537518738439,-0.10614917608721686,0.3486711110464084
EvieDiagAbs,ADBE,47,0.01,3.0,0.00046985781697369124,0.0007141147905698822,False,,10000,59.49232459068298,0.005949232459068299,0.0016069003325398102,0.0003,17.525390625,nan,nan,2497,6000,6000,0.6,35.96659517288208,0.00038765069074065165,0.0003983765305176996,0.0003474600773407185,0.00022644849377684295,0.00024340932319684829,0.0007314688432283939,0.0027680501455536006,-0.15037860513587,0.00924436685476685,0.0205535901710391,7.396284746891401,7.604036708971435,1.0280886917134107,5378.845123327301,460800.0,4608000000.0,nan,nan,0.9999165199955936,0.9968591964924388,64.21979972012332,0.012421977231524295,0.0,1.0,1.0,9980,0.021676203933661705,0.5052910052910053,0.00046985781697369124,0.014047526808642836,-0.0012314884024202666,0.18390016530866893
EvieDiagAbs,ADBE,48,0.01,3.0,0.0004736524883401457,0.0007125289433830929,False,,10000,58.51979994773865,0.005851979994773865,0.0015984326255712865,0.0005,17.525390625,nan,nan,2497,5750,1250,0.125,7.242908954620361,0.0003961648865639268,0.00039437063018661324,0.0003740685856671072,0.0004381302132969722,3.5522275043173475e-05,0.0007556194429015542,0.002766099649392768,-0.00043920079216506715,0.013444793878874043,0.02910457234829663,7.398592567631463,7.748087274828432,1.047237998849402,5468.2346878454355,460800.0,4608000000.0,nan,nan,0.9999755250758096,0.9990804715578174,47.50988808086958,0.011798612079355309,0.0,1.0,1.0,9980,0.021763558724164248,0.5052910052910053,0.0004736524883401457,0.01419524036387287,-0.00931764622076714,0.18390016530866893
EvieDiagAbs,ADBE,49,0.01,3.0,0.0004733183554240635,0.0007153030099539921,False,,10000,58.90422797203064,0.005890422797203064,0.0016208600826621996,0.0002,17.525390625,nan,nan,2497,2250,1250,0.125,7.388925790786743,0.0003873559894393454,0.0003567131579358806,0.0003564977208911662,0.0004125560080865398,6.076234733752372e-05,0.0007347673043940073,0.0031281430522660846,-0.05576955293235001,0.008437190562163596,0.019033336173742994,7.171096028095785,7.006036873833047,0.9769827159452266,5432.547221431115,460800.0,4608000000.0,nan,nan,0.9999145682287818,0.9968081188187152,44.07875904160238,0.009855273675783848,0.0,1.0,1.0,9980,0.0217558809388189,0.5079365079365079,0.0004733183554240635,0.014166428298546524,-0.008605634235848036,0.20304602370698863
EvieDiagAbs,ADBE,50,0.01,3.0,0.0004674729610246325,0.0007213219723587643,False,,10000,58.08033347129822,0.005808033347129822,0.0015972716378407448,0.0004,17.525390625,nan,nan,2497,8250,1250,0.125,7.296409368515015,0.0003833164588196028,0.00036328364789530403,0.00035491063241849507,0.0003557400486897677,0.0001117329123348648,0.0007440877481276492,0.0028103830769370176,-0.1532004875173726,0.00971266224248684,0.01982034873217344,7.324796526689985,7.38139084914184,1.0077264019888659,5509.610239378801,460800.0,4608000000.0,nan,nan,0.9999951007330179,0.9999651248478606,80.43384776123196,0.019220651933346745,0.0,1.0,1.0,9980,0.021621123028756684,0.5370370370370371,0.0004674729610246325,0.01396437549086475,0.003850459338453849,0.9753770082814444
EvieDiagAbs,ADBE,51,0.01,3.0,0.00047061742140502524,0.0007201574683505597,False,,10000,58.47487831115723,0.005847487831115722,0.0016138694045416588,0.0003,17.525390625,nan,nan,2497,2750,500,0.05,2.9162731170654297,0.0004086181322887734,0.0003730539374998947,0.00036261914224719526,0.0005853369075339288,-0.00011471948612890351,0.0007696023842659741,0.0027060396824824793,-0.10463689131101359,0.011147341187782149,0.024034060072153793,7.367164449969223,7.571989077172124,1.0278023693639358,5472.435501228616,460800.0,4608000000.0,nan,nan,0.9998843726043113,0.9954423554401759,32.45380656096038,0.008442278417709125,0.0,1.0,1.0,9980,0.021693718478053164,0.5079365079365079,0.00047061742140502524,0.014110842709818845,-0.0028501480222178355,0.2667346636193964
EvieDiagAbs,ADI,42,0.01,3.0,0.00033807864895573367,0.0004559712637640753,False,,10000,59.208916664123535,0.005920891666412353,0.0016090605172719796,0.0,17.525390625,nan,nan,2497,8000,2250,0.225,13.108151197433472,0.0003361214285801106,0.0003281565518824792,0.0003255997856697082,0.0001253693517355714,0.00021270929722016227,0.00047719122977886913,0.0038274897881959992,-0.03394272004341566,0.00697711486770495,0.015097096562385554,7.192625308173382,5.526368417782991,0.7683381492850836,5404.591369493805,460800.0,4608000000.0,nan,nan,0.9999947644263714,0.9999903635410448,27.10187024147934,0.008334338689539322,0.0,1.0,1.0,9980,0.01838691515604871,0.5238095238095238,0.00033807864895573367,0.01400832902817499,0.0034733971153095844,1.2781559922901347
EvieDiagAbs,ADI,43,0.01,3.0,0.0003317316609715659,0.0004559583388842069,False,,10000,60.27249622344971,0.006027249622344971,0.001589958771141384,0.0,17.525390625,nan,nan,2497,10000,1000,0.1,6.100322246551514,0.00034512587027406456,0.0003361599662947733,0.0003191492152656463,0.0002835965424310416,4.813511854052428e-05,0.00046988196089779656,0.0027872559780778502,-0.06679045767866668,0.007517883841462753,0.018530605919659136,7.239556148304201,6.577191255091872,0.9085075273064245,5309.22095566867,460800.0,4608000000.0,nan,nan,0.999996647011421,0.9999896152776927,39.73295091986811,0.005601414087590228,0.0,1.0,1.0,9980,0.018213502161077255,0.5291005291005291,0.0003317316609715659,0.013870713572022776,0.022181891112044827,1.0681465361157916
EvieDiagAbs,ADI,44,0.01,3.0,0.0003343403497070232,0.00045634881254848816,False,,10000,59.1175639629364,0.00591175639629364,0.0015882410286014357,0.0001,17.525390625,nan,nan,2497,5250,2000,0.2,11.965751647949219,0.0003424650037605487,0.00033282561818397756,0.0003241565446628164,9.472363672102802e-05,0.00023961671298599517,0.00048690579670963987,0.0026413809512853756,-0.15639813968423477,0.0082557200533156,0.019528767187148334,7.383611064693213,6.992105036227726,0.9469763473407231,5412.9429318268785,460800.0,4608000000.0,nan,nan,0.999996602783445,0.9999916931722288,40.67642899703925,0.009909950316591675,0.0,1.0,1.0,9980,0.01828497606525705,0.5608465608465608,0.0003343403497070232,0.013923034466132916,0.014492474073853678,2.3366195872795417
EvieDiagAbs,ADI,45,0.01,3.0,0.0003367518148724995,0.00045532592886006484,False,,10000,59.33695197105408,0.005933695197105408,0.001592876853048323,0.0,17.525390625,nan,nan,2497,3750,1250,0.125,7.462754726409912,0.0003362915941111476,0.0003474373887073127,0.00030874183269215906,0.0003433538440731354,-6.6020292006359164e-06,0.000475520690322725,0.0029960812093429586,-0.03589107745380592,0.007226092227072877,0.017596530076116317,7.37746317188219,6.919628850423007,0.937941496854348,5392.92952149115,460800.0,4608000000.0,nan,nan,0.9999945768643261,0.9999865961882483,41.036340216053354,0.01221690476135393,0.0,1.0,1.0,9980,0.018350798752983465,0.5608465608465608,0.0003367518148724995,0.013957123277048586,0.0073843967174468395,1.9509143875993233
EvieDiagAbs,ADI,46,0.01,3.0,0.0003368561230008564,0.0004558287343548843,False,,10000,59.71194362640381,0.005971194362640381,0.0015948469478515497,0.0,17.525390625,nan,nan,2497,8500,500,0.05,2.924572467803955,0.0003338668444122884,0.0003322883456305178,0.00034841703067299323,0.0004052773292642087,-6.842120626335225e-05,0.0004946722656068839,0.0030196251253729704,-0.09973063467869661,0.007733234640914815,0.017791375890374172,7.301230860173851,6.363452038410407,0.8715588042998664,5359.061865447306,460800.0,4608000000.0,nan,nan,0.9999963451597571,0.9999856311801407,52.119706339441635,0.008478558432032912,0.0,1.0,1.0,9980,0.018353640592559735,0.5396825396825397,0.0003368561230008564,0.013988174458660145,0.007076936234136633,1.1106835485070523
EvieDiagAbs,ADI,47,0.01,3.0,0.0003679537820437598,0.0004515787808901435,False,,10000,60.622243881225586,0.006062224388122559,0.0015905648405672938,0.0001,17.525390625,nan,nan,2497,9500,750,0.075,4.488637924194336,0.00034819080867146916,0.00032553811730125806,0.00032452818175605187,0.0004261419817339629,-5.81881996902031e-05,0.0004825820114015357,0.002780899296611817,-0.12223988456082768,0.008629921156687488,0.021649248804897055,7.396284746891401,7.349925713224073,0.9937321188605115,5278.590489440831,460800.0,4608000000.0,nan,nan,0.9999978590835458,0.9999938107792627,43.05615092589875,0.011321810881066785,0.0,1.0,1.0,9980,0.01918212141666713,0.4973544973544973,0.0003679537820437598,0.014730907621837798,-0.08458707336662497,0.038607415053240585
EvieDiagAbs,ADI,48,0.01,3.0,0.0003364336474862679,0.00045572525626468404,False,,10000,59.332923412323,0.0059332923412323,0.0015910679958089017,0.0,17.525390625,nan,nan,2497,4500,2250,0.225,13.591308832168579,0.0003262670895029334,0.0003471358009003083,0.0003235234610421688,0.00017547034804010764,0.00016096329944616027,0.00048752294680151674,0.002907765332745408,-0.12156079162705709,0.008030954188072065,0.01976771727204323,7.398592567631463,6.8973096251457475,0.9322461754849419,5393.295688065463,460800.0,4608000000.0,nan,nan,0.9999961688192848,0.9999886179068186,32.147991382922896,0.00823501220762779,0.0,1.0,1.0,9980,0.018342127670645733,0.5396825396825397,0.0003364336474862679,0.014003771322744864,0.008322232530295182,1.2416838712256297
EvieDiagAbs,ADI,49,0.01,3.0,0.0003405590221364662,0.0004556398018601719,False,,10000,59.58774280548096,0.005958774280548096,0.0016051257690945415,0.0,17.525390625,nan,nan,2497,3500,750,0.075,4.54889440536499,0.0003507331652592805,0.0003186116383470672,0.00032766163243354773,0.0002386954438406974,0.0001018635782957688,0.0004762296934099593,0.0036509424805750007,-0.00035937597325271783,0.007904278849267211,0.019058803375810375,7.171096028095785,6.38150724386471,0.8898928725626419,5370.231945932444,460800.0,4608000000.0,nan,nan,0.9999970938467013,0.9999925664280129,22.416009206976675,0.007596152662270583,0.0,1.0,1.0,9980,0.01845424130481842,0.5158730158730159,0.0003405590221364662,0.014067931150002454,-0.003837794725158661,0.3476754175677512
EvieDiagAbs,ADI,50,0.01,3.0,0.0003444175162012615,0.0004548517794444643,False,,10000,59.19399046897888,0.005919399046897888,0.0015890509883338553,0.0003,17.525390625,nan,nan,2497,5250,3500,0.35,20.69995379447937,0.0003337442753990448,0.0003314230582644536,0.0003241137212019115,0.0001978230502572842,0.0001465944659439773,0.0004792261134197394,0.0027054891823869243,-0.0795196736700301,0.00831427393070553,0.017769560962915418,7.324796526689985,6.919253454926527,0.9446342201744791,5405.954176508825,460800.0,4608000000.0,nan,nan,0.9999957123959747,0.9999840335369633,60.72138699153343,0.011658648472473488,0.0,1.0,1.0,9980,0.01855848906029964,0.5026455026455027,0.0003444175162012615,0.014196640599972356,-0.015211160048635985,-0.0491401795867255
EvieDiagAbs,ADI,51,0.01,3.0,0.0003325314748854864,0.00045678462210637505,False,,10000,60.24336242675781,0.006024336242675781,0.0015905378919730327,0.0,17.525390625,nan,nan,2497,9250,1750,0.175,10.526975154876709,0.00033452982173103556,0.000329829064415871,0.00033214121330003534,0.00022936444293009117,0.00010316703195539524,0.0004802945417781545,0.0028144921069393424,-0.09661898764425356,0.008250102970466106,0.019135845359414816,7.367164449969223,6.57887998231224,0.893000288915734,5311.788504319409,460800.0,4608000000.0,nan,nan,0.999996545248037,0.9999885328147757,38.636057756322906,0.007858371523899876,0.0,1.0,1.0,9980,0.018235445563119273,0.5343915343915344,0.0003325314748854864,0.013889991417132989,0.019824345478680838,1.183016846715137
EvieDiagAbs,ADSK,42,0.01,3.0,0.00029450268657119186,0.0007581731368755473,False,,10000,60.34814691543579,0.006034814691543579,0.0015970567946879796,0.0,17.525390625,nan,nan,2497,9250,750,0.075,4.550535678863525,0.0005211688424889117,0.000513014122859641,0.0005438922280722077,0.00015858237020438537,0.0001359203163668065,0.0007709933569388658,0.003190056406649263,-0.14927300786664846,0.008308876507580863,0.01990777226164937,7.192625308173382,6.300801857611549,0.8760086321265192,5302.5654697965665,460800.0,4608000000.0,nan,nan,0.9999967861123397,0.999991477817053,32.868944768696366,0.009415040662244679,0.0,1.0,1.0,9980,0.017161080577026373,0.455026455026455,0.00029450268657119186,0.012767472595134109,-0.026724164292215358,-0.5117186306477768
EvieDiagAbs,ADSK,43,0.01,3.0,0.00029524056999771683,0.0007574385135812532,False,,10000,58.907456159591675,0.0058907456159591675,0.001591699233913223,0.0,17.525390625,nan,nan,2497,8500,8500,0.85,50.07822871208191,0.0005304952763895333,0.0005511025123486828,0.0004993832581935778,0.00034614125615917146,-5.090068616145463e-05,0.0007777200712927716,0.0029399459325743903,-0.07717359426079777,0.009476678155212722,0.02206754097715019,7.239556148304201,6.438033846299888,0.8892857123302977,5432.249512405666,460800.0,4608000000.0,nan,nan,0.9999970670814744,0.9999929887642989,14.471665070444317,0.006741017632612057,0.0,1.0,1.0,9980,0.017182565873516006,0.455026455026455,0.00029524056999771683,0.012803589856183087,-0.029296645899308693,-0.40072451742709353
EvieDiagAbs,ADSK,44,0.01,3.0,0.0002929416125413602,0.0007581355084791108,False,,10000,58.5343120098114,0.00585343120098114,0.0015899911660195755,0.0002,17.525390625,nan,nan,2497,5000,5000,0.5,29.213839769363403,0.0005389388074588531,0.0005145601957303311,0.000529238813183583,0.0002163048629881814,7.663674955317879e-05,0.0008012124699637539,0.0027660951612584637,-0.05880805709406229,0.010068336376665684,0.021958328410983073,7.383611064693213,6.9359889972534985,0.9393762667727525,5466.878981107052,460800.0,4608000000.0,nan,nan,0.9999924146535395,0.9999756113913549,42.21658167864062,0.011284858027266864,0.0,1.0,1.0,9980,0.017115537167771283,0.4708994708994709,0.0002929416125413602,0.01271086016660014,-0.02128179482748127,0.13448438208362065
EvieDiagAbs,ADSK,45,0.01,3.0,0.0002956864024911608,0.0007564091081644559,False,,10000,58.90837836265564,0.005890837836265564,0.0015849430469619898,0.0002,17.525390625,nan,nan,2497,8250,3000,0.3,17.60847806930542,0.0005391581257396479,0.0005432702304732976,0.0005251656308451621,0.0013727099867537618,-0.0010770235842626008,0.0007738561747569191,0.0024072667203290103,-0.0051685742008535035,0.009594164397533314,0.021317939460277546,7.37746317188219,6.968624024103311,0.9445826921458459,5432.16447124032,460800.0,4608000000.0,nan,nan,0.999989696452164,0.9999765530132542,50.08353426616547,0.012842166945080669,0.0,1.0,1.0,9980,0.017195534376435086,0.4523809523809524,0.0002956864024911608,0.012833126007564484,-0.030850950885707773,-0.6529964075546668
EvieDiagAbs,ADSK,46,0.01,3.0,0.0003282151840351246,0.0007525040553166316,False,,10000,58.86520862579346,0.005886520862579346,0.0015894677666911036,0.0,17.525390625,nan,nan,2497,1250,1250,0.125,7.356116056442261,0.0005374162139363207,0.0005420339180759765,0.0004969177899735365,0.0012379252584651113,-0.0009097100744299867,0.0007820494783611385,0.0027609541268611487,-0.0546060613554293,0.009437596048005798,0.020502000581473112,7.301230860173851,7.034427476180889,0.963457752658076,5436.148235441451,460800.0,4608000000.0,nan,nan,0.9999949487571558,0.9999833530224327,32.772005684552724,0.00847814673682663,0.0,1.0,1.0,9980,0.01811671007758099,0.4444444444444444,0.0003282151840351246,0.01386107086504578,-0.14425598102317228,-0.910808831292842
EvieDiagAbs,ADSK,47,0.01,3.0,0.00029743650051021074,0.0007578551136846567,False,,10000,59.800015449523926,0.005980001544952393,0.001590410216662827,0.0,17.525390625,nan,nan,2497,4500,2750,0.275,16.369215965270996,0.000532536571875782,0.0005218698498145839,0.0005169475312548705,0.00031870603561401367,-2.126953510380293e-05,0.0007834738714714598,0.002742949997281941,-0.046429145378822735,0.00931513611816481,0.02083126427605748,7.396284746891401,6.93640289271164,0.9378225866205265,5351.16918606996,460800.0,4608000000.0,nan,nan,0.9999954047826044,0.9999874493272345,43.60956088647551,0.011573136602825685,0.0,1.0,1.0,9980,0.017246347454177385,0.4603174603174603,0.00029743650051021074,0.012850129415118506,-0.03695231432982071,-0.15864920743015723
EvieDiagAbs,ADSK,48,0.01,3.0,0.0002959490650229984,0.0007572385139111182,False,,10000,59.875699043273926,0.005987569904327392,0.0015901543871149335,0.0,17.525390625,nan,nan,2497,9500,9500,0.95,56.89779996871948,0.0004959307365439534,0.0005437125302859764,0.0005243677438975806,0.00045831363240722567,-0.0001623645673842273,0.0007835380134554628,0.0027925370131744124,-0.022083452083685343,0.009677560642571189,0.02214976958930492,7.398592567631463,6.467864353585151,0.8742019910491883,5344.405244750907,460800.0,4608000000.0,nan,nan,0.9999956902282312,0.9999807360645603,30.12652970969728,0.00594307758452004,0.0,1.0,1.0,9980,0.01720317020269806,0.4656084656084656,0.0002959490650229984,0.012822635590084015,-0.03176667077822093,-0.36301866958424944
EvieDiagAbs,ADSK,49,0.01,3.0,0.00031677503434438556,0.0007568226252689918,False,,10000,59.14199924468994,0.005914199924468994,0.0016133254767075984,0.0,17.525390625,nan,nan,2497,1500,1500,0.15,8.897111892700195,0.0005180216770684432,0.0005313337025670109,0.0005012551503734782,0.0007401025068247691,-0.0004233274724803835,0.0007800458189517326,0.0036558198807761814,-0.05885769099389275,0.008723725594984716,0.02025903901085256,7.171096028095785,6.785411114464265,0.9462167411898492,5410.706504459792,460800.0,4608000000.0,nan,nan,0.999990662519583,0.9999761847180455,63.84278950586207,0.014038230160358012,0.0,1.0,1.0,9980,0.01779817502847934,0.4576719576719577,0.00031677503434438556,0.013441673662296679,-0.10437220859530183,-0.37115750557978455
EvieDiagAbs,ADSK,50,0.01,3.0,0.0002993841965993245,0.0007570209648628134,False,,10000,58.8809449672699,0.005888094496726989,0.0015906015616943294,0.0003,17.525390625,nan,nan,2497,7000,7000,0.7,41.30626320838928,0.0005503756001356549,0.0005110906880234859,0.0005353421824713778,0.00017662733444012702,0.0001227568621591975,0.0007865826826002179,0.002782889889988566,-0.09037830574015879,0.010047730122684152,0.021837311144918194,7.324796526689985,6.854359756825913,0.9357747661453937,5434.695387070947,460800.0,4608000000.0,nan,nan,0.9999922761288319,0.9999816718052155,42.083622105610104,0.02387918235909865,0.0,1.0,1.0,9980,0.017302722230889696,0.4523809523809524,0.0002993841965993245,0.012956134856693328,-0.0437425635552966,-0.49329311330301795
EvieDiagAbs,ADSK,51,0.01,3.0,0.0003251028123986784,0.000756845392029861,False,,10000,59.10029339790344,0.005910029339790344,0.0015901024602708739,0.0002,17.525390625,nan,nan,2497,2000,500,0.05,2.95198392868042,0.0005256423217354257,0.0005241900588123169,0.0005241325056134717,0.00037799697020091116,-5.289415780223276e-05,0.0007804988403997478,0.002813268493161921,-0.050253037391962026,0.009676370312574727,0.02338003572076559,7.367164449969223,7.027006688851658,0.953827858271986,5414.52472740773,460800.0,4608000000.0,nan,nan,0.9999939822575626,0.9999782003701622,36.980208271354044,0.01436794916240607,0.0,1.0,1.0,9980,0.018030607654726406,0.4444444444444444,0.0003251028123986784,0.013671584860988396,-0.13340532561964502,-0.4624487022938845
EvieDiagAbs,AMD,42,0.01,3.0,0.0008672146254746372,0.001327679075043777,False,,10000,59.77242946624756,0.005977242946624756,0.0016044345157022095,0.0001,17.525390625,nan,nan,2497,7250,1500,0.15,9.059686183929443,0.00125371044875735,0.0012264351829842468,0.0012290888825564632,0.006674152944469824,-0.005806938318995187,0.001367682615024074,0.003590042850400861,-0.05325003454982761,0.011724998442408105,0.027528578974306574,7.192625308173382,6.174363980578979,0.8584298105397906,5353.638840808677,460800.0,4608000000.0,nan,nan,0.9999821522868444,0.9999429941779632,44.45082525319813,0.017647425116464888,0.0,1.0,1.0,9980,0.029448508034782293,0.5092838196286472,0.0008672146254746372,0.02185190796221375,-0.038717440516864654,-0.08512321927901365
EvieDiagAbs,AMD,43,0.01,3.0,0.00083836487361363,0.0013351291813331826,False,,10000,60.08412575721741,0.0060084125757217405,0.0015910110847777777,0.0001,17.525390625,nan,nan,2497,4500,1500,0.15,8.888854503631592,0.0012534957526389278,0.0012571728165015018,0.0011824610016812048,0.0025591328158043325,-0.0017207679421907024,0.0013897477696722385,0.0029131303094745375,-0.05727917648494525,0.011287422175444954,0.028654949553310865,7.239556148304201,6.7748133603074,0.9358050716816855,5325.865958223767,460800.0,4608000000.0,nan,nan,0.9999769642706319,0.9999271250278936,56.34784018675608,0.016837288030333752,0.0,1.0,1.0,9980,0.028954531141319316,0.5225464190981433,0.00083836487361363,0.021221776487966065,-0.0041622801997622805,0.24107242256230413
EvieDiagAbs,AMD,44,0.01,3.0,0.0008829067308435995,0.0013310600971353464,False,,10000,59.60336184501648,0.005960336184501648,0.001599097114273379,0.0001,17.525390625,nan,nan,2497,4250,1000,0.1,5.975749969482422,0.001266206845140007,0.001379212786196337,0.0011635173201746006,0.0005456364597193897,0.00033727027112420986,0.001392573554005208,0.0031679214591683767,-0.007341230687940652,0.0136433197909937,0.032634121365845196,7.383611064693213,6.807913385393767,0.9220303352580007,5368.824678582382,460800.0,4608000000.0,nan,nan,0.9999784757411433,0.9999455478004957,54.3329007804158,0.024384583630854984,0.0,1.0,1.0,9980,0.029713746496253204,0.519893899204244,0.0008829067308435995,0.022175700576217088,-0.057512860988755854,0.0360772730489127
EvieDiagAbs,AMD,45,0.01,3.0,0.0012504732009595034,0.001331805550451304,False,,10000,59.749828815460205,0.00597498288154602,0.0015964872502010185,0.0,17.525390625,nan,nan,2497,250,nan,nan,nan,0.0012825959699739977,0.0012347422603711008,0.001241063383040467,0.0008415207266807556,0.00040895247427874776,0.0013645585297743642,0.0032481977275796497,-0.03922038742267085,0.012617267800818082,0.030615971144288774,7.37746317188219,7.078692508131916,0.9595022493790302,5355.663879612662,460800.0,4608000000.0,nan,nan,0.999969820580014,0.9999326911525017,52.76766221147957,0.01751238554422798,0.0,1.0,1.0,9980,0.03536203049825481,0.5119363395225465,0.0012504732009595034,0.02789365425311699,-0.4977703149606001,0.021201309079885777
EvieDiagAbs,AMD,46,0.01,3.0,0.0008561909987182214,0.0013314199384390833,False,,10000,60.05303239822388,0.006005303239822388,0.0015937311319051337,0.0003,17.525390625,nan,nan,2497,1500,750,0.075,4.551778793334961,0.0012589674000719909,0.0012246673607420734,0.0012965601927396138,0.0013052915455773473,-0.00044910054685912593,0.001398797356449146,0.0029642158987460746,-0.04065321650504139,0.01335520991802914,0.02943927440792322,7.301230860173851,7.090561747471132,0.9711460825253645,5328.623505271389,460800.0,4608000000.0,nan,nan,0.9999593807055976,0.9998862514685003,52.215777702883166,0.026049785740940478,0.0,1.0,1.0,9980,0.02926074159549312,0.5172413793103449,0.0008561909987182214,0.02158392800225152,-0.025513750180841344,0.20735087968605595
EvieDiagAbs,AMD,47,0.01,3.0,0.000845197805021175,0.0013340645190575394,False,,10000,59.95021033287048,0.005995021033287048,0.0016228524982191857,0.0,17.525390625,nan,nan,2497,5750,1250,0.125,7.366579294204712,0.0013002076698537908,0.0012748868901968074,0.0012306147441251106,0.001584359968546778,-0.0007391621635256029,0.0013755028737383475,0.004201334218342618,-0.036369996971535944,0.01226928212176863,0.031348348595201955,7.396284746891401,5.730566914713175,0.7747899264048327,5337.7627571816065,460800.0,4608000000.0,nan,nan,0.9999794452242426,0.9999468429607536,55.98125454372706,0.018496058118836346,0.0,1.0,1.0,9980,0.029072285858204806,0.5092838196286472,0.000845197805021175,0.021370804499066066,-0.012346511432010931,-0.08512321927901365
EvieDiagAbs,AMD,48,0.01,3.0,0.0008922307579605667,0.001335870365881477,False,,10000,60.337454319000244,0.0060337454319000245,0.0016113115953959544,0.0,17.525390625,nan,nan,2497,1000,1000,0.1,6.038167715072632,0.0012302410472735893,0.001264391617193309,0.0013196527467218624,0.0007939642819110304,9.826647604953634e-05,0.0013952292990929366,0.003732670648741182,-0.04340166928486522,0.012973440556235437,0.03221629969775676,7.398592567631463,7.123134525814051,0.9627688591716039,5303.505154661988,460800.0,4608000000.0,nan,nan,0.9999804508240798,0.9999554283176156,47.53681807739132,0.016159512961717405,0.0,1.0,1.0,9980,0.029870231970317317,0.5092838196286472,0.0008922307579605667,0.022352700510983745,-0.06868083405764347,-0.08512321927901365
EvieDiagAbs,AMD,49,0.01,3.0,0.000845491886138916,0.0013328120310047262,False,,10000,59.624770164489746,0.005962477016448975,0.0016070375697116977,0.0001,17.525390625,nan,nan,2497,2750,500,0.05,3.0044755935668945,0.0013248919262913504,0.0012947300204339297,0.0012195225638791762,0.001394176622852683,-0.000548684736713767,0.0013756905333051905,0.0038592664987022072,-0.0030437229448829015,0.015011468259894172,0.03408769387751818,7.171096028095785,6.521446421811941,0.9094072086416681,5366.896997962432,460800.0,4608000000.0,nan,nan,0.9999878130477018,0.9999600227513125,29.560408941417016,0.013171811930214262,0.0,1.0,1.0,9980,0.029077343175381687,0.5092838196286472,0.000845491886138916,0.021384910300925927,-0.01269875086265615,-0.08512321927901365
EvieDiagAbs,AMD,50,0.01,3.0,0.0008432122450026255,0.0013295140127288251,False,,10000,59.524022579193115,0.005952402257919312,0.0015929842012527898,0.0003,17.525390625,nan,nan,2497,7500,2000,0.2,11.678202629089355,0.0011923452965514453,0.001306401220601254,0.0011895808492513905,0.00047612437629140913,0.00036708786871121634,0.0014429440111122527,0.0029347368818478598,-0.02116940696044984,0.014634197732107715,0.035703360661864275,7.324796526689985,7.140610529866266,0.974854455526159,5375.980757588406,460800.0,4608000000.0,nan,nan,0.9999896072718826,0.9999658910273485,31.97838236174139,0.021671847930508647,0.0,1.0,1.0,9980,0.02903811710498161,0.5092838196286472,0.0008432122450026255,0.021313528535227295,-0.009968281453092365,-0.08512321927901365
EvieDiagAbs,AMD,51,0.01,3.0,0.0008792510581394983,0.001336131709323954,False,,10000,59.596457958221436,0.005959645795822144,0.0016147621623332695,0.0,17.525390625,nan,nan,2497,3250,750,0.075,4.470172882080078,0.0013737670223815228,0.0011897829666459047,0.001287167071723765,0.0009868006454780698,-0.00010754958733857152,0.0013677769778967148,0.0038365800704098637,-0.021619121293638084,0.012375086776410171,0.026088558230549095,7.367164449969223,6.691180149262305,0.9082436254412997,5369.446624232732,460800.0,4608000000.0,nan,nan,0.9999698475779899,0.9999262211535787,55.38622205237974,0.02330793190656264,0.0,1.0,1.0,9980,0.029652167848902688,0.5092838196286472,0.0008792510581394983,0.022093308665765025,-0.05313423211992996,-0.08512321927901365
EvieDiagAbs,AMZN,42,0.01,3.0,0.00033527490480867014,0.0008296284340420832,False,,10000,59.65524959564209,0.005965524959564209,0.0015913758708183295,0.0,17.525390625,nan,nan,2497,7250,2500,0.25,14.780003070831299,0.00041609641771169506,0.00038252036681592515,0.0003997055801006534,0.00038075746851973236,-4.5482563711062214e-05,0.000844724677512737,0.002999720852550452,-0.12129785334150828,0.007707128312822897,0.019186658225953564,7.192625308173382,6.181340076634245,0.8593997061976859,5364.154909568537,460800.0,4608000000.0,nan,nan,0.9999975544939368,0.9999941838854043,21.334866011663685,0.006036711319387678,0.0,1.0,1.0,9980,0.018310513504778345,0.5066666666666667,0.00033527490480867014,0.01346514969275742,-0.02002977586308119,-0.2377369428493491
EvieDiagAbs,AMZN,43,0.01,3.0,0.00033283375558399017,0.0008302466938919351,False,,10000,59.87612771987915,0.005987612771987915,0.001589989291179258,0.0,17.525390625,nan,nan,2497,8500,2500,0.25,15.022666931152344,0.00039684365285568956,0.00036662485871531095,0.0003894981442348158,0.0002012271070270799,0.00013160664855691026,0.0008431789133651382,0.0028372802480513787,-0.12737965370703513,0.007971134616550989,0.01876657130196687,7.239556148304201,5.976617922119323,0.8255503237611177,5344.3669820645155,460800.0,4608000000.0,nan,nan,0.9999960395841084,0.999990276055927,66.14299810856669,0.007205263106448001,0.0,1.0,1.0,9980,0.018243731953303585,0.49066666666666664,0.00033283375558399017,0.013410724660076161,-0.012602900601064171,-1.1454299032947144
EvieDiagAbs,AMZN,44,0.01,3.0,0.00034508881745515046,0.0008273149200712654,False,,10000,58.8984534740448,0.00588984534740448,0.0015899059040471344,0.0001,17.525390625,nan,nan,2497,4000,3250,0.325,19.275187253952026,0.0004048932515959291,0.0004029413735866035,0.0003911379320736574,0.0001783640545909293,0.00016672476286422116,0.0008579553894499472,0.0027569253210486698,-0.021863342321236563,0.009726542171602341,0.021733167115598903,7.383611064693213,6.949292273049184,0.9411779970750566,5433.079836994645,460800.0,4608000000.0,nan,nan,0.9999953066787806,0.99998790501005,31.695996192800756,0.011568203357104956,0.0,1.0,1.0,9980,0.01857656635266998,0.504,0.00034508881745515046,0.013669367189760561,-0.049887313583781845,-1.0367630239405348
EvieDiagAbs,AMZN,45,0.01,3.0,0.00033636994305111115,0.0008286041669567321,False,,10000,59.74277114868164,0.005974277114868164,0.001587921017286939,0.0,17.525390625,nan,nan,2497,6500,1250,0.125,7.39538836479187,0.0003978317365480476,0.00037365298964034323,0.0003903991140544846,0.00030058171250857413,3.578823054253702e-05,0.0008458408112753933,0.0027127978892513144,-0.156655529234299,0.007551569773403026,0.020107341650873408,7.37746317188219,6.523976026475973,0.8843115681472836,5356.296566887014,460800.0,4608000000.0,nan,nan,0.9999946549673812,0.9999848512118077,60.17202323824506,0.009522002014260521,0.0,1.0,1.0,9980,0.018340391027759226,0.488,0.00033636994305111115,0.013441267467680432,-0.023361285609198257,-1.3772120495086055
EvieDiagAbs,AMZN,46,0.01,3.0,0.00034568762337719954,0.0008312305657869942,False,,10000,59.52096700668335,0.005952096700668335,0.0015883439169672472,0.0002,17.525390625,nan,nan,2497,7000,7000,0.7,41.67611122131348,0.0003932784502803667,0.0003951716142084076,0.0003937587414736723,0.0003843762679025531,-3.8688644525353545e-05,0.0008532465231918862,0.002644673263948806,-0.15547705448233942,0.00948861144104012,0.019488740246742957,7.301230860173851,6.923817137204987,0.9483082058084823,5376.256739311184,460800.0,4608000000.0,nan,nan,0.9999959572650908,0.999988052317466,61.82976058227755,0.01308518851392364,0.0,1.0,1.0,9980,0.01859267660605109,0.4693333333333333,0.00034568762337719954,0.013669594255073992,-0.051709101799042756,-1.2042107154628319
EvieDiagAbs,AMZN,47,0.01,3.0,0.00038088818706532635,0.0008269849601411693,False,,10000,59.424084424972534,0.005942408442497254,0.0015956445441523527,0.0001,17.525390625,nan,nan,2497,5000,4000,0.4,23.615997791290283,0.00039358593376617734,0.00038786513249703747,0.0003942898245597292,0.00014395454127225094,0.00023693364579307542,0.0008483879369010425,0.0031020272610686726,-0.07148097384842868,0.007671452336882066,0.017684548720717414,7.396284746891401,6.936140350692933,0.9377870901479473,5385.021967044769,460800.0,4608000000.0,nan,nan,0.9999972386312879,0.9999898689454785,57.44773240522515,0.013457379427993032,0.0,1.0,1.0,9980,0.019516356910687156,0.4693333333333333,0.00038088818706532635,0.014645592876212307,-0.15880218444280425,-1.2042107154628319
EvieDiagAbs,AMZN,48,0.01,3.0,0.00035974470080522,0.0008295541258642465,False,,10000,59.75626802444458,0.005975626802444458,0.0015910335045467123,0.0,17.525390625,nan,nan,2497,3500,3500,0.35,21.00130319595337,0.0003968976022273597,0.0003915273657719864,0.00040734711952352065,0.0004642687563318759,-0.00010452405552665591,0.000857413517433973,0.002796113641021776,-0.03949690258388356,0.009308806811844988,0.02154928054660558,7.398592567631463,7.071965166416021,0.9558527654780691,5355.0867646068045,460800.0,4608000000.0,nan,nan,0.9999975993059312,0.9999916139764535,33.90081218763107,0.007253009377083686,0.0,1.0,1.0,9980,0.01896693704331883,0.4693333333333333,0.00035974470080522,0.01402483793793532,-0.09447590996912125,-1.2042107154628319
EvieDiagAbs,AMZN,49,0.01,3.0,0.00037508564335959297,0.0008315964149859603,False,,10000,59.171748638153076,0.005917174863815307,0.0015931541970040865,0.0001,17.525390625,nan,nan,2497,6250,6000,0.6,35.46595025062561,0.00040427291598401065,0.0004058901255642817,0.0003636493209412046,0.0004010821576230228,-2.5996514263429828e-05,0.0008585992659596871,0.0030406160361295294,-0.024313505503144192,0.008701558703908813,0.02022905210033059,7.171096028095785,6.580442906411596,0.9176341915698721,5407.986198901493,460800.0,4608000000.0,nan,nan,0.9999977125629643,0.9999941496913697,40.41228628975858,0.009122869063685358,0.0,1.0,1.0,9980,0.019367127906832055,0.4693333333333333,0.00037508564335959297,0.014489257146441748,-0.14114870883009,-1.2042107154628319
EvieDiagAbs,AMZN,50,0.01,3.0,0.0003478622468060287,0.0008297321492860424,False,,10000,58.96785116195679,0.005896785116195679,0.0015883009110092218,0.0004,17.525390625,nan,nan,2497,4500,4500,0.45,26.529663801193237,0.0003958220236028971,0.0003966360602482274,0.000384380307617859,0.00023928504379000515,0.00010857720301602354,0.0008755932330663599,0.0026689297741121576,-0.10255597646283239,0.010069962118568946,0.02100846013054251,7.324796526689985,7.02745511644246,0.9594061883952576,5426.685790552405,460800.0,4608000000.0,nan,nan,0.9999955605532204,0.9999864694224715,36.501714327651655,0.01548716533234824,0.0,1.0,1.0,9980,0.018651065567576258,0.49066666666666664,0.0003478622468060287,0.013669919715356575,-0.05832510740185115,-0.8185584320310576
EvieDiagAbs,AMZN,51,0.01,3.0,0.00033684839647283,0.000829854599676967,False,,10000,59.37009143829346,0.005937009143829346,0.0015868107716943693,0.0001,17.525390625,nan,nan,2497,7000,500,0.05,3.0307199954986572,0.00040242390774269357,0.00038385528060229965,0.00039882830466834404,0.0002661156322574243,7.073276421540569e-05,0.0008489082451540621,0.002614316530389127,0.014298646003662582,0.008682781700134364,0.020337526220828295,7.367164449969223,6.739655858311545,0.914823593810194,5389.919271601481,460800.0,4608000000.0,nan,nan,0.9999957220489837,0.999990403750155,53.98514972391156,0.009550283859891807,0.0,1.0,1.0,9980,0.01835343010101463,0.4693333333333333,0.00033684839647283,0.013491042707332227,-0.024816917180536358,-1.2042107154628319
EvieDiagAbs,APH,42,0.01,3.0,0.00025539121851719245,0.0002831462523665289,False,,10000,59.13915801048279,0.0059139158010482785,0.0015915376143276056,0.0,17.525390625,nan,nan,2497,750,750,0.075,4.508465766906738,0.00025788282869138664,0.00023766921540641038,0.00025309733318450845,0.00010219595424132422,0.00015319526427586824,0.000295144207393005,0.0030554763332692712,-0.02502066706150702,0.006699592799517995,0.015584191819652912,7.192625308173382,6.876230678382025,0.956011245374923,5410.966452097238,460800.0,4608000000.0,nan,nan,0.9999981892969585,0.9999956547588881,32.311993500491596,0.005976282034563241,0.0,1.0,1.0,9980,0.01598096425492506,0.5159574468085106,0.00025539121851719245,0.01124442317498424,-0.12445636920846725,0.21591114644140405
EvieDiagAbs,APH,43,0.01,3.0,0.00023472774281072868,0.000281451927097786,False,,10000,58.84732151031494,0.005884732151031494,0.0015854560242623723,0.0001,17.525390625,nan,nan,2497,3750,3750,0.375,21.976457834243774,0.00026884742876652067,0.0002613000063286294,0.0002471127411459574,0.00013679521362064406,9.793252919008461e-05,0.0002975902158245297,0.0024913086289749396,-0.022260544617074187,0.0072953328354087715,0.01522070611827075,7.239556148304201,6.808076872940538,0.9403997611836006,5437.800596309374,460800.0,4608000000.0,nan,nan,0.9999984693628997,0.9999950007999835,46.73239883665245,0.004758648152162559,0.0,1.0,1.0,9980,0.0153208270929062,0.4920212765957447,0.00023472774281072868,0.010802459464502083,-0.03347760727991855,-0.25684354744750326
EvieDiagAbs,APH,44,0.01,3.0,0.00022567315864815282,0.00028328793197475,False,,10000,58.916277170181274,0.005891627717018127,0.0015857112317427394,0.0001,17.525390625,nan,nan,2497,6250,3250,0.325,19.19103169441223,0.00026692125374254123,0.0002670183253914877,0.0002493568054002216,0.00041662059811642393,-0.00019094743946827111,0.0003147631820785604,0.0024667938788659033,-0.20004471765059573,0.007914543765503913,0.019353680126368993,7.383611064693213,6.9761138003784575,0.9448105729372289,5431.436189962771,460800.0,4608000000.0,nan,nan,0.9999987222173544,0.9999953168391771,48.95566887742812,0.008641164789110478,0.0,1.0,1.0,9980,0.015022421863606175,0.5398936170212766,0.00022567315864815282,0.010378705130683051,0.006388621838124275,1.367954981191233
EvieDiagAbs,APH,45,0.01,3.0,0.00023328613430734666,0.0002823469256216398,False,,10000,59.07141709327698,0.005907141709327698,0.001586321974646181,0.0,17.525390625,nan,nan,2497,9750,750,0.075,4.395993232727051,0.00026087226573581805,0.00024549506951091903,0.00023908886728222703,0.0004517066845437512,-0.00021842055023640452,0.0002948296573898593,0.0025212564018413726,0.038404596093235925,0.006212610279820364,0.01404048781841993,7.37746317188219,6.840284050493585,0.9271864719791537,5417.171548376817,460800.0,4608000000.0,nan,nan,0.9999956568449953,0.9999885971887574,63.23350834161024,0.009527087736735851,0.0,1.0,1.0,9980,0.015273707287602007,0.4601063829787234,0.00023328613430734666,0.010679532611180865,-0.02713038096201803,-1.4047444824252193
EvieDiagAbs,APH,46,0.01,3.0,0.00024376021175788194,0.0002825763323578974,False,,10000,58.903910398483276,0.005890391039848328,0.001587921728182042,0.0,17.525390625,nan,nan,2497,6250,1750,0.175,10.273256301879883,0.00025418184271964724,0.00025982108919507925,0.0002561042446145859,0.0004120693338336423,-0.00016830912207576037,0.0003043749814154153,0.00262615790465521,-0.03336371908898548,0.0071904580452406665,0.016448564827442166,7.301230860173851,6.810235570463514,0.9327517100728074,5432.576510374423,460800.0,4608000000.0,nan,nan,0.9999982361885387,0.999995131806248,43.75269771923628,0.006099139810097043,0.0,1.0,1.0,9980,0.01561282203055815,0.4601063829787234,0.00024376021175788194,0.01111740788454732,-0.07324646580322147,-1.4047444824252193
EvieDiagAbs,APH,47,0.01,3.0,0.00024366591657911028,0.00028183180789416283,False,,10000,59.79183220863342,0.005979183220863342,0.0015909451512456042,0.0001,17.525390625,nan,nan,2497,4750,2000,0.2,11.930468082427979,0.00025897575959267835,0.0002574266317393584,0.00023942737659958472,0.00012246052938280627,0.000121205387196304,0.00031008620387979374,0.0027773287457225075,-0.06331178537092232,0.007283042707799177,0.017943106312304734,7.396284746891401,7.0373217786953575,0.9514671243090104,5351.901558785061,460800.0,4608000000.0,nan,nan,0.9999967746140271,0.999987554267668,126.01637864796055,0.01196443334916637,0.0,1.0,1.0,9980,0.015609801939137802,0.4654255319148936,0.00024366591657911028,0.011078034759198547,-0.07283129563812718,-1.2674972127776793
EvieDiagAbs,APH,48,0.01,3.0,0.00022626829841149547,0.0002821670840210244,False,,10000,61.042815923690796,0.00610428159236908,0.001593812346074076,0.0,17.525390625,nan,nan,2497,3000,1500,0.15,9.257097721099854,0.00025479066405793285,0.0002637780909392183,0.00024586546863447693,0.00015902667291811667,6.72416254933788e-05,0.00030766796625480194,0.0029326077954327273,-0.08025217433337663,0.00818121309112903,0.020795107446610926,7.398592567631463,6.967263068803137,0.9417011418204898,5242.222121601169,460800.0,4608000000.0,nan,nan,0.999998801103653,0.9999959033275693,29.527203203751196,0.0043194831252588274,0.0,1.0,1.0,9980,0.015042217203972806,0.5452127659574468,0.00022626829841149547,0.0104095216781374,0.003768294086272439,1.212819182524178
EvieDiagAbs,APH,49,0.01,3.0,0.0002495795488357544,0.000281948092287352,False,,10000,60.17997884750366,0.0060179978847503665,0.0015858365504858312,0.0,17.525390625,nan,nan,2497,5000,750,0.075,4.476394891738892,0.0002612376576945326,0.0002558824788012677,0.00023816098561552768,0.0002180034716730006,3.157607716275379e-05,0.0003085575462206524,0.0025755311426284826,-0.07638925514395878,0.006919511958265502,0.01504362272098659,7.171096028095785,6.692029193704603,0.933194753979833,5317.383058755827,460800.0,4608000000.0,nan,nan,0.9999977675452186,0.9999930691660035,72.1765821095805,0.010968316042754367,0.0,1.0,1.0,9980,0.015798086872648675,0.4601063829787234,0.0002495795488357544,0.011334319594045164,-0.09886829681126064,-1.4047444824252193
EvieDiagAbs,APH,50,0.01,3.0,0.00023550660443053675,0.000283142141701372,False,,10000,59.71740651130676,0.005971740651130676,0.0015896117835415286,0.0003,17.525390625,nan,nan,2497,9250,500,0.05,2.9858837127685547,0.00026266871703157525,0.00026249138013614387,0.00023605117282703475,0.0003592691064113751,-0.00012376250198083835,0.0003111226207880165,0.002699202360376845,-0.08634964693371182,0.00829897571868205,0.019642658717930316,7.324796526689985,6.793868116069492,0.9275162922702488,5358.571624161406,460800.0,4608000000.0,nan,nan,0.9999973167267026,0.9999924151554503,32.6204717818563,0.009650160204377301,0.0,1.0,1.0,9980,0.015346224435688954,0.4654255319148936,0.00023550660443053675,0.010737136558250145,-0.03690683994582655,-0.903798580312049
EvieDiagAbs,APH,51,0.01,3.0,0.00027228172415148013,0.000283451666882563,False,,10000,60.48149490356445,0.006048149490356446,0.0015867562787268493,0.0001,17.525390625,nan,nan,2497,3500,3500,0.35,22.058207511901855,0.0002741322507882713,0.0002458538483171159,0.00025425433372784807,0.00019479206821415573,7.74896559373244e-05,0.00031317792980312397,0.002552169628333119,-0.04446369609256143,0.007537923778669938,0.01705292556434869,7.367164449969223,6.937504958712884,0.941679123063673,5290.874514762381,460800.0,4608000000.0,nan,nan,0.9999981922985277,0.9999924886816918,36.6207657935304,0.006185973618530483,0.0,1.0,1.0,9980,0.0165009613099201,0.5478723404255319,0.00027228172415148013,0.011434252299959697,-0.198823204332627,1.3216393772056627
EvieDiagAbs,AVGO,42,0.01,3.0,0.000874103377105067,0.0004989696908692783,False,,10000,59.367281436920166,0.005936728143692016,0.001596915135180608,0.0,17.525390625,nan,nan,2497,9250,4500,0.45,26.722721576690674,0.0005141845326039066,0.000494244488697688,0.0004975104029207259,0.00015386233280878514,0.0007202410442962819,0.0005194205809254099,0.003177007408931346,-0.09362541113161751,0.007945863295005256,0.018870571255683893,7.192625308173382,6.170200880061613,0.8578510092900389,5390.17438991225,460800.0,4608000000.0,nan,nan,0.9999905973818339,0.9999760079329815,58.34246369224202,0.014808119033642698,0.0,1.0,1.0,9980,0.029565239337862072,0.5211640211640212,0.000874103377105067,0.020525490796124493,-0.016028157988478453,1.2912848942179571
EvieDiagAbs,AVGO,43,0.01,3.0,0.0008974113161601718,0.00050057747477878,False,,10000,58.85015559196472,0.0058850155591964725,0.001589171789415753,0.0004,17.525390625,nan,nan,2497,9000,1000,0.1,5.904422760009766,0.0005533614814615174,0.0005216299601648584,0.0004901637406460908,0.0004948863934259862,0.00040252492273418563,0.0006023618462766294,0.002727244751558589,-0.05268395267686903,0.01313280978339244,0.024927087966352686,7.239556148304201,7.075015484157283,0.9772719955786985,5437.538724939109,460800.0,4608000000.0,nan,nan,0.9999899242234307,0.9998644291086352,24.861940226557117,0.011409909840165256,0.0,1.0,1.0,9980,0.029956824200174686,0.4973544973544973,0.0008974113161601718,0.020383773026642977,-0.04312051686151741,-0.6687864302881651
EvieDiagAbs,AVGO,44,0.01,3.0,0.0008939895680341771,0.0005005332456027165,False,,10000,59.51431226730347,0.005951431226730346,0.0015900783004853998,0.0003,17.525390625,nan,nan,2497,9500,2500,0.25,14.873260974884033,0.000510036888793253,0.0005026435210762137,0.0005172547698706655,0.00036428436578717083,0.0005297052022470062,0.0005680569712664734,0.002688232404958649,-0.1019525117214157,0.011230414097120228,0.0269565931521356,7.383611064693213,7.012331549323385,0.9497157268825813,5376.857898697497,460800.0,4608000000.0,nan,nan,0.9999948678300292,0.9999794748586718,68.67530544382169,0.012286451554572152,0.0,1.0,1.0,9980,0.02989965832637853,0.47883597883597884,0.0008939895680341771,0.02051235759069049,-0.03914319274103528,-1.2208172663708996
EvieDiagAbs,AVGO,45,0.01,3.0,0.0008830511696124203,0.0004992298485429597,False,,10000,59.230730295181274,0.005923073029518128,0.001587447624147514,0.0,17.525390625,nan,nan,2497,9750,2500,0.25,14.846245050430298,0.0004980402222403055,0.0005276841013098947,0.0004841793430674429,0.0005303514190018177,0.0003526997506106026,0.0005195954519251224,0.002619862807789393,-0.12996840409322374,0.008574390466969634,0.019789983797818413,7.37746317188219,6.774827237540193,0.918313935250964,5402.600954019195,460800.0,4608000000.0,nan,nan,0.9999892635374167,0.9999645763991822,42.09447711875889,0.010085019103385662,0.0,1.0,1.0,9980,0.029716176901015048,0.5211640211640212,0.0008830511696124203,0.02085232860827572,-0.026428768920126355,1.321180394789682
EvieDiagAbs,AVGO,46,0.01,3.0,0.000977478960834483,0.0004988768846982353,False,,10000,58.8469295501709,0.00588469295501709,0.001600359386881431,0.0001,17.525390625,nan,nan,2497,5500,1750,0.175,10.118636846542358,0.0005113537799638113,0.0005121714359890864,0.0005162937136660866,0.0004058605118189007,0.0005716184490155824,0.0005623249334923502,0.0028780849752791933,-0.11392147381783947,0.01037579212197379,0.022472033742815253,7.301230860173851,7.278708780846628,0.9969153037674683,5437.836815719992,460800.0,4608000000.0,nan,nan,0.9999683233494743,0.9988796267534036,69.76680775266566,0.00928187699027454,0.0,1.0,1.0,9980,0.03126465993473275,0.5238095238095238,0.000977478960834483,0.02245954987864015,-0.1361884349861926,1.4391859399277436
EvieDiagAbs,AVGO,47,0.01,3.0,0.0008844837309822203,0.0004996143933632646,False,,10000,59.74427318572998,0.005974427318572998,0.00159353942895756,0.0002,17.525390625,nan,nan,2497,7750,2000,0.2,11.884288549423218,0.000518313042632636,0.0005219815368927963,0.0004825739916553108,0.0004622020642273128,0.0004222816667549075,0.0005541054740581578,0.0028780883104469568,-0.016268722469223767,0.012997995663550683,0.024026974383741614,7.396284746891401,7.527359065143388,1.017721643059656,5356.161903672343,460800.0,4608000000.0,nan,nan,0.9999955722285613,0.9999895248602189,30.90707408309827,0.015349744864511194,0.0,1.0,1.0,9980,0.02974027119886805,0.5317460317460317,0.0008844837309822203,0.020254415179055834,-0.0280939297327798,0.5093204685011011
EvieDiagAbs,AVGO,48,0.01,3.0,0.0009399081664110617,0.0004995522986040191,False,,10000,59.40647625923157,0.0059406476259231565,0.0015937543902865916,0.0005,17.525390625,nan,nan,2497,8750,2000,0.2,11.837485313415527,0.000529475429673649,0.0005367549603179172,0.0005024381272799873,0.000453874294180423,0.0004860338722306387,0.0005621247068032322,0.002862258683570235,-0.16166047655109297,0.014084388369276711,0.02936275321990249,7.398592567631463,7.65154689480242,1.0341895198118656,5386.618095367558,460800.0,4608000000.0,nan,nan,0.9999962688024256,0.9999896636452668,18.48150293155242,0.00823416379014077,0.0,1.0,1.0,9980,0.030657921756229035,0.5211640211640212,0.0009399081664110617,0.021994815301642847,-0.09251741614329867,1.321180394789682
EvieDiagAbs,AVGO,49,0.01,3.0,0.0009057167030516125,0.0004995770416462137,False,,10000,59.19069218635559,0.005919069218635559,0.0015961872054879008,0.0005,17.525390625,nan,nan,2497,8000,750,0.075,4.421605587005615,0.0005112859199734849,0.0005016013884223357,0.0004968789667086205,0.00046260483213700354,0.0004431118709146089,0.0006425374083710976,0.0030075451464718628,-0.04880801997988125,0.014735591057091369,0.024033483956009148,7.171096028095785,7.760581127613333,1.0822029292604636,5406.255412464414,460800.0,4608000000.0,nan,nan,0.9999897335829339,0.9998542809070494,33.324449843588056,0.016023400233935094,0.0,1.0,1.0,9980,0.0300951275633052,0.5291005291005291,0.0009057167030516125,0.021422746950987157,-0.052774417264739304,1.5351589290279521
EvieDiagAbs,AVGO,50,0.01,3.0,0.0011143443918732738,0.0004989156198122141,False,,10000,59.695977449417114,0.005969597744941712,0.0015900992208252337,0.0003,17.525390625,nan,nan,2497,2000,1500,0.15,8.822425127029419,0.0005215451893654033,0.0005030860283826834,0.0004860746194514805,0.0007367763901129365,0.0003775680017603373,0.0005536937964154711,0.0027553668517332763,-0.19792046779591588,0.009053026394768677,0.019297202862799165,7.324796526689985,7.139482951835096,0.9747005156826342,5360.495190335887,460800.0,4608000000.0,nan,nan,0.9999933531196259,0.9999805445090444,54.76289231342847,0.0190686406879081,0.0,1.0,1.0,9980,0.033381797313405306,0.4973544973544973,0.0011143443918732738,0.023465143940436146,-0.2952761761309415,-0.9205474379004525
EvieDiagAbs,AVGO,51,0.01,3.0,0.0008609156129221437,0.0004990923784139618,False,,10000,58.92180371284485,0.005892180371284485,0.0015877924028031266,0.0,17.525390625,nan,nan,2497,8500,1250,0.125,7.271411418914795,0.0005238246284085152,0.000512952655671454,0.0005029559663734662,0.0003359729453222826,0.0005249426675998611,0.0005234548263239113,0.002637733009092695,-0.14988893199480338,0.009554588649694051,0.020278032962232826,7.367164449969223,6.722843901642048,0.912541581947466,5430.926750978612,460800.0,4608000000.0,nan,nan,0.9999939695564384,0.9999868490513926,47.965104514143434,0.009572691146546375,0.0,1.0,1.0,9980,0.029341363515047212,0.5238095238095238,0.0008609156129221437,0.02019015569535513,-0.0006991475971234173,1.1637305803145601
EvieDiagAbs,CDNS,42,0.01,3.0,0.00039339246888640063,0.0005585354424281841,False,,10000,59.17406249046326,0.005917406249046325,0.001587536039666198,0.0001,17.525390625,nan,nan,2497,6750,2250,0.225,13.242602109909058,0.0003499226640309287,0.0003286309261643589,0.00036711791394094455,0.00021394200302893296,0.00017945046585746767,0.0005827107015316368,0.0027193491822184454,0.002296086017383965,0.007529859521669277,0.016843885276466602,7.192625308173382,6.712469605006067,0.9332433315243479,5407.7747332553445,460800.0,4608000000.0,nan,nan,0.9999971040095599,0.9999894086203832,35.54998903739016,0.007216018950380487,0.0,1.0,1.0,9980,0.0198341238497293,0.48412698412698413,0.00039339246888640063,0.01450931710540933,-0.006276493641929282,-0.7232744135403311
EvieDiagAbs,CDNS,43,0.01,3.0,0.0003907921374159515,0.0005604573364915518,False,,10000,59.30515766143799,0.0059305157661437985,0.0015846076279725397,0.0002,17.525390625,nan,nan,2497,8500,750,0.075,4.391141414642334,0.0003677335575970489,0.00034759091301013353,0.0003445314459045413,0.00032329230452887714,6.749983288707436e-05,0.0005787593484662678,0.0023784772222245785,-0.03292696816174338,0.00936244611342554,0.01728207329288124,7.239556148304201,6.877640309632136,0.9500085597434257,5395.820745082914,460800.0,4608000000.0,nan,nan,0.9999975753755941,0.9999755007551338,75.04184590570159,0.005720081390396636,0.0,1.0,1.0,9980,0.019768463203191883,0.5185185185185185,0.0003907921374159515,0.01446725325609641,0.00037501252898808346,0.6242018875461144
EvieDiagAbs,CDNS,44,0.01,3.0,0.0003927122190515831,0.0005568600696973522,False,,10000,59.2534499168396,0.00592534499168396,0.0015877500718496993,0.0002,17.525390625,nan,nan,2497,4000,1500,0.15,8.9667067527771,0.00035292198351771217,0.0003573135001244688,0.00033585971736858504,0.00017237917199963704,0.00022033304705194607,0.00061846303792257,0.0025474967997179436,-0.06738586488805678,0.009557775102092273,0.023014337290078384,7.383611064693213,7.572195889836933,1.0255410020234532,5400.529428229245,460800.0,4608000000.0,nan,nan,0.999995920557961,0.9999900375451308,43.0909633479009,0.009524873456848581,0.0,1.0,1.0,9980,0.019816967958080346,0.47883597883597884,0.0003927122190515831,0.014577439222386274,-0.0045364516413326506,-0.5255742308309481
EvieDiagAbs,CDNS,45,0.01,3.0,0.0003916512406061566,0.0005596759148554714,False,,10000,59.320788621902466,0.005932078862190247,0.0015855366372510321,0.0,17.525390625,nan,nan,2497,4250,2500,0.25,14.717391967773438,0.00037106266771553067,0.0003545811049579313,0.0003264829231839128,0.0008523264696123078,-0.00046067522900615124,0.0005764661988076617,0.0024429864904960013,-0.013240148503401085,0.007836688452143427,0.017847158946096897,7.37746317188219,6.943937457043122,0.9412364786189147,5394.398952441596,460800.0,4608000000.0,nan,nan,0.9999941166954219,0.9999873603202561,27.662936707233563,0.008854866702962738,0.0,1.0,1.0,9980,0.019790180408630856,0.47354497354497355,0.0003916512406061566,0.014481150914752295,-0.0018225266063272016,-0.31224065024871106
EvieDiagAbs,CDNS,46,0.01,3.0,0.00042623896447439044,0.0005595589980522581,False,,10000,60.13460063934326,0.006013460063934327,0.0015948470401036326,0.0003,17.525390625,nan,nan,2497,5500,1250,0.125,7.469175577163696,0.0003673960441138593,0.0003466132259302798,0.00036089376860091294,0.00033632027043495327,8.991869403943717e-05,0.0006037940801564247,0.002767109471104277,-0.04989001760330735,0.008883567851546105,0.01916408613324164,7.301230860173851,7.185504134534514,0.9841496964202854,5321.395612472713,460800.0,4608000000.0,nan,nan,0.9999954849825764,0.9999849677904297,62.011274409187195,0.043546822048476486,0.0,1.0,1.0,9980,0.02064555556226062,0.47883597883597884,0.00042623896447439044,0.015536033287250176,-0.09029603906503203,-0.5255742308309481
EvieDiagAbs,CDNS,47,0.01,3.0,0.00039057886947399724,0.0005599263096994051,False,,10000,59.850921630859375,0.005985092163085937,0.001587383763558405,0.0001,17.525390625,nan,nan,2497,7500,1250,0.125,7.462753534317017,0.00035761886576323246,0.00035927039901890436,0.0003327630002871813,0.00024245778331533074,0.0001481210861586665,0.0005839672095433616,0.0025305321725753445,-0.130069814393353,0.009097476170715527,0.02018372705206275,7.396284746891401,7.20216970062956,0.9737550604249754,5346.617750912072,460800.0,4608000000.0,nan,nan,0.999993452831843,0.9999769949813206,59.5627702687368,0.009018480149093478,0.0,1.0,1.0,9980,0.01976306832134113,0.5105820105820106,0.00039057886947399724,0.014490044306194971,0.0009205403003851309,0.206542099895838
EvieDiagAbs,CDNS,48,0.01,3.0,0.0003943969963719605,0.0005609513277716598,False,,10000,59.457077503204346,0.005945707750320435,0.0015879555132264694,0.0003,17.525390625,nan,nan,2497,8750,750,0.075,4.443093538284302,0.00036038510559976907,0.00036868371840983766,0.0003391602191174245,0.0003564358194125816,3.7961176959378884e-05,0.0006073188179327194,0.0025870102637284794,-0.0588010836364197,0.010056431810136565,0.02233449388295412,7.398592567631463,7.134337383897775,0.9642830469014076,5382.033787024835,460800.0,4608000000.0,nan,nan,0.9999982187492226,0.999993412322139,46.69484792109254,0.007714163636217108,0.0,1.0,1.0,9980,0.019859430917626025,0.5158730158730159,0.0003943969963719605,0.014626649321702422,-0.00884602019844305,0.849834953679554
EvieDiagAbs,CDNS,49,0.01,3.0,0.00039160578812240924,0.000559923977687441,False,,10000,59.14820384979248,0.0059148203849792485,0.0015915387346588585,0.0,17.525390625,nan,nan,2497,7500,1500,0.15,9.099384307861328,0.0003602757109864739,0.0003458605398702095,0.00034005242368628845,0.0004264734889147803,-3.486770079237108e-05,0.0005917251718163466,0.0030105974664512247,-0.027828058972792384,0.00762821996572311,0.017587637994438403,7.171096028095785,6.294010733683584,0.8776915981914271,5410.138925142064,460800.0,4608000000.0,nan,nan,0.999994087828074,0.9999858693920414,54.04071024802268,0.01163043443645968,0.0,1.0,1.0,9980,0.01978903201580131,0.5026455026455027,0.00039160578812240924,0.014464923313685827,-0.0017062616302789824,0.06341543135107708
EvieDiagAbs,CDNS,50,0.01,3.0,0.00046315552696349127,0.0005593118047840716,False,,10000,59.49315667152405,0.005949315667152405,0.0015890314985715916,0.0008,17.525390625,nan,nan,2497,4500,750,0.075,4.374782562255859,0.00035661698229529516,0.0003455679086018989,0.00036207135187997893,0.00023813942971173674,0.00022501609725175453,0.0006383455945692572,0.002508390317915092,-0.11274527986672474,0.01236935542112915,0.018503966834396122,7.324796526689985,8.870979317816932,1.2110888385080718,5378.7698939358115,460800.0,4608000000.0,nan,nan,0.9999910515544403,0.9999142987148685,46.42665587673731,0.0136909152861449,0.0,1.0,1.0,9980,0.021521048463387912,0.48148148148148145,0.00046315552696349127,0.016477221534365698,-0.18472659378308087,-0.44352716284952737
EvieDiagAbs,CDNS,51,0.01,3.0,0.00043556590874989826,0.0005618965040783667,False,,10000,59.380669832229614,0.005938066983222961,0.0016504494841665834,0.0006,17.525390625,nan,nan,2497,9250,1250,0.125,7.437195301055908,0.0003525678294376351,0.00034728790074761533,0.00035718642190643265,0.0002782256779028103,0.00015734023084708798,0.0007677714123187856,0.002999649244070433,-0.041749665140375675,0.01397296877080953,0.02372701484709977,7.367164449969223,10.899071302947872,1.4794119741678096,5388.9590822081955,460800.0,4608000000.0,nan,nan,0.9998253858528958,0.9965161969909643,32.29542849797208,0.7800107267544035,0.0,1.0,1.0,9980,0.02087021582902051,0.5291005291005291,0.00043556590874989826,0.015536749804461444,-0.11415385415874679,0.6981346668449017
EvieDiagAbs,CRM,42,0.01,3.0,0.0004476513417940291,0.0007276506575728601,False,,10000,59.6875319480896,0.00596875319480896,0.0015883679499293314,0.0001,17.525390625,nan,nan,2497,8250,2750,0.275,16.294021129608154,0.0005576420979505821,0.0004738649033159999,0.0005248632708307467,0.00023192619846668094,0.00021572514332734814,0.0007415104370850783,0.0027739743694824375,-0.09854200059742937,0.01009757893361384,0.02261890200898051,7.192625308173382,6.862578982283704,0.9541132324083909,5361.253674859681,460800.0,4608000000.0,nan,nan,0.9999955337445023,0.9999878328359617,57.05473438819538,0.013191397205258682,0.0,1.0,1.0,9980,0.021157772609469768,0.48412698412698413,0.0004476513417940291,0.013197202531118241,-0.0010649215118465616,-0.5324355442734775
EvieDiagAbs,CRM,43,0.01,3.0,0.00044949368509666,0.000727979352682908,False,,10000,59.76380681991577,0.005976380681991577,0.0015888884493031525,0.0,17.525390625,nan,nan,2497,4500,1000,0.1,5.90625524520874,0.0004995863862146657,0.0005128439068810513,0.0005145903085631546,0.00020482553372858092,0.00024466815136807906,0.0007450397380442795,0.002695752754135104,-0.08007545964351657,0.008357559175483765,0.020738498121500012,7.239556148304201,6.717537835284795,0.9278936025461059,5354.411257037977,460800.0,4608000000.0,nan,nan,0.9999947670249654,0.9999846193342521,50.92825005644765,0.007497023475188413,0.0,1.0,1.0,9980,0.02120126612013207,0.49206349206349204,0.00044949368509666,0.01323186026679145,-0.005184880688679838,-0.45919900189873253
EvieDiagAbs,CRM,44,0.01,3.0,0.00046786587074320153,0.0007280717635976857,False,,10000,59.866227865219116,0.0059866227865219114,0.0015910136995464883,0.0001,17.525390625,nan,nan,2497,5000,500,0.05,2.974865436553955,0.0005424671895168305,0.0004998455627530584,0.0005222655844832622,0.0004728823550976813,-5.016484354479749e-06,0.0007511218401037057,0.0028572144350647406,-0.09372852677634981,0.010047980886009463,0.028734290227293964,7.383611064693213,6.844683720456815,0.9270103287518179,5345.250760085262,460800.0,4608000000.0,nan,nan,0.9999955061848258,0.999987177368526,35.79528687397263,0.012057936122675982,0.0,1.0,1.0,9980,0.021630207367087387,0.47883597883597884,0.00046786587074320153,0.013626168013880493,-0.04626986997643323,-0.582246265689279
EvieDiagAbs,CRM,45,0.01,3.0,0.00045245712396329045,0.0007282619609124464,False,,10000,59.36889410018921,0.005936889410018921,0.0015896068112537587,0.0001,17.525390625,nan,nan,2497,8750,2000,0.2,11.880277633666992,0.000532017985778236,0.000498728432372165,0.00048760238409990294,0.00028285828011576086,0.00016959884384752958,0.0007438156831056124,0.002712734482606225,-0.030436964191844107,0.009285303491523518,0.02209927458316087,7.37746317188219,6.645467926280367,0.9007795459567071,5390.027974244852,460800.0,4608000000.0,nan,nan,0.9999914901349509,0.9999794911911613,65.58005119759234,0.01271023622725389,0.0,1.0,1.0,9980,0.02127103956000483,0.48412698412698413,0.00045245712396329045,0.013319703006239796,-0.011811901361821198,-0.4704152281950382
EvieDiagAbs,CRM,46,0.01,3.0,0.000539229187385115,0.0007253257602216079,False,,10000,58.738922119140625,0.005873892211914062,0.0015970746693500055,0.0003,17.525390625,nan,nan,2497,8500,1750,0.175,10.520556688308716,0.000524271737903505,0.0005342162105972716,0.0005040526920862725,0.0003505881904857233,0.00018864099689939171,0.0007763682036531837,0.003034155842834378,-0.17964101136935665,0.011269625347142573,0.025760209374129768,7.301230860173851,7.515135533740654,1.0292970702698354,5447.835752772948,460800.0,4608000000.0,nan,nan,0.999997167839291,0.9999913742239861,26.230302005314126,0.013763958891786388,0.0,1.0,1.0,9980,0.02322130890766313,0.47619047619047616,0.000539229187385115,0.01552853508601113,-0.20585682147904372,-0.7122575266544485
EvieDiagAbs,CRM,47,0.01,3.0,0.00045215425194886625,0.0007285462292182983,False,,10000,58.61293148994446,0.005861293148994446,0.0015952371676963787,0.0,17.525390625,nan,nan,2497,4750,4750,0.475,27.737302541732788,0.0005166431507363555,0.0005207926238958933,0.000484193809390353,0.000323185115121305,0.00012896913682756126,0.0007415684840147782,0.0030404458484023828,-0.0008169234831967448,0.00953492693128137,0.021579751186072825,7.396284746891401,6.691483966445308,0.9047088092785618,5459.546073973432,460800.0,4608000000.0,nan,nan,0.9999945694698773,0.9999798039076033,47.20940025944046,0.010706794446101498,0.0,1.0,1.0,9980,0.021263919016702125,0.48148148148148145,0.00045215425194886625,0.013318013892602669,-0.011134600701596442,-0.5825260179528507
EvieDiagAbs,CRM,48,0.01,3.0,0.000452678433801762,0.0007263945331624079,False,,10000,58.4575138092041,0.00584575138092041,0.0015982445282555803,0.0,17.525390625,nan,nan,2497,3750,3000,0.3,17.423840284347534,0.0005101111179132884,0.0005271929208977772,0.0005326087632260539,0.0005839684454258531,-0.00013129001162409112,0.0007530935992920859,0.0032048512663734596,-0.09048453852967057,0.009640216207987396,0.02322031250223517,7.398592567631463,6.931469801516078,0.9368632936811486,5474.061059873815,460800.0,4608000000.0,nan,nan,0.9999953514449625,0.9999876905212725,28.05706517568791,0.006545908312713777,0.0,1.0,1.0,9980,0.021276241063725568,0.48412698412698413,0.000452678433801762,0.013303085609718605,-0.012306807766416128,-0.3162300325971862
EvieDiagAbs,CRM,49,0.01,3.0,0.00045801533593071834,0.0007256272617006175,False,,10000,58.63532495498657,0.005863532495498657,0.0016026047395836698,0.0002,17.525390625,nan,nan,2497,8000,500,0.05,2.93149471282959,0.0005001651107183683,0.0004975719067202494,0.000498989262816959,0.0006435596296796575,-0.00018554429374893918,0.0007440524020827741,0.0034762444599917746,-0.06609639552560771,0.009218886164175637,0.020963508356362574,7.171096028095785,6.1978488629069695,0.8642819505727283,5457.461014254786,460800.0,4608000000.0,nan,nan,0.9999934239997958,0.9999801856240885,42.60442719011488,0.01525950771376885,0.0,1.0,1.0,9980,0.02140129285652431,0.48412698412698413,0.00045801533593071834,0.0135003889679278,-0.024241510093966134,-0.4704152281950382
EvieDiagAbs,CRM,50,0.01,3.0,0.0004656273063528475,0.0007253633095667913,False,,10000,58.789469718933105,0.005878946971893311,0.0015888223004842511,0.0003,17.525390625,nan,nan,2497,8250,1000,0.1,5.874551057815552,0.0005640435660776682,0.0005015043457320209,0.0005104250682564221,0.0003337146918056533,0.0001319126145471942,0.0007523242684438068,0.002741341411459914,0.0253020850497098,0.011025471261439088,0.024496133159846063,7.324796526689985,6.889937358692901,0.9406319115606078,5443.151665253824,460800.0,4608000000.0,nan,nan,0.9999913562183952,0.9999664083926391,42.25442952912847,0.023845244612834902,0.0,1.0,1.0,9980,0.021578399068347204,0.49206349206349204,0.0004656273063528475,0.013776441099782469,-0.041263857313211805,-0.20443569302615855
EvieDiagAbs,CRM,51,0.01,3.0,0.0004519009716296322,0.0007289064657783002,False,,10000,58.91672658920288,0.005891672658920288,0.0015959333155648198,0.0,17.525390625,nan,nan,2497,7750,1750,0.175,10.41576075553894,0.0005153437781796401,0.000504310171357266,0.0005017944308992356,0.0006330607575364411,-0.0001811597859068089,0.0007495459483074086,0.00311026213247557,0.01605004516484058,0.01033684757270239,0.023974634427577253,7.367164449969223,6.581933670282286,0.8934147886857314,5431.394758761825,460800.0,4608000000.0,nan,nan,0.9999944887329907,0.9999840780044585,42.932415899884724,0.009246079698149856,0.0,1.0,1.0,9980,0.02125796254652906,0.4894179894179894,0.0004519009716296322,0.013251334901839967,-0.010568199980270698,-0.3677541870232816
EvieDiagAbs,CSCO,42,0.01,3.0,0.00015950187173469988,0.00028377806950627334,False,,10000,58.447662591934204,0.005844766259193421,0.001584925095892632,0.0002,17.525390625,nan,nan,2497,3500,2500,0.25,14.63404631614685,0.00032070630944990643,0.00026575759708868913,0.0003058349515741397,0.00018067879864247516,-2.117692690777528e-05,0.0002961699480747906,0.0025591411674914114,-0.18201442103757812,0.008590814930446505,0.017089368216693383,7.192625308173382,7.0786163970408,0.9841491936187712,5474.98370010369,460800.0,4608000000.0,nan,nan,0.9999951151930626,0.9999404128576634,33.935291246383656,0.012945061568086303,0.0,1.0,1.0,9980,0.012629405042784076,0.4574468085106383,0.00015950187173469988,0.008798290182043004,-0.09624346142503248,-0.5659170954698616
EvieDiagAbs,CSCO,43,0.01,3.0,0.00014818133539939052,0.00028492953005773003,False,,10000,59.1347930431366,0.0059134793043136595,0.0015857224554363997,0.0003,17.525390625,nan,nan,2497,2500,1500,0.15,8.850552082061768,0.00030820677152414936,0.00029708189441557246,0.0002617071845637949,0.00023945198336150497,-9.127064796211445e-05,0.0003003497440592169,0.0024745273702300587,-0.2126738324963184,0.009247968410216708,0.021549462247639893,7.239556148304201,7.243810251220067,1.000587619299957,5411.365856418439,460800.0,4608000000.0,nan,nan,0.9999977375480285,0.9999946986567495,30.928396738175216,0.006773962957547041,0.0,1.0,1.0,9980,0.01217297561812191,0.44148936170212766,0.00014818133539939052,0.008212355709580517,-0.018438330974594352,-0.7727571134423746
EvieDiagAbs,CSCO,44,0.01,3.0,0.00015513048995108831,0.0002838380891701271,False,,10000,59.00130486488342,0.005900130486488343,0.0015917827053683357,0.0,17.525390625,nan,nan,2497,5000,5000,0.5,29.614500999450684,0.00031397481052295963,0.00028598200954093456,0.00028633833980126836,0.00037812654045410454,-0.00022299605050301623,0.0003004768696223231,0.002707370264233629,-0.029269645999165823,0.008058305235790613,0.018993333540856836,7.383611064693213,7.243885252770442,0.9810762226370632,5423.608863105985,460800.0,4608000000.0,nan,nan,0.9999974100067852,0.9999925621831549,47.09918255818745,0.015151953873037628,0.0,1.0,1.0,9980,0.012455139098022483,0.45478723404255317,0.00015513048995108831,0.008577562513805571,-0.06619930805204,-0.6309806781005214
EvieDiagAbs,CSCO,45,0.01,3.0,0.00014655749318460938,0.0002844429300697792,False,,10000,58.79287838935852,0.005879287838935852,0.0015949757103006321,0.0001,17.525390625,nan,nan,2497,4250,3750,0.375,21.958080053329468,0.0002926514597491837,0.0002708135273916673,0.0002747547990682763,0.00024374528220505454,-9.718778902044516e-05,0.0002932915520925048,0.0026031625507789724,0.039000170827545165,0.006837538754304115,0.014538005273789165,7.37746317188219,7.091477167660516,0.9612351837537251,5442.836084343165,460800.0,4608000000.0,nan,nan,0.9999894915593849,0.9998495701664907,53.782614289651704,0.007920554814333158,0.0,1.0,1.0,9980,0.012106093225504641,0.47074468085106386,0.00014655749318460938,0.008107059216373181,-0.0072777947941746746,0.25327368476282147
EvieDiagAbs,CSCO,46,0.01,3.0,0.000156078783292619,0.0002832726157944778,False,,10000,58.61096262931824,0.0058610962629318236,0.0015914568714209178,0.0,17.525390625,nan,nan,2497,1250,1000,0.1,5.801035642623901,0.0002885449421391098,0.00029506266784231326,0.00028012737411263196,0.00021940066653769463,-6.332188324507563e-05,0.0003007021922972108,0.002763992126095421,-0.07752520150835428,0.008292210118645017,0.02182063581421971,7.301230860173851,7.269241797470533,0.9956186753554378,5459.7294711540935,460800.0,4608000000.0,nan,nan,0.9999965105612845,0.9999890444738998,47.265387669425465,0.007896075032233796,0.0,1.0,1.0,9980,0.012493149454505817,0.4574468085106383,0.000156078783292619,0.008612188712629691,-0.0727168514755745,-0.5659170954698616
EvieDiagAbs,CSCO,47,0.01,3.0,0.00014629471238958772,0.00028469502451565287,False,,10000,58.64426589012146,0.005864426589012146,0.0016100985084579243,0.0001,17.525390625,nan,nan,2497,7750,750,0.075,4.433056592941284,0.0002985927840311006,0.0002982520896029215,0.00025786718825822954,0.00012220995631651022,2.40847560730775e-05,0.00030432672265240314,0.0027327689182583066,-0.09134776914996075,0.009066767927971522,0.019240470696240665,7.396284746891401,7.346411437065757,0.9932569781272137,5456.628966923491,460800.0,4608000000.0,nan,nan,0.9999957842387989,0.9999608817172175,51.92431561271049,0.07042257742576226,0.0,1.0,1.0,9980,0.012095235110967778,0.4601063829787234,0.00014629471238958772,0.00813902875103017,-0.0054717236478138975,-0.5372120195153611
EvieDiagAbs,CSCO,48,0.01,3.0,0.00015010625597030398,0.0002848159136443303,False,,10000,58.99877667427063,0.005899877667427063,0.001595465329259871,0.0004,17.525390625,nan,nan,2497,5750,2000,0.2,11.780416011810303,0.0002889218645004963,0.00030057789199683176,0.00026454667067461995,0.0001204065338242799,2.969972214602408e-05,0.00031326549781517685,0.0029054653229323357,-0.0486588168164341,0.009732757627256797,0.02400775663554668,7.398592567631463,7.660206825235168,1.035360003299581,5423.841273297994,460800.0,4608000000.0,nan,nan,0.9999965782176821,0.9999905629325423,45.85105335815366,0.009979336306537334,0.0,1.0,1.0,9980,0.01225178582780094,0.449468085106383,0.00015010625597030398,0.008333806638364439,-0.03166815434078196,-0.5199855783106854
EvieDiagAbs,CSCO,49,0.01,3.0,0.00015288494803287364,0.00028405016391916046,False,,10000,58.534183740615845,0.005853418374061585,0.0015889433150717703,0.0,17.525390625,nan,nan,2497,1500,500,0.05,2.9722325801849365,0.00029525920271186295,0.0002864906109742993,0.0002845232787500251,0.00031534450681647286,-0.00016245955878359922,0.00029567180483031335,0.002821627613415364,-0.01276011283711556,0.006966701541760267,0.01617569606751203,7.171096028095785,6.739031511915866,0.9397491660288575,5466.890960981448,460800.0,4608000000.0,nan,nan,0.9999969836411771,0.9999906858892594,42.437912266100405,0.009494718883081532,0.0,1.0,1.0,9980,0.012364665302096681,0.4574468085106383,0.00015288494803287364,0.00846759352103743,-0.050765880102723315,-0.839371210775975
EvieDiagAbs,CSCO,50,0.01,3.0,0.00014726220378800045,0.00028536273092426734,False,,10000,58.91134285926819,0.005891134285926819,0.0015885008140235372,0.0002,17.525390625,nan,nan,2497,8500,1750,0.175,10.585448265075684,0.0003263700738113044,0.00026592462667876656,0.0002872761308570354,0.0008654083503643051,-0.0007181461465763046,0.0003214238136388538,0.0026903247378055593,-0.025781235473668715,0.008811241290849285,0.020125721860677005,7.324796526689985,6.898294282543539,0.941772820228881,5431.89111754658,460800.0,4608000000.0,nan,nan,0.9999971152968842,0.9999921138851939,29.328612562399883,0.011701178850717042,0.0,1.0,1.0,9980,0.012135163937417592,0.43617021276595747,0.00014726220378800045,0.008192112836888227,-0.012121213763259142,-1.0730151522583973
EvieDiagAbs,CSCO,51,0.01,3.0,0.00015218625899660523,0.0002856475525888903,False,,10000,58.93375825881958,0.005893375825881958,0.0015886808667323982,0.0003,17.525390625,nan,nan,2497,5750,1500,0.15,8.838118553161621,0.0003103580338114676,0.00029128227939054983,0.00029146554117708576,0.0002876508078770712,-0.00013546454888046597,0.0003061062489562575,0.0025617598505274803,-0.003642660067043879,0.008093330008308839,0.017941141128540037,7.367164449969223,7.215317973262566,0.9793887488547522,5429.8251028664245,460800.0,4608000000.0,nan,nan,0.9999961020942425,0.9999299113051676,39.146643860171,0.007830692838876985,0.0,1.0,1.0,9980,0.012336379493052458,0.45478723404255317,0.00015218625899660523,0.008422406262190884,-0.04596384687735422,-0.6309806781005214
EvieDiagAbs,CTSH,42,0.01,3.0,0.0001677307029249807,0.0004089861633923073,False,,10000,58.413283586502075,0.005841328358650207,0.0015904183897130816,0.0003,17.525390625,nan,nan,2497,2250,2250,0.225,13.271008491516113,0.0003466711651646254,0.0003513451588969855,0.0003580357693977476,0.00013235856749815866,3.537213542682203e-05,0.0004196221780786707,0.0028240177345573002,-0.13686685097893284,0.009200772294722992,0.02059224797412753,7.192625308173382,6.982751122219738,0.9708209204620804,5478.205989329873,460800.0,4608000000.0,nan,nan,0.9999971071870013,0.999990107125244,30.36723060137951,0.006432252707513441,0.0,1.0,1.0,9980,0.012951088870244876,0.49206349206349204,0.0001677307029249807,0.009570613739982484,0.008627920631518071,0.5150260459772412
EvieDiagAbs,CTSH,43,0.01,3.0,0.0001718370372025424,0.00040843063071172497,False,,10000,58.48587775230408,0.005848587775230407,0.0015864900274691327,0.0004,17.525390625,nan,nan,2497,6500,500,0.05,2.955949544906616,0.00036343349831850297,0.0003700029816231241,0.00033376557562248677,0.00024292127636726946,-7.108423916472704e-05,0.00042249996850808884,0.002520823185802188,-0.09459865017422789,0.008268141755820397,0.01780976131558418,7.239556148304201,6.89563095757156,0.9524936082147519,5471.406300085724,460800.0,4608000000.0,nan,nan,0.9999965819658069,0.999990287061624,59.887607487432774,0.01058453947088367,0.0,1.0,1.0,9980,0.013108662677883751,0.46825396825396826,0.0001718370372025424,0.00973913278529253,-0.015642562233799673,-0.6244754310691542
EvieDiagAbs,CTSH,44,0.01,3.0,0.0001688678428609535,0.0004082050579612388,False,,10000,58.44040584564209,0.005844040584564209,0.0015872677233283133,0.0001,17.525390625,nan,nan,2497,5000,1250,0.125,7.386239290237427,0.0003931595039810962,0.0003391576059246442,0.0003426444512700818,0.0002860251988749951,-0.0001171573560140416,0.00042834046814852416,0.002588986914754103,-0.09974121326482303,0.009325603965995834,0.021363577339798212,7.383611064693213,6.953957581498292,0.9418098435263704,5475.663547669604,460800.0,4608000000.0,nan,nan,0.9999972384129047,0.9999892239796725,32.376189895273136,0.01032183771947075,0.0,1.0,1.0,9980,0.012994916039011314,0.4973544973544973,0.0001688678428609535,0.009627264012735356,0.0019068566688723587,0.6649179887299623
EvieDiagAbs,CTSH,45,0.01,3.0,0.00018051448007109304,0.0004076228059571365,False,,10000,58.27245354652405,0.005827245354652405,0.001591005631671144,0.0001,17.525390625,nan,nan,2497,2750,500,0.05,2.920895576477051,0.0003753140285253937,0.0003669838534888594,0.00032363151704333285,0.00019004664500243962,-9.532164931346578e-06,0.00043434443615216313,0.002687486429849143,0.21324954946358884,0.009452425695829152,0.020980636216700065,7.37746317188219,7.215168261424861,0.9780012577933448,5491.445451915213,460800.0,4608000000.0,nan,nan,0.9999926372230536,0.9998715040480193,26.204001440479338,0.008519236815652675,0.0,1.0,1.0,9980,0.013435567724182446,0.4708994708994709,0.00018051448007109304,0.010087492604735036,-0.06693057587816997,-0.6068268288485892
EvieDiagAbs,CTSH,46,0.01,3.0,0.00017183498730735173,0.00040718956556497264,False,,10000,58.3719379901886,0.00583719379901886,0.001593269589863107,0.0001,17.525390625,nan,nan,2497,6500,2250,0.225,13.108227252960205,0.00035869107901898115,0.000347214495853885,0.00036374430197574513,0.0002881645050365478,-0.00011632951772919605,0.00042122278251283417,0.0028746719076480783,-0.019723778834107593,0.007995524033213587,0.02079495200887321,7.301230860173851,7.016965536758928,0.9610661094192338,5482.086273266907,460800.0,4608000000.0,nan,nan,0.9999963699466811,0.9999857947867848,27.068482040126423,0.005386108608283991,0.0,1.0,1.0,9980,0.013108584489080113,0.4708994708994709,0.00017183498730735173,0.009747278122674851,-0.015630446331211578,-0.6068268288485892
EvieDiagAbs,CTSH,47,0.01,3.0,0.00018506875586888147,0.000406383203258565,False,,10000,58.17631673812866,0.005817631673812866,0.001592591351675763,0.0,17.525390625,nan,nan,2497,750,750,0.075,4.358839750289917,0.00038250115507121676,0.00036471656061728725,0.0003527942298890519,0.0004983667604392394,-0.000313298004570358,0.00041748724798276325,0.002943985341015736,-0.11988524402904857,0.008184045262692233,0.02101383591070771,7.396284746891401,7.1066285029104455,0.9608376024053569,5500.520107528096,460800.0,4608000000.0,nan,nan,0.9999965374311671,0.9999873662644327,36.715667137160224,0.010357369361770452,0.0,1.0,1.0,9980,0.01360399778994695,0.46825396825396826,0.00018506875586888147,0.010256603281333964,-0.09384861645712372,-0.6190579871823667
EvieDiagAbs,CTSH,48,0.01,3.0,0.00017070762379459603,0.00040850758710653777,False,,10000,58.367509603500366,0.005836750960350036,0.0015936229942642125,0.0,17.525390625,nan,nan,2497,8250,500,0.05,2.879271984100342,0.0003666185930735,0.0003732896300538403,0.00035450192487481726,0.0001180651961476542,5.264242764694183e-05,0.00041921173130453246,0.002862206612969524,-0.08498927235527932,0.007972903984929143,0.018424198683351274,7.398592567631463,6.763557546184769,0.9141681318924162,5482.502203260172,460800.0,4608000000.0,nan,nan,0.9999970684672579,0.9999918309626392,42.42883656089397,0.00795545673418161,0.0,1.0,1.0,9980,0.01306551276431951,0.4708994708994709,0.00017070762379459603,0.009664858459795594,-0.008967165903986052,-0.6068268288485892
EvieDiagAbs,CTSH,49,0.01,3.0,0.0001705686645533042,0.000407974544507439,False,,10000,58.45875358581543,0.005845875358581543,0.0015864470211271473,0.0002,17.525390625,nan,nan,2497,9000,7500,0.75,43.88870406150818,0.00038057114590663444,0.00036349639576442117,0.0003374384706859067,0.0002889775059884414,-0.00011840884143513722,0.00041587885497322227,0.0026216716396168216,-0.11427282093943718,0.008328957712858392,0.01811424186453223,7.171096028095785,6.687538989014817,0.9325686007848131,5473.944967544528,460800.0,4608000000.0,nan,nan,0.9999957943777943,0.9999845041558089,38.598346010543956,0.009289821501317875,0.0,1.0,1.0,9980,0.013060193894169573,0.48677248677248675,0.0001705686645533042,0.00967925124698215,-0.008145847507386117,-0.24781079551849627
EvieDiagAbs,CTSH,50,0.01,3.0,0.00017058754724169533,0.0004078468372081888,False,,10000,58.21414661407471,0.005821414661407471,0.001619855926107582,0.0004,17.525390625,nan,nan,2497,7500,500,0.05,2.9258666038513184,0.0003851910720551387,0.00035201878121397285,0.00036421051724049486,0.00016734557721065357,3.241970031041757e-06,0.000475512502437172,0.002857473189534524,-0.06606669978488387,0.010505429422151793,0.024058530665934084,7.324796526689985,7.396815516094574,1.00983221706462,5496.945650022328,460800.0,4608000000.0,nan,nan,0.9999345822996626,0.997518225264779,64.9962716480828,0.08106856532790659,0.0,1.0,1.0,9980,0.013060916784119534,0.4708994708994709,0.00017058754724169533,0.009686043022801636,-0.008257453610073018,-0.43969097018781805
EvieDiagAbs,CTSH,51,0.01,3.0,0.0001745460328286287,0.0004080070345724293,False,,10000,58.671523094177246,0.0058671523094177246,0.001587649226400645,0.0003,17.525390625,nan,nan,2497,3250,2750,0.275,16.1034996509552,0.000391973032158935,0.0003467578232634474,0.00037891039669293435,0.0002642391118570231,-8.969307902839438e-05,0.0004270089369505139,0.0026133954450478377,-0.02906489835829376,0.009433927016895178,0.020847942586988175,7.367164449969223,7.063289363835118,0.9587527754812947,5454.093964568611,460800.0,4608000000.0,nan,nan,0.9999964088279671,0.9999898989862431,32.08615528655134,0.00818258249040298,0.0,1.0,1.0,9980,0.013211587066988913,0.4576719576719577,0.0001745460328286287,0.0098162883173221,-0.031654077001220804,-0.5494705147079016
EvieDiagAbs,FICO,42,0.01,3.0,0.0003889427771643987,0.0007002326790786865,False,,10000,58.25170016288757,0.005825170016288757,0.0015953412679612397,0.0001,17.525390625,nan,nan,2497,6500,1500,0.15,8.683712720870972,0.0004552724932821457,0.00043078825397309324,0.0004483719341575492,0.0002044273860519752,0.00018451539111242349,0.00074212950873049,0.0030697299042557647,-0.025503493182486955,0.009165053536494088,0.020999237429350615,7.192625308173382,6.6685646249665345,0.9271391653599238,5493.401893939457,460800.0,4608000000.0,nan,nan,0.9999963453765611,0.9999900895444233,24.796508158118492,0.008533949227487358,0.0,1.0,1.0,9980,0.019721632213495887,0.3968253968253968,0.0003889427771643987,0.015143780481247674,-0.13080658465550954,-2.0359688915627197
EvieDiagAbs,FICO,43,0.01,3.0,0.0005429905479547208,0.0006994432732660511,False,,10000,58.54622411727905,0.0058546224117279055,0.001590403004863282,0.0001,17.525390625,nan,nan,2497,5750,4500,0.45,26.388358116149902,0.0005096317634371297,0.0004298959663543804,0.00043791053786689714,0.0004630851180991158,7.990542985560501e-05,0.0007775333228422931,0.0028223959882757756,-0.08488959432242012,0.009375868027350225,0.020216096471995085,7.239556148304201,6.79871950190474,0.9391072273812362,5465.766662577249,460800.0,4608000000.0,nan,nan,0.9999964723387171,0.9999914645339605,24.723509284102786,0.007688283338030244,0.0,1.0,1.0,9980,0.02330215758153568,0.3968253968253968,0.0005429905479547208,0.018812406630743118,-0.5786828373814179,-2.0359688915627197
EvieDiagAbs,FICO,44,0.01,3.0,0.0004125607234460336,0.0007021193953344613,False,,10000,58.55568337440491,0.005855568337440491,0.0015908978202484908,0.0001,17.525390625,nan,nan,2497,6500,4000,0.4,23.371926069259644,0.00043408458793543563,0.0004763085570195494,0.000421214793536616,0.00018795343930833042,0.0002246072841377032,0.0007910380031124779,0.002798996450916796,-0.04039190045908502,0.009834049652266549,0.02313343975692987,7.383611064693213,6.672881165780328,0.9037422349734215,5464.883706572438,460800.0,4608000000.0,nan,nan,0.9999957296377143,0.9999892101529549,35.723700433913486,0.007771286950575984,0.0,1.0,1.0,9980,0.020311590864480155,0.3968253968253968,0.0004125607234460336,0.015812694711029213,-0.19947305885005195,-2.0359688915627197
EvieDiagAbs,FICO,45,0.01,3.0,0.0007874207206504055,0.0007019464311928585,False,,10000,58.19655799865723,0.005819655799865722,0.0015882345871150048,0.0,17.525390625,nan,nan,2497,4500,1750,0.175,10.146430730819702,0.0004667650421165446,0.0004841987123673691,0.00041780309804539386,0.0004255236708559096,0.0003618970497944959,0.0007456782258936056,0.002688071773330519,-0.09403084171221811,0.007796812134178617,0.019604498520493487,7.37746317188219,6.875872580235654,0.9320104241850703,5498.606979598061,460800.0,4608000000.0,nan,nan,0.9999897422527244,0.9999573634915687,82.14485949124337,0.014183207276002464,0.0,1.0,1.0,9980,0.028061017812089525,0.3994708994708995,0.0007874207206504055,0.02266131002436239,-1.2893355734674081,-2.186369866315449
EvieDiagAbs,FICO,46,0.01,3.0,0.00038005451045969806,0.0006978582956430451,False,,10000,58.630940198898315,0.005863094019889831,0.001597905133065925,0.0,17.525390625,nan,nan,2497,8000,1000,0.1,5.778509855270386,0.0004690683234762642,0.0004306903900532677,0.0004733050861249289,0.00040211237501353025,-2.2057864553832194e-05,0.0007350078766130148,0.003117878628394786,-0.004807303313042943,0.008851705637622217,0.020449398271739465,7.301230860173851,6.611710934182326,0.9055611390467515,5457.86915431407,460800.0,4608000000.0,nan,nan,0.9999959155507359,0.9999819507426169,29.46515009545369,0.008693245664602323,0.0,1.0,1.0,9980,0.01949498680327068,0.3968253968253968,0.00038005451045969806,0.014852400179262515,-0.1049649670552899,-2.0359688915627197
EvieDiagAbs,FICO,47,0.01,3.0,0.0003482379295207836,0.0006977498373239047,False,,10000,59.54137206077576,0.005954137206077576,0.0016027106000119937,0.0,17.525390625,nan,nan,2497,3250,750,0.075,4.519452333450317,0.0004394891610862169,0.0004581746405631428,0.0004016391428918509,0.0002081131679005921,0.0001401247616201915,0.000748038831101237,0.0033722499951488348,-0.04128795676976379,0.007534010199658224,0.01713227182626724,7.396284746891401,6.855141139508715,0.9268357525566976,5374.414275730259,460800.0,4608000000.0,nan,nan,0.9999957786129776,0.9999840271532064,46.19603751156777,0.011841508550584478,0.0,1.0,1.0,9980,0.018661134197062716,0.5529100529100529,0.0003482379295207836,0.013715727619393162,-0.012461901464893232,1.1410347843253035
EvieDiagAbs,FICO,48,0.01,3.0,0.0004149578393451751,0.0007033518043690082,False,,10000,59.21146106719971,0.005921146106719971,0.0015959041221270053,0.0,17.525390625,nan,nan,2497,8250,1500,0.15,8.907823085784912,0.00042573426063750804,0.00048029544076270736,0.0004423785785933161,0.00021644119988195598,0.00019851663946321912,0.0007534153358649131,0.0030246601215698377,-0.10229593045883698,0.008528065244181197,0.022423521149903525,7.398592567631463,6.579934383609179,0.8893494706542053,5404.359126298685,460800.0,4608000000.0,nan,nan,0.9999952151336491,0.9999814991257772,44.68279317114069,0.008125916953704859,0.0,1.0,1.0,9980,0.020370513968606074,0.3968253968253968,0.0004149578393451751,0.015827744095413772,-0.20644239882004434,-2.0359688915627197
EvieDiagAbs,FICO,49,0.01,3.0,0.0003509575491229062,0.0006995426406910944,False,,10000,59.43059539794922,0.005943059539794922,0.0015999112141553565,0.0,17.525390625,nan,nan,2497,4250,750,0.075,4.510563611984253,0.0004227375935851584,0.000428877613573416,0.0004446267434460861,0.0003685872507048771,-1.7629701581970867e-05,0.0007446898693601542,0.0035617906408221033,-0.06744495976696573,0.007849120736611804,0.019632322899997227,7.171096028095785,6.098926277185675,0.8504873248511199,5384.432006061347,460800.0,4608000000.0,nan,nan,0.9999942976477445,0.9999848558803954,42.107437612528436,0.010238282839362966,0.0,1.0,1.0,9980,0.018733861030842153,0.5291005291005291,0.0003509575491229062,0.01388818246346933,-0.02036888401965231,0.8782793286476924
EvieDiagAbs,FICO,50,0.01,3.0,0.0007549606303058604,0.0007003442994479475,False,,10000,58.80691576004028,0.005880691576004029,0.0015965883724698088,0.0003,17.525390625,nan,nan,2497,4250,750,0.075,4.3960113525390625,0.0004483771553827461,0.00042841776684696673,0.0004433287797343749,0.00019459366740193218,0.0005603669629039282,0.0008020678673570175,0.002952879408718423,-0.14074071918556605,0.009873257837443089,0.02187982322648167,7.324796526689985,7.093551679852006,0.9684298606800377,5441.5368645713315,460800.0,4608000000.0,nan,nan,0.9999902425909969,0.9999382467132272,22.440996696663813,0.012222641577500326,0.0,1.0,1.0,9980,0.02747654691379287,0.6031746031746031,0.0007549606303058604,0.021145292060085075,-1.1949615779718976,2.189021677962283
EvieDiagAbs,FICO,51,0.01,3.0,0.00038291198551339446,0.0006982119709490464,False,,10000,59.48007011413574,0.005948007011413574,0.0015932617591701299,0.0,17.525390625,nan,nan,2497,6500,1250,0.125,7.395021915435791,0.00044732322210384406,0.0004418960100657615,0.00044866719295716997,0.0006156895979074761,-0.00023277761239408166,0.0007279385784519925,0.002986978635091864,-0.1623495281315412,0.009297992245462955,0.021637007407844064,7.367164449969223,6.631922712721387,0.9002001730461023,5379.953308494006,460800.0,4608000000.0,nan,nan,0.9999952177169783,0.9999896304163516,34.0858742749858,0.010618537826702834,0.0,1.0,1.0,9980,0.019568136996489842,0.4074074074074074,0.00038291198551339446,0.014925080001669587,-0.11327274854892333,-1.9162855206989022
EvieDiagAbs,FTNT,42,0.01,3.0,0.0007325362749200649,0.0009428555990719985,False,,10000,58.81927180290222,0.005881927180290222,0.001597095918084243,0.0004,17.525390625,nan,nan,2497,1250,750,0.075,4.480726003646851,0.0006682012342399561,0.0006375478981845026,0.0006500782677346228,0.0005411091260612011,0.0001914271488588638,0.0009746036008289214,0.0030489107007684608,0.047965584578965326,0.010338569929584629,0.022711690980941057,7.192625308173382,7.096337756487828,0.9866130171446388,5440.393772168576,460800.0,4608000000.0,nan,nan,0.9999936351207925,0.9999843555993698,43.234759881883015,0.01263748973919263,0.0,1.0,1.0,9980,0.027065407348127332,0.4656084656084656,0.0007325362749200649,0.015522411891392298,-0.02531568322052613,-0.35000747849044117
EvieDiagAbs,FTNT,43,0.01,3.0,0.0008531751298399829,0.0009450292713762278,False,,10000,58.525757789611816,0.005852575778961182,0.0015859159344185636,0.0003,17.525390625,nan,nan,2497,1750,1750,0.175,10.188968896865845,0.0006930928427632976,0.0005999696495319065,0.0006770505481998534,0.00035303368349559605,0.0005001414463443869,0.001006271178070675,0.002479353787004149,-0.04306557150921776,0.009379468933337921,0.022125673759728667,7.239556148304201,6.945373861098404,0.9593645962294655,5467.678029054059,460800.0,4608000000.0,nan,nan,0.9999916477546791,0.9999770986340195,44.964739152681496,0.011088881290874042,0.0,1.0,1.0,9980,0.029209161744904337,0.5105820105820106,0.0008531751298399829,0.017983555163025224,-0.19417136203131968,1.3694260879567386
EvieDiagAbs,FTNT,44,0.01,3.0,0.0007198235345265222,0.0009402821645812583,False,,10000,58.55416202545166,0.005855416202545166,0.0015931688978111996,0.0002,17.525390625,nan,nan,2497,6250,500,0.05,2.923524856567383,0.0006647358527748391,0.0006701518184199273,0.0006438518210247273,0.0003803192812483758,0.0003395042532781464,0.0010070528287526937,0.002936865215285182,-0.06519674708626866,0.011114724119376843,0.02726516742259263,7.383611064693213,6.47916490477107,0.8775062564918942,5465.025694687698,460800.0,4608000000.0,nan,nan,0.9999937186798291,0.9999838918849135,35.277108048722994,0.01222138321624655,0.0,1.0,1.0,9980,0.02682952728854018,0.49206349206349204,0.0007198235345265222,0.015158342936682322,-0.007521926722074523,0.9430092728498238
EvieDiagAbs,FTNT,45,0.01,3.0,0.000783520085471017,0.000941722715565001,False,,10000,58.367061138153076,0.0058367061138153075,0.0015906114019282392,0.0001,17.525390625,nan,nan,2497,250,nan,nan,nan,0.0006686144583344608,0.0007278439649878247,0.0006137335924817148,0.000392159607145004,0.000391360478326013,0.000994786849186014,0.002750130428477801,-0.056462643355687646,0.009643415917087986,0.02383297514170408,7.37746317188219,7.212800830590106,0.9776803573998629,5482.544328256817,460800.0,4608000000.0,nan,nan,0.9999920383306531,0.9999807163215748,48.660337208345894,0.01438047684846353,0.0,1.0,1.0,9980,0.027991428785809003,0.5238095238095238,0.000783520085471017,0.01634346492706783,-0.096676655145008,-0.26362234170742016
EvieDiagAbs,FTNT,46,0.01,3.0,0.001124470006851923,0.0009353835955855068,False,,10000,58.44753384590149,0.005844753384590149,0.0015903588062619741,0.0004,17.525390625,nan,nan,2497,500,500,0.05,2.9148824214935303,0.0006780509411311659,0.0006745121371479447,0.0006671922935182276,0.0006580106564797461,0.0004664593503721768,0.001004302277902612,0.002771571641040269,-0.18265142521393335,0.011036931946829281,0.02523653637617824,7.301230860173851,7.182376786795514,0.9837213648418307,5474.995760192187,460800.0,4608000000.0,nan,nan,0.9999921490470074,0.9999783314965964,54.97888670839977,0.011386504599224167,0.0,1.0,1.0,9980,0.03353311806038804,0.5026455026455027,0.001124470006851923,0.021670909154982793,-0.5738971199237588,1.3734862720540522
EvieDiagAbs,FTNT,47,0.01,3.0,0.0007246483570684201,0.0009424133073113641,False,,10000,59.183587312698364,0.005918358731269837,0.0015966340306074092,0.0,17.525390625,nan,nan,2497,2750,2750,0.275,16.302898645401,0.000747508016729059,0.000638993802357243,0.0006565624067634465,0.0005148257041582838,0.00020982265291013635,0.0009849376052705186,0.0032058727236497983,-0.001096930603839174,0.010596180973964147,0.02671541217714548,7.396284746891401,6.968387548725345,0.9421470085577901,5406.904422830435,460800.0,4608000000.0,nan,nan,0.9999865221708862,0.9999656777931775,44.663959723302135,0.01523834401349049,0.0,1.0,1.0,9980,0.026919293398386595,0.4656084656084656,0.0007246483570684201,0.015291347705497943,-0.01427512979246659,-0.35000747849044117
EvieDiagAbs,FTNT,48,0.01,3.0,0.0007199596160303348,0.000939831098131539,False,,10000,58.39804768562317,0.005839804768562317,0.0016006127129692533,0.0003,17.525390625,nan,nan,2497,5000,4250,0.425,24.877835988998413,0.0006363632785922783,0.0006634882464361762,0.0006658196580095421,0.00031244251294992864,0.0004075171030804061,0.0009897077200340266,0.0030933381746286242,-0.12656930617780326,0.01240336959627166,0.025930720195174208,7.398592567631463,7.526223706945325,1.017250732236864,5479.635239223584,460800.0,4608000000.0,nan,nan,0.9999934573622987,0.9999835035087734,42.28419688685989,0.012297971186968227,0.0,1.0,1.0,9980,0.02683206320860054,0.5,0.0007199596160303348,0.015117168426513672,-0.007712397153140316,0.7374456913242332
EvieDiagAbs,FTNT,49,0.01,3.0,0.0007172582483796216,0.000931970083428947,False,,10000,59.05638766288757,0.005905638766288758,0.0015886885820225862,0.0003,17.525390625,nan,nan,2497,1250,500,0.05,2.9241585731506348,0.000673440283768834,0.0006262349164694159,0.000692416536845316,0.0004298023122828454,0.0002874559360967762,0.0009980256023321365,0.0027920747049374932,-0.1691702742086377,0.010988874661023147,0.024613556452095505,7.171096028095785,7.161164882167595,0.9986151146366915,5418.550179984943,460800.0,4608000000.0,nan,nan,0.9999905800125152,0.999972374094374,53.42725620585851,0.019229538151444105,0.0,1.0,1.0,9980,0.026781677475087733,0.4894179894179894,0.0007172582483796216,0.01524042704748729,-0.0039313494245165614,0.913876142632459
EvieDiagAbs,FTNT,50,0.01,3.0,0.0007317707967505884,0.0009381290456028136,False,,10000,59.23560643196106,0.005923560643196106,0.0015879244890179723,0.0008,17.525390625,nan,nan,2497,8250,750,0.075,4.392275094985962,0.0006622171481275003,0.0006653422336319118,0.0006416425822616468,0.0005024318816140294,0.00022933891513655903,0.0010198451609528163,0.00261949686629366,-0.03742554739138555,0.013661651064350735,0.02765360195189714,7.324796526689985,7.1695808432709525,0.9788095569817592,5402.156224526156,460800.0,4608000000.0,nan,nan,0.9999927263012033,0.9999729422046888,35.76802653579064,0.01527711014459392,0.0,1.0,1.0,9980,0.02705126238737461,0.48677248677248675,0.0007317707967505884,0.015533973300267779,-0.024244259457364636,0.9353302195583254
EvieDiagAbs,FTNT,51,0.01,3.0,0.0007474638482250234,0.0009435219220836852,False,,10000,58.83437466621399,0.005883437466621399,0.0015913061041896333,0.0002,17.525390625,nan,nan,2497,1250,1250,0.125,7.266879558563232,0.0006996791844024971,0.0006408236087784839,0.0006376959488033465,0.00034836069971788675,0.00039910314850713665,0.000990127068688689,0.00287611830143159,-0.131256629001942,0.010010322085089864,0.024230336677283037,7.367164449969223,7.060493419991378,0.9583732612376902,5438.997215751186,460800.0,4608000000.0,nan,nan,0.999991070804931,0.9999753820100129,50.078617122336894,0.015073122972705733,0.0,1.0,1.0,9980,0.02733978508008107,0.4894179894179894,0.0007474638482250234,0.01598286376428352,-0.04620949496202398,1.060344857733875
EvieDiagAbs,GLW,42,0.01,3.0,0.0002457455352500633,0.0003472104154784104,False,,10000,58.91673421859741,0.005891673421859742,0.0015940560522271796,0.0,17.525390625,nan,nan,2497,8750,2000,0.2,11.670717239379883,0.000376524971483543,0.0003722052383675974,0.00036045425838401185,0.00012540129318949766,0.00012034424206056564,0.00035883919684601373,0.003195999091986428,-0.032108779260718666,0.007131727653005146,0.01547892238013446,7.192625308173382,5.944177807835957,0.8264267292057124,5431.394055425939,460800.0,4608000000.0,nan,nan,0.9999954114145975,0.9999873511445307,39.075273933621915,0.007036652427737522,0.0,1.0,1.0,9980,0.015676273002536774,0.4601063829787234,0.0002457455352500633,0.010878941369435144,-0.05354282629253415,-0.6724292348639411
EvieDiagAbs,GLW,43,0.01,3.0,0.00023933708983123617,0.0003478559480105534,False,,10000,59.04185676574707,0.005904185676574707,0.0015877080788521142,0.0,17.525390625,nan,nan,2497,6750,4000,0.4,23.562867879867554,0.0003975249462157243,0.0003876352817387871,0.00036760110364214045,0.0002953366929432377,-5.599960311200155e-05,0.0003558493294756745,0.002776488053360998,-0.08674228538847772,0.007663922489485412,0.01830173106864094,7.239556148304201,6.310230348487609,0.8716322132491122,5419.883749076925,460800.0,4608000000.0,nan,nan,0.9999939915692269,0.9999773562846903,50.306079464917374,0.010540687398508908,0.0,1.0,1.0,9980,0.015470523256542947,0.47074468085106386,0.00023933708983123617,0.010638105806219515,-0.026068993688322717,-0.4312621959950804
EvieDiagAbs,GLW,44,0.01,3.0,0.0002451026960024758,0.0003473425496478296,False,,10000,59.32024598121643,0.005932024598121643,0.0015865531345413723,0.0001,17.525390625,nan,nan,2497,3250,750,0.075,4.408851385116577,0.0003801398842903744,0.00037032326550000077,0.00036810177935365915,0.00014573384396499023,9.936885203748556e-05,0.0003786654669735972,0.0024685920408799226,-0.049105657667297145,0.009109070586324378,0.02295549530535936,7.383611064693213,7.035973409575078,0.952917664260451,5394.448298500431,460800.0,4608000000.0,nan,nan,0.9999962229426351,0.9999900668375783,53.325025639302076,0.00797187137826082,0.0,1.0,1.0,9980,0.015655756002265615,0.45478723404255317,0.0002451026960024758,0.010828743536005575,-0.05078689147131388,-0.9122791063142087
EvieDiagAbs,GLW,45,0.01,3.0,0.0002391980517478216,0.00034788092820650705,False,,10000,58.679240703582764,0.0058679240703582766,0.0015867739522166207,0.0,17.525390625,nan,nan,2497,6000,750,0.075,4.431476354598999,0.0003713841190431844,0.0003912642475990286,0.00035251737161767603,0.0002802533854264766,-4.1055333678654984e-05,0.00036558753475805273,0.002534660455885758,-0.04968336157478174,0.008524941068695625,0.01960303680971262,7.37746317188219,6.885986317814379,0.9333813205681619,5453.376631379312,460800.0,4608000000.0,nan,nan,0.9999962776088168,0.9999860000910364,75.23991028241616,0.008336994793509956,0.0,1.0,1.0,9980,0.015466028958586028,0.4441489361702128,0.0002391980517478216,0.010646762040557055,-0.02547291948004138,-1.391464786513123
EvieDiagAbs,GLW,46,0.01,3.0,0.00026705186991464523,0.0003471312851741396,False,,10000,59.66419196128845,0.0059664191961288455,0.0015879684709334022,0.0,17.525390625,nan,nan,2497,3750,500,0.05,3.0226869583129883,0.0003583384537090273,0.000378869904793566,0.0003767165403356772,0.0003349078178871423,-6.785594797249707e-05,0.000359774724845942,0.002726503074947005,-0.00380621586740155,0.008022924288859213,0.018378708790987727,7.301230860173851,6.876405742760312,0.9418145891358073,5363.350939330974,460800.0,4608000000.0,nan,nan,0.9999964876061467,0.9999882808847961,42.665676937862806,0.009452938533367216,0.0,1.0,1.0,9980,0.01634172175490224,0.4521276595744681,0.00026705186991464523,0.011445890658746951,-0.1448858328607583,-1.0507169091053683
EvieDiagAbs,GLW,47,0.01,3.0,0.00024233569228459918,0.00034639219548405006,False,,10000,59.920262813568115,0.005992026281356811,0.0015891440367530227,0.0,17.525390625,nan,nan,2497,5500,5500,0.55,32.87303447723389,0.0003812750158455831,0.0003855610891280377,0.0003566408870205297,0.00014698016457259655,9.535552771200263e-05,0.0003609558037736015,0.0027889735624170185,-0.10288085401307653,0.0076602368403328,0.017694697342813013,7.396284746891401,6.7456297065865884,0.9120294766127984,5340.430515060098,460800.0,4608000000.0,nan,nan,0.9999966445608539,0.999990933751567,38.392334245284815,0.009116809371590762,0.0,1.0,1.0,9980,0.015567135005664954,0.47074468085106386,0.00024233569228459918,0.010743696222860347,-0.0389243894147564,-0.41972876258787256
EvieDiagAbs,GLW,48,0.01,3.0,0.00024080986068362282,0.0003455123155123359,False,,10000,59.172202587127686,0.005917220258712768,0.0015963994690401152,0.0,17.525390625,nan,nan,2497,7250,750,0.075,4.53037691116333,0.0003787551487273445,0.00037530133388923183,0.00035665047551930993,0.00028638671210501343,-4.557685142139061e-05,0.00036289216928365954,0.0031465937571088657,-0.01762933664414143,0.008286841234799067,0.020287721976637814,7.398592567631463,6.300832411583613,0.851625813151206,5407.944710674211,460800.0,4608000000.0,nan,nan,0.9999966443110297,0.9999897773481774,29.4798006698378,0.006196338530913792,0.0,1.0,1.0,9980,0.015518049512861558,0.4627659574468085,0.00024080986068362282,0.010699851172310966,-0.03238295241284561,-0.7597453649208644
EvieDiagAbs,GLW,49,0.01,3.0,0.000236291300367426,0.0003479923509476356,False,,10000,58.523213386535645,0.005852321338653564,0.0015876706212221725,0.0,17.525390625,nan,nan,2497,4000,3000,0.3,17.67175316810608,0.00037490233419391265,0.0003804810272707063,0.0003800356340298032,0.0009129543323069811,-0.000676663031939555,0.0003621352205979924,0.0027075039818379816,-0.06015269450974607,0.008167600497763487,0.019386013876646725,7.171096028095785,6.773429152168745,0.9445458721555238,5467.915746294649,460800.0,4608000000.0,nan,nan,0.9999948144701118,0.9999854337561218,99.25170128330807,0.01157611218985366,0.0,1.0,1.0,9980,0.015371769591280829,0.4787234042553192,0.000236291300367426,0.010540651265906278,-0.01301130115800131,0.5006798703129907
EvieDiagAbs,GLW,50,0.01,3.0,0.00024036850248064314,0.00034809464326904054,False,,10000,58.514148473739624,0.005851414847373963,0.001588731418643419,0.0002,17.525390625,nan,nan,2497,1750,1750,0.175,10.213968753814697,0.00038521269044661715,0.00037690238607561216,0.0003724546450326264,0.0003710949240485206,-0.00013072642156787748,0.0003646158707074581,0.0026540402565651345,-0.11022882294663801,0.009049409143222874,0.02157813254743812,7.324796526689985,6.979431784175578,0.9528499199594184,5468.762826542913,460800.0,4608000000.0,nan,nan,0.9999936807136072,0.9999739406410746,42.80557528358471,0.012039278790052777,0.0,1.0,1.0,9980,0.01550382218940359,0.4787234042553192,0.00024036850248064314,0.010768004826136999,-0.030490792833623104,-0.47497071073628266
EvieDiagAbs,GLW,51,0.01,3.0,0.00025129885900588265,0.00034571065510615747,False,,10000,58.879788875579834,0.005887978887557983,0.0015896207012074711,0.0001,17.525390625,nan,nan,2497,5000,2750,0.275,16.293419361114502,0.0004013497397049005,0.00035503274242536633,0.0003940822672804901,0.00035295821726322174,-0.00010165935825733909,0.0003663097176147725,0.002762159789320268,-0.09433074294614296,0.00840706380470656,0.0193526070564985,7.367164449969223,6.966052549444179,0.9455540997830286,5434.802096118228,460800.0,4608000000.0,nan,nan,0.9999973132403757,0.9999927518692199,20.966018129439625,0.008420432309198134,0.0,1.0,1.0,9980,0.01585240861843659,0.4601063829787234,0.00025129885900588265,0.010992958432152158,-0.07735064196279606,-1.124656713702767
EvieDiagAbs,GOOGL,42,0.01,3.0,0.0003460608619861502,0.0005357421203380555,False,,10000,58.295576333999634,0.0058295576333999635,0.0015902522359130893,0.0001,17.525390625,nan,nan,2497,2750,500,0.05,2.9403200149536133,0.0002733394572636045,0.0002626357504436961,0.0002588093080134068,0.00024276691692648456,0.00010329394505966563,0.0005581147747324217,0.002959026716544674,-0.04096277562454081,0.006382860479592637,0.01343507417477667,7.192625308173382,6.905160718846151,0.9600334263206274,5489.267284477757,460800.0,4608000000.0,nan,nan,0.9999980511317205,0.9999932873435857,43.94121111538816,0.007190775829928953,0.0,1.0,1.0,9980,0.018602711146124648,0.41909814323607425,0.0003460608619861502,0.013895440984655309,-0.13048881343063123,-1.1073815342933746
EvieDiagAbs,GOOGL,43,0.01,3.0,0.0003235998253027598,0.0005371845685518705,False,,10000,58.69743275642395,0.005869743275642395,0.0015887428168108887,0.0001,17.525390625,nan,nan,2497,4750,1000,0.1,5.848349571228027,0.0002824947655159059,0.00026849146891989753,0.00027907296881660393,0.00018008896586252376,0.00014351085944023606,0.0005558195378166928,0.002759636184952269,-0.09165500947564083,0.007868138069429369,0.017921026982367024,7.239556148304201,6.717357066963239,0.9278686330151218,5451.686470307828,460800.0,4608000000.0,nan,nan,0.9999977208151307,0.9999942897879226,33.72023637688418,0.007160605540212828,0.0,1.0,1.0,9980,0.017988880601715045,0.41909814323607425,0.0003235998253027598,0.013253075735909598,-0.05711457930633412,-1.1073815342933746
EvieDiagAbs,GOOGL,44,0.01,3.0,0.00034493121205183565,0.0005353820418805595,False,,10000,58.283024072647095,0.005828302407264709,0.0015856875418622002,0.0001,17.525390625,nan,nan,2497,3500,1500,0.15,8.68867564201355,0.0002754076498753996,0.0002794115598328683,0.00025995472623265584,8.64805952005554e-05,0.00025845061685128025,0.0005583317643410899,0.002420331451198861,-0.10785654039228303,0.0075863814718912185,0.016276516485959285,7.383611064693213,7.057790176620574,0.955872419982867,5490.449493511778,460800.0,4608000000.0,nan,nan,0.9999981777598587,0.9999956303194247,52.6100461047396,0.007062743277916184,0.0,1.0,1.0,9980,0.018572323819378005,0.41909814323607425,0.00034493121205183565,0.013919777340359159,-0.12679854748577446,-1.1073815342933746
EvieDiagAbs,GOOGL,45,0.01,3.0,0.00039006131035940986,0.0005349164300002849,False,,10000,58.37326955795288,0.005837326955795288,0.0015858363860243167,0.0,17.525390625,nan,nan,2497,2250,2250,0.225,13.11610746383667,0.00027848519693390167,0.00026824673520544826,0.0002523130369065047,0.00020092673366889358,0.00018913457669051629,0.0005573490513576697,0.0024772799040113564,-0.10905814638208043,0.00750753130746416,0.017584929428994655,7.37746317188219,7.013567211226848,0.9506746489711717,5481.961219977657,460800.0,4608000000.0,nan,nan,0.999994618019764,0.9999769075190335,92.42578478784701,0.008208166572988774,0.0,1.0,1.0,9980,0.01974996988249374,0.4217506631299735,0.00039006131035940986,0.014993215994860129,-0.2742265778990467,-1.1753647513801488
EvieDiagAbs,GOOGL,46,0.01,3.0,0.0003936135421985041,0.0005369987190560258,False,,10000,58.25782537460327,0.005825782537460327,0.0015862515433373136,0.0003,17.525390625,nan,nan,2497,1750,1750,0.175,10.094232082366943,0.00029079578087712907,0.00026622022271016016,0.0002836402983484349,0.00034529209369793534,4.8321448500568756e-05,0.0005777347783511134,0.002496952257682762,-0.07734286925503513,0.008204425027542674,0.017211848031729454,7.301230860173851,7.037820887349702,0.9639225251373744,5492.82431917721,460800.0,4608000000.0,nan,nan,0.9999983786684646,0.9999949575335515,62.902925335668,0.006150553985700924,0.0,1.0,1.0,9980,0.019839696121627066,0.4217506631299735,0.0003936135421985041,0.015230204062487082,-0.2858307747266233,-1.156702867485292
EvieDiagAbs,GOOGL,47,0.01,3.0,0.00034627412992810445,0.0005355841759345259,False,,10000,58.31319975852966,0.005831319975852966,0.0015916834345023538,0.0,17.525390625,nan,nan,2497,1500,1500,0.15,8.738327026367188,0.0002719592978394382,0.0002652538876832636,0.0002650932504983333,0.00011708467718563043,0.00022918945274247402,0.0005562079819920743,0.0029118227081742247,-0.04071938225911946,0.006326284246387513,0.015184365771710865,7.396284746891401,6.970866994374074,0.9424822370858387,5487.608317243688,460800.0,4608000000.0,nan,nan,0.9999956862922754,0.9999863385143871,82.0988380483283,0.011052028295116844,0.0,1.0,1.0,9980,0.01860844243691837,0.41909814323607425,0.00034627412992810445,0.013909994609772212,-0.13118550308591015,-1.1073815342933746
EvieDiagAbs,GOOGL,48,0.01,3.0,0.00031001889516436864,0.0005389774509703132,False,,10000,58.55067467689514,0.005855067467689514,0.001592154031578776,0.0,17.525390625,nan,nan,2497,4250,4250,0.425,24.51487112045288,0.00026584740325722285,0.0002830042711274013,0.0002642530277813959,0.00024398567620664835,6.603321895772029e-05,0.0005611870535407708,0.0028545151365988925,0.013939578233840903,0.00748153577197445,0.019688552711158977,7.398592567631463,6.67637967429755,0.9023850973368146,5465.351198186554,460800.0,4608000000.0,nan,nan,0.9999977841103137,0.9999920057742591,56.71955812339286,0.005062794934772308,0.0,1.0,1.0,9980,0.01760735344009339,0.41909814323607425,0.00031001889516436864,0.012652641881710638,-0.01274929191348062,-1.1596498760841563
EvieDiagAbs,GOOGL,49,0.01,3.0,0.00031797528739959475,0.0005381636973717485,False,,10000,58.82666993141174,0.005882666993141174,0.0016001385056941047,0.0,17.525390625,nan,nan,2497,6250,1500,0.15,8.742749452590942,0.00026860699883167764,0.00027227509895549207,0.00026785911830868616,0.00022246826119953766,9.550702620005709e-05,0.0005587204552982678,0.0033489633627909543,-0.05990281243805741,0.007394763733397121,0.016129347402602433,7.171096028095785,5.861863950327942,0.8174292921697918,5439.709580248214,460800.0,4608000000.0,nan,nan,0.9999966609268425,0.9999908793945453,119.18062862515606,0.009316372559328556,0.0,1.0,1.0,9980,0.017831861579756466,0.41909814323607425,0.00031797528739959475,0.013046305015604331,-0.03874070962413012,-1.1073815342933746
EvieDiagAbs,GOOGL,50,0.01,3.0,0.0005236466725667318,0.0005343318459842186,False,,10000,58.49850821495056,0.005849850821495056,0.0015875013866874987,0.0004,17.525390625,nan,nan,2497,2750,2750,0.275,16.04758310317993,0.0002941068586316917,0.0002685804738309162,0.0002623825592652087,0.00013552320888265967,0.00038812346368407213,0.0005916423544805569,0.0026153958979015977,-0.17299293778787975,0.008577824527535995,0.016937747225165365,7.324796526689985,7.049489911630696,0.9624144351237429,5470.224964099461,460800.0,4608000000.0,nan,nan,0.9999977196512431,0.9999923233793259,61.06686650590041,0.012359448303669751,0.0,1.0,1.0,9980,0.022883327392814443,0.41909814323607425,0.0005236466725667318,0.018216405596051897,-0.7106144339158311,-1.1766222300094307
EvieDiagAbs,GOOGL,51,0.01,3.0,0.0003119153044526539,0.0005387553960005864,False,,10000,58.39094066619873,0.005839094066619873,0.001585514362084799,0.0001,17.525390625,nan,nan,2497,6000,3750,0.375,21.8260440826416,0.0002947789008724529,0.0002565102060243562,0.0002869667955136101,0.00021313429533620365,9.878100911645026e-05,0.0005621297544284328,0.002448376037920106,-0.024403442691187535,0.00844072085021653,0.020009292569011444,7.367164449969223,6.940852718228126,0.9421335393506959,5480.302189843658,460800.0,4608000000.0,nan,nan,0.9999962129611374,0.9999871190195054,40.657831529591505,0.010294623595592611,0.0,1.0,1.0,9980,0.017661124099350355,0.4244031830238727,0.0003119153044526539,0.01272114496382456,-0.01894435677515882,-1.1804291937970106
EvieDiagAbs,GPN,42,0.01,3.0,0.0003273154180201273,0.0005785746583888006,False,,10000,58.41694951057434,0.005841694951057434,0.0015932409222676755,0.0,17.525390625,nan,nan,2497,4750,1250,0.125,7.286276578903198,0.0003475977657955921,0.00034211858810075097,0.00034368132474326015,0.0001622671479708515,0.0001650482700492758,0.0005882795410343378,0.003133775099423462,0.006736313809455883,0.00777851435630073,0.01782739963382482,7.192625308173382,6.395796600921353,0.8892158741611984,5477.86220747585,460800.0,4608000000.0,nan,nan,0.9999969105507056,0.9999887189703274,65.90913914313201,0.00797303756834893,0.0,1.0,1.0,9980,0.018091860546116514,0.5145888594164456,0.0003273154180201273,0.012617663731650701,0.00023449709313916323,0.33073684045490137
EvieDiagAbs,GPN,43,0.01,3.0,0.0003284329065570125,0.0005788066342907812,False,,10000,58.81770181655884,0.005881770181655884,0.001597913261857508,0.0003,17.525390625,nan,nan,2497,5000,750,0.075,4.408848285675049,0.0003694120159716141,0.00035113472058132564,0.000354139999587546,0.00027771215536631644,5.072075119069605e-05,0.0006005448552529715,0.002676066035523671,-0.054581201388651884,0.008232261887607456,0.017413804586976764,7.239556148304201,6.963023445247524,0.9618025335542908,5440.5389894018435,460800.0,4608000000.0,nan,nan,0.9999869656222256,0.9996253078666424,55.808481039869626,0.006982450901296034,0.0,1.0,1.0,9980,0.018122717968257755,0.4907161803713528,0.0003284329065570125,0.012723932821283895,-0.003178805267713747,0.0788758495381521
EvieDiagAbs,GPN,44,0.01,3.0,0.00034091050031954647,0.0005793663962134,False,,10000,58.47686696052551,0.005847686696052551,0.001590907690874089,0.0001,17.525390625,nan,nan,2497,500,500,0.05,2.950850248336792,0.0003729926314845282,0.00034077437946706136,0.0003326682120164792,0.00016176986537175253,0.00017914063494779394,0.0006102185116400892,0.0027904878431029897,-0.08346916126706666,0.009015273528132821,0.02060638610273599,7.383611064693213,7.236049887521875,0.9800150392702911,5472.2493976295655,460800.0,4608000000.0,nan,nan,0.9999964770928568,0.9999889323846307,41.391337488089626,0.01143510050541181,0.0,1.0,1.0,9980,0.018463761813876024,0.5384615384615384,0.00034091050031954647,0.012730298218903717,-0.04129087428824563,0.9898075928810767
EvieDiagAbs,GPN,45,0.01,3.0,0.000371674933130779,0.0005714268045653082,False,,10000,58.458411693573,0.0058458411693573,0.0015860263080349755,0.0,17.525390625,nan,nan,2497,250,nan,nan,nan,0.0003624722788310872,0.00035858663205653893,0.0003365184205046566,0.00030472606886178255,6.694886426899643e-05,0.0005884046492702757,0.0025370069770034916,-0.06841837180217906,0.007002627367186506,0.01727155689150095,7.37746317188219,7.06356139207786,0.9574512576354556,5473.976981745148,460800.0,4608000000.0,nan,nan,0.9999945641544702,0.9999881973259185,59.04093225655581,0.012165556818281686,0.0,1.0,1.0,9980,0.01927887271421177,0.4907161803713528,0.000371674933130779,0.013386554818935496,-0.13525900700625537,-0.26015148086985856
EvieDiagAbs,GPN,46,0.01,3.0,0.00032727122701034343,0.0005788556460676523,False,,10000,58.33291244506836,0.005833291244506836,0.0015952252877012901,0.0,17.525390625,nan,nan,2497,7750,1000,0.1,5.751586675643921,0.00033753787384962515,0.00035243150459829143,0.0003659261253240062,0.00024952971580205485,7.774151120828858e-05,0.0005953024578996071,0.002867259138552802,0.023964400307019445,0.008487105671875906,0.019709132611751532,7.301230860173851,6.827239422354306,0.935080612173896,5485.753866675892,460800.0,4608000000.0,nan,nan,0.9999955025385724,0.9999537490316044,28.242754333907396,0.01532322655411491,0.0,1.0,1.0,9980,0.01809063920955651,0.4827586206896552,0.00032727122701034343,0.012697940150265971,0.00036947590772651306,0.01977389889061573
EvieDiagAbs,GPN,47,0.01,3.0,0.00032999405942896686,0.0005798569092383751,False,,10000,58.72120928764343,0.005872120928764343,0.0015919538980183375,0.0003,17.525390625,nan,nan,2497,9000,1250,0.125,7.2571470737457275,0.0003467143032488044,0.0003714596637836171,0.0003411435751040912,0.0003302086261101067,-2.1456668113984702e-07,0.0006008088251226557,0.0028368724521473034,-0.09666889448600656,0.010030861881942837,0.02273845020681617,7.396284746891401,6.930357558954649,0.9370052392679206,5449.479053343284,460800.0,4608000000.0,nan,nan,0.999997339376242,0.9999887435025057,28.26969420894511,0.01023562171717458,0.0,1.0,1.0,9980,0.01816573861501279,0.4960212201591512,0.00032999405942896686,0.012745736137269035,-0.007947253987865333,-0.32842959592167353
EvieDiagAbs,GPN,48,0.01,3.0,0.00032782465929076786,0.0005787139071709913,False,,10000,58.270838260650635,0.005827083826065064,0.001588400742283577,0.0001,17.525390625,nan,nan,2497,6000,2250,0.225,13.030667781829834,0.00035631192495260187,0.0003823758924359957,0.00033624697654877685,0.0007486969116143882,-0.00042087225232362036,0.0005917870816159295,0.0026589237560682207,-0.04361013403874431,0.008861476792164468,0.02223440129309892,7.398592567631463,7.041754146591707,0.9517694186052481,5491.5976765017795,460800.0,4608000000.0,nan,nan,0.9999957561911156,0.9999790097930854,30.98558365644641,0.006782428261021778,0.0,1.0,1.0,9980,0.018105928843634836,0.519893899204244,0.00032782465929076786,0.012639019224378798,-0.0013209501208126806,0.5069888948717466
EvieDiagAbs,GPN,49,0.01,3.0,0.0003335388012664028,0.000577060787367884,False,,10000,59.77374458312988,0.005977374458312988,0.001597759580252248,0.0,17.525390625,nan,nan,2497,1500,750,0.075,4.473863363265991,0.00033829199129574515,0.0003360705146303393,0.0003528744262273435,0.0002164083271054551,0.00011713047416094771,0.000593125718305413,0.003039187442379735,-0.06976288031286032,0.008420622388967604,0.019421193655580277,7.171096028095785,6.893066377115839,0.9612291273341415,5353.521052290148,460800.0,4608000000.0,nan,nan,0.9999953254580302,0.999987776836294,57.90091125370179,0.008800449851649373,0.0,1.0,1.0,9980,0.0182630446877404,0.47214854111405835,0.0003335388012664028,0.012924731723845952,-0.018774457384563403,-0.03651383579919834
EvieDiagAbs,GPN,50,0.01,3.0,0.00032819622250461076,0.0005790686891945351,False,,10000,59.74637174606323,0.005974637174606323,0.0016029648196083637,0.0002,17.525390625,nan,nan,2497,9500,500,0.05,3.0284907817840576,0.00037725540883933696,0.0003367381005703067,0.0003525741507204464,0.0003464035762590356,-1.8207353754424852e-05,0.0006053643800900484,0.002904422188577716,-0.06521714434611078,0.008954490094141511,0.021153243631124495,7.324796526689985,6.883260756088757,0.9397204046566527,5355.973771262273,460800.0,4608000000.0,nan,nan,0.9999935972008347,0.9999534731830597,40.1524724860855,0.009746152415425513,0.0,1.0,1.0,9980,0.018116186753967038,0.4907161803713528,0.00032819622250461076,0.012694722130185082,-0.002455867887889873,0.20297381987862356
EvieDiagAbs,GPN,51,0.01,3.0,0.00032919623627864495,0.0005771080995428151,False,,10000,59.03859043121338,0.005903859043121338,0.0015903026301112076,0.0001,17.525390625,nan,nan,2497,2500,2500,0.25,14.911697387695312,0.0003539610278260332,0.0003390494068195316,0.00037758766386368524,0.00030043879814911634,2.875743812952861e-05,0.000594709568434586,0.002675039697582487,-0.16415299868821412,0.008349592672828294,0.019521349854767316,7.367164449969223,7.325449824177887,0.9943377637251588,5420.183606396161,460800.0,4608000000.0,nan,nan,0.9999967353711652,0.9999741037913074,27.26974580301499,0.0061477553265390835,0.0,1.0,1.0,9980,0.018143765768953393,0.47480106100795755,0.00032919623627864495,0.012785921651850302,-0.0055103505632205785,0.4688533033193911
EvieDiagAbs,GRMN,42,0.01,3.0,0.0003800455618787695,0.0003151150138688024,False,,10000,58.36862349510193,0.0058368623495101924,0.0015887655697127711,0.0001,17.525390625,nan,nan,2497,750,750,0.075,4.414827108383179,0.0003226029689879055,0.0002883977665363213,0.00030771943810468667,0.00010258977636112832,0.0002774557855176412,0.00032680808493476944,0.002823361668715274,-0.07723443016422848,0.007611154205764615,0.017143545672297467,7.192625308173382,7.0106716883493005,0.9747027528853314,5482.3975766167105,460800.0,4608000000.0,nan,nan,0.9999980966681152,0.9999931321808802,29.989685040331903,0.005440059020565968,0.0,1.0,1.0,9980,0.019494757292122657,0.4450402144772118,0.0003800455618787695,0.011288987265692817,-0.16744899866449048,-0.9935521662858848
EvieDiagAbs,GRMN,43,0.01,3.0,0.00034550171365182867,0.0003195821408883962,False,,10000,58.42874813079834,0.005842874813079834,0.0015853756364967166,0.0001,17.525390625,nan,nan,2497,7750,1250,0.125,7.288541793823242,0.00032182968221486065,0.0003322317625248944,0.00027321604478407934,0.00032502232352271676,2.047939012911191e-05,0.00033599710874733274,0.002445323084831531,-0.10413680959599378,0.00812558484707406,0.017560323327779768,7.239556148304201,7.013931113757911,0.9688344105737559,5476.756053093067,460800.0,4608000000.0,nan,nan,0.9999968181772625,0.9999918372771146,97.69527996877727,0.008962250996853527,0.0,1.0,1.0,9980,0.018587676391949283,0.4584450402144772,0.00034550171365182867,0.010220406547425285,-0.06133492954289266,-1.096314366112753
EvieDiagAbs,GRMN,44,0.01,3.0,0.00033395232820006277,0.00031748945659288363,False,,10000,59.25329375267029,0.005925329375267028,0.0015954887465576978,0.0001,17.525390625,nan,nan,2497,9500,1250,0.125,7.278596878051758,0.00030838237110219477,0.00030484072898897527,0.00031992830969803255,0.0006919864536030218,-0.00035803412540295903,0.00034403640125459903,0.0027280293274736084,-0.10021049651134682,0.008179536316834856,0.01806817315518855,7.383611064693213,6.784715044439004,0.9188884659542813,5400.543661517196,460800.0,4608000000.0,nan,nan,0.9999963895245216,0.9999886841153932,35.348437997358154,0.008779772901804072,0.0,1.0,1.0,9980,0.018274362593536958,0.4450402144772118,0.00033395232820006277,0.009819891086961857,-0.025856766308466117,-1.654706844715586
EvieDiagAbs,GRMN,45,0.01,3.0,0.0004290596990988999,0.00031237683656677327,False,,10000,59.10235381126404,0.005910235381126404,0.0015846067353748948,0.0,17.525390625,nan,nan,2497,1250,1250,0.125,7.3718931674957275,0.0003066606520562785,0.0003219886681962712,0.0003066443777749033,0.00027821468393085524,0.00015084501516804465,0.0003268967715727264,0.0023575333407806574,-0.02744700437347281,0.0074489509367711435,0.017239414434880015,7.37746317188219,7.0627458896097535,0.9573407179486951,5414.335967428301,460800.0,4608000000.0,nan,nan,0.9999957061438198,0.9999885002449425,79.99434625199567,0.008807007079992601,0.0,1.0,1.0,9980,0.02071375627690207,0.4450402144772118,0.0004290596990988999,0.013098243683103531,-0.318013854981108,-1.654706844715586
EvieDiagAbs,GRMN,46,0.01,3.0,0.00034467552704785866,0.0003154707445073823,False,,10000,58.37478017807007,0.005837478017807007,0.0015868432931996947,0.0001,17.525390625,nan,nan,2497,6500,4750,0.475,27.655502796173096,0.0003014638796583568,0.0002993917968160157,0.0003297666496371473,0.001097217173082754,-0.0007525416460348953,0.00033475213613768284,0.002590235319112029,0.015760973787173466,0.007968629424370011,0.018134241644293062,7.301230860173851,6.899159046331167,0.944930954582484,5481.819358014746,460800.0,4608000000.0,nan,nan,0.9999965334246863,0.9999891186191017,41.7487931928434,0.006828311081656757,0.0,1.0,1.0,9980,0.018565439048076903,0.4450402144772118,0.00034467552704785866,0.010196177417008335,-0.058796995094331894,-1.654706844715586
EvieDiagAbs,GRMN,47,0.01,3.0,0.00033729172572887763,0.0003165745964417091,False,,10000,58.32330942153931,0.0058323309421539305,0.0015890743406823666,0.0,17.525390625,nan,nan,2497,6250,2000,0.2,11.711390972137451,0.0003177595867126961,0.000303834539068462,0.00029935690414404633,0.0004383794730529189,-0.00010108774732404128,0.0003284404550508067,0.002678297688194587,-0.08001525027737842,0.007692307796094247,0.018562952242791652,7.396284746891401,6.798678509357026,0.9192018347068717,5486.657104574749,460800.0,4608000000.0,nan,nan,0.9999966372741668,0.9999887105759382,72.16114551233886,0.007386267114223788,0.0,1.0,1.0,9980,0.018365503688406632,0.4450402144772118,0.00033729172572887763,0.009919860375621332,-0.03611494767462875,-1.654706844715586
EvieDiagAbs,GRMN,48,0.01,3.0,0.000326472635149325,0.0003171248722139657,False,,10000,58.57262992858887,0.0058572629928588865,0.0015925332975365223,0.0,17.525390625,nan,nan,2497,4750,500,0.05,2.8944811820983887,0.00030888997439108243,0.0002868597242162572,0.0003146868497372086,0.0007451328056049533,-0.0004186601704556283,0.0003317054116603494,0.002928905336901225,-0.025159969632215125,0.0076164449504212825,0.017577929329127065,7.398592567631463,6.70964240749263,0.9068809163579353,5463.30257647882,460800.0,4608000000.0,nan,nan,0.9999953748398994,0.9999857939648157,63.092747030813506,0.007018319716890842,0.0,1.0,1.0,9980,0.018068553764740692,0.5549597855227882,0.000326472635149325,0.009566867162310888,-0.0028801523487247405,1.654706844715586
EvieDiagAbs,GRMN,49,0.01,3.0,0.0004141785638042228,0.0003174506029020254,False,,10000,58.41871118545532,0.005841871118545532,0.0015864183273314439,0.0003,17.525390625,nan,nan,2497,1250,1250,0.125,7.284768104553223,0.0003089773480670396,0.0003083539099009039,0.0003075506103733472,0.0002134809037670493,0.00020069766003717347,0.00033200082669961555,0.002588866006966944,-0.060738530909036935,0.009063326138965204,0.02071119286119938,7.171096028095785,6.984553127349131,0.9739868354829173,5477.6970170418845,460800.0,4608000000.0,nan,nan,0.9999970758732072,0.9999918276120813,102.96270332346606,0.010520846159093367,0.0,1.0,1.0,9980,0.020351377442429364,0.4450402144772118,0.0004141785638042228,0.012387654137989831,-0.2723010030459936,-1.7700562700632159
EvieDiagAbs,GRMN,50,0.01,3.0,0.00034429097459429787,0.0003172353068144315,False,,10000,58.41231942176819,0.005841231942176819,0.0015871061601201149,0.0004,17.525390625,nan,nan,2497,7500,1000,0.1,5.852748870849609,0.00032902002051110314,0.0003148617621649398,0.00029010017420523087,0.0003191209034412168,2.5170071153081072e-05,0.0003517290238664238,0.002532034708432924,-0.022172184431665836,0.010045984433876583,0.023512175865471354,7.324796526689985,7.039060033196627,0.9609905213814205,5478.296413628585,460800.0,4608000000.0,nan,nan,0.9999970955133352,0.9999879140607959,66.23696070385621,0.009511119551547154,0.0,1.0,1.0,9980,0.018555079482295348,0.46380697050938335,0.00034429097459429787,0.010168583935530728,-0.05761570152883366,-1.5717127566657305
EvieDiagAbs,GRMN,51,0.01,3.0,0.00037365666930637664,0.00031638603944044846,False,,10000,58.637446880340576,0.005863744688034057,0.001601616995710935,0.0001,17.525390625,nan,nan,2497,1500,1500,0.15,8.714239358901978,0.0003194573404433048,0.00032413711098695005,0.0002945434914495595,0.000229035118536558,0.00014462155076981864,0.0003492569538583433,0.002948169657810534,-0.07610573578161525,0.008805525705987385,0.020298080611973995,7.367164449969223,6.973179066194432,0.9465214348817154,5457.263523990276,460800.0,4608000000.0,nan,nan,0.9999942964956358,0.9999022218898018,23.396216976056852,0.0067167730871801725,0.0,1.0,1.0,9980,0.019330200963941804,0.4450402144772118,0.00037365666930637664,0.0112766563576996,-0.14782317748835916,-1.654706844715586
EvieDiagAbs,HPE,42,0.01,3.0,0.0006324215952692361,0.0003764315213991966,False,,10000,58.396655559539795,0.00583966555595398,0.001597536329357831,0.0,17.451171875,nan,nan,2497,8250,8250,0.825,48.24580359458923,0.0005207637623008399,0.0005063647743364909,0.0005055327734193972,0.0007708662596996874,-0.00013844466443045124,0.00040633483020840376,0.0033287674322478415,-0.06789402570405466,0.010514855119878484,0.022630764078348846,7.192625308173382,5.674574079992581,0.7889433742008284,5479.765869018575,460800.0,4608000000.0,nan,nan,0.9999956610345165,0.9999877768732675,20.13522225492087,0.009247072848540937,0.0,1.0,1.0,9980,0.025147993861722572,0.4778761061946903,0.0006324215952692361,0.0176259340911076,-0.10973217658817291,-0.8069548777316232
EvieDiagAbs,HPE,43,0.01,3.0,0.0006746170592719111,0.00037584831188251447,False,,10000,58.81072664260864,0.005881072664260864,0.001590596350881955,0.0001,17.451171875,nan,nan,2497,6750,4000,0.4,23.404990911483765,0.0005324880186835127,0.0005226353086224802,0.0004952694475761877,0.0005658550362568349,0.00010876202301507627,0.000410175250543581,0.002932760377840221,-0.11713838043081996,0.009553724997155951,0.02066719466820359,7.239556148304201,6.558311565368257,0.9058996754800335,5441.184257841809,460800.0,4608000000.0,nan,nan,0.9999883508739874,0.9999690407216031,41.10480761500308,0.014407464019419081,0.0,1.0,1.0,9980,0.02597339137024488,0.48672566371681414,0.0006746170592719111,0.018468207326428645,-0.1837740253487321,-0.8967374939870897
EvieDiagAbs,HPE,44,0.01,3.0,0.0006485756743570853,0.00037423621266435234,False,,10000,60.24527645111084,0.006024527645111084,0.0015885430108577045,0.0001,17.451171875,nan,nan,2497,3500,750,0.075,4.46511697769165,0.0005209069140888531,0.0005144164411288021,0.0005096368943260622,0.00035131048934999853,0.0002972651850070868,0.00039895211655234297,0.0026822360447404836,-0.06090087783691766,0.009090362469977117,0.02132595917209983,7.383611064693213,6.960025662875938,0.9426316746499872,5311.619745984245,460800.0,4608000000.0,nan,nan,0.9999910617056447,0.9999761343861505,61.870314053049796,0.015326152777359426,0.0,1.0,1.0,9980,0.025467148924783186,0.4911504424778761,0.0006485756743570853,0.018431566912552405,-0.13807830120035458,-0.5778868726506293
EvieDiagAbs,HPE,45,0.01,3.0,0.000588260719488407,0.0003763340510331191,False,,10000,59.31976103782654,0.005931976103782654,0.0015867727907622686,0.0001,17.451171875,nan,nan,2497,3250,2250,0.225,13.507757425308228,0.0005177795175952237,0.0005134867855801534,0.0005152098092599103,0.0005102605500724167,7.80001694159903e-05,0.00040958899099457103,0.002514958210657856,-0.13145622105094218,0.00918655653665046,0.021851254627108574,7.37746317188219,6.944382399576416,0.9412967896666187,5394.492398510254,460800.0,4608000000.0,nan,nan,0.9999959015882712,0.9999894674223313,47.06712931663242,0.010409293847172308,0.0,1.0,1.0,9980,0.024254086655415556,0.5088495575221239,0.000588260719488407,0.016479574400803138,-0.032241551399391666,-0.11282321452403285
EvieDiagAbs,HPE,46,0.01,3.0,0.0006258016259505831,0.0003760506709416707,False,,10000,58.754887104034424,0.0058754887104034426,0.0015935628029476593,0.0,17.451171875,nan,nan,2497,3500,500,0.05,2.919656753540039,0.0005238829841233747,0.0005322394054989174,0.0005118841330576788,0.00039266576641239226,0.00023313585953819082,0.0004061700742932003,0.0029152813386887967,-0.058963491818804975,0.008951525616872822,0.023899502772837877,7.301230860173851,6.809144153716358,0.9326022261339952,5446.355456923805,460800.0,4608000000.0,nan,nan,0.9999916018752518,0.9999682505373944,57.48173454168822,0.013879994871214763,0.0,1.0,1.0,9980,0.025016027381472523,0.4778761061946903,0.0006258016259505831,0.017336613145367854,-0.09811588610111532,-1.133488871570455
EvieDiagAbs,HPE,47,0.01,3.0,0.0017460637308400252,0.00037374563547439905,False,,10000,58.813135385513306,0.00588131353855133,0.0015959018785906363,0.0,17.451171875,nan,nan,2497,250,nan,nan,nan,0.0005129212225984413,0.0005248997142634762,0.0004978195269662096,0.0004989358130842447,0.0012471279177557804,0.00040410992176991375,0.0030506158810370363,0.0057429616202546024,0.008746332886678284,0.018461200222373006,7.396284746891401,7.041066506395053,0.9519734227855893,5440.961409427282,460800.0,4608000000.0,nan,nan,0.999992737415857,0.999976337347038,68.7217122009562,0.011762711131900971,0.0,1.0,1.0,9980,0.04178592742586941,0.504424778761062,0.0017460637308400252,0.03182700173608188,-2.0638787779880605,-0.6136988035105622
EvieDiagAbs,HPE,48,0.01,3.0,0.0006108832513463909,0.00037387503690017765,False,,10000,58.66896462440491,0.00586689646244049,0.0015911066940841457,0.0,17.451171875,nan,nan,2497,3500,1750,0.175,10.520797729492188,0.0005016012789391131,0.00049879023159372,0.0004870576777064389,0.00039425023715011775,0.0002166330141962731,0.00041345396913478055,0.0028753960617240674,-0.024056872394138312,0.008085549331828952,0.019366467371582978,7.398592567631463,7.0658565563937055,0.9550271206048752,5454.3318098183645,460800.0,4608000000.0,nan,nan,0.9999888697689429,0.9999551854276214,62.88162335439267,0.016710156105136775,0.0,1.0,1.0,9980,0.02471605250331029,0.47345132743362833,0.0006108832513463909,0.017311947099093734,-0.07193809513934402,-0.6154680739221123
EvieDiagAbs,HPE,49,0.01,3.0,0.0005928317791429059,0.0003776536746458574,False,,10000,58.79536151885986,0.005879536151885987,0.0015960437772891498,0.0,17.451171875,nan,nan,2497,8000,500,0.05,2.9253125190734863,0.0004910974028422762,0.000503757847535869,0.0004966036351928571,0.0004262212896719575,0.00016661048947094845,0.0004009028086421201,0.003251430275974966,-0.11900849988730829,0.0092743334519153,0.023340826481580722,7.171096028095785,6.068925717064334,0.8463037858211304,5442.606214732657,460800.0,4608000000.0,nan,nan,0.999989204265989,0.9999660258870241,65.69306535658865,0.015288421646837946,0.0,1.0,1.0,9980,0.02434813707746254,0.504424778761062,0.0005928317791429059,0.016608487943123126,-0.040262548812584065,-0.6032072561092592
EvieDiagAbs,HPE,50,0.01,3.0,0.0005887573392226778,0.0003756833669943211,False,,10000,59.09590792655945,0.0059095907926559445,0.0015870089087114073,0.0001,17.451171875,nan,nan,2497,2250,1500,0.15,8.917627573013306,0.0004974209034435574,0.0005052523261930968,0.0004996607162567537,0.0007755816041026264,-0.00018682426487994864,0.0003991139316012346,0.002587247567033346,-0.13815277788835617,0.009430048479173274,0.02027064263820647,7.324796526689985,6.862799486655288,0.9369269796981693,5414.92653599087,460800.0,4608000000.0,nan,nan,0.9999907144277191,0.9999708361755402,86.35946154415323,0.012704218113645993,0.0,1.0,1.0,9980,0.0242643223524309,0.5221238938053098,0.0005887573392226778,0.016769133765121985,-0.03311298732563395,1.2434450774090058
EvieDiagAbs,HPE,51,0.01,3.0,0.0006021306175610114,0.00037540837283774373,False,,10000,58.33864450454712,0.005833864450454712,0.0015956771187112455,0.0,17.451171875,nan,nan,2497,6500,4000,0.4,23.458874940872192,0.0005163738180524787,0.0005018912810854803,0.0005020300631344702,0.0014234433328965679,-0.0008213127153355565,0.0003930491474171248,0.0030783649458655223,-0.10721530312595799,0.008579311593875172,0.02315939469262956,7.367164449969223,6.511758481979783,0.8838893886788406,5485.214864309336,460800.0,4608000000.0,nan,nan,0.9999956842400181,0.9999894803494946,45.055451563724134,0.013368493898638433,0.0,1.0,1.0,9980,0.024538349935580663,0.4823008849557522,0.0006021306175610114,0.016963080085557084,-0.056579544112330016,-0.8206565288846651
EvieDiagAbs,HPQ,42,0.01,3.0,0.0003386681909283633,0.0005555498347042094,False,,10000,58.53101301193237,0.005853101301193237,0.0015983068753906862,0.0001,17.525390625,nan,nan,2497,10000,1000,0.1,5.770642280578613,0.0004784661339215584,0.0004903215683334192,0.00046820702050556843,0.0008751062669034582,-0.0005364380759750949,0.0005827440484919402,0.003311711088084501,-0.022597623174249175,0.008646090459080005,0.0184329687617719,7.192625308173382,6.589884054053055,0.9162001038153067,5467.187112151356,460800.0,4608000000.0,nan,nan,0.9999973530242373,0.9999913682211127,24.41111120857152,0.01036671504102742,0.0,1.0,1.0,9980,0.018402939736041176,0.49066666666666664,0.0003386681909283633,0.01248542341605696,0.004083224846892164,0.10610568752992093
EvieDiagAbs,HPQ,43,0.01,3.0,0.0003405988374084392,0.0005609321973684295,False,,10000,58.257041931152344,0.005825704193115234,0.001594781816746081,0.0,17.525390625,nan,nan,2497,3750,750,0.075,4.351102590560913,0.0004951507135538369,0.000482999745281644,0.00044956828088712846,0.0015985463687684387,-0.0012579475313599995,0.0005946925622804112,0.003121615886896485,-0.08625218400966037,0.008493960110782064,0.019428244512528135,7.239556148304201,6.851942218172546,0.9464588819823643,5492.898186938039,460800.0,4608000000.0,nan,nan,0.9999937458117794,0.9999875395109956,32.70414500973427,0.010669678598124932,0.0,1.0,1.0,9980,0.018455320029965323,0.5173333333333333,0.0003405988374084392,0.012469607055502594,-0.0015942000424284952,-0.6584807492817523
EvieDiagAbs,HPQ,44,0.01,3.0,0.0003436482930309558,0.0005569028759508614,False,,10000,58.442769050598145,0.005844276905059814,0.001594742106978599,0.0001,17.525390625,nan,nan,2497,1250,750,0.075,4.375547647476196,0.0004651571182543451,0.0004764475767315603,0.00046117409088160347,0.00026609226188156754,7.755603114938825e-05,0.0005830769368655696,0.0029641842515400643,-0.0513502731414267,0.009290257540924359,0.02222569454461336,7.383611064693213,7.19293958326059,0.9741763915024761,5475.442132506637,460800.0,4608000000.0,nan,nan,0.999995421633197,0.9999863674219245,39.54108776764635,0.01334564150533879,0.0,1.0,1.0,9980,0.018537753181843687,0.4826666666666667,0.0003436482930309558,0.012797253472464425,-0.01056169120604844,0.4089105320821709
EvieDiagAbs,HPQ,45,0.01,3.0,0.00033551328396671035,0.0005542939474475162,False,,10000,58.87991261482239,0.005887991261482239,0.0015888563107088539,0.0,17.525390625,nan,nan,2497,5000,5000,0.5,29.38882064819336,0.0004853450833840647,0.0005050545725066103,0.00046789315693638445,0.00027073401724919677,6.477926671751358e-05,0.0005829415570341275,0.002702159671687945,0.07033708125270854,0.008416383679246063,0.01899658981710671,7.37746317188219,7.104330019040178,0.9629773613939535,5434.790674594911,460800.0,4608000000.0,nan,nan,0.9999916140984315,0.9999756664142001,40.62090264504803,0.02061893201498748,0.0,1.0,1.0,9980,0.018317021700230373,0.49066666666666664,0.00033551328396671035,0.012456196325796622,0.013360815277054905,0.4002208319233419
EvieDiagAbs,HPQ,46,0.01,3.0,0.0003410518642455812,0.0005577992776344562,False,,10000,58.62935137748718,0.005862935137748718,0.001590850875474326,0.0,17.525390625,nan,nan,2497,5500,1750,0.175,10.21522045135498,0.0004622668665458792,0.00044903608174393225,0.0004674333414543765,0.00038026920810807496,-3.921734386249374e-05,0.0005985092378543169,0.0028937044697601214,-0.031072872838616723,0.008719376500317594,0.020188501477241515,7.301230860173851,6.907962716428928,0.9461367334800919,5458.017059402014,460800.0,4608000000.0,nan,nan,0.9999951576812507,0.999988531922778,39.03726958282537,0.012355776371055071,0.0,1.0,1.0,9980,0.01846758956240855,0.488,0.0003410518642455812,0.012669820634145585,-0.002926409676488273,0.410680432108857
EvieDiagAbs,HPQ,47,0.01,3.0,0.0003373207790510995,0.0005563246950862895,False,,10000,58.27126097679138,0.005827126097679138,0.0016062224786705752,0.0,17.525390625,nan,nan,2497,9750,9000,0.9,52.504568576812744,0.000490815715965734,0.00047706140796668163,0.0004825976835208679,0.00023906275600893423,9.825802304216528e-05,0.0005770078098531533,0.0034162129910854473,-0.06985168058079833,0.008933215571343316,0.02050176262855529,7.396284746891401,7.227384609456181,0.9771641921295409,5491.557838905382,460800.0,4608000000.0,nan,nan,0.9999943204910478,0.9999799941727495,31.22551969859194,0.015214447203018722,0.0,1.0,1.0,9980,0.018366294646746238,0.488,0.0003373207790510995,0.012492434688346096,0.008045539961072379,0.0026549767699719875
EvieDiagAbs,HPQ,48,0.01,3.0,0.0003399569836873857,0.0005559096760079462,False,,10000,58.249372482299805,0.0058249372482299805,0.001600312689272011,0.0003,17.525390625,nan,nan,2497,7500,2000,0.2,11.663585662841797,0.00048344929150588204,0.0004878864959810427,0.000454189709620225,0.00024977339489851147,9.018358878887424e-05,0.0006062530114408628,0.0031959667437071607,-0.10513302564769307,0.010709761484221963,0.024342210870236157,7.398592567631463,7.117878050712468,0.9620583895716722,5493.621413642493,460800.0,4608000000.0,nan,nan,0.9999951837936187,0.9999822739245083,42.08974524344693,0.01975010801661483,0.0,1.0,1.0,9980,0.01843792243414061,0.47733333333333333,0.0003399569836873857,0.012539727347237723,0.0002932901474217431,-0.25451889691534224
EvieDiagAbs,HPQ,49,0.01,3.0,0.0003434927375228317,0.0005533468343851105,False,,10000,58.57929468154907,0.005857929468154908,0.0015897210710009225,0.0001,17.525390625,nan,nan,2497,1250,1250,0.125,7.2760303020477295,0.00045024432443421754,0.0004888531267817633,0.0004784123040993412,0.00039427747833542526,-5.078474081259357e-05,0.0005955763867069554,0.0028518477006228486,-0.09726957668980579,0.009739524988812627,0.020693165622651572,7.171096028095785,6.998803428588988,0.975974021428277,5462.680999141349,460800.0,4608000000.0,nan,nan,0.9999955925541943,0.9999866667101305,46.662281051147865,0.014047528504312368,0.0,1.0,1.0,9980,0.018533557066112046,0.48533333333333334,0.0003434927375228317,0.012791031882876442,-0.010104251316038093,0.6715684273739103
EvieDiagAbs,HPQ,50,0.01,3.0,0.000341286577244915,0.0005575182109043516,False,,10000,58.892380714416504,0.00588923807144165,0.001593778341319763,0.0003,17.525390625,nan,nan,2497,2000,1000,0.1,5.884006500244141,0.0005260942106681476,0.00046723073165495164,0.00047899079854985135,0.00032987863232847303,1.1407944916441975e-05,0.0006188346654640884,0.003030279578144358,-0.058806784728989814,0.01042498090295703,0.023114007525145988,7.324796526689985,7.0186772938738295,0.9582078175549692,5433.640075645064,460800.0,4608000000.0,nan,nan,0.9999950822671279,0.9999858958200241,46.185306635752326,0.012987876102829431,0.0,1.0,1.0,9980,0.018473943196971106,0.5013333333333333,0.000341286577244915,0.012510345095679873,-0.003616626885084795,0.2426027006426875
EvieDiagAbs,HPQ,51,0.01,3.0,0.00033636201941777787,0.0005517488923566095,False,,10000,58.66733455657959,0.005866733455657959,0.0016018017399173155,0.0003,17.525390625,nan,nan,2497,7500,1750,0.175,10.280688762664795,0.0005021187813739155,0.00045969104513017106,0.0004782566580351559,0.00039701140485703945,-6.0649385439261584e-05,0.0006138547405672504,0.003117185041046188,-0.050124320315909,0.01016551708519255,0.021358497533947213,7.367164449969223,7.290939735039093,0.9896534527703603,5454.483358049743,460800.0,4608000000.0,nan,nan,0.9999963825486866,0.9999880940544038,34.22589722698611,0.02299243888073761,0.0,1.0,1.0,9980,0.018340175010554776,0.504,0.00033636201941777787,0.012499266831332413,0.010864950899983405,0.5829223522589058
EvieDiagAbs,IBM,42,0.01,3.0,0.0007731720568641783,0.0001866913916893916,False,,10000,58.42321825027466,0.005842321825027466,0.0015872491578890159,0.0,17.525390625,nan,nan,2497,2250,2250,0.225,13.365931272506714,0.00020766514116977536,0.0002070931957150435,0.00019626581624288838,0.00017099399701692164,0.0006021780598472567,0.0002008592909427352,0.0027466576711494346,-0.10081686377116342,0.0059489572879509066,0.014170982036739587,7.192625308173382,6.795020068528959,0.9447204292440199,5477.274439576009,460800.0,4608000000.0,nan,nan,0.9999982648005463,0.999995371814942,50.29759843785082,0.005568389454314371,0.0,1.0,1.0,9980,0.027805971604390637,0.41909814323607425,0.0007731720568641783,0.022516460015029504,-3.5138067698913114,-1.7774495433568487
EvieDiagAbs,IBM,43,0.01,3.0,0.00029416934207633687,0.0001891120201080484,False,,10000,58.40869355201721,0.005840869355201722,0.0015872227760935298,0.0001,17.525390625,nan,nan,2497,6000,2250,0.225,13.032354593276978,0.00021256133448300816,0.00020556414004164854,0.0002004372014364183,0.0003053913460462354,-1.1222003969898542e-05,0.00020421456816949982,0.002600144647717769,0.028849793347958314,0.006612575591301357,0.014230659604072568,7.239556148304201,6.764969778790092,0.9344453776181739,5478.636492956594,460800.0,4608000000.0,nan,nan,0.9999981583986581,0.9999941958440043,42.38276219338907,0.005506827432697037,0.0,1.0,1.0,9980,0.017151365603832743,0.4244031830238727,0.00029416934207633687,0.01294816360271797,-0.7173713870933369,-1.6118116989578584
EvieDiagAbs,IBM,44,0.01,3.0,0.0003163648976220025,0.00018726666742041508,False,,10000,57.98784351348877,0.005798784351348877,0.001589614722387364,0.0,17.525390625,nan,nan,2497,6500,6500,0.65,37.77036666870117,0.00020490991085663046,0.00020631602203347114,0.0001938064266479531,9.909549771691673e-05,0.0002172693999050858,0.00020438695842941011,0.002764510183037811,-0.03642315617370658,0.006638508177098265,0.015113040385767806,7.383611064693213,6.935341386407015,0.9392885575420239,5518.398005705517,460800.0,4608000000.0,nan,nan,0.9999985395686586,0.999995976832639,36.45907779399524,0.00877030399915064,0.0,1.0,1.0,9980,0.017786649420900007,0.4270557029177719,0.0003163648976220025,0.013760345953482168,-0.8469498528359545,-1.6491134301970671
EvieDiagAbs,IBM,45,0.01,3.0,0.00027185686366267936,0.00018604210422273022,False,,10000,58.53735303878784,0.005853735303878784,0.001587756078386682,0.0,17.525390625,nan,nan,2497,2250,1000,0.1,5.912547588348389,0.0002208902434028571,0.0002052696993940136,0.00019998927968716636,0.0001691820434643887,0.00010267482019829066,0.00020962110936888984,0.0025913420324212137,0.014186253892522226,0.006116105757394325,0.014341829903423784,7.37746317188219,6.97606492378885,0.9455912908351486,5466.5949754845005,460800.0,4608000000.0,nan,nan,0.9999977933998343,0.9999935307749619,40.23951844273182,0.010234298800145324,0.0,1.0,1.0,9980,0.01648808247379541,0.4323607427055703,0.00027185686366267936,0.012197695081196135,-0.5871103213674278,-1.4571363877113865
EvieDiagAbs,IBM,46,0.01,3.0,0.0011385487658636911,0.00018867320660254683,False,,10000,59.27860713005066,0.005927860713005066,0.001586136899869092,0.0001,17.525390625,nan,nan,2497,1750,1750,0.175,10.443707942962646,0.00021553611819626677,0.0002071563187711693,0.00019981177448814456,0.00010924799425993115,0.00102930077160376,0.00020397052478970276,0.002531068719944805,0.12278864329812592,0.006551452984355274,0.01568065332248806,7.301230860173851,7.009535136557402,0.9600484179718839,5398.237500721899,460800.0,4608000000.0,nan,nan,0.9999974028501976,0.9999895587493285,59.66937081929699,0.00721355440303455,0.0,1.0,1.0,9980,0.03374238826555837,0.4854111405835544,0.0011385487658636911,0.022602971899446357,-5.646889371623679,0.04844915036022639
EvieDiagAbs,IBM,47,0.01,3.0,0.00022734843549274264,0.00018798459113750912,False,,10000,59.59420871734619,0.005959420871734619,0.001594921440280979,0.0,17.525390625,nan,nan,2497,6000,4500,0.45,26.96506094932556,0.00022038353838066792,0.00020771316965827866,0.0001981887063218556,0.0001467288311687298,8.061960432401282e-05,0.00020133139389368626,0.0030247420568832273,-0.10144927335769968,0.006562113724792653,0.014654936082661146,7.396284746891401,6.741080161223597,0.911414364361353,5369.649281153339,460800.0,4608000000.0,nan,nan,0.9999980235954318,0.999992997411822,43.768973504317216,0.007535936749385996,0.0,1.0,1.0,9980,0.015078077977406226,0.4217506631299735,0.00022734843549274264,0.010955422012894242,-0.3272684884829089,-1.748969160073811
EvieDiagAbs,IBM,48,0.01,3.0,0.0001992845819109962,0.00018842044022102255,False,,10000,58.52386546134949,0.005852386546134949,0.0015960459578133388,0.0001,17.525390625,nan,nan,2497,4750,3250,0.325,19.018616199493408,0.000219870977570234,0.00021392251959007503,0.00019701090196345508,0.00011012065078830346,8.916393112269274e-05,0.00021733067808634145,0.0029719847220267483,-0.00943846235357145,0.007832714240347559,0.01819885401055216,7.398592567631463,7.182965926762588,0.9708557216933079,5467.85482259943,460800.0,4608000000.0,nan,nan,0.9999985223174912,0.99999533587192,33.90981993500679,0.008167178405504672,0.0,1.0,1.0,9980,0.014116819114481712,0.5384615384615384,0.0001992845819109962,0.009581936099541881,-0.16343068399694283,1.1892992446637698
EvieDiagAbs,IBM,49,0.01,3.0,0.000906311724551771,0.0001866909964331265,False,,10000,58.6721727848053,0.0058672172784805295,0.0015897035994639078,0.0001,17.525390625,nan,nan,2497,2000,2000,0.2,11.683502912521362,0.000209934023684513,0.0002166718908132358,0.0001916472967423976,0.00015860096755204722,0.0007477107569997238,0.00020237808062382754,0.0028828961505849874,-0.06832261756776972,0.00632061186406354,0.014695195527747269,7.171096028095785,6.806816985338091,0.9492017619997727,5454.033570116436,460800.0,4608000000.0,nan,nan,0.9999979443828242,0.9999950290633777,47.865743378029336,0.007323879833018054,0.0,1.0,1.0,9980,0.030105011618529083,0.41909814323607425,0.000906311724551771,0.023359026227678572,-4.29108102342128,-1.7774495433568487
EvieDiagAbs,IBM,50,0.01,3.0,0.0002414609389330344,0.00018934893671334265,False,,10000,58.54827928543091,0.0058548279285430905,0.0015867989292425596,0.0,17.525390625,nan,nan,2497,7000,1250,0.125,7.349210739135742,0.00020456240482420813,0.00021005874741767574,0.000199894618326144,0.0004177241207798943,-0.00017626318184685988,0.00020487050531608252,0.0026115111885950323,-0.13470480332275264,0.006593602350923902,0.014292458724230527,7.324796526689985,6.734136838358605,0.9193616251073811,5465.574802633499,460800.0,4608000000.0,nan,nan,0.9999985062030069,0.9999955581014767,33.585717375970475,0.006798699888340576,0.0,1.0,1.0,9980,0.015539013447868382,0.41909814323607425,0.0002414609389330344,0.011439445788267428,-0.4096578001547011,-1.7774495433568487
EvieDiagAbs,IBM,51,0.01,3.0,0.0004578799640060102,0.0001894938376601242,False,,10000,58.44830894470215,0.0058448308944702146,0.001586488297363836,0.0001,17.525390625,nan,nan,2497,4000,3750,0.375,22.032851457595825,0.0002213145148187602,0.00019666334333796217,0.00020521578068436385,0.00016573751054238528,0.0002921424534636249,0.00020770468960479353,0.0025392476788988227,-0.020891749528239554,0.006844863173086196,0.015613282518461315,7.367164449969223,6.989233419093898,0.9487006115525352,5474.923154795659,460800.0,4608000000.0,nan,nan,0.9999983004002789,0.9999937870175145,40.41460472615229,0.0063591463687089345,0.0,1.0,1.0,9980,0.021398129918430025,0.4217506631299735,0.0004578799640060102,0.016356637238194704,-1.6731199905365775,-1.8566715908855476
EvieDiagAbs,INTC,42,0.01,3.0,0.0009632253299945246,0.0006022918129473214,False,,10000,59.02526021003723,0.005902526021003723,0.0016128060154845224,0.0,17.525390625,nan,nan,2497,250,nan,nan,nan,0.0003459089408068349,0.0003260084944046899,0.00032220187113659297,0.0003565429797163233,0.0006066823502782013,0.0006195862964327738,0.003927823446044141,0.008297252211342884,0.007229472829229053,0.01876858845353126,7.192625308173382,6.891793266074469,0.9581749320714564,5421.4076966590665,460800.0,4608000000.0,nan,nan,0.9999979911804132,0.9999916172935792,32.261494207679974,0.009206161727535545,0.0,1.0,1.0,9980,0.031035871664809492,0.47480106100795755,0.0009632253299945246,0.020635304627595125,-0.026168636106003396,1.2538942756371907
EvieDiagAbs,INTC,43,0.01,3.0,0.0009388679234439103,0.0006080891156386317,False,,10000,58.58080339431763,0.005858080339431763,0.001593256525706297,0.0,17.525390625,nan,nan,2497,5250,4500,0.45,26.27313780784607,0.00034848763915851976,0.00032901781084267693,0.0003173214558695845,0.00043578376062214375,0.0005030841628217666,0.000622297626713105,0.0030136820344428875,0.005258404750362308,0.008184028600175225,0.01821775957942009,7.239556148304201,6.877281445318441,0.9499589898103601,5462.540311132711,460800.0,4608000000.0,nan,nan,0.9999965142018865,0.9999888751951446,38.52159331340074,0.010682802788143953,0.0,1.0,1.0,9980,0.030640951738546085,0.5145888594164456,0.0009388679234439103,0.0202355182990826,-0.00021956076423945703,0.533671289631124
EvieDiagAbs,INTC,44,0.01,3.0,0.0009382578430983125,0.0006085409726008812,False,,10000,58.99688243865967,0.005899688243865967,0.0015939296940242294,0.0,17.525390625,nan,nan,2497,3250,3250,0.325,18.97004532814026,0.0003391978219677432,0.0003431833591414275,0.0003184564489069207,0.00013788771320832893,0.0008003701298899835,0.0006326697237238806,0.002988789694675905,-0.05317801523310219,0.008780186541152944,0.020297141931951045,7.383611064693213,7.053279870450259,0.9552615662785214,5424.015418657264,460800.0,4608000000.0,nan,nan,0.9999970279844522,0.9999920183336143,40.79161617775171,0.015877507393963698,0.0,1.0,1.0,9980,0.03063099481078459,0.48010610079575594,0.0009382578430983125,0.020252866089028657,0.00043038613464529973,-0.0007309151745350917
EvieDiagAbs,INTC,45,0.01,3.0,0.0009452583928587575,0.0006132706090689338,False,,10000,59.43389892578125,0.005943389892578125,0.0015906243297988507,0.0,17.525390625,nan,nan,2497,6250,6250,0.625,37.21950101852417,0.00035320723565713906,0.0003290203998600774,0.0003061327211390375,0.00019348268688190728,0.0007517757059768502,0.0006344772838317058,0.0028023428241597086,0.1064073849664441,0.00751504765155114,0.015732255578041074,7.37746317188219,7.198831600564061,0.975786856924078,5384.132721960637,460800.0,4608000000.0,nan,nan,0.9999931317499909,0.9999761614416932,35.05086004116312,0.021044641245998717,0.0,1.0,1.0,9980,0.03074505477078806,0.4960212201591512,0.0009452583928587575,0.020362818682635273,-0.007027624339091876,0.5026006418645382
EvieDiagAbs,INTC,46,0.01,3.0,0.000967054218842239,0.0006071284057607069,False,,10000,59.60100293159485,0.005960100293159485,0.001597254489557897,0.0,17.525390625,nan,nan,2497,5750,5750,0.575,34.343670129776,0.0003160249471386391,0.00034487605976268757,0.00033523802079831535,0.0002623190885060467,0.0007047351303361923,0.0006234167735446743,0.0031975723712433434,0.048586324627723464,0.007316908942356531,0.01798941101878881,7.301230860173851,6.76512894826908,0.9265737624009323,5369.037168170975,460800.0,4608000000.0,nan,nan,0.9999968705474259,0.9999907728572424,33.0806453538885,0.012255636150539484,0.0,1.0,1.0,9980,0.031097495378924634,0.46153846153846156,0.000967054218842239,0.020663378730652823,-0.030247729049585725,-0.08277420555437226
EvieDiagAbs,INTC,47,0.01,3.0,0.0009489166673529085,0.0006062168657621591,False,,10000,59.12476420402527,0.005912476420402527,0.0016169430470953736,0.0,17.525390625,nan,nan,2497,4750,2750,0.275,16.219858169555664,0.00033249805075634306,0.00033482267661705565,0.0003085140951414729,0.0002759025665000081,0.0006730141008529003,0.0006305488617105775,0.003824772384345229,-0.039720272099135444,0.00748698543994542,0.018464712984859938,7.396284746891401,6.673742259976841,0.9023100770669709,5412.283741136917,460800.0,4608000000.0,nan,nan,0.999996767274015,0.9999927865291633,32.814376140260194,0.011776951727962625,0.0,1.0,1.0,9980,0.030804491025707738,0.4880636604774536,0.0009489166673529085,0.020418361381248192,-0.010924953895599332,0.3585764821139055
EvieDiagAbs,INTC,48,0.01,3.0,0.0009293497870208094,0.0006069308566794155,False,,10000,58.80952048301697,0.005880952048301697,0.0016055644814617453,0.0,17.525390625,nan,nan,2497,6500,3750,0.375,21.947078466415405,0.00032296738664896937,0.00034211908534935323,0.00032623322181180443,0.00022937683388590813,0.0006999729531349013,0.000631122557936757,0.003455750880512933,-0.16470324014142781,0.007863602951973735,0.019388875085860485,7.398592567631463,6.902069033051033,0.9328894610641625,5441.29585434062,460800.0,4608000000.0,nan,nan,0.9999966090121701,0.9999814174874262,15.302077989821408,0.009344431510942285,0.0,1.0,1.0,9980,0.03048523883817887,0.47480106100795755,0.0009293497870208094,0.020336738969913865,0.009920551593083804,0.6966203320260762
EvieDiagAbs,INTC,49,0.01,3.0,0.0009384899543075965,0.0006070208565309762,False,,10000,59.1229944229126,0.005912299442291259,0.0016012249673967008,0.0,17.525390625,nan,nan,2497,2250,2250,0.225,13.257050514221191,0.00033834240333286954,0.00032449521768960853,0.00032648869527956363,0.0002366677435929887,0.0007018222107146078,0.0006252950850306892,0.0033887634485041014,0.08123210486905733,0.007822345956970822,0.018537799827754498,7.171096028095785,6.7781495910950635,0.9452041312149233,5412.445751834024,460800.0,4608000000.0,nan,nan,0.9999967545277826,0.999992213965247,30.34162818673152,0.012950343313123013,0.0,1.0,1.0,9980,0.030634783405593006,0.46949602122015915,0.0009384899543075965,0.02030567138914078,0.00018310729381865176,-0.3722362907597578
EvieDiagAbs,INTC,50,0.01,3.0,0.0010072487214254954,0.0006090261891919043,False,,10000,59.00074243545532,0.005900074243545533,0.001590047678601611,0.0001,17.525390625,nan,nan,2497,4500,4500,0.45,26.56037425994873,0.00033101028169357566,0.00032808973548131034,0.00031319144039967424,0.00017648295033723116,0.0008307657710882642,0.0006288801505680288,0.00282764225498734,-0.0288882813895355,0.00893202511958807,0.021618552505969998,7.324796526689985,6.953403049759402,0.9492964104084932,5423.660564103383,460800.0,4608000000.0,nan,nan,0.9999972674802038,0.9999920928823747,50.36612258725495,0.01799688984150407,0.0,1.0,1.0,9980,0.031737182001959394,0.47480106100795755,0.0010072487214254954,0.020772525242396762,-0.07306879760999618,-0.2195383447634546
EvieDiagAbs,INTC,51,0.01,3.0,0.0009614869400306985,0.00060771212021299,False,,10000,59.38313031196594,0.0059383130311965945,0.0015954918027242739,0.0001,17.525390625,nan,nan,2497,750,750,0.075,4.403009414672852,0.0003426568819960685,0.00032677253864518615,0.0003220549429276528,0.00017914552881848067,0.0007823414112122178,0.00063223170883873,0.0029806525910329126,-0.12723706631142254,0.00764871393089561,0.018683564383536577,7.367164449969223,7.185318943250211,0.9753167574914428,5388.735796157898,460800.0,4608000000.0,nan,nan,0.999997047783388,0.9999908308845947,33.61723566639688,0.01312799881851987,0.0,1.0,1.0,9980,0.031007852876822967,0.46949602122015915,0.0009614869400306985,0.020723188995684264,-0.024316648619119086,-0.36787591337008047
EvieDiagAbs,INTU,42,0.01,3.0,0.00028935689774770587,0.0007579379593978194,False,,10000,59.01552414894104,0.005901552414894104,0.0015872953853122444,0.0001,17.525390625,nan,nan,2497,2250,750,0.075,4.516002178192139,0.00030935521206503305,0.00027578774852567086,0.00029826193822227274,0.00015214623635984026,0.0001372106613878656,0.0007777119736067252,0.0026973826872929824,-0.10712653096520605,0.007876971502554078,0.019173829630017278,7.192625308173382,7.012120679309942,0.9749042079728075,5422.3020910971945,460800.0,4608000000.0,nan,nan,0.9999973538189408,0.9999907806207827,69.89269779688654,0.010045585459563355,0.0,1.0,1.0,9980,0.01701049375378933,0.4350132625994695,0.00028935689774770587,0.01252641375102694,-0.0145156891984215,-1.177359574123207
EvieDiagAbs,INTU,43,0.01,3.0,0.0002908462254458634,0.0007605986664718912,False,,10000,58.944554567337036,0.005894455456733704,0.0015862877778425662,0.0,17.525390625,nan,nan,2497,5500,1750,0.175,10.243643045425415,0.0003038299431821634,0.0002989578157420191,0.0002907290506958414,0.00016905467782635242,0.00012179154761951099,0.0007842636796347034,0.0025776348923861694,-0.0032160842745054554,0.007659477134387271,0.01609650645405054,7.239556148304201,6.7956190880454255,0.9386789671680682,5428.830573898707,460800.0,4608000000.0,nan,nan,0.9999978908574315,0.9999954321064828,34.5807872823022,0.006120019040240265,0.0,1.0,1.0,9980,0.017054214301628304,0.4482758620689655,0.0002908462254458634,0.012586227800480273,-0.019737428607087937,-0.7927949596474838
EvieDiagAbs,INTU,44,0.01,3.0,0.00038111170448323407,0.0007505812916894807,False,,10000,59.554269790649414,0.005955426979064942,0.0015872915471971862,0.0001,17.525390625,nan,nan,2497,1000,1000,0.1,5.984937429428101,0.0003036438848729176,0.0002908293330563943,0.00028313186549166276,0.00014380704669747502,0.00023730465778575905,0.0007875933944226317,0.002589162219182904,-0.10551214072012445,0.0070956622421035715,0.01732425447553396,7.383611064693213,7.1574586013164065,0.9693710216592777,5373.25033326566,460800.0,4608000000.0,nan,nan,0.9999976816632159,0.999991717978121,53.78606582341945,0.008031778587582038,0.0,1.0,1.0,9980,0.019522082483260695,0.4562334217506631,0.00038111170448323407,0.01529834131715159,-0.33621768323115364,-0.8491199130190652
EvieDiagAbs,INTU,45,0.01,3.0,0.00031445175409317017,0.0007595315536074044,False,,10000,59.41282653808594,0.005941282653808594,0.0015865039119054827,0.0001,17.525390625,nan,nan,2497,1500,1500,0.15,9.023659706115723,0.00031978341977913503,0.00029422443009502307,0.00027797654945163017,0.0002057099118246697,0.00010874184226850048,0.0007746693760101904,0.0025352476638293947,0.10532348970368641,0.007682694687692856,0.017331989109516138,7.37746317188219,7.075026618920594,0.9590053456160547,5386.042352232939,460800.0,4608000000.0,nan,nan,0.9999949897376095,0.9999871786576755,37.97260823618409,0.011210860400194634,0.0,1.0,1.0,9980,0.01773278754435326,0.4588859416445623,0.00031445175409317017,0.013441989030787554,-0.10250089251938155,-0.5623530983479944
EvieDiagAbs,INTU,46,0.01,3.0,0.000305062741356552,0.0007574569325232063,False,,10000,59.0501971244812,0.0059050197124481205,0.0015873854662020815,0.0003,17.525390625,nan,nan,2497,2750,2750,0.275,16.287750005722046,0.0003050489019322162,0.000292428733148844,0.000314571936011819,0.00021526019554585218,8.98025458106998e-05,0.0008041539255359631,0.0025758488604865227,-0.09562817075376075,0.007712326946663233,0.017513345088809723,7.301230860173851,6.988420426240011,0.9571564795135937,5419.118234701599,460800.0,4608000000.0,nan,nan,0.9999967050160492,0.99999103044177,101.68175609694839,0.006431903954802465,0.0,1.0,1.0,9980,0.0174660453840173,0.46153846153846156,0.000305062741356552,0.013097679804241846,-0.06958202726499851,-0.6322654948690479
EvieDiagAbs,INTU,47,0.01,3.0,0.00029170820637354776,0.0007596651502250044,False,,10000,58.46679902076721,0.005846679902076721,0.0015914774787677013,0.0,17.525390625,nan,nan,2497,2000,1750,0.175,10.354225158691406,0.00029934853956210675,0.000313409255688379,0.0002769658127090009,0.00023700459860265255,5.470360777089521e-05,0.0007888646014067686,0.0028651361443313168,-0.0036954697222866093,0.007893121529353812,0.018108610901981587,7.396284746891401,7.035498414715228,0.9512206000008574,5473.1917149481205,460800.0,4608000000.0,nan,nan,0.9999962363526199,0.9999888073324621,26.726505846466534,0.008595190333559799,0.0,1.0,1.0,9980,0.017079467391389807,0.4482758620689655,0.00029170820637354776,0.012653465624208804,-0.02275962431671985,-0.7603165928672394
EvieDiagAbs,INTU,48,0.01,3.0,0.00028772827572923486,0.0007627891766930132,False,,10000,58.30219769477844,0.0058302197694778445,0.0015991952349193924,0.0001,17.525390625,nan,nan,2497,1500,1500,0.15,8.703413248062134,0.00030368983161597855,0.0003158152626627598,0.0002842484660630162,0.0003152880526613444,-2.7559776932109547e-05,0.000786859282934527,0.0031494841413551356,-0.165378942377035,0.009215572013791825,0.023171528335660687,7.398592567631463,7.073611248791686,0.9560752513577303,5488.643870257729,460800.0,4608000000.0,nan,nan,0.999997672266913,0.999993945590866,31.35580073631423,0.006397462673816889,0.0,1.0,1.0,9980,0.01696255510615175,0.44562334217506633,0.00028772827572923486,0.012423748692507466,-0.008805569265654567,-0.5104887673061236
EvieDiagAbs,INTU,49,0.01,3.0,0.00031797680511045707,0.0007559981997512696,False,,10000,58.71443247795105,0.005871443247795105,0.0015912609285133378,0.0001,17.525390625,nan,nan,2497,3000,2250,0.225,13.115244626998901,0.0003006206428209405,0.00028685659676699687,0.00029082540889196676,0.0003603298755479045,-4.235307043744745e-05,0.0007811886132562079,0.0029531532367898313,-0.06567652910503326,0.007414587064106308,0.01850440921261905,7.171096028095785,6.784945525077255,0.9461518153563105,5450.108031277815,460800.0,4608000000.0,nan,nan,0.9999969448542627,0.9999871708930541,56.618461578252685,0.008463369583279246,0.0,1.0,1.0,9980,0.017831904135858768,0.46153846153846156,0.00031797680511045707,0.01354760215395973,-0.11486009179922929,-0.6322654948690479
EvieDiagAbs,INTU,50,0.01,3.0,0.0003042652532852516,0.0007594902888533291,False,,10000,58.5585253238678,0.0058558525323867796,0.0015900216330225281,0.0004,17.525390625,nan,nan,2497,2250,500,0.05,2.910949468612671,0.0003293027794189617,0.0002877087537443204,0.00030549000638086193,0.0004228008911013603,-0.0001185356378161087,0.000808637930504815,0.002706212710427114,-0.019222339213539132,0.009554302790336078,0.02091413922607898,7.324796526689985,7.104380914055943,0.9699082954958688,5464.618486039156,460800.0,4608000000.0,nan,nan,0.9999969826943836,0.9999857922070889,72.12642985406853,0.021289753864807137,0.0,1.0,1.0,9980,0.017443200775237658,0.44562334217506633,0.0003042652532852516,0.01319052428795547,-0.06678595028677403,-0.8405304755462475
EvieDiagAbs,INTU,51,0.01,3.0,0.00029434066600900476,0.0007610763731938775,False,,10000,58.24778985977173,0.005824778985977173,0.0015898476490470296,0.0001,17.525390625,nan,nan,2497,5500,2250,0.225,13.011644840240479,0.000293525031506603,0.00028381902165010477,0.000320960314130181,0.00024786076392047107,4.647990208853369e-05,0.0007889589186729172,0.0027285828396560645,-0.010234603532451274,0.007244869797594583,0.016680554300546647,7.367164449969223,6.840442627157504,0.928504131217823,5493.770678173059,460800.0,4608000000.0,nan,nan,0.9999965689771246,0.9999877290356595,46.88054307336334,0.007699208613220776,0.0,1.0,1.0,9980,0.01715635934599776,0.4588859416445623,0.00029434066600900476,0.012729991680730588,-0.03198930441814718,-0.8083000375955952
EvieDiagAbs,KEYS,42,0.01,3.0,0.00037688842808553417,0.0003489480877760798,False,,10000,58.54531979560852,0.005854531979560852,0.0016107251036324368,0.001,17.46484375,nan,nan,2497,4000,750,0.075,4.340721368789673,0.00038088319982252684,0.00037929958980248586,0.0003899556172510728,0.0003004162572324276,7.647217085310657e-05,0.00039694843685421615,0.002886099079055959,-0.03281876642474764,0.013143503336232971,0.019582135789096327,7.192625308173382,8.617078063730483,1.198043509084008,5465.851089671615,460800.0,4608000000.0,nan,nan,0.9998234618324758,0.9941442128782522,39.07205455487977,0.011524732725057992,0.0,1.0,1.0,9980,0.01941361450337196,0.5097276264591439,0.00037688842808553417,0.013201875280040179,0.0021260418797984793,0.43178680701582245
EvieDiagAbs,KEYS,43,0.01,3.0,0.0003765122604000476,0.00034973936271853745,False,,10000,59.28435921669006,0.005928435921669006,0.0015872878468483561,0.0004,17.46484375,nan,nan,2497,5500,500,0.05,2.880260705947876,0.00038753236072404986,0.000397365483328807,0.00038368715091260486,0.00037761827115900815,-1.1060107589605213e-06,0.00036895547348719376,0.0025442535511446935,-0.18510865192174725,0.01316858937851357,0.020986038073897352,7.239556148304201,7.607089070829902,1.050767328134031,5397.713734753699,460800.0,4608000000.0,nan,nan,0.999993890516391,0.9999874844780471,57.38044247434989,0.009561406759820557,0.0,1.0,1.0,9980,0.019403923840297033,0.4980544747081712,0.0003765122604000476,0.013191745262737422,0.0031220075536190217,1.3546909928709836
EvieDiagAbs,KEYS,44,0.01,3.0,0.0003792111321475155,0.0003495104319881648,False,,10000,59.28933548927307,0.005928933548927307,0.001589091727064647,0.0003,17.46484375,nan,nan,2497,500,500,0.05,2.985759735107422,0.0003877732783380402,0.0003963011279819631,0.00037758276463414783,0.00032103294506669044,5.8178187080825045e-05,0.00037056650370896724,0.002695253241370777,-0.10990131424232275,0.010080142790824176,0.018422855902463186,7.383611064693213,7.354669332636773,0.9960802740281334,5397.260693837529,460800.0,4608000000.0,nan,nan,0.999998145060889,0.9999904264336558,46.82593248138284,0.013432860542206982,0.0,1.0,1.0,9980,0.019473344143919283,0.49416342412451364,0.0003792111321475155,0.013273926668388898,-0.004023698263841968,0.8307244520018449
EvieDiagAbs,KEYS,45,0.01,3.0,0.00037718881932339925,0.00034880073508247733,False,,10000,59.14517951011658,0.005914517951011658,0.0016890901493074426,0.0006,17.46484375,nan,nan,2497,3250,2000,0.2,11.71993350982666,0.0003804115687512337,0.000374174549414782,0.0003682632846681454,0.0006596439925488085,-0.0002824551732254092,0.0003801749482637462,0.0029474506137928073,0.1560075807037282,0.011331179145038187,0.019762787222862243,7.37746317188219,10.881963675553811,1.4750278547005649,5410.415568106698,460800.0,4608000000.0,nan,nan,0.9998855619541741,0.9956682908556554,65.37869188950081,0.022414928347416208,0.0,1.0,1.0,9980,0.019421349575232904,0.49416342412451364,0.00037718881932339925,0.01324720253316007,0.0013307067854424481,0.366525993595095
EvieDiagAbs,KEYS,46,0.01,3.0,0.00037304236907367556,0.00034564745146781206,False,,10000,58.85712766647339,0.005885712766647339,0.0015908060265316126,0.0008,17.46484375,nan,nan,2497,750,500,0.05,2.9281210899353027,0.00037113905605070394,0.0003730374998250272,0.0003766407618887164,0.00016546069673495367,0.0002075816723387219,0.00037272315164908575,0.00266387862883484,-0.1256666783105718,0.010254396376533987,0.019282899703830434,7.301230860173851,7.538858362816728,1.0325462250398174,5436.894607112821,460800.0,4608000000.0,nan,nan,0.99998821676472,0.9997818496935601,59.556489352010786,0.010563067176367725,0.0,1.0,1.0,9980,0.019314304778419427,0.5252918287937743,0.00037304236907367556,0.0132214533266171,0.012309114225166895,1.058178913700234
EvieDiagAbs,KEYS,47,0.01,3.0,0.0003713820447293363,0.00034621614031493664,False,,10000,58.73353838920593,0.005873353838920593,0.0017268685820591876,0.0008,17.46484375,nan,nan,2497,1000,750,0.075,4.31636643409729,0.00037754624020795214,0.0003677226153177864,0.00038020927184202735,0.00020108195167267695,0.00017030009305665935,0.0003656862264063257,0.0029399911202664278,0.05595987795311578,0.01287478292238302,0.020128178037703018,7.396284746891401,8.962837488175559,1.2118026542910707,5448.335121229639,460800.0,4608000000.0,nan,nan,0.9990823822995871,0.9634998734074203,70.36631725057057,8.931571298309574,0.0,1.0,1.0,9980,0.019271275119444906,0.5175097276264592,0.0003713820447293363,0.01316127296566039,0.01670509537445586,1.5889243041390573
EvieDiagAbs,KEYS,48,0.01,3.0,0.0003769561763881713,0.00034943720675073564,False,,10000,58.55450701713562,0.005855450701713562,0.0016135485809541245,0.0004,17.46484375,nan,nan,2497,5000,2500,0.25,14.50927209854126,0.0003850575084675499,0.00038359553039827703,0.00037543996441583716,0.00042224857315886766,-4.5292396770696376e-05,0.00036505238042595104,0.0029167274580862426,0.059360684315942984,0.009740743989009934,0.02167260861024259,7.398592567631463,7.662951992816453,1.035731042460907,5464.993495826956,460800.0,4608000000.0,nan,nan,0.9995645299984799,0.9827260943470744,31.77147427104422,0.009457794477056667,0.0,1.0,1.0,9980,0.019415359290730915,0.48638132295719844,0.0003769561763881713,0.01321724958198015,0.0019466671315423456,0.26049759876087714
EvieDiagAbs,KEYS,49,0.01,3.0,0.0003778718469678894,0.00035033622407354414,False,,10000,58.25531268119812,0.005825531268119812,0.0016069227460854475,0.0002,17.46484375,nan,nan,2497,3750,1000,0.1,5.846552848815918,0.0003735018029890322,0.00037552283316155015,0.00037529532891678665,0.0006357144811772741,-0.00025784263420938476,0.00036390561003011104,0.0029190350563911274,-0.011578795522729099,0.008912423777843652,0.017257263138890262,7.171096028095785,7.358931758501502,1.0261934479289905,5493.061238057347,460800.0,4608000000.0,nan,nan,0.999910193196256,0.9966381874366448,50.665533348465615,0.015230536037438468,0.0,1.0,1.0,9980,0.019438926075477765,0.5019455252918288,0.0003778718469678894,0.013262311617533365,-0.0004777209834201379,0.9609555739344842
EvieDiagAbs,KEYS,50,0.01,3.0,0.0003758984538473824,0.0003491123206913471,False,,10000,58.6117217540741,0.0058611721754074095,0.0015900635868673493,0.0003,17.46484375,nan,nan,2497,4000,1750,0.175,10.330104351043701,0.0003802282344223028,0.0003631315247611764,0.0003737348098016107,0.0004063767701154575,-3.047831626807506e-05,0.00036238285918863345,0.0027535569662112966,-0.047241056847407266,0.010062280777051638,0.020393560547381638,7.324796526689985,7.073159309969432,0.9656458420648764,5459.658758066715,460800.0,4608000000.0,nan,nan,0.999994279084215,0.9999832418948235,55.239463484629724,0.015347562641431977,0.0,1.0,1.0,9980,0.019388100831370318,0.46303501945525294,0.0003758984538473824,0.01319644432659297,0.004747161123176524,0.8135565789225154
EvieDiagAbs,KEYS,51,0.01,3.0,0.0003812836641951125,0.0003516147844493389,False,,10000,58.14750647544861,0.005814750647544861,0.0015860656993309005,0.0004,17.46484375,nan,nan,2497,4500,1250,0.125,7.248296499252319,0.00038735821105105123,0.00037871943897328845,0.00038272470707631165,0.00021737699717050418,0.0001639066670246083,0.0003702414698916702,0.0024062423561730384,-0.13102254509533134,0.012652534431888489,0.022256515827029942,7.367164449969223,7.92864375770784,1.0762137606064925,5503.245442435478,460800.0,4608000000.0,nan,nan,0.9999952905940521,0.9999844999011729,61.768287126316444,0.021073515307341494,0.0,1.0,1.0,9980,0.019526486222439316,0.46303501945525294,0.0003812836641951125,0.013323992721794187,-0.009511066947916591,-0.5791777210071362
EvieDiagAbs,KLAC,42,0.01,3.0,0.0007609561006858866,0.0008032061851309212,False,,10000,58.48876929283142,0.005848876929283142,0.0015978115391750245,0.0001,17.525390625,nan,nan,2497,3000,1500,0.15,8.790860652923584,0.0004898055731326637,0.00045273796417638325,0.00048743513554742445,0.000192614876141306,0.0005683412245445806,0.0008390262385481014,0.003147631212138062,-0.12337149236591209,0.008247561779168609,0.01918256655335426,7.192625308173382,6.983818759955246,0.9709693555173995,5471.135807250098,460800.0,4608000000.0,nan,nan,0.9999916574411557,0.9999772082164646,64.5435044565875,0.012652265267556117,0.0,1.0,1.0,9980,0.027585432762345537,0.4497354497354497,0.0007609561006858866,0.0208394691426918,-0.2042004840685212,-0.46054431575672167
EvieDiagAbs,KLAC,43,0.01,3.0,0.0006322969125692175,0.0008029948811316048,False,,10000,58.286895513534546,0.005828689551353455,0.0015891528296804783,0.0001,17.525390625,nan,nan,2497,5000,500,0.05,2.9459822177886963,0.0004855977844763432,0.0004693272823894752,0.0004580569090555753,0.0004277504776837304,0.0002045464348854871,0.000825754741231722,0.0027514027421582064,-0.10395777986432336,0.008869154944860201,0.020889463089406486,7.239556148304201,6.803946656255278,0.9398292542905465,5490.084815474418,460800.0,4608000000.0,nan,nan,0.9999974380320857,0.9999919510590146,75.81858461953307,0.007319688334789115,0.0,1.0,1.0,9980,0.025145514760474035,0.4603174603174603,0.0006322969125692175,0.018017925282634756,-0.0005994399737192513,-0.4399438656419214
EvieDiagAbs,KLAC,44,0.01,3.0,0.0006312380234400431,0.0008029282409253108,False,,10000,58.62012052536011,0.005862012052536011,0.001587924905334658,0.0001,17.525390625,nan,nan,2497,5750,750,0.075,4.353562831878662,0.0004823227776983863,0.00046949998542798293,0.00045383244382454096,0.00022508351685246453,0.00040615450658757857,0.0008375833383232754,0.0026474461358510846,-0.08052135272703607,0.010416227606491885,0.02577290097251534,7.383611064693213,6.983334657277708,0.9457885303128252,5458.876527924611,460800.0,4608000000.0,nan,nan,0.9999969597419837,0.9999887908184588,47.57456250917508,0.008777819649239404,0.0,1.0,1.0,9980,0.025124450709220352,0.5,0.0006312380234400431,0.017820715273498856,0.0010762346161519165,-0.10472597687724451
EvieDiagAbs,KLAC,45,0.01,3.0,0.0007109858056224843,0.0008018422348113527,False,,10000,58.2412486076355,0.00582412486076355,0.0015862222752723914,0.0,17.525390625,nan,nan,2497,750,750,0.075,4.351485252380371,0.000478302483188802,0.0004910339437747334,0.00045118556555389966,0.00047515297774225473,0.0002358328278802296,0.000818398962343241,0.0025119349819390886,0.19038201977000674,0.008523779410897986,0.019292626250535242,7.37746317188219,7.0746907373053824,0.9589598175520865,5494.387700301597,460800.0,4608000000.0,nan,nan,0.9999908935288424,0.9999783560914508,72.63933090548912,0.011363659505433077,0.0,1.0,1.0,9980,0.026664317085244922,0.4708994708994709,0.0007109858056224843,0.0191040177824636,-0.12512331595046833,-1.118883800963663
EvieDiagAbs,KLAC,46,0.01,3.0,0.0006658179419381278,0.0008000821586629124,False,,10000,58.451767683029175,0.0058451767683029175,0.0015946685544229997,0.0001,17.525390625,nan,nan,2497,3250,1250,0.125,7.2290198802948,0.0004899307426981018,0.00047174990264584656,0.0004860691286578279,0.0004989209410268813,0.0001668970009112465,0.0008574453811698046,0.0030746421445462706,-0.035863679728138365,0.00889587075010204,0.0220586814917624,7.301230860173851,7.009697799007877,0.9600706967429007,5474.599189801893,460800.0,4608000000.0,nan,nan,0.9999943760047904,0.9999831218505283,35.661053669493384,0.008308215926381734,0.0,1.0,1.0,9980,0.025803448256737468,0.4470899470899471,0.0006658179419381278,0.018677195543965335,-0.05364591631595883,-0.5813292481069939
EvieDiagAbs,KLAC,47,0.01,3.0,0.0006447436002196458,0.000801896701124682,False,,10000,58.443991899490356,0.005844399189949036,0.001621541774074466,0.0001,17.525390625,nan,nan,2497,4750,500,0.05,2.917973279953003,0.0004802836214205274,0.00047617116539138955,0.0004608013046698579,0.0004001545166829601,0.00024458908353668573,0.000842222597926099,0.003024315669058792,-0.004501102727812433,0.009678385389858159,0.02296192031353711,7.396284746891401,7.017812874847706,0.948829461683075,5475.3275674653305,460800.0,4608000000.0,nan,nan,0.9999805027598434,0.9994043614300782,34.14465798619199,0.009243303091731648,0.0,1.0,1.0,9980,0.025391801830899,0.4523809523809524,0.0006447436002196458,0.018264552272816814,-0.020296117982063766,-0.48394310083614017
EvieDiagAbs,KLAC,48,0.01,3.0,0.0006330483962619115,0.0008032302957630917,False,,10000,58.42986726760864,0.005842986726760864,0.0016033290831414934,0.0,17.525390625,nan,nan,2497,8750,750,0.075,4.303248643875122,0.00046890792068372166,0.0004922989043074776,0.00044085955671899755,0.00027647550450637937,0.00035657289175553214,0.0008354705334569145,0.00355664287360503,-0.035286810538768906,0.009490240423815703,0.023484180681407448,7.398592567631463,5.826974321409335,0.7875787547623729,5476.651154013423,460800.0,4608000000.0,nan,nan,0.999996046569023,0.9999904329821667,16.399131349745268,0.00644878976843728,0.0,1.0,1.0,9980,0.025160453021794173,0.46825396825396826,0.0006330483962619115,0.017904911091718725,-0.0017886505283044585,-0.36192284853386036
EvieDiagAbs,KLAC,49,0.01,3.0,0.0006352320076927306,0.0008031200192651319,False,,10000,58.53876280784607,0.0058538762807846065,0.0015957186066574923,0.0,17.525390625,nan,nan,2497,1500,500,0.05,2.9401822090148926,0.0005026740692005068,0.0004748368627685938,0.00046935212858433895,0.00034532963763922453,0.00028990237005350604,0.0008361781343978853,0.003196898771267058,0.0111847382672966,0.009827137250209126,0.023241884168237442,7.171096028095785,6.710510646954673,0.9357719685614898,5466.463325342259,460800.0,4608000000.0,nan,nan,0.9999951046762294,0.9999838822699574,24.51144841826716,0.0068726687621328605,0.0,1.0,1.0,9980,0.025203809388517653,0.4470899470899471,0.0006352320076927306,0.01810186754458796,-0.005244179618142608,-0.5629564389349914
EvieDiagAbs,KLAC,50,0.01,3.0,0.0006517134015522305,0.0008067836495862399,False,,10000,58.359405755996704,0.005835940575599671,0.00159074027083791,0.0003,17.525390625,nan,nan,2497,5500,2750,0.275,15.991584777832031,0.0004529736021567741,0.00047645140002771844,0.0004831033313866428,0.00015535468264715746,0.0004963587189050731,0.0008635419121098617,0.002842996652415313,-0.11748030639123733,0.01025920071186847,0.02136617824435234,7.324796526689985,6.990788553400141,0.9544003752086777,5483.263509192235,460800.0,4608000000.0,nan,nan,0.9999912348848007,0.9999694377039494,31.815680582271774,0.015187570730014954,0.0,1.0,1.0,9980,0.025528678022025162,0.46825396825396826,0.0006517134015522305,0.018369046468583363,-0.03132571368540993,-0.11741162645863139
EvieDiagAbs,KLAC,51,0.01,3.0,0.0006317786438755258,0.00080200824244269,False,,10000,58.582680463790894,0.00585826804637909,0.0015927748851442848,0.0,17.525390625,nan,nan,2497,4000,1250,0.125,7.244959592819214,0.00047816057699339907,0.0004580990607524409,0.0004707422202789391,0.0005592936649918556,7.248497888367013e-05,0.0008343473347418894,0.00298048888114219,-0.09403111289913137,0.00871905879875776,0.0196816056035459,7.367164449969223,6.798340029202724,0.9227892325969628,5462.365283845067,460800.0,4608000000.0,nan,nan,0.9999949018581138,0.9999823867311125,68.28435426731912,0.008870844765823449,0.0,1.0,1.0,9980,0.02513520725746111,0.4973544973544973,0.0006317786438755258,0.017927507874826904,0.00022071168977189082,0.18947017014677414
EvieDiagAbs,LRCX,42,0.01,3.0,0.0007867972371439454,0.0009583161269321998,False,,10000,58.45332336425781,0.005845332336425781,0.0015941531109715326,0.0002,17.525390625,nan,nan,2497,2250,1500,0.15,8.871334075927734,0.0005491089137401628,0.0005249520339023678,0.0005526244023650849,0.00021882598957745358,0.0005679712475664918,0.0009910351790790289,0.0031449313446267795,-0.01505292350109707,0.008667357600510878,0.019767164997756482,7.192625308173382,7.047985666926015,0.9798905635911541,5474.453488399411,460800.0,4608000000.0,nan,nan,0.9999954943289326,0.9999889922817642,27.276908462776237,0.010413353276879178,0.0,1.0,1.0,9980,0.02804990618779224,0.4880636604774536,0.0007867972371439454,0.021539567008851065,-0.21239138241795952,-0.2179367264438608
EvieDiagAbs,LRCX,43,0.01,3.0,0.0006507247213333372,0.0009628940640457113,False,,10000,58.73833084106445,0.005873833084106445,0.0015908613109530683,0.0001,17.525390625,nan,nan,2497,4500,1500,0.15,8.75413203239441,0.0005861394955705169,0.0005358219513247186,0.0005445202067712231,0.00034017328289337456,0.00031055143843996267,0.0009954850784995918,0.002885431355200711,-0.021431562661788382,0.010434537939746224,0.023683702014386653,7.239556148304201,6.83191472395472,0.9436924839038693,5447.890592360608,460800.0,4608000000.0,nan,nan,0.99999584267799,0.9999905078605477,41.5759778427535,0.007256080043123348,0.0,1.0,1.0,9980,0.025509306563161162,0.5039787798408488,0.0006507247213333372,0.018680636844937763,-0.0027145587529942006,0.10372985091888075
EvieDiagAbs,LRCX,44,0.01,3.0,0.0007001741853340593,0.0009637018097490468,False,,10000,58.460339069366455,0.005846033906936645,0.0015936705755369815,0.0001,17.525390625,nan,nan,2497,4250,2500,0.25,14.712182998657227,0.0005531375298924847,0.0005549441206392018,0.0005251193681773338,0.0002004044727073051,0.0004997697126267542,0.0010044371525154692,0.002987203240588287,-0.1700403967707237,0.009996878324763384,0.0247753637842834,7.383611064693213,7.055355898486105,0.9555427333142246,5473.796510490679,460800.0,4608000000.0,nan,nan,0.9999958713644215,0.999987604876698,29.429440927227926,0.010987375168445368,0.0,1.0,1.0,9980,0.02646080469929173,0.4880636604774536,0.0007001741853340593,0.019815013522193545,-0.0789122132303881,-0.2179367264438608
EvieDiagAbs,LRCX,45,0.01,3.0,0.0006839427998457005,0.0009631405458526206,False,,10000,58.71231698989868,0.005871231698989868,0.001590247825113782,0.0,17.525390625,nan,nan,2497,7500,750,0.075,4.383671522140503,0.0005413653017696061,0.0005695787683536958,0.0005358899867294129,0.00041436930769123137,0.00026957349215446914,0.0009868001794763174,0.002822449914516431,-0.10605607271183863,0.008755058081893367,0.019581059738993628,7.37746317188219,6.868296540969882,0.9309835076028709,5450.304406400028,460800.0,4608000000.0,nan,nan,0.9999917894329684,0.9999784443187533,38.85487018898949,0.012706165610068699,0.0,1.0,1.0,9980,0.026152300087099425,0.4880636604774536,0.0006839427998457005,0.019383446880118557,-0.0539009511646702,-0.2179367264438608
EvieDiagAbs,LRCX,46,0.01,3.0,0.0006840347297607907,0.0009627116137537463,False,,10000,58.58346748352051,0.005858346748352051,0.0015913423020947884,0.0001,17.525390625,nan,nan,2497,5500,500,0.05,3.0084900856018066,0.0005360866198298436,0.0005593593442014524,0.0005650812215949345,0.0004257968976162374,0.00025823783214455327,0.0009901292507059677,0.0028918052350525273,0.037282523580066236,0.009564592601536423,0.021743063535541278,7.301230860173851,6.882617040783824,0.9426653084381366,5462.291901550822,460800.0,4608000000.0,nan,nan,0.9999944981171544,0.9999841085982948,32.54845895956794,0.007643093528535871,0.0,1.0,1.0,9980,0.02615405761561274,0.4880636604774536,0.0006840347297607907,0.019462205745555735,-0.05404260778416492,-0.2179367264438608
EvieDiagAbs,LRCX,47,0.01,3.0,0.0007386180774244682,0.0009599067171941701,False,,10000,58.81524181365967,0.0058815241813659665,0.00159315724168096,0.0,17.525390625,nan,nan,2497,2000,2000,0.2,11.920828104019165,0.0005575174187864921,0.0005492913235542924,0.0005357990332283196,0.00043161983194295317,0.00030699824548151506,0.000995152321371312,0.0030009732848993312,-0.0638672739107099,0.009605694377924374,0.02269150745123625,7.396284746891401,7.245359122669959,0.9795944005150864,5440.766545070651,460800.0,4608000000.0,nan,nan,0.999995375970137,0.9999828471543669,25.52209296880443,0.009311577499285306,0.0,1.0,1.0,9980,0.027177528905779277,0.4880636604774536,0.0007386180774244682,0.020582128454137733,-0.13815116486449308,-0.2179367264438608
EvieDiagAbs,LRCX,48,0.01,3.0,0.0006685905828677788,0.0009609777035700548,False,,10000,59.01005530357361,0.00590100553035736,0.001592046212665724,0.0002,17.525390625,nan,nan,2497,4500,4500,0.45,26.349862098693848,0.0005280996743032436,0.0005886576472167897,0.0005206580698031187,0.0003063208787352778,0.00036226970413250103,0.0009995927163989158,0.0028721405462545017,-0.07945334853508164,0.011139874413819053,0.02406377531588077,7.398592567631463,7.246304839072489,0.9794166624034379,5422.8046110748355,460800.0,4608000000.0,nan,nan,0.9999941699246883,0.9999841758131578,29.623189948883173,0.01154396274195051,0.0,1.0,1.0,9980,0.02585711861108617,0.4880636604774536,0.0006685905828677788,0.01899867083029772,-0.030244417198425744,-0.2179367264438608
EvieDiagAbs,LRCX,49,0.01,3.0,0.0006827149126264784,0.0009631136684265946,False,,10000,58.3522584438324,0.00583522584438324,0.00159470038932343,0.0001,17.525390625,nan,nan,2497,4000,750,0.075,4.3625571727752686,0.0005813267147105164,0.0005405218043590612,0.0005433780546332913,0.0003456566992099397,0.00033705821341653867,0.0009903758581840999,0.0031569669658951327,0.12162497562476855,0.010898118522502774,0.0265831233933568,7.171096028095785,6.579398017777047,0.9174884832108632,5483.935130086173,460800.0,4608000000.0,nan,nan,0.9999937799551841,0.9999782661860526,41.0365249246835,0.011696920423059254,0.0,1.0,1.0,9980,0.026128813838872944,0.4880636604774536,0.0006827149126264784,0.019450529542549576,-0.05200887552829658,-0.2179367264438608
EvieDiagAbs,LRCX,50,0.01,3.0,0.0007309807198388236,0.0009627723251160639,False,,10000,58.75649690628052,0.005875649690628051,0.001592325629786828,0.0006,17.525390625,nan,nan,2497,7500,1000,0.1,5.85850191116333,0.0005484706272958511,0.0005554852936116278,0.0005447361788585387,0.0003659713838715106,0.000365009335967313,0.0010283444050679456,0.0027631060589788574,-0.12862834240369392,0.01219831719720969,0.02500584470108151,7.324796526689985,7.694822521910931,1.0505168974827697,5446.206238442289,460800.0,4608000000.0,nan,nan,0.999992376001325,0.9999832583832395,28.82181549848595,0.01358790127519569,0.0,1.0,1.0,9980,0.0270366551155801,0.4880636604774536,0.0007309807198388236,0.020380093307091444,-0.12638260991265882,-0.2179367264438608
EvieDiagAbs,LRCX,51,0.01,3.0,0.0006696975262707503,0.0009644807807962837,False,,10000,58.37593460083008,0.005837593460083008,0.001589242322083337,0.0002,17.525390625,nan,nan,2497,4750,4750,0.475,27.764837980270386,0.0005556097642627351,0.0005214590829759424,0.0005740902706108748,0.0010697990073822439,-0.00040010148111149356,0.0009995481841930491,0.002759226513906106,-0.1577770678933747,0.009942814735375578,0.02319755451753735,7.367164449969223,6.835497231794984,0.9278328559400545,5481.710951407187,460800.0,4608000000.0,nan,nan,0.999995603773354,0.9999899155390991,29.74049966633679,0.009350285257055191,0.0,1.0,1.0,9980,0.025878514761685036,0.4986737400530504,0.0006696975262707503,0.01919992134053871,-0.03195012812270237,0.008767421869992251
EvieDiagAbs,MCHP,42,0.01,3.0,0.0005253997271653836,0.0007180452979211782,False,,10000,58.48159146308899,0.0058481591463088985,0.001591498645542199,0.0,17.525390625,nan,nan,2497,1500,750,0.075,4.433846473693848,0.0004282105955641797,0.00039789359124925417,0.00041546239781721815,0.00015294153490685858,0.00037245819225852506,0.0007397296545757353,0.003026425894603258,0.05090714144495347,0.00794142184471857,0.01907810978591441,7.192625308173382,6.930412140897586,0.9635441641902535,5471.807315674197,460800.0,4608000000.0,nan,nan,0.9999952352774638,0.9999865731002211,48.35607851230632,0.011782121533467915,0.0,1.0,1.0,9980,0.022921599576935806,0.4946808510638298,0.0005253997271653836,0.017389875240426844,-0.003977146080363925,0.567228397769788
EvieDiagAbs,MCHP,43,0.01,3.0,0.0005822419804870767,0.0007192196833360101,False,,10000,58.58559226989746,0.005858559226989746,0.0015880305689724328,0.0003,17.525390625,nan,nan,2497,750,750,0.075,4.389590501785278,0.00042919189957526583,0.0004325467485251702,0.0004135430536457808,0.0003163659857818857,0.000265875994705191,0.0007381654390549,0.002642005208681834,-0.1370246996947455,0.011177506299380911,0.023201354034244993,7.239556148304201,7.288810487151926,1.006803502568215,5462.09379476433,460800.0,4608000000.0,nan,nan,0.9999961260470501,0.9999901071776347,39.723466538211,0.007928892347707972,0.0,1.0,1.0,9980,0.02412969084938878,0.5,0.0005822419804870767,0.018211180570895078,-0.11259601342272685,-0.18477374655604112
EvieDiagAbs,MCHP,44,0.01,3.0,0.0005223774326541436,0.0007184843485804388,False,,10000,58.417304039001465,0.005841730403900147,0.0015874299458481884,0.0,17.525390625,nan,nan,2497,5750,750,0.075,4.463013410568237,0.0004261800044306562,0.0004273581616036646,0.0003906216882227129,8.985879685496911e-05,0.0004325186357991745,0.0007539557423922737,0.0026331150038964917,-0.16768481127588877,0.009929045949907594,0.022085412498563523,7.383611064693213,6.806315465231245,0.9218139208032684,5477.828962910658,460800.0,4608000000.0,nan,nan,0.9999964955928604,0.999988979922744,37.25631729933758,0.008272423891152769,0.0,1.0,1.0,9980,0.022855577714294244,0.48936170212765956,0.0005223774326541436,0.017383792412974847,0.0017981036221430546,0.6622945668668745
EvieDiagAbs,MCHP,45,0.01,3.0,0.0005336674275221648,0.0007175953381890011,False,,10000,58.33367729187012,0.005833367729187012,0.0015879661838838909,0.0,17.525390625,nan,nan,2497,750,750,0.075,4.347717761993408,0.0004184926239471311,0.0004261873235018155,0.00040157797686150604,0.0005047955273767002,2.887190014546465e-05,0.0007333897248276366,0.002697187354380067,-0.06595047487491686,0.007988244314072654,0.018399915099143977,7.37746317188219,7.014426862393564,0.950791172923469,5485.68193976343,460800.0,4608000000.0,nan,nan,0.9999941011482398,0.9999857965362349,32.144489427457685,0.011554980220773814,0.0,1.0,1.0,9980,0.023101242986518385,0.5345744680851063,0.0005336674275221648,0.01744576862880162,-0.01977575003783394,1.737472422176545
EvieDiagAbs,MCHP,46,0.01,3.0,0.0005193952687833675,0.0007181942304818636,False,,10000,59.34196424484253,0.0059341964244842525,0.0015898430000689029,0.0,17.525390625,nan,nan,2497,4750,500,0.05,3.01547908782959,0.00041473399868199715,0.00041923127886262976,0.00043786252023599086,0.0004274425155017525,9.1952753281615e-05,0.0007330166008864375,0.0027780624104432215,-0.021295231995385012,0.00845088855754002,0.01824632193893194,7.301230860173851,6.807161382717444,0.9323306594575148,5392.474011808794,460800.0,4608000000.0,nan,nan,0.999995362143516,0.9999883162159627,46.53671466444742,0.008659168976338094,0.0,1.0,1.0,9980,0.022790245035614855,0.5212765957446809,0.0005193952687833675,0.017232293174380346,0.0074966683859258865,1.1228953599759555
EvieDiagAbs,MCHP,47,0.01,3.0,0.0005226860601435263,0.0007182797639376289,False,,10000,59.358971118927,0.0059358971118927,0.0015937141441071318,0.0,17.525390625,nan,nan,2497,2000,2000,0.2,11.81803274154663,0.0004244175636741297,0.000415394877670386,0.00040580601623427124,0.00044303422328084707,7.965183686267923e-05,0.0007507908018334401,0.0029793476576928843,-0.10201297191117902,0.008259833486931894,0.018490830063819887,7.396284746891401,7.058815257869614,0.9543731075032471,5390.92901996015,460800.0,4608000000.0,nan,nan,0.9999952653758601,0.9999875465596666,27.76784856390425,0.008710347011140129,0.0,1.0,1.0,9980,0.022862328405994135,0.5319148936170213,0.0005226860601435263,0.017254622525008267,0.0012083527525260651,1.2718152576724608
EvieDiagAbs,MCHP,48,0.01,3.0,0.000520877894901094,0.0007181420566548719,False,,10000,58.611891984939575,0.0058611891984939575,0.0015958134022534753,0.0,17.525390625,nan,nan,2497,2500,750,0.075,4.416037321090698,0.00040042970554637523,0.00044213377246707565,0.0003900588639580921,0.00025442210608161986,0.0002664557888194741,0.0007523651723998554,0.0030907247399860538,-0.009347041747633619,0.008523853642414906,0.019663278944790363,7.398592567631463,7.03121225454906,0.9503445676019955,5459.642901174809,460800.0,4608000000.0,nan,nan,0.9999969630158578,0.9999916718702517,33.38032739573878,0.007238508834944923,0.0,1.0,1.0,9980,0.022822749503534714,0.5212765957446809,0.000520877894901094,0.017248769285817627,0.004663544078058357,1.2204443988184424
EvieDiagAbs,MCHP,49,0.01,3.0,0.0005230933979705528,0.0007175117019633083,False,,10000,58.93284273147583,0.005893284273147583,0.0016094627948640382,0.0002,17.525390625,nan,nan,2497,3500,3500,0.35,20.75934076309204,0.0004517299034840345,0.0004142453488524625,0.00040215019929281824,0.00023187797341961414,0.0002912154245509386,0.0007409159797702056,0.003638052591602904,-0.08572279183134485,0.01035939361727069,0.02480403510853647,7.171096028095785,6.925285044891467,0.9657219785871992,5429.909455718298,460800.0,4608000000.0,nan,nan,0.999995713508769,0.9999857854083293,35.9609437051635,0.013540227727190057,0.0,1.0,1.0,9980,0.022871235164952347,0.5319148936170213,0.0005230933979705528,0.017270764345845218,0.0004299780257726038,2.123984965796323
EvieDiagAbs,MCHP,50,0.01,3.0,0.0005258272091547648,0.000717492571560078,False,,10000,58.62943458557129,0.005862943458557129,0.0015872179074482929,0.0004,17.525390625,nan,nan,2497,1500,1500,0.15,8.70204472541809,0.0004130401366047809,0.00042234213826253036,0.00039597880526957694,0.00024073084932751954,0.00028509635982724524,0.0007422781271131186,0.0025922190949129865,-0.08871410732518677,0.008741824529017322,0.018478508386760947,7.324796526689985,7.106681714949673,0.9702224067323169,5458.009313273371,460800.0,4608000000.0,nan,nan,0.9999939892033577,0.9999755603068721,33.88347203040384,0.007503459831573878,0.0,1.0,1.0,9980,0.022930922553503267,0.5372340425531915,0.0005258272091547648,0.017303504641093904,-0.004794013934512176,1.352429839080669
EvieDiagAbs,MCHP,51,0.01,3.0,0.0005175376695299906,0.0007209261627349044,False,,10000,58.12005019187927,0.005812005019187928,0.0015904816985499897,0.0001,17.525390625,nan,nan,2497,2750,2750,0.275,15.987064838409424,0.0004207121513930615,0.0004099662491167337,0.0004315950128873327,0.0002881926920963451,0.00022934497743364545,0.0007385773923634947,0.0027822455830229576,-0.06164863098971823,0.009626783340310795,0.01987799257040021,7.367164449969223,7.3193747264796984,0.9935131455509013,5505.845210792875,460800.0,4608000000.0,nan,nan,0.9999966149207371,0.9999905858817658,26.372677693204235,0.010142703599689185,0.0,1.0,1.0,9980,0.02274945426883886,0.5797872340425532,0.0005175376695299906,0.017082636949246523,0.011046322298059241,1.666877525043625
EvieDiagAbs,META,42,0.01,3.0,0.0007820627037084327,0.001102956781628004,False,,10000,58.32237458229065,0.005832237458229065,0.0015963995893370688,0.0004,17.4951171875,nan,nan,2497,2500,750,0.075,4.302739381790161,0.0005553060397198423,0.0006011531487614064,0.0006557253098883998,0.00018492135859560221,0.0005971413451128305,0.0011597654199094957,0.002814257586397609,-0.13740829887410103,0.012354344061376468,0.027827717270702115,7.192625308173382,7.435948362100837,1.0338295189172377,5486.745049251933,460800.0,4608000000.0,nan,nan,0.9999651663814888,0.9988370276472197,87.56545248318835,0.02859007947000123,0.0,1.0,1.0,9980,0.027965384025763578,0.4921135646687697,0.0007820627037084327,0.02105110396379195,-0.7093841436785047,-0.8626672707190688
EvieDiagAbs,META,43,0.01,3.0,0.0005494931583884377,0.0010946432498727312,False,,10000,58.44895815849304,0.005844895815849304,0.0015964443426292015,0.0,17.4951171875,nan,nan,2497,2250,1000,0.1,5.773191690444946,0.0006117074731477534,0.0006350732673428536,0.000593454761548496,0.00043132316204719245,0.00011816999634124529,0.0011116929866345215,0.0032739073589046256,-0.06919340134559976,0.008998177974621649,0.020597281493246557,7.239556148304201,6.785240203876664,0.9372453317412344,5474.862342837188,460800.0,4608000000.0,nan,nan,0.9999888965887465,0.9999692313442529,25.273572811834935,0.011444242401532278,0.0,1.0,1.0,9980,0.023441270409012345,0.4605678233438486,0.0005494931583884377,0.016556167002743895,-0.2010480586211445,-1.6245658710427648
EvieDiagAbs,META,44,0.01,3.0,0.000581158735092331,0.001098876871897219,False,,10000,58.661805868148804,0.00586618058681488,0.0015922558044942185,0.0001,17.4951171875,nan,nan,2497,4500,1500,0.15,8.707682609558105,0.0006672451183057434,0.0005491740437826657,0.0005997171679583612,0.0006769706087652594,-9.581187367292839e-05,0.001124612415125192,0.0029095910258954217,-0.23547786338974114,0.00973308264205116,0.021649714093655344,7.383611064693213,7.073413425854147,0.9579883560873944,5454.997425739806,460800.0,4608000000.0,nan,nan,0.9999937749062238,0.9999779859947732,36.62341847003895,0.01298996156352814,0.0,1.0,1.0,9980,0.02410723408216569,0.501577287066246,0.000581158735092331,0.01734263042234025,-0.2702607118539355,-0.4198856601547683
EvieDiagAbs,META,45,0.01,3.0,0.0004619615820218932,0.001094787278761999,False,,10000,58.72870945930481,0.005872870945930481,0.001591147930821703,0.0,17.4951171875,nan,nan,2497,5250,3000,0.3,17.509453058242798,0.0006514994048136634,0.0005761048966020984,0.0006156541933943722,0.0029047169809928164,-0.002442755398970923,0.0011177812120265137,0.0028344651058026587,-0.10674492040640973,0.009871398731824592,0.021557998377829783,7.37746317188219,6.8704691443983155,0.9312779995410636,5448.783107037952,460800.0,4608000000.0,nan,nan,0.9999893650404615,0.9999700894572676,45.40159903010198,0.0200405631368767,0.0,1.0,1.0,9980,0.021493291558574577,0.5362776025236593,0.0004619615820218932,0.014601611491269286,-0.009726968889267606,1.2349781715915136
EvieDiagAbs,META,46,0.01,3.0,0.0006093340662290466,0.0010960661462428819,False,,10000,58.18508863449097,0.005818508863449097,0.0015953441806700855,0.0001,17.4951171875,nan,nan,2497,4250,1750,0.175,10.14614987373352,0.0006114067225231159,0.0006087910260232293,0.000577139133868245,0.00021414380171336234,0.0003951902645156842,0.0011109528100520462,0.00304618897353502,0.08362115426279843,0.010490627320196655,0.026507260929793112,7.301230860173851,7.018292565497592,0.9612478635322151,5499.690857397962,460800.0,4608000000.0,nan,nan,0.9999943992279288,0.9999876692686598,50.45906359582038,0.01344362579304743,0.0,1.0,1.0,9980,0.024684692953914712,0.47318611987381703,0.0006093340662290466,0.018045503388410843,-0.33184460283814055,-1.205037885121163
EvieDiagAbs,META,47,0.01,3.0,0.0005004047972601165,0.0010918622325271463,False,,10000,58.46200656890869,0.005846200656890869,0.0015950935859319099,0.0001,17.4951171875,nan,nan,2497,5750,5500,0.55,31.922463178634644,0.0005615593721075465,0.0005886829918007838,0.0005603142938412283,0.00022464198264060542,0.0002757628146195111,0.001122565944391692,0.0030459157027997045,-0.15848620770767083,0.00928947914726159,0.022499573603272434,7.396284746891401,7.135393907730425,0.9647267718741322,5473.640382541756,460800.0,4608000000.0,nan,nan,0.9999911509995872,0.9999644764601245,38.8470061799397,0.01665697611865653,0.0,1.0,1.0,9980,0.0223697294856267,0.5141955835962145,0.0005004047972601165,0.015307601892723227,-0.09375376398975122,-0.18743889441687275
EvieDiagAbs,META,48,0.01,3.0,0.000477904090716404,0.001095685579047218,False,,10000,58.68149256706238,0.0058681492567062375,0.0016120053238241055,0.0002,17.4951171875,nan,nan,2497,6250,3000,0.3,17.57049250602722,0.0006209329704826391,0.0006455098008742875,0.0005579328862555138,0.00075427076080814,-0.00027636667009173606,0.0011217273295065506,0.0034236250750747056,0.06224120237751028,0.01051517239734967,0.023033291194587944,7.398592567631463,6.748018380805166,0.9120678452179497,5453.167361656619,460800.0,4608000000.0,nan,nan,0.9999942600151405,0.9999662416249122,34.99400122932068,0.022399325645358202,0.0,1.0,1.0,9980,0.02186101760477778,0.5047318611987381,0.000477904090716404,0.014728333215293644,-0.044573115424102916,0.0154134822570622
EvieDiagAbs,META,49,0.01,3.0,0.0004912249322207468,0.001095798113368663,False,,10000,58.616101026535034,0.0058616101026535035,0.0016271546677102285,0.0001,17.4951171875,nan,nan,2497,4500,750,0.075,4.37270188331604,0.0006248926540624921,0.0005912623589338957,0.0005736996350347768,0.00037599065399263054,0.0001152342782281163,0.0011238293333712358,0.003458553886269273,-0.11565146047052088,0.01104765257655672,0.02498609405010937,7.171096028095785,7.155035523073381,0.9977603834951477,5459.2508610413815,460800.0,4608000000.0,nan,nan,0.9999908289706643,0.9999708251926986,44.199576943431886,0.01786566037820734,0.0,1.0,1.0,9980,0.022163594749515406,0.4889589905362776,0.0004912249322207468,0.015007744795121488,-0.0736889844458628,-0.6770528463013114
EvieDiagAbs,META,50,0.01,3.0,0.0004827573708018417,0.00109545627979074,False,,10000,59.09305286407471,0.005909305286407471,0.0015937942126387685,0.0002,17.4951171875,nan,nan,2497,8000,3000,0.3,17.68094539642334,0.0005738728172767918,0.0006380721009169506,0.0006055378786547902,0.00019177082140231505,0.00029098654939952665,0.0011322327325194242,0.0029565761193410213,-0.13650242766394177,0.01250474597606808,0.02979054870083927,7.324796526689985,6.656572330562204,0.9087723196551719,5415.188156483657,460800.0,4608000000.0,nan,nan,0.9999959409094913,0.9999900743226289,15.778972082805307,0.016326967608268905,0.0,1.0,1.0,9980,0.021971740277043184,0.4952681388012618,0.0004827573708018417,0.014781298127564244,-0.05518111396889824,-0.2963478082092627
EvieDiagAbs,META,51,0.01,3.0,0.00048356311126325117,0.0010918385410910525,False,,10000,59.49306893348694,0.005949306893348694,0.0016071321473265586,0.0,17.4951171875,nan,nan,2497,1750,1750,0.175,10.310230016708374,0.0006061430939718215,0.0006332843859266157,0.000601165851166454,0.0012857218971475959,-0.0008021587858843447,0.0011287327410767285,0.003588085863477195,-0.01084784726423086,0.010398121085787715,0.024914630129933342,7.367164449969223,6.996944874549607,0.9497473447302833,5378.777826334005,460800.0,4608000000.0,nan,nan,0.9999926997097626,0.999984091797283,26.72228661604539,0.016408459339686488,0.0,1.0,1.0,9980,0.021990068468816806,0.48264984227129337,0.00048356311126325117,0.014747718595108896,-0.056942251486545414,-0.4973314404182358
EvieDiagAbs,MRVL,42,0.01,3.0,0.0010619217125827042,0.0015834614199731964,False,,10000,59.16639232635498,0.005916639232635498,0.0015968323226585282,0.0001,17.525390625,nan,nan,2497,1500,500,0.05,2.990170478820801,0.0005759002054013586,0.0005678161845890582,0.0005885867044979167,0.0008248738304246217,0.00023704788215808247,0.0016428725736316173,0.003288361566287355,-0.03154132653651713,0.010122347965624067,0.02351083112880586,7.192625308173382,6.966536563535684,0.9685665893952823,5408.475781908705,460800.0,4608000000.0,nan,nan,0.9999956700322926,0.9999871647788664,27.888117500414616,0.010173454600183618,0.0,1.0,1.0,9980,0.03258714029464237,0.47480106100795755,0.0010619217125827042,0.023596021864149306,-0.031344408389280654,-0.6210217833928379
EvieDiagAbs,MRVL,43,0.01,3.0,0.001045250624575943,0.0015840487707831183,False,,10000,58.838812828063965,0.005883881282806397,0.0015886571488664852,0.0001,17.525390625,nan,nan,2497,6750,4500,0.45,26.611618757247925,0.0006109509267012441,0.0005737437609713796,0.0005660791128493936,0.0011889704474015161,-0.00014371982282557314,0.0016397847992574602,0.002745618543675338,-0.07033211590895591,0.009508918496688421,0.02330382075160741,7.239556148304201,6.484456964564972,0.8956981383567134,5438.586956794813,460800.0,4608000000.0,nan,nan,0.9999942293618217,0.9999820393890431,53.35469376143315,0.010572715842437219,0.0,1.0,1.0,9980,0.032330335979942164,0.4880636604774536,0.001045250624575943,0.02338141991347863,-0.01515335287754982,-0.7475927978363136
EvieDiagAbs,MRVL,44,0.01,3.0,0.00104419816107977,0.0015946819548265372,False,,10000,58.81816840171814,0.005881816840171814,0.0015911722883528484,0.0002,17.525390625,nan,nan,2497,5000,2750,0.275,16.077934741973877,0.0005853441119585822,0.0005888023585038088,0.0005515665343992949,0.0002221488939539995,0.0008220492671257705,0.0016670482811989092,0.002853697553783727,-0.0937445201913457,0.010031922358210432,0.02389891445636749,7.383611064693213,6.9361638492525985,0.9393999478682988,5440.495831397777,460800.0,4608000000.0,nan,nan,0.9999924487685543,0.9999754655762274,70.6746196582825,0.014721277443735659,0.0,1.0,1.0,9980,0.032314055163036565,0.5305039787798409,0.00104419816107977,0.02331712006261109,-0.014131194342744235,1.057991677383135
EvieDiagAbs,MRVL,45,0.01,3.0,0.0010386257575302528,0.0015829327251930135,False,,10000,58.4637176990509,0.005846371769905091,0.001590141523017143,0.0,17.525390625,nan,nan,2497,7000,2750,0.275,16.156516075134277,0.0006004541948241033,0.0005865440093437382,0.0005457972328705865,0.000453797860245686,0.0005848278972845667,0.0016241602076159636,0.002789314561726976,-0.04049066847316475,0.008376437046693172,0.018854732252657404,7.37746317188219,6.714689913572274,0.9101624443432057,5473.480178719371,460800.0,4608000000.0,nan,nan,0.9999902857948311,0.9999775939549034,56.8579416633434,0.014737804145570976,0.0,1.0,1.0,9980,0.03222771722493315,0.47480106100795755,0.0010386257575302528,0.023361175779312376,-0.008719244314802976,-0.907174601555704
EvieDiagAbs,MRVL,46,0.01,3.0,0.0010606953233638138,0.001576551549946914,False,,10000,59.01817846298218,0.0059018178462982174,0.0015906231844409454,0.0002,17.525390625,nan,nan,2497,4750,1750,0.175,10.262811660766602,0.000570347330399683,0.0005838084597854877,0.0005942667235330473,0.0004839034809265286,0.0005767918424372852,0.001674461681356497,0.002849995983083776,-0.06557963318165935,0.009796926749563136,0.022926836274564245,7.301230860173851,6.852342862256597,0.9385188598314551,5422.058225682325,460800.0,4608000000.0,nan,nan,0.9999925176180053,0.9999768798270455,38.06038950006164,0.011212246874464427,0.0,1.0,1.0,9980,0.03256831778529271,0.46153846153846156,0.0010606953233638138,0.02367821950761099,-0.030153332203131766,-1.7075671903142922
EvieDiagAbs,MRVL,47,0.01,3.0,0.001043547161672481,0.001587955641809762,False,,10000,58.28933572769165,0.005828933572769165,0.0016065392607661165,0.0,17.525390625,nan,nan,2497,6250,3250,0.325,19.0063579082489,0.0005749356143348614,0.0005871065677275892,0.0005469605080001658,0.00044896843610331416,0.0005945787255691669,0.0016515366943370793,0.003571077931482708,-0.09269315673260717,0.009669395782900393,0.02486240742728114,7.396284746891401,6.127167890277352,0.8284115741829101,5489.854979561499,460800.0,4608000000.0,nan,nan,0.99999318298773,0.999985761393105,30.67326918291218,0.011008477831319396,0.0,1.0,1.0,9980,0.032303980585563774,0.47480106100795755,0.001043547161672481,0.023407603067065044,-0.013498940014937677,-1.036140541558382
EvieDiagAbs,MRVL,48,0.01,3.0,0.0010431788112751392,0.0015789811111571617,False,,10000,58.409955978393555,0.005840995597839355,0.0016010935114944178,0.0,17.525390625,nan,nan,2497,5500,2750,0.275,16.18805742263794,0.0005587307335295807,0.0005786937712302775,0.0005766310930178264,0.0004002431669505313,0.0006429356443246079,0.0016458644912671471,0.0033757387344200717,0.028613913178921202,0.009062856862910848,0.021899235155433384,7.398592567631463,6.587564723834464,0.8903807938627122,5478.518082060725,460800.0,4608000000.0,nan,nan,0.9999934894821939,0.9999842710728704,38.643821920757475,0.011508779971066474,0.0,1.0,1.0,9980,0.03229827876644728,0.46949602122015915,0.0010431788112751392,0.02342246827625093,-0.013141196013543466,-1.065067258997098
EvieDiagAbs,MRVL,49,0.01,3.0,0.001050531233429278,0.0016005469253904307,False,,10000,58.542540311813354,0.005854254031181336,0.0016018855928735813,0.0001,17.525390625,nan,nan,2497,5000,1250,0.125,7.283581495285034,0.0006182117376586883,0.0005798512432971136,0.0005657069120329823,0.00045355205656960607,0.000596979176859672,0.0016967249161482167,0.003274312221714911,-0.005052889615164047,0.01057531348201519,0.023872916121035804,7.171096028095785,6.589061315423348,0.9188360174801633,5466.1105974492,460800.0,4608000000.0,nan,nan,0.9999919212097728,0.9999783431262297,47.78324685942774,0.0109142634934301,0.0,1.0,1.0,9980,0.03241189956527198,0.47745358090185674,0.001050531233429278,0.02347147401678499,-0.020281910236578105,-0.6559123362118238
EvieDiagAbs,MRVL,50,0.01,3.0,0.0010431224391573952,0.0015862010201977798,False,,10000,58.77665972709656,0.005877665972709656,0.0015914868810526887,0.0004,17.525390625,nan,nan,2497,7500,2000,0.2,11.707134246826172,0.0005929886254703249,0.0005849247016930241,0.0005983317422272039,0.0003451500670053065,0.0006979723721520887,0.0016773044576549549,0.0028583318061582126,-0.11210913606920396,0.011720561471232214,0.023199297860264752,7.324796526689985,7.265557200829264,0.9919124953649066,5444.337964861878,460800.0,4608000000.0,nan,nan,0.9999938582722192,0.9999793829382061,48.79822680109005,0.028468477222057233,0.0,1.0,1.0,9980,0.032297406074751504,0.46949602122015915,0.0010431224391573952,0.023443872966463605,-0.013086447092097275,-1.3771568495395397
EvieDiagAbs,MRVL,51,0.01,3.0,0.0010685481564708488,0.001573569420478072,False,,10000,58.630096673965454,0.005863009667396546,0.0016005263933266726,0.0,17.525390625,nan,nan,2497,4750,4750,0.475,27.82607674598694,0.0006035831811128021,0.0005569687400218149,0.0006084458355806293,0.00042819729424081743,0.0006403508622300313,0.0016309545087642445,0.0034842221046550216,0.01936391241869467,0.009659865853464362,0.02399503570050001,7.367164449969223,5.985221047077371,0.8124185482383761,5457.947677955905,460800.0,4608000000.0,nan,nan,0.9999933853524199,0.9999834857389731,38.39890756180881,0.010061112749241374,0.0,1.0,1.0,9980,0.03268865485869446,0.47745358090185674,0.0010685481564708488,0.02384937124908286,-0.0377800483903894,-0.8098139735319513
EvieDiagAbs,MSFT,42,0.01,3.0,0.00017241071219797487,0.00043372062852591357,False,,10000,59.172659158706665,0.005917265915870666,0.001599110066307928,0.0,17.525390625,nan,nan,2497,7250,750,0.075,4.3768720626831055,0.00027598023418589685,0.00023833100854583368,0.00026504008309407564,0.00034007000795099884,-0.00016765929575302397,0.0004606405344656728,0.003175698281668397,-0.029270010349189166,0.006919804362033756,0.01808263733983039,7.192625308173382,6.170407142534221,0.8578796862283987,5407.90298339863,460800.0,4608000000.0,nan,nan,0.9999984480706157,0.9999949283737135,35.102281966621604,0.006043610098511465,0.0,1.0,1.0,9980,0.013130525968062927,0.4470899470899471,0.00017241071219797487,0.010160583667654209,-0.043027271570082126,-0.7335835718058848
EvieDiagAbs,MSFT,43,0.01,3.0,0.00016821292105805938,0.0004343303508404395,False,,10000,58.77097034454346,0.005877097034454346,0.0015874899200576703,0.0001,17.525390625,nan,nan,2497,4750,1250,0.125,7.374979496002197,0.00026556909835674815,0.00025214040679503026,0.00025036658561430875,0.0006499662922578864,-0.000481753371199827,0.00045817266278856184,0.002684380629268109,-0.07441309454918037,0.007648734565026826,0.017012316547334184,7.239556148304201,6.804566417814648,0.9399148619640936,5444.865009442713,460800.0,4608000000.0,nan,nan,0.9999972558195797,0.9999917145348235,41.28936372233312,0.005760546477578998,0.0,1.0,1.0,9980,0.012969692404142027,0.455026455026455,0.00016821292105805938,0.009933030163800274,-0.01763203606836039,-0.4531624151259526
EvieDiagAbs,MSFT,44,0.01,3.0,0.00016872805577737313,0.00043411228795899005,False,,10000,58.757317781448364,0.005875731778144836,0.0015895647172361439,0.0001,17.525390625,nan,nan,2497,7250,500,0.05,2.9266533851623535,0.0002709771059098332,0.0002634782989496117,0.0002463402987918193,9.595222218194976e-05,7.277583359542337e-05,0.00046190164062528147,0.0027190168665248904,-0.11777433625090894,0.008157514031374012,0.01789313666522502,7.383611064693213,6.847870283361613,0.9274419011730732,5446.130151656354,460800.0,4608000000.0,nan,nan,0.9999987131328091,0.9999963593088828,40.172261126448305,0.00683325279346878,0.0,1.0,1.0,9980,0.012989536395783074,0.4497354497354497,0.00016872805577737313,0.009954938812861367,-0.020748429208479635,-0.43230107517753025
EvieDiagAbs,MSFT,45,0.01,3.0,0.0001775114624588578,0.00043214173784938986,False,,10000,58.394084215164185,0.005839408421516418,0.001585769896391321,0.0,17.525390625,nan,nan,2497,1250,500,0.05,2.883786678314209,0.0002655915621409272,0.0002677027056294116,0.00024093517772992077,0.00013126762132742442,4.624384113143337e-05,0.000445823392085313,0.002487502117352896,-0.011125587418200996,0.006422895041152515,0.015644169505685555,7.37746317188219,7.0886328311613624,0.9608496397756819,5480.00716683729,460800.0,4608000000.0,nan,nan,0.9999938593566349,0.9999780940280489,119.51334693412579,0.010734835023242083,0.0,1.0,1.0,9980,0.013323342765944955,0.544973544973545,0.0001775114624588578,0.010015663646516345,-0.07388510841643758,0.709294700012589
EvieDiagAbs,MSFT,46,0.01,3.0,0.0001763411694102817,0.0004321727259405728,False,,10000,58.65025496482849,0.005865025496482849,0.0015874763134486015,0.0002,17.525390625,nan,nan,2497,2000,1750,0.175,10.288796186447144,0.00025324035236346437,0.00025768100326200216,0.0002607226535792239,0.00021037847909610718,-3.4037309685825486e-05,0.0004837680487683669,0.002585081978115879,-0.12947149129027835,0.007506191856164514,0.016100982949137678,7.301230860173851,6.9904657079494275,0.9574366078575108,5456.071762891709,460800.0,4608000000.0,nan,nan,0.9999985057074248,0.99999455723055,39.00741340409262,0.004456311254510403,0.0,1.0,1.0,9980,0.01327935124207059,0.4417989417989418,0.0001763411694102817,0.010308258117191375,-0.0668052260249532,-0.7803306254772494
EvieDiagAbs,MSFT,47,0.01,3.0,0.00016688303184256984,0.00043322869257838404,False,,10000,58.45804047584534,0.005845804047584534,0.0015876284235867737,0.0,17.525390625,nan,nan,2497,10000,3250,0.325,18.98321795463562,0.00025904357401081174,0.00024968517500178225,0.00023994239451195085,0.00017952614143723622,-1.2643109594666385e-05,0.0004461402198793709,0.002648551162470941,0.005980176233420158,0.0064705021379733805,0.01628661286085844,7.396284746891401,6.907908923556413,0.933970116072093,5474.011742357716,460800.0,4608000000.0,nan,nan,0.9999975768778387,0.9999925218991546,61.73113025368258,0.007874080158711832,0.0,1.0,1.0,9980,0.012918321556710447,0.4973544973544973,0.00016688303184256984,0.009834102852634651,-0.009586650127782814,0.18875409807168733
EvieDiagAbs,MSFT,48,0.01,3.0,0.00017649264483855516,0.0004331515385554387,False,,10000,58.37608098983765,0.005837608098983765,0.0015962139630691084,0.0,17.525390625,nan,nan,2497,1500,1500,0.15,8.735451459884644,0.0002589630656858459,0.0002698300600933184,0.0002535861047194503,0.0002564432434155606,-7.995059857700542e-05,0.0004655629191716123,0.0030454561638309516,-0.1340521299180164,0.00826335142123462,0.02081322083249687,7.398592567631463,6.960692073964712,0.9408130006262884,5481.697204985497,460800.0,4608000000.0,nan,nan,0.9999980828753567,0.9999947974483578,50.404358220355775,0.004591328516842097,0.0,1.0,1.0,9980,0.013285053437549852,0.4470899470899471,0.00017649264483855516,0.010302389740313172,-0.06772160181534215,-0.8703556002683913
EvieDiagAbs,MSFT,49,0.01,3.0,0.00016738726663841771,0.00043488137759959983,False,,10000,58.46036505699158,0.005846036505699158,0.0015930181030892583,0.0,17.525390625,nan,nan,2497,7750,1000,0.1,5.877359628677368,0.00026944495076626626,0.00024985518129887766,0.0002479980942448395,0.0002474159700796008,-8.00287034411831e-05,0.0004643027742955098,0.003130363127983668,0.10593249488322873,0.00753355316550551,0.01731035094708204,7.171096028095785,6.177454689321498,0.861438009631822,5473.794077201534,460800.0,4608000000.0,nan,nan,0.9999963935621732,0.9999893084779106,27.007324704582448,0.0073932454077244355,0.0,1.0,1.0,9980,0.012937823102764147,0.4470899470899471,0.00016738726663841771,0.009881808013512345,-0.012637102368476594,-0.7335835718058848
EvieDiagAbs,MSFT,50,0.01,3.0,0.00016671555146338448,0.000432262607215254,False,,10000,58.45147180557251,0.005845147180557251,0.0015880412918403072,0.0003,17.525390625,nan,nan,2497,6000,750,0.075,4.34514045715332,0.00025749502980440254,0.0002635310101446067,0.0002478792808516231,0.00023922511900309473,-7.250956753971025e-05,0.0004711416056227021,0.002644278894542129,-0.11867455224652552,0.008717302251128422,0.01810426255688071,7.324796526689985,6.969837284381423,0.9515400542506312,5474.626901858313,460800.0,4608000000.0,nan,nan,0.9999981669716608,0.999995025624336,53.28226358140783,0.0139479085844755,0.0,1.0,1.0,9980,0.01291183764858374,0.46825396825396826,0.00016671555146338448,0.009836129410557014,-0.008573449725579163,-0.08986656382032278
EvieDiagAbs,MSFT,51,0.01,3.0,0.00017114797676051104,0.00043327952253407445,False,,10000,58.33087420463562,0.005833087420463562,0.0015874444946364574,0.0001,17.525390625,nan,nan,2497,6250,5500,0.55,32.02871346473694,0.00025652353301583973,0.0002655166141383571,0.00025932535640619495,0.0002626682908157818,-9.152031405527077e-05,0.00045680890705669316,0.002630702306419351,-0.0422555875893771,0.007103926273344404,0.015521505894139406,7.367164449969223,6.92408223105034,0.9398571564503717,5485.945553933928,460800.0,4608000000.0,nan,nan,0.9999978137773043,0.9999935508254119,35.61338991376225,0.006602135312684254,0.0,1.0,1.0,9980,0.013082353639942281,0.4656084656084656,0.00017114797676051104,0.010092519578479585,-0.03538814357587472,-0.028256285200314424
EvieDiagAbs,MSI,42,0.01,3.0,0.00011974618469596539,0.00029442378317329546,False,,10000,59.06230449676514,0.005906230449676514,0.0015871026129524902,0.0002,17.525390625,nan,nan,2497,10000,500,0.05,2.888085126876831,0.00028769963758361707,0.00024106207497645197,0.0002560057609746583,0.0001042870499077253,1.5459134788240088e-05,0.0003135722607631614,0.0026989010770048253,-0.12532352363631083,0.007062861423340655,0.01594134336337447,7.192625308173382,6.672677993947653,0.9277110523698651,5418.007352177166,460800.0,4608000000.0,nan,nan,0.9999978153535567,0.9999948822969731,44.38954737356304,0.0076338770510727015,0.0,1.0,1.0,9980,0.010942859987040197,0.5714285714285714,0.00011974618469596539,0.007555031902575619,-0.0026381135367488096,1.8107584871290516
EvieDiagAbs,MSI,43,0.01,3.0,0.0001322222213265757,0.0002935781719197645,False,,10000,59.61103296279907,0.0059611032962799074,0.0015866767289321277,0.0,17.525390625,nan,nan,2497,7500,1750,0.175,10.370555639266968,0.000258941033704954,0.0002522395888716246,0.00026043415497597957,0.00024039561321842484,-0.00010817339189184914,0.00031457125146372954,0.0026121281650981496,0.05309877111672261,0.006914262950135162,0.016554651129990813,7.239556148304201,6.614335380256831,0.9136382458759129,5368.13378489347,460800.0,4608000000.0,nan,nan,0.9999978781521964,0.9999935752711401,28.506228933354585,0.005076888115993938,0.0,1.0,1.0,9980,0.01149879216816165,0.43386243386243384,0.0001322222213265757,0.008190500673162874,-0.10710031300882905,-1.7645861292902725
EvieDiagAbs,MSI,44,0.01,3.0,0.00014419516637211754,0.00029409690624206705,False,,10000,58.80591702461243,0.005880591702461243,0.0015899113824503393,0.0,17.525390625,nan,nan,2497,4750,4000,0.4,23.549171209335327,0.00027432703697133375,0.0002614661822303488,0.00026224061647426943,0.00013562308959080838,8.57207678130916e-06,0.0003206784490021866,0.0027293357275631437,0.034806607743541426,0.007336432315530692,0.016484493203461167,7.383611064693213,7.0352685006013695,0.9528221948529304,5441.629281387931,460800.0,4608000000.0,nan,nan,0.9999976003330033,0.9999914700812222,39.27925667250209,0.008960288325243936,0.0,1.0,1.0,9980,0.012008129178690473,0.5687830687830688,0.00014419516637211754,0.008588081314450218,-0.20735011273665038,1.267156737700835
EvieDiagAbs,MSI,45,0.01,3.0,0.00012479556931389702,0.00029368287530438656,False,,10000,59.53422522544861,0.0059534225225448606,0.0015855905747374746,0.0,17.525390625,nan,nan,2497,4750,1750,0.175,10.519093036651611,0.0002768125857603927,0.00027164517131841333,0.0002423288617633474,0.0002936214514193125,-0.00016882588210541548,0.0003180676460720151,0.002431662567100388,-0.15144355267586138,0.007161390968268825,0.017545823752880094,7.37746317188219,6.9048477420335885,0.9359379479317652,5375.0594517389,460800.0,4608000000.0,nan,nan,0.9999971864448959,0.9999928811203962,64.477238859179,0.008230438524009131,0.0,1.0,1.0,9980,0.011171193728241267,0.4417989417989418,0.00012479556931389702,0.007831801182378537,-0.04491675047786403,-1.5063512692761472
EvieDiagAbs,MSI,46,0.01,3.0,0.0001473660979952131,0.00029354321150311743,False,,10000,58.99453353881836,0.005899453353881836,0.0015879606345421157,0.0001,17.525390625,nan,nan,2497,4000,2000,0.2,11.915172576904297,0.0002669487002240292,0.00025772001654653874,0.0002689382674180616,0.0001973360704141669,-4.9969972418953786e-05,0.00032537283646584466,0.0026359540398485093,0.03750747577911181,0.007184568208314886,0.017412207834422586,7.301230860173851,6.969295693453499,0.9545370947615197,5424.231378818179,460800.0,4608000000.0,nan,nan,0.9999974382857774,0.9999927890244641,36.30862230820875,0.0077926943709172745,0.0,1.0,1.0,9980,0.012139443891513857,0.43386243386243384,0.0001473660979952131,0.00884416557493664,-0.23390041084265478,-1.5696440953027342
EvieDiagAbs,MSI,47,0.01,3.0,0.00012414081505051367,0.0002936584287043908,False,,10000,58.62604355812073,0.005862604355812073,0.001589927598266076,0.0001,17.525390625,nan,nan,2497,10000,500,0.05,2.974863290786743,0.00029571141104650135,0.0002352510433009174,0.00026369145754550363,0.0001865645608631894,-6.242374581267573e-05,0.00031909531261461543,0.002677509156323229,-0.06797381980306991,0.008128783604149066,0.019135029613971687,7.396284746891401,6.803039668554425,0.919791476580683,5458.325013571113,460800.0,4608000000.0,nan,nan,0.9999974786306083,0.9999833248153899,40.69073309832682,0.00960554949688639,0.0,1.0,1.0,9980,0.011141849714051688,0.4470899470899471,0.00012414081505051367,0.007797170568395544,-0.039434474937013686,-1.6550832384372005
EvieDiagAbs,MSI,48,0.01,3.0,0.00013221271099552275,0.0002931454848863718,False,,10000,58.63468909263611,0.005863468909263611,0.0015944287750873423,0.0002,17.525390625,nan,nan,2497,9500,500,0.05,2.993914842605591,0.0002586463915347785,0.0002557764293404508,0.0002548272438932058,0.00028475388535298407,-0.00015254117435746132,0.0003324034438525334,0.0030091305324594936,0.0013370532173004595,0.008139131770149834,0.018414740357547997,7.398592567631463,6.759267065791523,0.9135882269504929,5457.520197547847,460800.0,4608000000.0,nan,nan,0.9999976701453726,0.999992859447333,31.507991015224285,0.01023066533678616,0.0,1.0,1.0,9980,0.011498378624637595,0.4312169312169312,0.00013221271099552275,0.008172224438379682,-0.10702068274411336,-1.584650383175406
EvieDiagAbs,MSI,49,0.01,3.0,0.0001227309306462606,0.00029369380414011624,False,,10000,59.32463073730469,0.005932463073730469,0.0016002552122602195,0.0001,17.525390625,nan,nan,2497,6250,1500,0.15,8.829829692840576,0.000264992793916792,0.00025513570895908,0.0002453194544433626,0.00025808161444729194,-0.00013535068380103135,0.0003112816351705252,0.003292654308304372,-0.04511336401160405,0.0075038331635540086,0.017563598416745662,7.171096028095785,6.443669743945833,0.8985613522256635,5394.049588222328,460800.0,4608000000.0,nan,nan,0.9999980315841018,0.9999956440308362,36.044594976689226,0.007198659717047917,0.0,1.0,1.0,9980,0.011078399281767227,0.4656084656084656,0.0001227309306462606,0.007727947815385445,-0.02762947385932324,-0.8847359470137525
EvieDiagAbs,MSI,50,0.01,3.0,0.00015112182135304446,0.00029501330789267544,False,,10000,58.489680767059326,0.005848968076705933,0.0015908693761889322,0.0005,17.525390625,nan,nan,2497,9000,1750,0.175,10.227563858032227,0.00028047954888924144,0.00026844536552125445,0.00024931849453114607,0.00011844237087643705,3.267945047660741e-05,0.00036810011245243924,0.0028268528033876606,-0.011754874357945613,0.0092199755021662,0.017492670193314547,7.324796526689985,7.059322369629474,0.9637567874966655,5471.050547778337,460800.0,4608000000.0,nan,nan,0.9999978382357947,0.9999907636854796,34.15036080359413,0.027174232539360334,0.0,1.0,1.0,9980,0.01229316156865452,0.5661375661375662,0.00015112182135304446,0.008924055982519078,-0.2653471863037926,1.5062963166624166
EvieDiagAbs,MSI,51,0.01,3.0,0.00012566594692765089,0.0002930915719318137,False,,10000,58.731332540512085,0.005873133254051209,0.0015898372035673782,0.0001,17.525390625,nan,nan,2497,4750,3750,0.375,22.066316843032837,0.0002755122827941993,0.00024114396745420998,0.00026602640561995135,0.00015525484923273325,-2.9588902305082365e-05,0.0003122357239992709,0.002731296356252474,-0.0477657540800576,0.007557026810948446,0.016292233765125272,7.367164449969223,6.954603927010665,0.9440000931484187,5448.539751405578,460800.0,4608000000.0,nan,nan,0.9999983483008947,0.9999949288940707,47.27084528880792,0.007442237794010771,0.0,1.0,1.0,9980,0.011210082378272288,0.5714285714285714,0.00012566594692765089,0.007873290430301081,-0.05220444628992271,2.1025652963788914
EvieDiagAbs,MU,42,0.01,3.0,0.0008338460373500037,0.000803067292079369,False,,10000,58.423877000808716,0.005842387700080872,0.0015981804171383697,0.0,17.525390625,nan,nan,2497,2000,2000,0.2,11.690823793411255,0.0009186860843870763,0.0009088379723837217,0.0009250935832868141,0.000666856998577714,0.00016698903877228972,0.0008291074315569055,0.0033206193568408324,0.01328097873244915,0.010609690736741322,0.026059907861053937,7.192625308173382,6.838838251167926,0.9508125278535742,5477.212681307858,460800.0,4608000000.0,nan,nan,0.9999935932824766,0.9999844467031361,39.547764660490095,0.01191321006419912,0.0,1.0,1.0,9980,0.02887639238807375,0.47619047619047616,0.0008338460373500037,0.02066086209009564,-0.0027051610525070657,-0.43193267581776207
EvieDiagAbs,MU,43,0.01,3.0,0.0008295396017649817,0.0008052064980372826,False,,10000,58.46098566055298,0.005846098566055298,0.0016029179411787002,0.0,17.525390625,nan,nan,2497,6750,6750,0.675,39.30142951011658,0.0009349866561561655,0.0009423955085826033,0.0008923090706923696,0.0008125550230033696,1.6984578761612148e-05,0.0008264642434566758,0.0035174195863013603,-0.008661935856412409,0.011439026990176354,0.028480418492108577,7.239556148304201,5.414463324868619,0.747899900760754,5473.735969113544,460800.0,4608000000.0,nan,nan,0.9999884410117804,0.999959444601332,25.181859349053944,0.009474316276260988,0.0,1.0,1.0,9980,0.028801729145399965,0.4947089947089947,0.0008295396017649817,0.020557197944197074,0.002473355116454745,-0.005898615582646652
EvieDiagAbs,MU,44,0.01,3.0,0.0008403280424693274,0.0008033797816825482,False,,10000,58.16199970245361,0.005816199970245362,0.0015872897388069251,0.0,17.525390625,nan,nan,2497,4500,750,0.075,4.343989133834839,0.0009644249881016908,0.0009034913649056314,0.0008914112117485115,0.0005270169349387288,0.0003133111075305986,0.0008291706259393501,0.0026051038335563486,-0.14042497887085834,0.012015605212375522,0.028941853903234005,7.383611064693213,6.92265902940005,0.9375709214293081,5501.874104003692,460800.0,4608000000.0,nan,nan,0.9999842492456082,0.99993897285857,47.57952453130036,0.01919662199379295,0.0,1.0,1.0,9980,0.028988412210214747,0.47619047619047616,0.0008403280424693274,0.02074316695884422,-0.01049981341755335,-0.43193267581776207
EvieDiagAbs,MU,45,0.01,3.0,0.0009682670472160219,0.0007970676181803331,False,,10000,60.259801149368286,0.0060259801149368285,0.0015913582507030971,0.0,17.525390625,nan,nan,2497,1250,1000,0.1,5.880425691604614,0.0009182005502820464,0.0009203281201475874,0.0009128618173194759,0.0008419366204179823,0.00012633042679803953,0.0008364814347996401,0.002871781353445971,-0.03087413559467043,0.011433680094203737,0.026371034979820247,7.37746317188219,6.996164303488689,0.9483157205248073,5310.33946173841,460800.0,4608000000.0,nan,nan,0.999973461707827,0.9999302011225598,63.59470006026779,0.019843658821770305,0.0,1.0,1.0,9980,0.031116989687564926,0.47883597883597884,0.0009682670472160219,0.022708786858452693,-0.1643472799919905,-0.32055491621973947
EvieDiagAbs,MU,46,0.01,3.0,0.0008462372595670993,0.0008030827070737075,False,,10000,58.95036029815674,0.005895036029815674,0.0015987985293559725,0.0,17.525390625,nan,nan,2497,3000,1250,0.125,7.672234773635864,0.0009480764818429479,0.000914213047642849,0.0009307488072133062,0.0010585151030682027,-0.00021227784350110347,0.0008320347318874364,0.003354241343026791,-0.08365145300344756,0.011259097094627942,0.026871215831488354,7.301230860173851,6.7548453827823405,0.9251652922835397,5428.295915097329,460800.0,4608000000.0,nan,nan,0.9999903525606697,0.9999781271761303,20.71073396555371,0.011607612269546052,0.0,1.0,1.0,9980,0.029090157434553347,0.47619047619047616,0.0008462372595670993,0.02086452327708088,-0.017605684545209055,-0.43193267581776207
EvieDiagAbs,MU,47,0.01,3.0,0.0009301539766725409,0.0008014985199632315,False,,10000,58.39247131347656,0.005839247131347656,0.0015937516855202127,0.0,17.525390625,nan,nan,2497,1250,1250,0.125,7.259507417678833,0.000930224201729113,0.000941129660730563,0.0008872941005002905,0.000641259306576103,0.0002888946700964379,0.0008273237383398872,0.003074290036866122,-0.13483199063158496,0.01109338555092254,0.026854567788541304,7.396284746891401,6.953930500790557,0.9401923720842735,5480.158534172989,460800.0,4608000000.0,nan,nan,0.9999832051409736,0.9999420368244699,39.50069454555209,0.014566427958860118,0.0,1.0,1.0,9980,0.030498425806466486,0.47619047619047616,0.0009301539766725409,0.022211120242164248,-0.1185160703613024,-0.43193267581776207
EvieDiagAbs,MU,48,0.01,3.0,0.0008916249350895957,0.0007975280917291616,False,,10000,58.28722167015076,0.005828722167015076,0.001604024043981251,0.0,17.525390625,nan,nan,2497,750,750,0.075,4.351553678512573,0.0008851954116763651,0.0009947975912323749,0.0008590519830118067,0.00047861439816188067,0.0004130105369277151,0.0008493945704895826,0.0035651245603934996,0.020442584033661077,0.011618788581328409,0.027860330417752256,7.398592567631463,7.062392686267803,0.9545589410025739,5490.054094718911,460800.0,4608000000.0,nan,nan,0.9999871282057302,0.9999629807757311,31.24565247137293,0.00992381100719406,0.0,1.0,1.0,9980,0.029860089334923224,0.48412698412698413,0.0008916249350895957,0.021598195272778706,-0.07218465291114118,-0.3185129358703521
EvieDiagAbs,MU,49,0.01,3.0,0.0008319698313556651,0.0008057219122069584,False,,10000,58.36895155906677,0.005836895155906677,0.0016075436953688637,0.0,17.525390625,nan,nan,2497,1500,500,0.05,2.938765048980713,0.000940540851047465,0.0009426998524900987,0.0008925654523199186,0.0007400815957225859,9.188823563307917e-05,0.0008327752597022444,0.003897104306433858,-0.045952458378024766,0.011733496695751819,0.026758515741676085,7.171096028095785,6.5907621908410965,0.9190732023415965,5482.3667626815995,460800.0,4608000000.0,nan,nan,0.9999906156649988,0.9999779978702471,49.18216763859968,0.013074263055857216,0.0,1.0,1.0,9980,0.028843887244192054,0.48677248677248675,0.0008319698313556651,0.02060719268031852,-0.00044901141641862097,0.2875749201388556
EvieDiagAbs,MU,50,0.01,3.0,0.0008835425137212037,0.0008007188374547174,False,,10000,58.57506036758423,0.005857506036758423,0.0015884137408695616,0.0002,17.525390625,nan,nan,2497,3000,1500,0.15,8.855640172958374,0.0009433995144233357,0.0009287681784558613,0.0009062492425875459,0.0010821103351190686,-0.00019856782139786495,0.0008377541853101661,0.0027273814045480553,-0.12921604098824926,0.011157651422874186,0.023376716487109657,7.324796526689985,6.8787584669000355,0.9391057405943384,5463.075889155887,460800.0,4608000000.0,nan,nan,0.9999843019806537,0.9999438555009053,68.9848357030199,0.01974017652703992,0.0,1.0,1.0,9980,0.029724443034667675,0.47619047619047616,0.0008835425137212037,0.021527709153594164,-0.062465489832015164,-0.43193267581776207
EvieDiagAbs,MU,51,0.01,3.0,0.0008452809046185206,0.0008005428693654998,False,,10000,58.665881633758545,0.005866588163375854,0.0015994388674629074,0.0001,17.525390625,nan,nan,2497,5000,1750,0.175,10.263394117355347,0.0009249004159273847,0.0009123933080847931,0.0008940011238151777,0.0005783633241662756,0.00026691758045224506,0.0008354660792228503,0.0031465478407798225,-0.010591311801043156,0.011804782611322298,0.027120691165328024,7.367164449969223,6.718595958280037,0.9119649770147462,5454.618444118975,460800.0,4608000000.0,nan,nan,0.9999876466086086,0.9999590823806973,38.86522735973809,0.016220782122859843,0.0,1.0,1.0,9980,0.02907371501233581,0.48148148148148145,0.0008452809046185206,0.020804229867521416,-0.016455661639559027,-0.27209574185805396
EvieDiagAbs,NOW,42,0.01,3.0,0.0005488739127204532,0.0006902037532466232,False,,10000,58.524322748184204,0.00585243227481842,0.001592021344263506,0.0002,17.494140625,nan,nan,2497,1250,1000,0.1,5.90194034576416,0.0006754874148618171,0.0006850477839352018,0.0006865770478724502,0.00044402843195712194,0.00010484548076333128,0.0007022970177935323,0.0028592044028129095,-0.0920777565880357,0.011835725377885683,0.02521558748558163,7.192625308173382,7.17651444665626,0.9977600860844489,5467.812098858136,460800.0,4608000000.0,nan,nan,0.9999917635959898,0.9999811575960651,68.55246320258455,0.01408599092883378,0.0,1.0,1.0,9980,0.023428058236235737,0.4222222222222222,0.0005488739127204532,0.017845168946281312,-0.3035069450568759,-0.9481058792380398
EvieDiagAbs,NOW,43,0.01,3.0,0.0005898564580887083,0.0006893189849367567,False,,10000,58.82633948326111,0.005882633948326111,0.0015970795381747612,0.0007,17.494140625,nan,nan,2497,2250,750,0.075,4.407402992248535,0.0007217799442175423,0.0007058639330240452,0.0006911848741670387,0.0008213493856601417,-0.00023149292757143343,0.0007383222706164485,0.0027369513465085923,-0.00395863595857808,0.01698519294532598,0.03131208904087543,7.239556148304201,8.572127440886012,1.184068092750956,5439.740137001984,460800.0,4608000000.0,nan,nan,0.9999818523796872,0.9996617990372498,36.5442114692021,0.02282916090857796,0.0,1.0,1.0,9980,0.024286960659759556,0.4095238095238095,0.0005898564580887083,0.018845870002867682,-0.400835368353315,-1.4656170497470467
EvieDiagAbs,NOW,44,0.01,3.0,0.00046022174850342767,0.0006889783462901024,False,,10000,59.11031222343445,0.005911031222343445,0.0015907885119525273,0.0002,17.494140625,nan,nan,2497,8500,500,0.05,2.9169862270355225,0.0006806415698099443,0.0006862412356383432,0.0006795516961655494,0.00040155259193852544,5.866915656490223e-05,0.0007108387014220669,0.0027847136791322386,-0.033317737799368696,0.011051952764339512,0.02439600070938468,7.383611064693213,7.087114932979946,0.9598440208841653,5413.606999577564,460800.0,4608000000.0,nan,nan,0.999985516366513,0.9999616580688243,48.988027136178495,0.01635567241499487,0.0,1.0,1.0,9980,0.021452779505309508,0.4253968253968254,0.00046022174850342767,0.015547452654157365,-0.09296913469081725,-0.9964693626293868
EvieDiagAbs,NOW,45,0.01,3.0,0.0008160238228146992,0.0006882001639931066,False,,10000,58.99145984649658,0.005899145984649658,0.0015885313387020668,0.0,17.494140625,nan,nan,2497,1750,1000,0.1,5.964480400085449,0.0007170573396564808,0.000720697978445163,0.0007004642116772454,0.0005974099040031433,0.0002186139188115559,0.0007014041509471375,0.0026837886837919973,0.012323430060595246,0.010550412908139697,0.025604760088026517,7.37746317188219,7.3489303599035205,0.9961324358639407,5424.514003089285,460800.0,4608000000.0,nan,nan,0.999987618426766,0.9999425573235303,52.82618741272101,0.011547396854682646,0.0,1.0,1.0,9980,0.028566130693790142,0.41904761904761906,0.0008160238228146992,0.02298301515125093,-0.9379545934305882,-1.2248130362393104
EvieDiagAbs,NOW,46,0.01,3.0,0.0004908598604656401,0.0006901074177140643,False,,10000,59.18879556655884,0.005918879556655884,0.0015919812727769936,0.0006,17.494140625,nan,nan,2497,6750,500,0.05,2.9645278453826904,0.0007012499410735132,0.0007109670317410568,0.0006944751604457567,0.0003486704808892682,0.00014218937957637188,0.0007169004836961293,0.002738524541770859,0.01737180513925556,0.01185441907661734,0.026051030494272702,7.301230860173851,7.107377194093694,0.9734491800365368,5406.428648140921,460800.0,4608000000.0,nan,nan,0.9999478067561114,0.9985386499035888,71.5898680737907,0.016534079861912687,0.0,1.0,1.0,9980,0.022155357376166158,0.40634920634920635,0.0004908598604656401,0.016497539338611422,-0.16573082148374452,-1.5694227407315364
EvieDiagAbs,NOW,47,0.01,3.0,0.0004699695677984328,0.0006893371131010117,False,,10000,60.18838953971863,0.006018838953971863,0.0016036029074897465,0.0,17.494140625,nan,nan,2497,3500,3500,0.35,21.285710334777832,0.0007121292866933346,0.0007155167907240755,0.0007011118055209924,0.00035965355345979333,0.0001103160143386395,0.0007083172000799813,0.003419651510772768,-0.22218960971295892,0.01017957190934103,0.021655999217182396,7.396284746891401,6.94970768059898,0.9396214340611868,5316.64001059258,460800.0,4608000000.0,nan,nan,0.9999892365953382,0.9999726253337389,32.16539330817598,0.01337617774093669,0.0,1.0,1.0,9980,0.021678781510925213,0.4222222222222222,0.0004699695677984328,0.01584666721404545,-0.11611898724478653,-0.9772572549647606
EvieDiagAbs,NOW,48,0.01,3.0,0.0007687505275484115,0.0006893356419672632,False,,10000,59.48854422569275,0.005948854422569275,0.0016088908593755037,0.0002,17.494140625,nan,nan,2497,5500,3750,0.375,22.398730039596558,0.0007110263446650953,0.0006979832625533165,0.0006828716885843597,0.00038413720903918147,0.00038461331850923007,0.0007083395201844872,0.0034157596553345314,-0.14905333140589958,0.011266323551387177,0.024199267197400325,7.398592567631463,6.961442566716319,0.9409144378584035,5379.186937000114,460800.0,4608000000.0,nan,nan,0.9999912020541555,0.99997343322296,51.070079124134885,0.021936826349087824,0.0,1.0,1.0,9980,0.027726350779509582,0.40634920634920635,0.0007687505275484115,0.022219815329899865,-0.8256864253372822,-1.5694227407315364
EvieDiagAbs,NOW,49,0.01,3.0,0.0005294960642617847,0.0006912249098917481,False,,10000,58.54062271118164,0.005854062271118164,0.00159049406879506,0.0001,17.494140625,nan,nan,2497,3250,500,0.05,2.962494373321533,0.0006981424741812685,0.000698241899874756,0.0006844385503676576,0.0007005401712376624,-0.00017104410697587778,0.0007051840435489027,0.0027464864146113294,0.0052244508733818125,0.010269929414664512,0.022406694944947955,7.171096028095785,7.3125761171607095,1.0197292141271874,5466.289649475798,460800.0,4608000000.0,nan,nan,0.9999835832560173,0.9999631937821498,62.87168397874167,0.016702903237717236,0.0,1.0,1.0,9980,0.023010781478728284,0.40634920634920635,0.0005294960642617847,0.017466711619543652,-0.257486976789594,-1.5694227407315364
EvieDiagAbs,NOW,50,0.01,3.0,0.00046746863259209526,0.0006891004978471501,False,,10000,58.286436319351196,0.005828643631935119,0.0015897345377147215,0.0003,17.494140625,nan,nan,2497,6000,1750,0.175,10.156689882278442,0.0007180146424344547,0.0007200218546560275,0.0006952022752171013,0.0004725965700345114,-5.127937442416127e-06,0.0007147900577651,0.0027144715751702985,-0.016561846344133928,0.011228729893542186,0.025420283898711205,7.324796526689985,6.992423160831273,0.9546235360057287,5490.12806764718,460800.0,4608000000.0,nan,nan,0.9999898151080758,0.9999685601649245,44.23658101719614,0.016926286708019232,0.0,1.0,1.0,9980,0.021621022931214314,0.4222222222222222,0.00046746863259209526,0.01583675808376736,-0.11017957869384909,-1.0545862428629993
EvieDiagAbs,NOW,51,0.01,3.0,0.00048596314967624726,0.0006908052571260245,False,,10000,58.33784008026123,0.005833784008026123,0.0015898348447384563,0.0006,17.494140625,nan,nan,2497,7750,750,0.075,4.416574716567993,0.0007378749470075662,0.0007032291483432256,0.0006941643443682117,0.00040331826312467456,8.26448865515727e-05,0.0007386929871949148,0.002765451759535108,-0.09284825871755313,0.014106148455812945,0.028097733575850724,7.367164449969223,7.114222952107809,0.9656663700696311,5485.290500295243,460800.0,4608000000.0,nan,nan,0.9999921985685472,0.9999822451316319,32.158352323825774,0.015731495346474843,0.0,1.0,1.0,9980,0.02204457188688969,0.44126984126984126,0.00048596314967624726,0.01611562002272833,-0.15410174534443177,-0.9640952413829696
EvieDiagAbs,NVDA,42,0.01,3.0,0.0009739584235287217,0.0014726767805590237,False,,10000,58.87167477607727,0.005887167477607727,0.0016026065579424602,0.0001,17.525390625,nan,nan,2497,4250,750,0.075,4.410068035125732,0.0007332530811665628,0.000719257756852027,0.0007136325803767558,0.0018545723796705715,-0.0008806139561418499,0.0015249853696675882,0.0035760581815751464,-0.07913338567263481,0.00944379746728082,0.022089580446481686,7.192625308173382,6.546146496634609,0.9101192146344474,5435.5511579574295,460800.0,4608000000.0,nan,nan,0.999989412039574,0.9999558789771528,61.552052259418744,0.0195256307380987,0.0,1.0,1.0,9980,0.03120830696351088,0.46684350132625996,0.0009739584235287217,0.023522563712306755,-0.098911387619397,-1.3246983078847205
EvieDiagAbs,NVDA,43,0.01,3.0,0.0009476911453973679,0.0014726497450304916,False,,10000,59.021392822265625,0.005902139282226562,0.001591942197081811,0.0004,17.525390625,nan,nan,2497,7500,3750,0.375,22.075726747512817,0.000769540028380501,0.0007521580020568124,0.0006806521892084911,0.0005749308475060388,0.0003727602978913291,0.0015195054151910848,0.0029084166180006216,-0.09687791443441927,0.011086534583885805,0.02505701733753084,7.239556148304201,6.770812134670784,0.9352523823241269,5421.762935409431,460800.0,4608000000.0,nan,nan,0.9999955038913428,0.9999859370692427,43.32057567477674,0.012039725450699734,0.0,1.0,1.0,9980,0.030784592662521426,0.4827586206896552,0.0009476911453973679,0.023260696855171646,-0.06927417686893289,-0.9362655449532181
EvieDiagAbs,NVDA,44,0.01,3.0,0.000903147711324944,0.0014767706868503074,False,,10000,58.714500188827515,0.0058714500188827515,0.0015979015080646436,0.0001,17.525390625,nan,nan,2497,9000,2250,0.225,13.23391056060791,0.0007460882452805454,0.0007266967943252415,0.0007328644238258565,0.0003144600341329351,0.0005886876771920089,0.0015308128111558503,0.003214021273276864,-0.08691532042979687,0.012588748848290561,0.028568010125309223,7.383611064693213,6.5235931233823425,0.8835233961031229,5450.101746091184,460800.0,4608000000.0,nan,nan,0.9999944659790018,0.9999809024258611,32.7989131325985,0.0142253118131066,0.0,1.0,1.0,9980,0.030052416064685117,0.519893899204244,0.000903147711324944,0.02245855836010484,-0.019016090113531448,0.18125372959442812
EvieDiagAbs,NVDA,45,0.01,3.0,0.0009500573551844037,0.0014730353570427124,False,,10000,58.44368267059326,0.005844368267059326,0.0015925103968151093,0.0001,17.525390625,nan,nan,2497,8250,7000,0.7,40.93076515197754,0.0007312347461224606,0.0007348040410645712,0.0007036265885299353,0.0005125733441673219,0.0004374840110170818,0.0015124213506613898,0.002890765799613166,-0.03498302545075195,0.009407832048538694,0.02269744621589778,7.37746317188219,6.544636871694766,0.8871121033363359,5475.356537739405,460800.0,4608000000.0,nan,nan,0.9999771072466295,0.999924849415857,83.78151894587744,0.02028838221476974,0.0,1.0,1.0,9980,0.0308230004247543,0.47214854111405835,0.0009500573551844037,0.02324617728985176,-0.07194395703372591,-0.9231199170163256
EvieDiagAbs,NVDA,46,0.01,3.0,0.001162995421697223,0.0014737450791923058,False,,10000,58.539135694503784,0.005853913569450378,0.0015915786679264112,0.0002,17.525390625,nan,nan,2497,8250,3000,0.3,17.544814348220825,0.0007395855674105042,0.0007154594221115264,0.0007332157098433791,0.0007391140679828823,0.00042388135371434067,0.0015242815824428367,0.0028417373668370325,-0.10791623984408491,0.010324258124241896,0.02349102431908247,7.301230860173851,6.687133789452348,0.9158912952511571,5466.428504683999,460800.0,4608000000.0,nan,nan,0.9999922104270219,0.9999827013948802,40.78897345032279,0.013331953379482541,0.0,1.0,1.0,9980,0.03410271868483835,0.44297082228116713,0.001162995421697223,0.02613264416891431,-0.312200687193515,-1.6280204639536195
EvieDiagAbs,NVDA,47,0.01,3.0,0.000897597698938279,0.0014727632626298252,False,,10000,58.657604932785034,0.005865760493278503,0.001625572441706588,0.0,17.525390625,nan,nan,2497,7750,2250,0.225,13.284000635147095,0.000765842960358827,0.000742853468020699,0.0006929270463733733,0.0003981782647315413,0.0004994194342067377,0.0014982699074972522,0.0038539007836486073,0.0752385858662009,0.010990367474783125,0.02606009179726241,7.396284746891401,5.8629684412131065,0.7926910120215781,5455.38810128173,460800.0,4608000000.0,nan,nan,0.9999924425229786,0.9999813199585244,29.446633614411176,0.0106829620071065,0.0,1.0,1.0,9980,0.02995993489542791,0.5039787798408488,0.000897597698938279,0.022442055757714328,-0.012754044767655293,-0.14287029154320804
EvieDiagAbs,NVDA,48,0.01,3.0,0.0008844150594933323,0.00147292658251856,False,,10000,58.475016593933105,0.0058475016593933105,0.0016175330282649206,0.0,17.525390625,nan,nan,2497,10000,500,0.05,2.9631776809692383,0.0007482282425923839,0.0007209621998760414,0.0007209448464213958,0.0005456420476548374,0.0003387730118384949,0.0014999126452357966,0.003950688292064633,-0.0444072353352171,0.010686330574779277,0.02471088692545886,7.398592567631463,5.211621692657078,0.7044071754211346,5472.4225599142555,460800.0,4608000000.0,nan,nan,0.9999825853429034,0.999950073528454,50.36924931887249,0.012639843100784764,0.0,1.0,1.0,9980,0.029739116656237997,0.5517241379310345,0.0008844150594933323,0.022214329431927395,0.0021198474385918376,0.6816802326850236
EvieDiagAbs,NVDA,49,0.01,3.0,0.0010178771126207221,0.0014730312463775554,False,,10000,58.59664559364319,0.005859664559364318,0.0016380150254521999,0.0,17.525390625,nan,nan,2497,7000,2250,0.225,13.369206666946411,0.0007800732741234125,0.0007195304062896471,0.0007119791611046003,0.0007085472752805799,0.0003093298373401422,0.0015061570942454586,0.004710479674770811,0.026907871696329178,0.010688674848411756,0.025886662025004625,7.171096028095785,4.872330101762673,0.679440085960817,5461.06345778119,460800.0,4608000000.0,nan,nan,0.9999897626780431,0.999977166793259,34.13394245786294,0.013887761626730822,0.0,1.0,1.0,9980,0.031904186443486096,0.5570291777188329,0.0010178771126207221,0.0240783035439789,-0.14846457839899485,1.6280204639536195
EvieDiagAbs,NVDA,50,0.01,3.0,0.0010930332084181447,0.001481633287525936,False,,10000,58.433809995651245,0.005843380999565125,0.0015921757735592426,0.0005,17.525390625,nan,nan,2497,7750,3750,0.375,21.937700748443604,0.0006789533529371852,0.0007384990821614933,0.0006980586856918564,0.0005688759556505829,0.0005241572527675618,0.0016130527768630945,0.0028156226789756373,0.020083362467267576,0.01270327406778233,0.025934641528874633,7.324796526689985,7.116555603499798,0.9715704153103226,5476.281625720024,460800.0,4608000000.0,nan,nan,0.9999930846767053,0.9999769855388082,77.62357261586241,0.025641635200815926,0.0,1.0,1.0,9980,0.033061052742133674,0.4217506631299735,0.0010930332084181447,0.0252379715127289,-0.23326274588295481,-2.07698793345503
EvieDiagAbs,NVDA,51,0.01,3.0,0.0008826631086843985,0.001473189823191109,False,,10000,58.558377504348755,0.005855837750434876,0.0015975534970240962,0.0001,17.525390625,nan,nan,2497,9500,1250,0.125,7.267083406448364,0.0007221243547870552,0.000756988113369404,0.0007329615644198692,0.00035922614915762097,0.0005234369595267775,0.0015093258495339891,0.0032093849237817057,-0.07480620196122406,0.010497144425625448,0.026514445897191742,7.367164449969223,5.928293560290326,0.8046913572446578,5464.632280432217,460800.0,4608000000.0,nan,nan,0.9999893059011736,0.9999627495453479,33.88815489873777,0.015976725259776003,0.0,1.0,1.0,9980,0.02970964672769433,0.5570291777188329,0.0008826631086843985,0.022119845032061217,0.004096562920461233,1.5734158471213076
EvieDiagAbs,NXPI,42,0.01,3.0,0.0005574385653514179,0.0006585920548570749,False,,10000,58.67224144935608,0.005867224144935608,0.001593547349077618,0.0002,17.5185546875,nan,nan,2497,1000,1000,0.1,5.967868328094482,0.0007587120258567718,0.0007290059212885357,0.0007429509373567052,0.0006538224406540394,-9.638387530262152e-05,0.0006766341935897587,0.003117964049718085,-0.004431393439175838,0.010454511878013727,0.025083269737660882,7.192625308173382,7.06164660752012,0.9817898618318928,5454.027187221292,460800.0,4608000000.0,nan,nan,0.9999937132624901,0.9999837800665919,50.998999086249555,0.011621821223104628,0.0,1.0,1.0,9980,0.023610136919370413,0.4820936639118457,0.0005574385653514179,0.019031598219858385,-0.21616230911112488,0.4434558183331923
EvieDiagAbs,NXPI,43,0.01,3.0,0.000573812026951267,0.0006596873313682514,False,,10000,58.9307644367218,0.00589307644367218,0.0015937310058022982,0.0002,17.5185546875,nan,nan,2497,250,nan,nan,nan,0.000744499983834543,0.0007245440778656311,0.0007546218147257117,0.0007210648327600211,-0.0001472528058087541,0.0006821106690272239,0.0030330985641965247,-0.08389148022789433,0.010545789300120668,0.025375658832490433,7.239556148304201,7.0010588085551975,0.96705635886188,5430.100950813339,460800.0,4608000000.0,nan,nan,0.9999884172647022,0.9999636842471691,36.19890972068231,0.015383906968830274,0.0,1.0,1.0,9980,0.02395437385846825,0.4765840220385675,0.000573812026951267,0.019371763076992402,-0.2518842488998827,0.20703028623237285
EvieDiagAbs,NXPI,44,0.01,3.0,0.0006165124332280855,0.0006614725069446458,False,,10000,58.4943323135376,0.00584943323135376,0.0015978349096435376,0.0003,17.5185546875,nan,nan,2497,9250,500,0.05,2.863874673843384,0.0007648322727136182,0.0007711912056259391,0.0007983423947425085,0.0004821537295356393,0.00013435870369244622,0.0007099673069643053,0.003068393933732355,-0.11017845775945648,0.013102253888262203,0.03039608243852853,7.383611064693213,7.197262061361145,0.9747618066960289,5470.615482620716,460800.0,4608000000.0,nan,nan,0.9999903801403157,0.9999676500949274,41.746882037738104,0.0286771081060067,0.0,1.0,1.0,9980,0.02482966840753387,0.4793388429752066,0.0006165124332280855,0.019975357476016378,-0.34504361734949995,0.35308438920676477
EvieDiagAbs,NXPI,45,0.01,3.0,0.0004600258159243371,0.0006641632367892818,False,,10000,58.86720037460327,0.005886720037460327,0.0015873024550142054,0.0002,17.5185546875,nan,nan,2497,9250,6250,0.625,36.67414903640747,0.0008032621828064022,0.0007493522169252473,0.0007406115310673055,0.0004624346474884078,-2.4088315640707165e-06,0.0006926195493609426,0.0026219754052578216,-0.0850986209890972,0.011217360917825136,0.024844254832714786,7.37746317188219,6.985793831082633,0.9469100242624957,5435.964305482,460800.0,4608000000.0,nan,nan,0.999992161782829,0.99997217430006,43.136836860969126,0.013892633640227813,0.0,1.0,1.0,9980,0.021448212417922784,0.465564738292011,0.0004600258159243371,0.01693561779894448,-0.0036371598950550865,-0.14247459912964044
EvieDiagAbs,NXPI,46,0.01,3.0,0.00047480423752598196,0.00066254580218489,False,,10000,58.84807801246643,0.005884807801246643,0.0015911343914073194,0.0002,17.5185546875,nan,nan,2497,3750,3750,0.375,22.203810214996338,0.0007579446978871154,0.0007380543840552825,0.0007481026758688226,0.0017935700598172843,-0.0013187658222913023,0.0006852290045693232,0.0028338929021166095,-0.08601247633012701,0.010263335244476911,0.02381915207952261,7.301230860173851,7.023992511929421,0.9620285464801989,5437.730692448628,460800.0,4608000000.0,nan,nan,0.9999837187859715,0.9999505670247791,122.20756513294847,0.022073777191417322,0.0,1.0,1.0,9980,0.021790003155712986,0.465564738292011,0.00047480423752598196,0.017282806480554837,-0.03587920495116581,0.024814298131839684
EvieDiagAbs,NXPI,47,0.01,3.0,0.0005174849397879986,0.0006606790818562165,False,,10000,59.14045453071594,0.005914045453071594,0.0015911167921680003,0.0003,17.5185546875,nan,nan,2497,7250,1500,0.15,8.823897361755371,0.0007734019037300503,0.0007637507084755961,0.0007367372979012379,0.0015025014290586114,-0.0009850164892706128,0.0006926213283598938,0.002856732178570941,-0.16755568931126968,0.012454663506016367,0.02924245651811361,7.396284746891401,7.143425483924561,0.9658126651934115,5410.847828939169,460800.0,4608000000.0,nan,nan,0.9999924290843228,0.999973335139928,33.36494185106415,0.010998257077295648,0.0,1.0,1.0,9980,0.022748295316089042,0.47107438016528924,0.0005174849397879986,0.018239492884023788,-0.12899558520149146,0.11226823155846995
EvieDiagAbs,NXPI,48,0.01,3.0,0.0005814752056578959,0.0006640815273832879,False,,10000,59.054543018341064,0.005905454301834106,0.001596793237332468,0.0001,17.5185546875,nan,nan,2497,500,500,0.05,2.9283206462860107,0.000759197008599267,0.0007663281445997488,0.0007651554064523133,0.000506724783917889,7.47504217400069e-05,0.0006985237893444872,0.003144038874400948,-0.0633448864350475,0.011824943533942133,0.02787846308201551,7.398592567631463,7.314296700502557,0.9886064996337687,5418.719435363591,460800.0,4608000000.0,nan,nan,0.9999905691915671,0.9999745933707815,19.6849794945657,0.006328212799446706,0.0,1.0,1.0,9980,0.02411379699794074,0.4628099173553719,0.0005814752056578959,0.01935682480657068,-0.268602986515587,-0.07856000798890535
EvieDiagAbs,NXPI,49,0.01,3.0,0.0004792965476506341,0.000664826503116123,False,,10000,58.350709676742554,0.005835070967674255,0.0015981776615405475,0.0,17.5185546875,nan,nan,2497,3250,1500,0.15,8.815484046936035,0.0007637026504431331,0.0007566824080744678,0.0007288713465512703,0.00030634138238383457,0.0001729551652667995,0.0006967863496242561,0.0032617229481069652,-0.06198304924864228,0.010136073782431776,0.02263649888336658,7.171096028095785,6.708000877389915,0.935421984464927,5484.080686812035,460800.0,4608000000.0,nan,nan,0.9999898240263686,0.999977535083552,21.578408763448117,0.007747763169544897,0.0,1.0,1.0,9980,0.02189284238399925,0.465564738292011,0.0004792965476506341,0.017400137320694516,-0.045680066595885416,-0.02440675184091521
EvieDiagAbs,NXPI,50,0.01,3.0,0.0005753396627988369,0.0006642460987712797,False,,10000,58.503034353256226,0.005850303435325622,0.0015936897573253514,0.0004,17.5185546875,nan,nan,2497,2000,500,0.05,2.9474895000457764,0.0007725071920159177,0.0007335918004151369,0.0007267650623311072,0.0005144670431036502,6.087261969518667e-05,0.000701188215758176,0.003029535599002143,-0.08431791715953056,0.012532633681685548,0.02692473810166118,7.324796526689985,6.998149409401023,0.9554052981405381,5469.801755371499,460800.0,4608000000.0,nan,nan,0.999993348862294,0.9999827824836355,34.144940158837755,0.018297034070053543,0.0,1.0,1.0,9980,0.023986239029886218,0.465564738292011,0.0005753396627988369,0.019309317113282595,-0.25521708816745337,-0.02440675184091521
EvieDiagAbs,NXPI,51,0.01,3.0,0.0006225454741601445,0.0006647536438473022,False,,10000,58.59675335884094,0.005859675335884094,0.001595866711179585,0.0003,17.5185546875,nan,nan,2497,750,500,0.05,2.945645570755005,0.0007913511115985463,0.0007372934384056797,0.0007555463050215726,0.000657103446428664,-3.455797226851955e-05,0.0006915000070085403,0.003025776593113525,-0.12348950620185328,0.012684153916675132,0.027035094890743485,7.367164449969223,7.422349647754269,1.0074906971548976,5461.053414347898,460800.0,4608000000.0,nan,nan,0.9999909890279612,0.9999745233111487,32.093262828365894,0.016505625238210087,0.0,1.0,1.0,9980,0.024950861190751402,0.4628099173553719,0.0006225454741601445,0.020097532876595322,-0.3582058875025693,0.02910501344643684
EvieDiagAbs,ORCL,42,0.01,3.0,0.00047659968572949605,0.00032484406896864386,False,,10000,58.59593057632446,0.005859593057632446,0.0016039914962803214,0.0,17.525390625,nan,nan,2497,6500,4500,0.45,26.37829041481018,0.0002818491642025118,0.0002533330727463696,0.000270509897868498,0.00010532772284932435,0.0003712719628801717,0.00036826098732645716,0.00346458509211229,-0.013387057520417954,0.007220660324161872,0.0188343328423798,7.192625308173382,6.404223116421861,0.8903874235106316,5461.130096452383,460800.0,4608000000.0,nan,nan,0.9999970015479729,0.9999888849702819,43.67988256525889,0.011831617760705626,0.0,1.0,1.0,9980,0.02183116317857333,0.4441489361702128,0.00047659968572949605,0.014089845475696382,-0.09114686441764808,-0.7304252699162583
EvieDiagAbs,ORCL,43,0.01,3.0,0.0004370677723455681,0.0003211853398252229,False,,10000,58.92547607421875,0.005892547607421875,0.001586866964738048,0.0,17.525390625,nan,nan,2497,6750,3000,0.3,17.577828407287598,0.00026679113368932296,0.00027797838131197246,0.0002500780754179767,0.00020396368199726567,0.00023310409034830244,0.0003384130318428492,0.002598742336648534,0.07466293339578299,0.007204000135293245,0.016628499515354632,7.239556148304201,6.630613162383942,0.9158866961667397,5430.588284037765,460800.0,4608000000.0,nan,nan,0.9999980953855783,0.9999953615572014,34.93354144982699,0.003992877408452245,0.0,1.0,1.0,9980,0.020906165892998364,0.5558510638297872,0.0004370677723455681,0.012907154345638537,-0.0006408808325368831,0.7129394529647527
EvieDiagAbs,ORCL,44,0.01,3.0,0.0004549281543524808,0.00032429843745750207,False,,10000,58.76904082298279,0.005876904082298279,0.0015876345475596765,0.0,17.525390625,nan,nan,2497,5750,1250,0.125,7.329117774963379,0.00028975136035499133,0.00026060693665853164,0.00025115712800930135,0.00011957233800785616,0.0003353558163446246,0.00035955356427019955,0.0026375793276928205,-0.107200887530444,0.0073471870586210575,0.0163850424811244,7.383611064693213,7.061814501897766,0.9564174548231277,5445.043776771285,460800.0,4608000000.0,nan,nan,0.999998223973086,0.9999949932289878,33.36851559870327,0.010312127653651259,0.0,1.0,1.0,9980,0.021329044853262435,0.5106382978723404,0.0004549281543524808,0.013385326143295045,-0.04153117179929389,0.343404572374707
EvieDiagAbs,ORCL,45,0.01,3.0,0.0009180777287357068,0.00033919619944746993,False,,10000,58.831915855407715,0.0058831915855407715,0.0015899714082245981,0.0002,17.525390625,nan,nan,2497,4000,4000,0.4,23.474096536636353,0.000281732765137845,0.00027298121003060407,0.0002502796253115365,0.0003188792470609769,0.0005991984816747298,0.00041243822823687737,0.0027453336343423755,-0.11046219064759234,0.007484672489392687,0.01634205346927046,7.37746317188219,7.103340213435994,0.9628431952746354,5439.224532249977,460800.0,4608000000.0,nan,nan,0.9999946970970154,0.9999838172565608,58.95096120207393,0.01416581211274206,0.0,1.0,1.0,9980,0.030299797503212902,0.4574468085106383,0.0009180777287357068,0.021288435295145347,-1.1018847997524923,-0.4293864305808473
EvieDiagAbs,ORCL,46,0.01,3.0,0.0004498608528621613,0.0003220806545540888,False,,10000,58.26768922805786,0.005826768922805786,0.0015885091078732246,0.0002,17.525390625,nan,nan,2497,6500,6500,0.65,37.89193058013916,0.00027225761009851997,0.00028520692408018025,0.00026381659536753007,0.0003463394823484123,0.00010352137051374905,0.00035844632326676915,0.0026690811188734855,-0.017073029301711513,0.00829265153581946,0.019208762608468523,7.301230860173851,6.90110430139066,0.9451973829555551,5491.894465688013,460800.0,4608000000.0,nan,nan,0.999996994208552,0.9999881569566476,53.465040163859044,0.0074476490497812796,0.0,1.0,1.0,9980,0.02120992345252951,0.5292553191489362,0.0004498608528621613,0.013316245306105841,-0.02992988397268137,0.38302993782052674
EvieDiagAbs,ORCL,47,0.01,3.0,0.0004352029984590238,0.00032095915442752584,False,,10000,58.381855487823486,0.005838185548782349,0.0015956818910895275,0.0,17.525390625,nan,nan,2497,4750,2250,0.225,13.125162124633789,0.00028456763127273927,0.0002600749091936371,0.0002608779702645628,0.0002921769773820415,0.00014302602107698226,0.00035103151158825003,0.0030503174067588695,0.011612349672184694,0.007598956898036704,0.017795980907976617,7.396284746891401,6.923491392951575,0.9360769129205663,5481.155015135505,460800.0,4608000000.0,nan,nan,0.9999958292849247,0.9999843393752462,66.93232485670391,0.009970132461673132,0.0,1.0,1.0,9980,0.020861519562558807,0.5452127659574468,0.0004352029984590238,0.012869234438295718,0.0036284089720428625,0.6285831487076196
EvieDiagAbs,ORCL,48,0.01,3.0,0.00043544985314525623,0.0003215235013228196,False,,10000,58.8487343788147,0.0058848734378814695,0.0015944008529802786,0.0,17.525390625,nan,nan,2497,3500,2250,0.225,13.30652403831482,0.0002709657262063309,0.00025986607012794103,0.0002619612686244312,0.0001784286941983737,0.00025702115894688253,0.00033537217666768283,0.0031011688254255995,-0.03625749483545292,0.007456873975104099,0.02009112937375903,7.398592567631463,6.737066875564669,0.9105876305500399,5437.670042997538,460800.0,4608000000.0,nan,nan,0.9999968916981204,0.9999890403939986,22.839791933414784,0.004531818811078381,0.0,1.0,1.0,9980,0.020867435231605638,0.5478723404255319,0.00043544985314525623,0.012895277568272181,0.003063249730619777,0.5496259117022352
EvieDiagAbs,ORCL,49,0.01,3.0,0.0004394421422923053,0.00032183749289980615,False,,10000,58.241657733917236,0.005824165773391724,0.0015867145881528007,0.0002,17.525390625,nan,nan,2497,5500,4750,0.475,27.603519201278687,0.00027573634976019135,0.0002625028028490542,0.0002730453470333784,0.00020488024165388197,0.00023456190063842332,0.0003687318637161395,0.0026174923726848143,-0.07534421296582597,0.007861151793187674,0.017454110365360962,7.171096028095785,6.8516458368601505,0.9554530869501602,5494.34910424342,460800.0,4608000000.0,nan,nan,0.9999974539705743,0.9999920283981059,50.38366299998694,0.009495578094785628,0.0,1.0,1.0,9980,0.02096287533456003,0.5319148936170213,0.0004394421422923053,0.01305992641146221,-0.006076860754311575,0.7539547829559499
EvieDiagAbs,ORCL,50,0.01,3.0,0.000592015407703541,0.0003355871144909441,False,,10000,58.67306303977966,0.005867306303977966,0.001587880901050719,0.0004,17.525390625,nan,nan,2497,9250,2250,0.225,13.189562797546387,0.00029997784443273965,0.000268286541657961,0.00025624158383586007,0.0008096670171653386,-0.00021765160946179767,0.0004139965417708927,0.0026313211041535172,-0.04968163895414167,0.009522510061101639,0.02089592060074208,7.324796526689985,7.059306454570161,0.9637546147319677,5453.950815266687,460800.0,4608000000.0,nan,nan,0.9999970646226004,0.9999894706101682,46.89859844665674,0.019821214892868966,0.0,1.0,1.0,9980,0.02433136674549009,0.44680851063829785,0.000592015407703541,0.016753794654967295,-0.35538435115396005,-0.6867445514868753
EvieDiagAbs,ORCL,51,0.01,3.0,0.0009288871414446957,0.00033393178125275225,False,,10000,58.385138511657715,0.005838513851165772,0.001593902991066736,0.0001,17.525390625,nan,nan,2497,3750,3250,0.325,18.90784454345703,0.00027635292267628255,0.00027348547768398423,0.0002586482735112131,0.00016111164950416423,0.0007677754919405314,0.0003911954422536403,0.002992652688019409,-0.13107432713257905,0.008344746916650183,0.0202167248353362,7.367164449969223,7.021606564625281,0.9530948592649665,5480.846807207726,460800.0,4608000000.0,nan,nan,0.9999976351258055,0.9999923835352305,33.9273776036773,0.007890296528303508,0.0,1.0,1.0,9980,0.030477649867479868,0.44680851063829785,0.0009288871414446957,0.02166306278692982,-1.1266323124697033,-0.7042264408840019
EvieDiagAbs,PANW,42,0.01,3.0,0.0008596094550600477,0.0006352922025199135,False,,10000,58.267821311950684,0.005826782131195069,0.0015934562707648687,0.0001,17.4931640625,nan,nan,2497,3250,3250,0.325,18.964387893676758,0.0006034191480422072,0.0005907727902393366,0.0005985957321179363,0.0003513444244163111,0.0005082650306437366,0.0007253806136882382,0.003092285098768803,-0.11020884915859014,0.010580999195657205,0.023818101361393926,7.192625308173382,6.932870211207508,0.9638859128848682,5491.8820164358585,460800.0,4608000000.0,nan,nan,0.9999954202882874,0.9999849273986241,24.319006126466753,0.013291468585946209,0.0,1.0,1.0,9980,0.02931909710513009,0.4426751592356688,0.0008596094550600477,0.018927917358981576,-0.08019408114988869,-1.4253068237210356
EvieDiagAbs,PANW,43,0.01,3.0,0.0011349705753812365,0.0006344743049182831,False,,10000,58.98207759857178,0.005898207759857178,0.001596897584992926,0.0,17.4931640625,nan,nan,2497,3250,1750,0.175,10.392037868499756,0.000628598111349633,0.000620777025402985,0.0006058098946523572,0.0005190296651562676,0.0006159409102249689,0.0006967618954047881,0.0030534604468146014,-0.021518629629477443,0.011064244138167123,0.024908164795488106,7.239556148304201,6.824970396574675,0.9427332638580834,5425.376877666117,460800.0,4608000000.0,nan,nan,0.9999940518704481,0.9999833813431651,60.4228816939926,0.015441529328487035,0.0,1.0,1.0,9980,0.033689324353290855,0.44904458598726116,0.0011349705753812365,0.024494034469507302,-0.4262156966624502,-0.1282169023385943
EvieDiagAbs,PANW,44,0.01,3.0,0.0008032019161115027,0.000635132907678525,False,,10000,58.6137216091156,0.00586137216091156,0.0015990134324747247,0.0,17.4931640625,nan,nan,2497,5000,3250,0.325,19.03770875930786,0.0006002127479140222,0.0005822469864198995,0.0006077564485199427,0.001400011999066919,-0.0005968100829554164,0.000683968130352945,0.003272736949211906,-0.104817545889799,0.010029830275906716,0.022607266623526807,7.383611064693213,6.718064561844285,0.9098616521079471,5459.4724787145,460800.0,4608000000.0,nan,nan,0.9999958529065449,0.9999888500369885,40.869623563196946,0.014651247073491903,0.0,1.0,1.0,9980,0.028340817139092915,0.4394904458598726,0.0008032019161115027,0.01761204877476783,-0.009311787631846924,-1.509703251237485
EvieDiagAbs,PANW,45,0.01,3.0,0.00082238682895709,0.0006298451854017215,False,,10000,58.760064363479614,0.005876006436347962,0.0015890176086863195,0.0,17.4931640625,nan,nan,2497,9250,1750,0.175,10.31335163116455,0.0006486896088372165,0.0006336249138075466,0.0006388449180453237,0.00048457898083142936,0.0003378078481256606,0.0006630952131487457,0.0026855062128997844,-0.13638825310723166,0.009628975105338758,0.02206763084977865,7.37746317188219,6.539958373979822,0.8864779425677975,5445.87558687028,460800.0,4608000000.0,nan,nan,0.9999924766504555,0.999985149963244,51.50648796783103,0.0120667237284934,0.0,1.0,1.0,9980,0.028677287684805375,0.4426751592356688,0.00082238682895709,0.017904527627738417,-0.03341974640451095,-1.3752483109589213
EvieDiagAbs,PANW,46,0.01,3.0,0.0008521638098795703,0.0006469840439744651,False,,10000,59.164355754852295,0.005916435575485229,0.0015942695051623065,0.0001,17.4931640625,nan,nan,2497,5250,3250,0.325,19.087902069091797,0.0006387308793280865,0.0006340789223559872,0.0006284234801803344,0.0003111266632913612,0.0005410371465882091,0.0007088719740140113,0.00306756178563365,-0.21844427326549584,0.010211483125650556,0.024322948791086665,7.301230860173851,6.788497402275586,0.9297743808245975,5408.6619539291705,460800.0,4608000000.0,nan,nan,0.9999953547516508,0.9999863981297624,25.163936830570126,0.009933432446609913,0.0,1.0,1.0,9980,0.02919184492079201,0.4394904458598726,0.0008521638098795703,0.018525342273104723,-0.07083780684770313,-1.4422547823890104
EvieDiagAbs,PANW,47,0.01,3.0,0.0008366453419825074,0.000631776194983778,False,,10000,58.70692229270935,0.005870692229270935,0.0015947772357047436,0.0,17.4931640625,nan,nan,2497,4250,2000,0.2,11.72134017944336,0.0005774108549043239,0.0005554988062275206,0.0005515285470744829,0.0008305464580189437,6.098883963563759e-06,0.0006936533394732522,0.0030053779063651696,0.004388392775196526,0.008701413715684612,0.021374927181750526,7.396284746891401,6.916273526263584,0.9351010355801186,5450.805245836229,460800.0,4608000000.0,nan,nan,0.9999879900858393,0.9999469513034712,37.2871024343169,0.014783354718456109,0.0,1.0,1.0,9980,0.028924822246342456,0.445859872611465,0.0008366453419825074,0.01845518039290313,-0.05133714050178573,-1.3886993185431797
EvieDiagAbs,PANW,48,0.01,3.0,0.001144194109424664,0.0006303022654292682,False,,10000,58.95950198173523,0.005895950198173523,0.0016081041206595843,0.0001,17.4931640625,nan,nan,2497,1500,1500,0.15,8.849459648132324,0.0006184748376157482,0.0006052504774239527,0.0005972594633868502,0.0005319220363162458,0.0006122720731084183,0.0006754258367561576,0.0036051927521600995,0.002958843249347555,0.010188871322585329,0.02332028709352016,7.398592567631463,7.201658371815504,0.9733822083030308,5427.454256637568,460800.0,4608000000.0,nan,nan,0.9999916664437439,0.9999760899823784,41.157073216973934,0.013065981694293427,0.0,1.0,1.0,9980,0.03382593841158977,0.4394904458598726,0.001144194109424664,0.024703880783858573,-0.4378060843930027,-0.2895579835000754
EvieDiagAbs,PANW,49,0.01,3.0,0.000822850283543775,0.0006388582455845305,False,,10000,59.22462058067322,0.005922462058067322,0.0016044417502304525,0.0,17.4931640625,nan,nan,2497,8000,1250,0.125,7.383323431015015,0.000628452234046451,0.0006261031315223139,0.0006244671725336301,0.0004045593086630106,0.0004182909748807644,0.0006907568782008894,0.003579849387236414,-0.12483581269449202,0.010307924667441693,0.025863066501915416,7.171096028095785,5.604165450662663,0.7814935720712688,5403.158295697476,460800.0,4608000000.0,nan,nan,0.9999928296938997,0.9999824239461735,103.256977275187,0.013451071629322086,0.0,1.0,1.0,9980,0.028685367063082442,0.45222929936305734,0.000822850283543775,0.017730334761795724,-0.03400212820414339,-1.5747723665129592
EvieDiagAbs,PANW,50,0.01,3.0,0.0009526225032320448,0.000631176339932524,False,,10000,58.680259466171265,0.0058680259466171265,0.0015908276491949458,0.0004,17.4931640625,nan,nan,2497,4750,2250,0.225,13.26585578918457,0.0006432909940676035,0.000598809698775054,0.0005799967476224632,0.0004237791581545025,0.0005288433450775423,0.0007130558055254012,0.0028280385107081964,-0.04117640202894422,0.010936321944206429,0.02295581940561533,7.324796526689985,6.968535300935001,0.9513623041327025,5453.281953950419,460800.0,4608000000.0,nan,nan,0.9999929034218129,0.9999771630078345,49.34678713027519,0.022058009254055832,0.0,1.0,1.0,9980,0.03086458331538018,0.4426751592356688,0.0009526225032320448,0.02081990090145427,-0.197075233996308,-1.373096178027398
EvieDiagAbs,PANW,51,0.01,3.0,0.0008189849982595748,0.0006357314297185539,False,,10000,58.843294620513916,0.005884329462051392,0.00159057696800932,0.0001,17.4931640625,nan,nan,2497,5750,1500,0.15,8.760493040084839,0.0006334214791022645,0.00061826831215667,0.000603876350724289,0.000561275941436179,0.00025770905682339577,0.000688339603335908,0.0028572346859888484,-0.14892200701894892,0.009529598340635857,0.023228787630796426,7.367164449969223,6.542136628061516,0.8880128402846833,5438.172727474062,460800.0,4608000000.0,nan,nan,0.9999917217883528,0.9999687053762067,43.50631070456596,0.012455122516500338,0.0,1.0,1.0,9980,0.02861791393969125,0.4554140127388535,0.0008189849982595748,0.018109022432072148,-0.02914497096678237,0.030965480095710714
EvieDiagAbs,PTC,42,0.01,3.0,0.00019181413309914724,0.0004583463586609939,False,,10000,59.028504848480225,0.005902850484848022,0.001591255317143552,0.0,17.525390625,nan,nan,2497,8750,4250,0.425,25.16045832633972,0.0004631254030525083,0.00047062386569430003,0.000456191547580365,0.00027105637127533555,-7.924223817618831e-05,0.0004777937026881024,0.0029269278051366186,-0.025233090291151044,0.008461531638556334,0.020846594870090482,7.192625308173382,6.576196640872777,0.9142971250566713,5421.109696432348,460800.0,4608000000.0,nan,nan,0.9999942049901266,0.9999872633221514,29.60592149974601,0.009388816866929162,0.0,1.0,1.0,9980,0.013849697942523774,0.46419098143236076,0.00019181413309914724,0.01080817772597863,-0.09556702908788872,-0.8123563159323363
EvieDiagAbs,PTC,43,0.01,3.0,0.00023289359908886057,0.000463145164975437,False,,10000,59.14633107185364,0.005914633107185364,0.0015857429552018167,0.0007,17.525390625,nan,nan,2497,2750,2000,0.2,11.893409967422485,0.0004932597372095227,0.0004771128531942379,0.000480337191952905,0.00040040833118837327,-0.0001675147320995127,0.0004838308134363077,0.002448827555251944,-0.0403834982066843,0.011799941454548388,0.02139510801061986,7.239556148304201,7.796942139308715,1.0769917353476257,5410.31022890075,460800.0,4608000000.0,nan,nan,0.9999923188550977,0.9999751915388466,82.40850996540492,0.021648044527978527,0.0,1.0,1.0,9980,0.015260851846763358,0.48010610079575594,0.00023289359908886057,0.01230956133080538,-0.3301968125335344,-0.26601826558568015
EvieDiagAbs,PTC,44,0.01,3.0,0.0001925097177268336,0.00045715529343177535,False,,10000,58.951663970947266,0.005895166397094726,0.0015900417059577668,0.0001,17.525390625,nan,nan,2497,6500,2750,0.275,16.242009162902832,0.0004582118284057932,0.00048234757081261933,0.0005168906023797073,0.0002210195962106809,-2.8509878483847293e-05,0.00048693412594233193,0.002736791689177635,-0.13468461223940684,0.010351540860792739,0.025338701438158747,7.383611064693213,7.108672494467854,0.9627636710795814,5428.1758723164,460800.0,4608000000.0,nan,nan,0.9999947715673485,0.9999660385315765,38.97983665875896,0.011247290285661649,0.0,1.0,1.0,9980,0.01387478712365828,0.46419098143236076,0.0001925097177268336,0.010848789618759559,-0.09953993542028927,-0.8123563159323363
EvieDiagAbs,PTC,45,0.01,3.0,0.00017663564473863633,0.00045848137820114825,False,,10000,58.77994680404663,0.005877994680404663,0.0015866817855401366,0.0,17.525390625,nan,nan,2497,5000,2000,0.2,11.70861268043518,0.0004921736702471706,0.00045205722207351204,0.0004798091462508772,0.00038030403084121644,-0.0002036683861025801,0.0004730341752183719,0.002520317089097764,-0.11715186727796176,0.008690068551106378,0.01888429196551441,7.37746317188219,6.983365700390531,0.9465808961278604,5444.033508005318,460800.0,4608000000.0,nan,nan,0.9999916326787389,0.9999806184566256,52.810957071634405,0.014035867035602223,0.0,1.0,1.0,9980,0.01329043433220436,0.46949602122015915,0.00017663564473863633,0.010223468775471683,-0.008873462088971884,-0.3318761884261013
EvieDiagAbs,PTC,46,0.01,3.0,0.00017996319623851272,0.0004552594072306504,False,,10000,58.907323122024536,0.005890732312202453,0.0016124856310964027,0.0,17.525390625,nan,nan,2497,6500,1000,0.1,5.982455730438232,0.00047322686429449945,0.0004544034298129982,0.0004896879254226778,0.0005690493417205289,-0.00038908614548201616,0.0004708832245752583,0.003078086607389405,0.07430660137075709,0.009110260405934241,0.02298867125064134,7.301230860173851,6.729337926835327,0.9216717092924649,5432.261780714951,460800.0,4608000000.0,nan,nan,0.999987719138916,0.9997747503521974,37.52233230935606,0.43336338030038013,0.0,1.0,1.0,9980,0.013415036199672095,0.48010610079575594,0.00017996319623851272,0.010375224724017754,-0.0278791299819221,-0.22093133415156838
EvieDiagAbs,PTC,47,0.01,3.0,0.00018028144246686704,0.0004563156505478472,False,,10000,59.060930490493774,0.005906093049049378,0.001591640767982868,0.0001,17.525390625,nan,nan,2497,7250,1000,0.1,5.878957986831665,0.00048751500985466493,0.00047881672129802464,0.0004447011605536712,0.0002997381961904466,-0.00011945675372357958,0.00047497673865070977,0.0028365662289122416,-0.030434679850284557,0.009260949885720038,0.02056624209508298,7.396284746891401,6.80254496643952,0.919724591363059,5418.133397872998,460800.0,4608000000.0,nan,nan,0.9999941468228115,0.9999854711318679,123.34703401854105,0.014086718349722105,0.0,1.0,1.0,9980,0.013426892509693636,0.46419098143236076,0.00018028144246686704,0.010377760917421371,-0.029696827506516588,-0.8123563159323363
EvieDiagAbs,PTC,48,0.01,3.0,0.0002073400786944798,0.0004561981408602363,False,,10000,58.949179887771606,0.00589491798877716,0.0015975424785223998,0.0006,17.525390625,nan,nan,2497,6500,500,0.05,2.980304002761841,0.0004919662092759914,0.0005027315196329785,0.00045367427184060097,0.0001645820084377192,4.2758070256760614e-05,0.0004993153911200234,0.0027194725286413014,-0.051442424986697995,0.013768569544967614,0.028417845070362064,7.398592567631463,7.623030418142009,1.0303352088196414,5428.404612400395,460800.0,4608000000.0,nan,nan,0.9999915552209213,0.9998549207660581,26.0716951587927,0.009749870396063898,0.0,1.0,1.0,9980,0.014399308271388588,0.47480106100795755,0.0002073400786944798,0.011406232440282427,-0.18424513541317444,-0.4107875184694023
EvieDiagAbs,PTC,49,0.01,3.0,0.00017666359427114014,0.0004522556967697346,False,,10000,59.04320192337036,0.005904320192337036,0.0015960748623339764,0.0,17.525390625,nan,nan,2497,6500,6500,0.65,38.179017543792725,0.0004391376944607336,0.0004980845160356171,0.0004525320366096825,0.0005885287246201187,-0.0004118651303489786,0.0004706449696727896,0.003312577477826004,-0.029526312394934227,0.007835844496502977,0.016085300501435987,7.171096028095785,6.003589695891994,0.8371927627757886,5419.76027003607,460800.0,4608000000.0,nan,nan,0.999986345365451,0.9999522956490888,81.98025152759001,0.015453972004615579,0.0,1.0,1.0,9980,0.013291485781173605,0.4535809018567639,0.00017666359427114014,0.010229023676069956,-0.009033098846675136,-1.1432724607962634
EvieDiagAbs,PTC,50,0.01,3.0,0.00021510811709853076,0.00045914200952261767,False,,10000,59.347273111343384,0.005934727311134339,0.0015919851448718725,0.0005,17.525390625,nan,nan,2497,6000,500,0.05,2.973430633544922,0.0004979732885650408,0.00047734275169319023,0.0004579417394834637,0.0007237602840177715,-0.0005086521669192408,0.0004935461653054818,0.002718979530661767,-0.12586655767570717,0.010881767354461771,0.022246237751096486,7.324796526689985,7.3727912123023405,1.0065523575211233,5391.991632027261,460800.0,4608000000.0,nan,nan,0.9999848043819934,0.9997474118683845,38.1239927998722,0.02327603749453857,0.0,1.0,1.0,9980,0.01466656459770081,0.46419098143236076,0.00021510811709853076,0.011654639370226986,-0.22861312133091571,-0.8123563159323363
EvieDiagAbs,PTC,51,0.01,3.0,0.00024881686956163435,0.00045786489700448923,False,,10000,58.65305185317993,0.005865305185317993,0.0016057931403671696,0.0005,17.525390625,nan,nan,2497,4250,2000,0.2,11.726227283477783,0.0004868349632311238,0.00046668799173865997,0.00048460081218414797,0.0006894795806147158,-0.00044066271105308146,0.0004806260143235728,0.0026724523128868164,-0.147337335048416,0.013848391408330645,0.028787200525403015,7.367164449969223,8.165001071496143,1.1082962959419553,5455.8115884749295,460800.0,4608000000.0,nan,nan,0.9999962499488205,0.9999779414282262,33.933399965896285,0.03748755427548929,0.0,1.0,1.0,9980,0.0157739300607564,0.46419098143236076,0.00024881686956163435,0.012902247211920521,-0.4211442825836298,-0.744840090207473
EvieDiagAbs,PYPL,42,0.01,3.0,0.0004720213202138742,0.0005414010095997017,False,,10000,59.093600034713745,0.005909360003471375,0.0016206466199018689,0.0,17.455078125,nan,nan,2497,750,750,0.075,4.375910758972168,0.0005984444882803784,0.0006455854748305095,0.0006208512538199455,0.00036308013659436256,0.00010894118361951162,0.0005550091820103782,0.004345168380030775,-0.0815281513373192,0.008703697124426254,0.017811204679310313,7.192625308173382,6.816401046618884,0.9476930542833958,5415.138015149192,460800.0,4608000000.0,nan,nan,0.9999912362718005,0.9999705249008923,34.979716576113404,0.012206678128309533,0.0,1.0,1.0,9980,0.021726051648053177,0.4583333333333333,0.0004720213202138742,0.015966420372327168,-0.0577995481720992,-0.9941912295175683
EvieDiagAbs,PYPL,43,0.01,3.0,0.00045316219329833985,0.000543578206991949,False,,10000,59.60925531387329,0.005960925531387329,0.0015903254186241185,0.0001,17.455078125,nan,nan,2497,5250,500,0.05,2.9300763607025146,0.0005777576600723242,0.0006082429580083724,0.0005799758603453819,0.003040579700609669,-0.002587417507311329,0.0005748256145173993,0.0028075676711425343,-0.12331728740602894,0.009477733822910523,0.022315810900181532,7.239556148304201,7.12396044390891,0.9840327636077015,5368.293871732434,460800.0,4608000000.0,nan,nan,0.9999888084346086,0.9999668083173744,55.63918651364194,0.013551024815171786,0.0,1.0,1.0,9980,0.021287606565754166,0.44583333333333336,0.00045316219329833985,0.015442721048990886,-0.015536253960868551,-0.7284672672967115
EvieDiagAbs,PYPL,44,0.01,3.0,0.00046713507423798244,0.0005385161322705886,False,,10000,58.94977355003357,0.005894977355003357,0.0015895157953760525,0.0001,17.455078125,nan,nan,2497,1250,500,0.05,2.8896758556365967,0.0006198788375586078,0.0006316340939657449,0.0006089212590117493,0.0003037952119484544,0.00016333986228952806,0.0005807082307824183,0.002693095107424969,-0.07004187903822233,0.011136854569595017,0.02763471575453877,7.383611064693213,7.127008468927982,0.9652470053586317,5428.349944862813,460800.0,4608000000.0,nan,nan,0.9999975268220908,0.9999930514912044,29.56183762135048,0.010395517506636054,0.0,1.0,1.0,9980,0.021613307804174316,0.48333333333333334,0.00046713507423798244,0.015576448043187459,-0.046849473325450086,0.3311556645992871
EvieDiagAbs,PYPL,45,0.01,3.0,0.00046369582414627073,0.0005410854555979496,False,,10000,58.79298496246338,0.005879298496246338,0.0015937493968830735,0.0003,17.455078125,nan,nan,2497,9000,500,0.05,2.9565787315368652,0.0006370419533713729,0.0005906107686298951,0.0005986078170049484,0.0003269688895670697,0.00013672693457920102,0.0006134664269388557,0.002795728633252404,-0.058510306109054486,0.009822969317842217,0.022594501357525578,7.37746317188219,7.297800677854107,0.9892019123413992,5442.826218201122,460800.0,4608000000.0,nan,nan,0.999990020250545,0.9999730354490958,46.921753957521716,0.017987172041034682,0.0,1.0,1.0,9980,0.021533597566274678,0.49166666666666664,0.00046369582414627073,0.015544648965199788,-0.03914211554886693,-0.6107128840256475
EvieDiagAbs,PYPL,46,0.01,3.0,0.0004659399390220642,0.0005389293577490735,False,,10000,58.63837790489197,0.005863837790489197,0.0015934020035796373,0.0002,17.455078125,nan,nan,2497,250,nan,nan,nan,0.0006200078410561004,0.0006301705807739771,0.0006077519470193508,0.0005880336393602192,-0.00012209370033815502,0.0005576902303336586,0.002972909277160126,-0.126445029713046,0.008969489194141351,0.019113593455404043,7.301230860173851,7.177330081571916,0.9830301519052386,5457.176876874414,460800.0,4608000000.0,nan,nan,0.999991178449353,0.9999705551418082,51.409818528479526,0.0245075741275397,0.0,1.0,1.0,9980,0.021585641964557464,0.55,0.0004659399390220642,0.01551160216331482,-0.04417117589000785,0.38461796304964463
EvieDiagAbs,PYPL,47,0.01,3.0,0.00046985065564513205,0.0005429072790787,False,,10000,58.74685835838318,0.005874685835838318,0.0015968581253067995,0.0002,17.455078125,nan,nan,2497,4500,500,0.05,2.9075605869293213,0.0006267208550313798,0.0005928217415847672,0.0006149016879900982,0.00036593672120943666,0.0001039139344356954,0.0005772153950667386,0.0030469280903152396,-0.10074307166135069,0.011272701017057988,0.02585474653169511,7.396284746891401,7.205586384354625,0.9742170063670244,5447.099792942987,460800.0,4608000000.0,nan,nan,0.9999959873572516,0.9999878650918527,32.03314704913036,0.012961257794040648,0.0,1.0,1.0,9980,0.02167603874431701,0.4583333333333333,0.00046985065564513205,0.01579200625419617,-0.05293508993320395,-0.9941912295175683
EvieDiagAbs,PYPL,48,0.01,3.0,0.00045263137047489485,0.0005470981367495881,False,,10000,58.90030860900879,0.005890030860900879,0.0016105950891643229,0.0,17.455078125,nan,nan,2497,6500,1500,0.15,8.785909414291382,0.0005980494530371111,0.00060276562946642,0.0006086524065131928,0.001034452870953828,-0.0005818215004789332,0.0005576582800093665,0.00350239298503663,0.0018013705767921401,0.008248872668051627,0.020845227036625138,7.398592567631463,6.220319359183871,0.8407436012083584,5432.908715711824,460800.0,4608000000.0,nan,nan,0.9999902270903863,0.9999685132423884,105.73436760901934,0.015907202693597355,0.0,1.0,1.0,9980,0.021275135028358688,0.4583333333333333,0.00045263137047489485,0.015511688590049744,-0.014346680272660617,-0.9941912295175683
EvieDiagAbs,PYPL,49,0.01,3.0,0.0004558687408765157,0.0005422700353029396,False,,10000,58.848753929138184,0.005884875392913818,0.0015980043837733081,0.0001,17.455078125,nan,nan,2497,9500,1000,0.1,5.845951557159424,0.0006224517992659461,0.00056763109110048,0.0006115056249488776,0.00019240189431002364,0.00026346684656649205,0.0005660199409118373,0.0032613938559960345,0.02675246797850933,0.010806192372179066,0.023215653281658883,7.171096028095785,6.414806919234594,0.894536468916591,5437.668236532639,460800.0,4608000000.0,nan,nan,0.9999893622137799,0.9999721002007141,39.24331061696428,0.017312461025480987,0.0,1.0,1.0,9980,0.02135108289704566,0.44583333333333336,0.0004558687408765157,0.015492060780525207,-0.02160162576230218,-1.115022403259205
EvieDiagAbs,PYPL,50,0.01,3.0,0.0004607508269449075,0.0005413740247237583,False,,10000,59.50733542442322,0.005950733542442322,0.0015913350144405218,0.0002,17.455078125,nan,nan,2497,4750,4750,0.475,28.29180097579956,0.0006388776342598677,0.0006013207009441658,0.0005898480367130573,0.00042773238965310156,3.301843729180596e-05,0.0005613757898211094,0.0028290670504715894,-0.03463383291294856,0.010759473556559533,0.023578913696110246,7.324796526689985,6.90531685092333,0.9427315592674607,5377.488299848566,460800.0,4608000000.0,nan,nan,0.9999937564847592,0.9999801077289907,52.03066245814998,0.02056649623073099,0.0,1.0,1.0,9980,0.021465107196212824,0.44583333333333336,0.0004607508269449075,0.01561654508113861,-0.03254237825827455,-1.115022403259205
EvieDiagAbs,PYPL,51,0.01,3.0,0.0004594151861965656,0.0005407645797529141,False,,10000,59.13339805603027,0.005913339805603027,0.0016838048895283853,0.0002,17.455078125,nan,nan,2497,1500,1000,0.1,5.952648639678955,0.0005986722718519507,0.0006561467474738235,0.0006134111956958557,0.0007853830466046929,-0.0003259678604081273,0.000698358843942265,0.0031921281811758857,-0.1413191759327906,0.011128808820899576,0.02570457914844155,7.367164449969223,7.660550704328146,1.0398234974054568,5411.493513306855,460800.0,4608000000.0,nan,nan,0.9999894066915604,0.9999719094912823,72.5537066661852,0.019725058812440466,0.0,1.0,1.0,9980,0.021433972711482247,0.4583333333333333,0.0004594151861965656,0.015693527460098267,-0.029549207993261772,-0.8936504176279649
EvieDiagAbs,QCOM,42,0.01,3.0,0.0005070579745782115,0.0007244009396125531,False,,10000,59.08263301849365,0.005908263301849365,0.0015908635139476178,0.0001,17.525390625,nan,nan,2497,6500,5750,0.575,33.91140675544739,0.0004433245430241659,0.00038520248150360886,0.0004203741796109754,0.0001554035843582824,0.00035165439021992914,0.0007566958493556586,0.002896145499118586,-0.04712666247394119,0.008578749592855456,0.018937857542186975,7.192625308173382,6.578362003620558,0.9145981782403148,5416.143182038548,460800.0,4608000000.0,nan,nan,0.9999945901567671,0.9999792659494596,42.92130134463018,0.009151894128353887,0.0,1.0,1.0,9980,0.022517947832300607,0.46296296296296297,0.0005070579745782115,0.016406283807502222,-0.011366994153978016,-0.34935796973703553
EvieDiagAbs,QCOM,43,0.01,3.0,0.0005940063289864353,0.0007222807059553637,False,,10000,59.26750946044922,0.005926750946044922,0.001586080488555765,0.0003,17.525390625,nan,nan,2497,750,750,0.075,4.416818618774414,0.0004063115324814686,0.0004268954268152355,0.00042176058031860553,0.00034596247132867575,0.0002480438576577596,0.0007520738107642616,0.002547225277095797,-0.11002551003996842,0.00945216275951825,0.020858251489698883,7.239556148304201,7.022163310212359,0.969971523994221,5399.248305069145,460800.0,4608000000.0,nan,nan,0.9999965938080493,0.9999869551587873,22.292032851446326,0.004731281832530953,0.0,1.0,1.0,9980,0.024372245054291475,0.4656084656084656,0.0005940063289864353,0.018456703771359075,-0.18479232272242996,-0.2627875781932785
EvieDiagAbs,QCOM,44,0.01,3.0,0.0005817865489651917,0.0007233765144246958,False,,10000,59.23900485038757,0.005923900485038758,0.0015902901347732304,0.0001,17.525390625,nan,nan,2497,1750,1750,0.175,10.623340129852295,0.0004198169062997942,0.000403578655306503,0.00041671760194462494,0.00014019732043379918,0.00044158922853139253,0.0007639113538226148,0.0027859147902816973,-0.0835511565903786,0.008900148197705857,0.02066873461008072,7.383611064693213,7.204097534997746,0.9756875696562809,5401.846314065932,460800.0,4608000000.0,nan,nan,0.9999939659708831,0.999980322851194,46.876654794156195,0.016530408823405195,0.0,1.0,1.0,9980,0.024120251842905616,0.4894179894179894,0.0005817865489651917,0.017910075566125293,-0.16041901077602305,0.14885358454011122
EvieDiagAbs,QCOM,45,0.01,3.0,0.0005215011813022473,0.0007198018958144858,False,,10000,59.372965574264526,0.005937296557426453,0.0015897367633627502,0.0001,17.525390625,nan,nan,2497,8750,750,0.075,4.467666387557983,0.0004011918646444213,0.0004445823646902394,0.0003950189574898379,0.00017918964294949546,0.0003423115383527518,0.0007562375953227803,0.002780751443856388,-0.05160765930146285,0.008515914611978223,0.01988313654437659,7.37746317188219,7.103173123504578,0.9628205465771735,5389.658355531182,460800.0,4608000000.0,nan,nan,0.9999959393039047,0.9999857018393071,49.355735626999525,0.012551289899269591,0.0,1.0,1.0,9980,0.02283640035781137,0.4947089947089947,0.0005215011813022473,0.016667170499367688,-0.040175105460349636,-0.006954162464798539
EvieDiagAbs,QCOM,46,0.01,3.0,0.0005136833935187607,0.0007231980957466348,False,,10000,58.98940682411194,0.005898940682411194,0.0015915082437587302,0.0001,17.525390625,nan,nan,2497,9500,1500,0.15,8.93311619758606,0.0004000263647157424,0.000402642978537193,0.0004060822327925676,0.0005113170482218266,2.366345296934123e-06,0.0007600981970429462,0.0029120498788936687,-0.09854843715753138,0.009110127198220288,0.018972556199878452,7.301230860173851,6.750419106398615,0.9245590552711108,5424.702793742959,460800.0,4608000000.0,nan,nan,0.9999952333518995,0.9999895226911644,30.248608253819235,0.014252334364178476,0.0,1.0,1.0,9980,0.022664584565324834,0.47354497354497355,0.0005136833935187607,0.01653962286691817,-0.024581913107748488,-0.7440901560881397
EvieDiagAbs,QCOM,47,0.01,3.0,0.0005109301477512985,0.0007274745313811366,False,,10000,59.07328653335571,0.005907328653335571,0.0016009502018763107,0.0001,17.525390625,nan,nan,2497,4000,1250,0.125,7.3214757442474365,0.00044213090947826185,0.00040089875141985815,0.0003982686875240699,0.000885795037902426,-0.00037486489015112743,0.0007549901827658017,0.00323178477567505,-0.022157463787198874,0.0082986565152416,0.019796294998377505,7.396284746891401,6.98210330436785,0.944001420078151,5417.00011593755,460800.0,4608000000.0,nan,nan,0.9999979141011908,0.9999912804456269,35.236718779995854,0.011209284434971777,0.0,1.0,1.0,9980,0.022603764017333453,0.46296296296296297,0.0005109301477512985,0.016511165275775567,-0.01909034797001108,-0.49711383153644373
EvieDiagAbs,QCOM,48,0.01,3.0,0.0005252368393398466,0.0007204238710732296,False,,10000,58.88306427001953,0.005888306427001953,0.0015934305333000802,0.0001,17.525390625,nan,nan,2497,2500,1750,0.175,10.549487829208374,0.000431626964189147,0.0003871903748548065,0.0004178554896016583,0.00018874732631957158,0.00033648951302027506,0.0007454063351897166,0.0028987642010736914,-0.08853282872620287,0.00983170654408168,0.02564464509487151,7.398592567631463,7.2419487987582,0.9788278963273944,5434.499783037427,460800.0,4608000000.0,nan,nan,0.9999944809583304,0.9999762936107872,38.34880193076393,0.007936501799088091,0.0,1.0,1.0,9980,0.022918046150137813,0.47883597883597884,0.0005252368393398466,0.016815932339461392,-0.04762616910611306,-0.14106048279452826
EvieDiagAbs,QCOM,49,0.01,3.0,0.0005189671560570046,0.0007253714518458521,False,,10000,58.23375344276428,0.005823375344276428,0.001598879741604145,0.0,17.525390625,nan,nan,2497,3000,3000,0.3,17.59492588043213,0.0003853970491553571,0.0004121087039746652,0.00040336778518592736,0.00028253155323909596,0.00023643560281790866,0.0007436849779396133,0.0032611897751708995,-0.04054567983605026,0.008753270683244045,0.01973110204562544,7.171096028095785,6.728954234874822,0.9383439028722128,5495.094873362675,460800.0,4608000000.0,nan,nan,0.9999961676749353,0.9999884072796011,36.2145630560978,0.008321346766462057,0.0,1.0,1.0,9980,0.0227808506438413,0.4603174603174603,0.0005189671560570046,0.016726102778520532,-0.03512079288884706,-0.4519295225032177
EvieDiagAbs,QCOM,50,0.01,3.0,0.0005188550425584985,0.0007228674243552615,False,,10000,58.61681294441223,0.005861681294441223,0.0015926694921320355,0.0005,17.525390625,nan,nan,2497,8500,7500,0.75,44.03060722351074,0.00043444968984578607,0.00042732751863936976,0.00039923024256168096,0.00024243042571470141,0.0002764246168437971,0.0007655625662608738,0.0029248056135925387,-0.07999076207673465,0.01092971966752084,0.02328276066109538,7.324796526689985,7.3813567704429675,1.0077217494775301,5459.184556885819,460800.0,4608000000.0,nan,nan,0.9999967540430618,0.9999893122287498,33.98463504817411,0.018652656758740706,0.0,1.0,1.0,9980,0.022778389814877138,0.4947089947089947,0.0005188550425584985,0.01658877619990596,-0.03489717370194323,-0.04016668551525952
EvieDiagAbs,QCOM,51,0.01,3.0,0.0005420739294359924,0.0007297214051456603,False,,10000,59.01810956001282,0.005901810956001282,0.001594819370559071,0.0002,17.525390625,nan,nan,2497,2000,2000,0.2,11.774794340133667,0.0004118668153853004,0.0004239842321544956,0.00039791873707983996,0.0005219086015131325,2.016532792285992e-05,0.0007599640136218141,0.0030468657766711217,-0.02005794175954463,0.009455029437426129,0.020584748312830903,7.367164449969223,7.1546609224465,0.9711553164089326,5422.064555873424,460800.0,4608000000.0,nan,nan,0.9999967573262325,0.9999928318121483,25.064864019383716,0.010351358098620266,0.0,1.0,1.0,9980,0.023282481170098526,0.4656084656084656,0.0005420739294359924,0.017354154082202408,-0.08120906900035774,-0.3268662520900962
EvieDiagAbs,ROP,42,0.01,3.0,0.00013955032068585594,0.00021584007879150958,False,,10000,59.3545286655426,0.0059354528665542606,0.0015974432728873814,0.0,17.525390625,nan,nan,2497,2500,2500,0.25,15.053690910339355,0.00022195465754973432,0.00020869878685214645,0.00022308713452812788,0.00015853805598453619,-1.8987735298680246e-05,0.00023488872554369835,0.003118324144417396,-0.08412395034636806,0.00642847691657953,0.014803532930091023,7.192625308173382,6.826339303262586,0.9490747829593507,5391.332509827027,460800.0,4608000000.0,nan,nan,0.9999974811958076,0.9999898890659814,36.734582724276336,0.007704939263459209,0.0,1.0,1.0,9980,0.011813141863444118,0.47745358090185674,0.00013955032068585594,0.008078501338050478,-0.26322291533073483,-0.3147077671282733
EvieDiagAbs,ROP,43,0.01,3.0,0.0001129786429739503,0.00021755410758506714,False,,10000,59.401346921920776,0.005940134692192078,0.0015856384248413892,0.0,17.525390625,nan,nan,2497,6750,1000,0.1,6.00905966758728,0.00022556094469897652,0.00022232750879468455,0.00021031216656879374,0.00024869974367902614,-0.00013572110070507584,0.00022443767001310564,0.0025301648872946216,-0.08287976888158384,0.006210049161099596,0.013085846370086071,7.239556148304201,6.457915958350053,0.8920320287677802,5387.083232651597,460800.0,4608000000.0,nan,nan,0.999998578518656,0.9999956988099626,77.02069818022728,0.0040799613586443685,0.0,1.0,1.0,9980,0.01062914121526054,0.48010610079575594,0.0001129786429739503,0.00760318362523639,-0.02269353482129821,-0.15768191891942177
EvieDiagAbs,ROP,44,0.01,3.0,0.00012701053034376214,0.00021610252895152855,False,,10000,59.05943417549133,0.005905943417549134,0.0015873842939271487,0.0,17.525390625,nan,nan,2497,4000,1250,0.125,7.3537397384643555,0.00023595960305383673,0.0002190935651504448,0.0002121968681083388,5.400512964115478e-05,7.300540070260736e-05,0.000244520127769231,0.002569640982729389,-0.18079156317222683,0.007258205409384391,0.016737045254558318,7.383611064693213,6.972384385572778,0.9443054793220584,5418.270670341007,460800.0,4608000000.0,nan,nan,0.9999975785599249,0.9999939899230325,39.4447897497091,0.00858847251002684,0.0,1.0,1.0,9980,0.011269894868354459,0.47480106100795755,0.00012701053034376214,0.008177371252150763,-0.14971152792780051,-0.3241123721183404
EvieDiagAbs,ROP,45,0.01,3.0,0.00011444553023292905,0.0002164769749742604,False,,10000,59.7232608795166,0.00597232608795166,0.0015856634648801693,0.0,17.525390625,nan,nan,2497,3500,750,0.075,4.418388366699219,0.00023534049738880796,0.00021271166530520806,0.00021326996888595295,0.00020169660274405032,-8.725107251112128e-05,0.00022947916392768264,0.0024757079596251855,-0.10200296833318448,0.006072302469181887,0.01569697819650173,7.37746317188219,6.896706718527069,0.9348344488946507,5358.046350576129,460800.0,4608000000.0,nan,nan,0.9999951093461286,0.999985942347689,71.55852756280227,0.00995796183916937,0.0,1.0,1.0,9980,0.010697921771677388,0.47745358090185674,0.00011444553023292905,0.007754318297855438,-0.03597193927527287,-0.19575719079747875
EvieDiagAbs,ROP,46,0.01,3.0,0.00011197839267354794,0.00021737252685688534,False,,10000,59.47762131690979,0.005947762131690979,0.0015866638715248845,0.0,17.525390625,nan,nan,2497,6750,500,0.05,3.0001986026763916,0.00021717822936687914,0.00022942374429959177,0.00021784951797035077,0.00020113662321818992,-8.915823054464199e-05,0.00024153565412669378,0.0025018050968729465,-0.04433534369603082,0.006895100422689939,0.01741241319105028,7.301230860173851,6.866162189027955,0.9404115991566474,5380.174810538739,460800.0,4608000000.0,nan,nan,0.9999985176748993,0.9999938857550761,74.09480095298414,0.004626947931943448,0.0,1.0,1.0,9980,0.010581984344797905,0.4907161803713528,0.00011197839267354794,0.0075344957371868155,-0.013639172965841828,0.3845111609716243
EvieDiagAbs,ROP,47,0.01,3.0,0.00011897021066890191,0.00021792432436576256,False,,10000,59.50436449050903,0.005950436449050903,0.0015901551339323856,0.0001,17.525390625,nan,nan,2497,9250,750,0.075,4.533109188079834,0.00023848952565818244,0.00021086093869124924,0.00021003639463622548,9.132565901381895e-05,2.7644551655082964e-05,0.00023884961923385065,0.0027417694770306136,-0.07809863539081659,0.007107066241774009,0.01488026273436844,7.396284746891401,7.120111953104991,0.9626606055286767,5377.756787084754,460800.0,4608000000.0,nan,nan,0.9999977193181546,0.9999944555696826,55.90436379985804,0.012208428224127488,0.0,1.0,1.0,9980,0.010907346637422958,0.4827586206896552,0.00011897021066890191,0.0076179517009270885,-0.07692978145849683,0.021288005372228063
EvieDiagAbs,ROP,48,0.01,3.0,0.00011555761808440799,0.00021671588762369332,False,,10000,59.179314374923706,0.005917931437492371,0.0015932505379697615,0.0,17.525390625,nan,nan,2497,7500,3000,0.3,17.872883319854736,0.00023252814668385023,0.0002251787978003654,0.00021441106307188142,0.0001698715095699299,-5.4313891485521925e-05,0.00023066490333209855,0.0028909743409809316,0.028996705137708023,0.007074222327347525,0.017642757669091225,7.398592567631463,6.389365085209922,0.8635919638504127,5407.294818805723,460800.0,4608000000.0,nan,nan,0.9999982111563923,0.9999909025583444,27.17929782348225,0.004098378073456388,0.0,1.0,1.0,9980,0.010749772931760371,0.47214854111405835,0.00011555761808440799,0.007740913875519283,-0.046038665392022615,-0.3450198414898484
EvieDiagAbs,ROP,49,0.01,3.0,0.00011114827381870735,0.00021717545208311208,False,,10000,59.489245653152466,0.005948924565315246,0.0015881196223413508,0.0,17.525390625,nan,nan,2497,4500,750,0.075,4.572610855102539,0.00021980319099556742,0.0002139867167513505,0.00021210617242591254,0.00017453882173867896,-6.339054791997162e-05,0.00022433133062226332,0.0027485233959434583,-0.1006158747236479,0.006662912327389495,0.014641161961480974,7.171096028095785,6.674767036271734,0.9307875686116218,5379.123511932488,460800.0,4608000000.0,nan,nan,0.9999979234792045,0.9999929108868185,41.828329918666064,0.005634536673642288,0.0,1.0,1.0,9980,0.010542688168522643,0.4907161803713528,0.00011114827381870735,0.007530154374541429,-0.006124857307310938,0.06210133119990952
EvieDiagAbs,ROP,50,0.01,3.0,0.00012997397906565792,0.00021820264406482485,False,,10000,59.57157778739929,0.0059571577787399296,0.0015906337635501787,0.0003,17.525390625,nan,nan,2497,7750,750,0.075,4.448739290237427,0.0002323795395647652,0.00021879551030533624,0.00021299765106219703,0.00022540902136825025,-9.543504230259233e-05,0.00025759792519225433,0.002588241511164358,0.02010254724410818,0.00787352878957754,0.01769168209284542,7.324796526689985,6.82955965389607,0.9323889925147575,5371.689182751294,460800.0,4608000000.0,nan,nan,0.9999986054512059,0.9999945430125191,34.10915183261492,0.006831199509312924,0.0,1.0,1.0,9980,0.011400613100428324,0.47745358090185674,0.00012997397906565792,0.008027641861527055,-0.17653695058185082,-0.3147077671282733
EvieDiagAbs,ROP,51,0.01,3.0,0.0001179438537706143,0.0002175347005024513,False,,10000,59.438453674316406,0.00594384536743164,0.0015882797396353336,0.0001,17.525390625,nan,nan,2497,5000,1500,0.15,9.134065628051758,0.00024796281358709815,0.00020846362132796985,0.00021956675779029756,0.00034227925061713904,-0.00022433539684652476,0.00024285805515834999,0.002658450713643128,-0.15177631983862472,0.0075033091419503765,0.018006634339690207,7.367164449969223,6.961537751791431,0.9449412727335703,5383.720137697211,460800.0,4608000000.0,nan,nan,0.9999975704951758,0.9999916046505197,56.115497287018215,0.007875799163448428,0.0,1.0,1.0,9980,0.010860195844026676,0.46153846153846156,0.0001179438537706143,0.007770611495568008,-0.06763910016982178,-0.8355876920965339
EvieDiagAbs,SNOW,42,0.01,3.0,0.0017756851167853819,0.000664724924854029,False,,10000,59.25904631614685,0.005925904631614685,0.0016281526618719155,0.0,17.419921875,nan,nan,2497,250,nan,nan,nan,0.0016425908055767375,0.0015977380924542075,0.0015466648240993032,0.0019289060728624463,-0.00015322095607706444,0.0007877393507169015,0.004092787487891758,-0.26452685606891535,0.013125884023570688,0.031624052114784716,7.192625308173382,6.956901280952434,0.9672269835948382,5400.0194045108465,460800.0,4608000000.0,nan,nan,0.9999725110048026,0.9999334591005344,42.66649789528251,0.045211349130278224,0.0,1.0,1.0,9980,0.04213887892179124,0.5871559633027523,0.0017756851167853819,0.02586683439552237,-0.20125745971053433,1.2919941219862958
EvieDiagAbs,SNOW,43,0.01,3.0,0.0015299839710970536,0.0007073011632277587,False,,10000,59.666879653930664,0.005966687965393067,0.0016260287310980418,0.0,17.419921875,nan,nan,2497,3500,3500,0.35,21.059975147247314,0.0016246177756530473,0.0016166334703701924,0.001565670548695333,0.0012550437240861356,0.000274940247010918,0.0008128209625634821,0.004170796817957142,-0.24047600080553821,0.014382381028751843,0.02588934563100338,7.239556148304201,6.393012435282906,0.8830669041472121,5363.109347363356,460800.0,4608000000.0,nan,nan,0.9999796401102049,0.999944325600922,34.06362595123087,0.04676440776304389,0.0,1.0,1.0,9980,0.03911500953722309,0.5779816513761468,0.0015299839710970536,0.022215178253453805,-0.035039738264597275,1.2551028460936136
EvieDiagAbs,SNOW,44,0.01,3.0,0.001566396940738783,0.0007365662778649375,False,,10000,59.050113677978516,0.005905011367797851,0.001604872775539832,0.0,17.419921875,nan,nan,2497,750,500,0.05,2.94694185256958,0.0016629643508148141,0.0015984111982162608,0.0015725568877785975,0.0015196119202300906,4.6785020508692326e-05,0.0008453702067131909,0.0033042479221426614,-0.28750647680322694,0.014499885426356923,0.03385298810899257,7.383611064693213,7.133648897520515,0.9661463523765544,5419.125892713348,460800.0,4608000000.0,nan,nan,0.999968575229331,0.999926724488441,59.15466225604088,0.06382376484382349,0.0,1.0,1.0,9980,0.03957773289033599,0.5871559633027523,0.001566396940738783,0.023220532531038337,-0.05967324507211491,1.4342648330881835
EvieDiagAbs,SNOW,45,0.01,3.0,0.001592534261012296,0.0006549264365267531,False,,10000,58.94397950172424,0.005894397950172424,0.0015992130309725597,0.0,17.419921875,nan,nan,2497,6500,1000,0.1,5.8914899826049805,0.001618250120198511,0.0015484508897843918,0.0015769426240771175,0.001643867464736104,-5.133320372380798e-05,0.0007586874417726754,0.0031323252779722256,-0.21005417263325482,0.014701475110161118,0.03179199881851672,7.37746317188219,7.871124950765493,1.0669148415087726,5428.883538320301,460800.0,4608000000.0,nan,nan,0.9999919215557576,0.9999827040333232,77.76284472950599,0.0637147839061015,0.0,1.0,1.0,9980,0.03990656914609794,0.5963302752293578,0.001592534261012296,0.02370183402245198,-0.0773552375935378,1.4887046848363255
EvieDiagAbs,SNOW,46,0.01,3.0,0.0015388732656426386,0.0007224046042032331,False,,10000,59.42106819152832,0.005942106819152832,0.00160905166022398,0.0001,17.419921875,nan,nan,2497,750,750,0.075,4.400968074798584,0.0016060673801238658,0.0015674801861330142,0.0015773034775170504,0.0005166114424355328,0.0010222618232071058,0.000807984651077745,0.0034560056406405847,-0.14978334456985748,0.01773064507864183,0.03666094820946454,7.301230860173851,7.077133823209881,0.9693069509435244,5385.295312574379,460800.0,4608000000.0,nan,nan,0.9999900716795999,0.9999793175967885,51.043566870180555,0.05966718982483599,0.0,1.0,1.0,9980,0.03922847518885533,0.5137614678899083,0.0015388732656426386,0.022438838941241622,-0.04105337845536461,-0.3101852313496543
EvieDiagAbs,SNOW,47,0.01,3.0,0.0016757638082591766,0.0006506791181653459,False,,10000,58.79779648780823,0.005879779648780822,0.0016155350939275612,0.0,17.419921875,nan,nan,2497,500,500,0.05,2.9938149452209473,0.0015964111569771225,0.0015634235569482436,0.0015414036955001666,0.000903110922081396,0.0007726528861777807,0.0007417614313086645,0.0037289610437204086,-0.24105460145856072,0.015607102759741247,0.03573136944323776,7.396284746891401,7.1202553336500864,0.9626799910107129,5442.380822321331,460800.0,4608000000.0,nan,nan,0.9999908870381686,0.9999751040085578,46.995525134316395,0.05120839503382442,0.0,1.0,1.0,9980,0.04093609419887511,0.5963302752293578,0.0016757638082591766,0.02435853065700706,-0.13366032995115407,1.467903670426127
EvieDiagAbs,SNOW,48,0.01,3.0,0.0016450732946395874,0.0006797351987562447,False,,10000,59.06610631942749,0.005906610631942749,0.0016265527852674165,0.0,17.419921875,nan,nan,2497,6250,6250,0.625,36.86340093612671,0.0016107823931316328,0.0015697353880867655,0.001547661552128116,0.001145262853242457,0.0004998104413971305,0.0007953261664209108,0.0038225460724983047,-0.1745138613977178,0.01637767707600724,0.037980560585856436,7.398592567631463,7.897562616061358,1.0674412118073469,5417.658619131773,460800.0,4608000000.0,nan,nan,0.9999874695245744,0.9999770746171543,26.682885634665116,0.04156819937994174,0.0,1.0,1.0,9980,0.04055950313600485,0.5963302752293578,0.0016450732946395874,0.024664397633403813,-0.1128980855197641,1.467903670426127
EvieDiagAbs,SNOW,49,0.01,3.0,0.0018232322614127343,0.0006705345672981762,False,,10000,58.945085287094116,0.005894508528709412,0.0016345400872910334,0.0001,17.419921875,nan,nan,2497,7000,750,0.075,4.419785976409912,0.001629153763629324,0.0015820053344793657,0.0015654546877646761,0.0015967392828315496,0.00022649297858118463,0.0007949366365694868,0.004249187071109032,-0.269401055270155,0.014540053137682843,0.03036876963451502,7.171096028095785,7.776043873351502,1.0843591890117745,5428.781694715152,460800.0,4608000000.0,nan,nan,0.9999951000886519,0.9999853790556555,32.76261746821644,0.04864661850915582,0.0,1.0,1.0,9980,0.042699323898777765,0.5871559633027523,0.0018232322614127343,0.027079698142655397,-0.23342327651646877,1.2224154012667905
EvieDiagAbs,SNOW,50,0.01,3.0,0.0015181770565312936,0.0007053325387919061,False,,10000,59.52175974845886,0.005952175974845886,0.0016008800212877698,0.0003,17.419921875,nan,nan,2497,2250,2250,0.225,13.161925792694092,0.0016310041572223629,0.0015535350615639848,0.0015648842331857404,0.0010439511970616877,0.00047422585946960594,0.0008455414522288374,0.0032071599554862433,-0.24504902165968795,0.01568461071670754,0.02879693722352385,7.324796526689985,7.195313425047211,0.9823226350150526,5376.1851355257595,460800.0,4608000000.0,nan,nan,0.9999699317314871,0.9999210717015818,47.836726624976265,0.06513193499959016,0.0,1.0,1.0,9980,0.038963791608765355,0.5871559633027523,0.0015181770565312936,0.02224452342462102,-0.027052317485872335,1.6092170887754804
EvieDiagAbs,SNOW,51,0.01,3.0,0.001896689381074468,0.000716370260604074,False,,10000,59.40210294723511,0.005940210294723511,0.0016078529802363442,0.0,17.419921875,nan,nan,2497,2500,2500,0.25,14.813394784927368,0.001621168283174584,0.001560173528041693,0.0015071394361015173,0.0013583293184638023,0.0005383600626106657,0.0008164862322130278,0.0034110060665078997,-0.1346519296890985,0.013850091417634394,0.030258171539753673,7.367164449969223,7.282437400950706,0.988499367756224,5387.01466990563,460800.0,4608000000.0,nan,nan,0.9999627455272535,0.9999026790652555,82.99206967133001,0.09805429975931475,0.0,1.0,1.0,9980,0.0435509974750805,0.5963302752293578,0.001896689381074468,0.027950120628426927,-0.28311728596013297,1.467903670426127
EvieDiagAbs,TEL,42,0.01,3.0,0.0001689460936677519,0.0003588415425399254,False,,10000,58.93166399002075,0.005893166399002075,0.001628798307745983,0.0012,17.525390625,nan,nan,2497,6500,500,0.05,2.9303441047668457,0.00028540077749087826,0.0002942828475582324,0.0002929189844064402,0.00013391755055636168,3.5028543111390216e-05,0.0015049550905524734,0.002637312085913586,-0.04895987889050081,0.01782031921579619,0.02325402088463306,7.192625308173382,10.080296113052407,1.401476607101666,5430.018063874583,460800.0,4608000000.0,nan,nan,0.9999429037698568,0.997991857329404,145.80878287608374,0.08286539332824532,0.0,1.0,1.0,9980,0.012997926514169554,0.4920212765957447,0.0001689460936677519,0.009841779552439534,-0.026563099675234847,0.331490893411157
EvieDiagAbs,TEL,43,0.01,3.0,0.00016878093913118676,0.0003580230458661795,False,,10000,59.036217212677,0.0059036217212677005,0.0019279509648289237,0.0011,17.525390625,nan,nan,2497,5250,5250,0.525,30.86833381652832,0.00030331227606300647,0.00030434329961325266,0.00027630575594733995,0.00019544261158443987,-2.666167245325311e-05,0.0005667411357960976,0.0029374240974631835,-0.1838951984400389,0.04323102331392584,0.025926096551120246,7.239556148304201,14.708050296159607,2.031623209332361,5420.401494343807,460800.0,4608000000.0,nan,nan,0.9989390355862504,0.9596505729589545,31.21608148019059,0.5746697888085464,0.0,1.0,1.0,9980,0.012991571849902796,0.5026595744680851,0.00016878093913118676,0.0098191499710083,-0.02555957512310658,-0.10731921520109201
EvieDiagAbs,TEL,44,0.01,3.0,0.00017267205412425693,0.0003585761674835448,False,,10000,60.0094211101532,0.00600094211101532,0.0016003294658452467,0.0009,17.525390625,nan,nan,2497,1000,750,0.075,4.416771650314331,0.0002804589135802214,0.0002986999663613661,0.00029737101365635057,0.00012232305016368628,5.0349003960570656e-05,0.0003852590509096003,0.0025232851127755846,0.04152297856517194,0.016672188430966343,0.028726695291697975,7.383611064693213,11.229301969403085,1.5208414786498048,5332.496032791393,460800.0,4608000000.0,nan,nan,0.9999040323393185,0.9967041047379689,37.45546630507063,0.01603327470418847,0.0,1.0,1.0,9980,0.013140473892681989,0.4946808510638298,0.00017267205412425693,0.009983930638227513,-0.04920306389375795,-0.04443829859368374
EvieDiagAbs,TEL,45,0.01,3.0,0.00017553224923118712,0.00035318273764390213,False,,10000,59.8000853061676,0.00598000853061676,0.0017859974833045213,0.0023,17.525390625,nan,nan,2497,3250,2500,0.25,14.942153453826904,0.00039576564576886483,0.00030805705852323577,0.00027133759369239523,0.0003717172148753889,-0.00019618496564420177,0.0005741518634132469,0.002931711989014257,0.017578736367924837,0.06972236677502515,0.02677603950724,7.37746317188219,17.70026986244396,2.399235272350149,5351.162934996619,460800.0,4608000000.0,nan,nan,0.9977692192424705,0.9608133323272523,44.293209121712536,0.021157234777138,0.0,1.0,1.0,9980,0.013248858412376031,0.4946808510638298,0.00017553224923118712,0.010052904880866803,-0.06658239886921136,0.15529923935354178
EvieDiagAbs,TEL,46,0.01,3.0,0.00017122204893480533,0.00035294210562971604,False,,10000,59.309125900268555,0.0059309125900268555,0.0016016275260659588,0.0012,17.525390625,nan,nan,2497,3750,750,0.075,4.405276298522949,0.0002963124471649896,0.0002913733645498376,0.00030672306696865736,0.00031961299828253686,-0.00014839094934773154,0.00040790336797539493,0.002591347878078932,0.10276669053787177,0.03658202394875116,0.027429627068340765,7.301230860173851,11.375748335443118,1.5580589839303134,5395.459722979175,460800.0,4608000000.0,nan,nan,0.9996523193055392,0.9863155685444229,27.860119819709087,0.01884932567713804,0.0,1.0,1.0,9980,0.013085184329416431,0.523936170212766,0.00017122204893480533,0.00992329032332809,-0.04039243211463006,0.9419196510611305
EvieDiagAbs,TEL,47,0.01,3.0,0.00017682859112345983,0.00035640202087179737,False,,10000,58.83229732513428,0.005883229732513428,0.0015928806932612356,0.0011,17.525390625,nan,nan,2497,2500,1250,0.125,7.343881368637085,0.00030201711387784695,0.00030526952752888163,0.00028436241786976464,0.00017945530271390453,-2.626711590444702e-06,0.00038817302198269936,0.0024277606175832625,0.05546083956295771,0.015790643520932644,0.02502972474321722,7.396284746891401,10.249310380068428,1.3857376684119862,5439.189264215421,460800.0,4608000000.0,nan,nan,0.9999288898464685,0.9978159873349318,49.32956764968084,0.012949676749305184,0.0,1.0,1.0,9980,0.013297691195221065,0.4946808510638298,0.00017682859112345983,0.0101011594136556,-0.07445933003867333,0.05583740824393129
EvieDiagAbs,TEL,48,0.01,3.0,0.0001673627270277215,0.00035648874009635786,False,,10000,58.370115995407104,0.00583701159954071,0.0016494837784539471,0.0025,17.525390625,nan,nan,2497,5500,500,0.05,2.912388801574707,0.00028068830057574254,0.0003074759819802581,0.0002862065907300287,0.00019796598280663602,-3.060325577891452e-05,0.0006133420729218783,0.0024678296190608516,-0.13390289157204047,0.05307574835769483,0.03269862346351146,7.398592567631463,17.931657065846043,2.4236578649155924,5482.257393923621,460800.0,4608000000.0,nan,nan,0.9998801052692994,0.9977128690329815,27.36023617947813,0.008392282282949281,0.0,1.0,1.0,9980,0.012936874700936138,0.5079787234042553,0.0001673627270277215,0.00978397250806213,-0.016942126910345134,0.4402458717427526
EvieDiagAbs,TEL,49,0.01,3.0,0.0001642852233200477,0.0003593911068509049,False,,10000,58.55850696563721,0.005855850696563721,0.0016309997501364486,0.0018,17.525390625,nan,nan,2497,9500,1000,0.1,5.871840000152588,0.00029405696830214545,0.00028922761640004367,0.0002832256858443802,0.00023681588209001347,-7.253065876996578e-05,0.0003983879838518113,0.0025280183008382735,0.0007600214771749581,0.05433887713305885,0.02714887326583265,7.171096028095785,17.379987089716323,2.4236165603727677,5464.6201992099905,460800.0,4608000000.0,nan,nan,0.9988817999685125,0.9656151163324009,53.619536543401274,0.011830614108052594,0.0,1.0,1.0,9980,0.012817379736905967,0.5106382978723404,0.0001642852233200477,0.009687397215101454,0.0017576351073824714,0.3724553964476231
EvieDiagAbs,TEL,50,0.01,3.0,0.00017333484042889226,0.000352723607966375,False,,10000,58.641538858413696,0.005864153885841369,0.001611086977971589,0.0016,17.525390625,nan,nan,2497,5250,3000,0.3,17.444965600967407,0.0003058029801606861,0.00029450375341097174,0.00029583202777660046,0.00024516263511031866,-7.18277946814264e-05,0.0004199171775921197,0.0025033106940531933,-0.2715028302573828,0.04249544925357623,0.02932253461331126,7.324796526689985,15.070809010791077,2.0575054823538492,5456.882718794604,460800.0,4608000000.0,nan,nan,0.9996222997822937,0.9870420409201931,28.64454911106215,0.012056752028971829,0.0,1.0,1.0,9980,0.013165669008025845,0.5,0.00017333484042889226,0.009965315066948139,-0.05323033643103714,0.14754158628251712
EvieDiagAbs,TEL,51,0.01,3.0,0.0002445458735107745,0.0003553571609350351,False,,10000,58.35649132728577,0.0058356491327285764,0.0016104427026183065,0.0017,17.525390625,nan,nan,2497,1750,1000,0.1,5.872859954833984,0.0002978866523786852,0.00029280301577062445,0.0003017945212461121,0.0002444787387503311,6.713476044338919e-08,0.00041843500358996924,0.00244964669547444,0.041572129134830195,0.06193562474881765,0.02902864720672368,7.367164449969223,14.296781292080636,1.9406084103552708,5483.537353288022,460800.0,4608000000.0,nan,nan,0.999550778062493,0.9837492152343026,28.485637372190162,0.027230407637239294,0.0,1.0,1.0,9980,0.0156379625754372,0.5132978723404256,0.0002445458735107745,0.012390119058114511,-0.4859282299696457,0.22375567330106608
EvieDiagAbs,TSLA,42,0.01,3.0,0.001364402513686425,0.0015577528574695326,False,,10000,58.4457905292511,0.0058445790529251095,0.0016088950074933349,0.0001,17.51953125,nan,nan,2497,3750,750,0.075,4.486922740936279,0.001265850725334714,0.0012966637192663609,0.0012338615247389803,0.0013420779723674059,2.2324541319019122e-05,0.0016490465555435573,0.0035337939532830687,-0.031378131944172896,0.014489466337283374,0.03339031413197516,7.192625308173382,7.346608093893316,1.0214084258698912,5475.159067954528,460800.0,4608000000.0,nan,nan,0.9999839009464454,0.9999592663968745,35.05083321454061,0.029641087358153406,0.0,1.0,1.0,9980,0.03693781955782481,0.5491803278688525,0.001364402513686425,0.026527951975337794,-0.007139422527880024,0.9663934229469435
EvieDiagAbs,TSLA,43,0.01,3.0,0.0013556775173854307,0.0015621706230999671,False,,10000,58.18886709213257,0.005818886709213257,0.0016247761926065309,0.0,17.51953125,nan,nan,2497,6500,5750,0.575,33.36703658103943,0.0012886672102727086,0.0012957488729692089,0.0013049394640477629,0.0011963729048147798,0.00015930461257065097,0.001623386605228924,0.004620519086705787,-0.01741412791751684,0.013816864536667708,0.032157443836331366,7.239556148304201,4.733612506729425,0.6538539669781039,5499.33373841653,460800.0,4608000000.0,nan,nan,0.9999762648011657,0.9999331241383145,17.461395713518705,0.01565092493950878,0.0,1.0,1.0,9980,0.036819526305826245,0.5327868852459017,0.0013556775173854307,0.026534776218601914,-0.0006990300132112548,0.41014448407970305
EvieDiagAbs,TSLA,44,0.01,3.0,0.0013608600272506965,0.0015613257068477265,False,,10000,58.372178077697754,0.005837217807769775,0.0016127134517594972,0.0002,17.51953125,nan,nan,2497,7750,2000,0.2,11.67807149887085,0.0012648702155122718,0.001276257088755837,0.0012311100543351814,0.0018026328179985285,-0.000441772790747832,0.0016549062427404179,0.0036463424799939312,-0.15002768609596656,0.013539755405689358,0.03139253724366427,7.383611064693213,6.890369698057791,0.9331978130600632,5482.063725188667,460800.0,4608000000.0,nan,nan,0.9999813868422688,0.9999551918183729,42.96692073934238,0.03093899137320477,0.0,1.0,1.0,9980,0.03688983636790351,0.5546448087431693,0.0013608600272506965,0.026577913044580345,-0.004524521347763599,1.437429062962478
EvieDiagAbs,TSLA,45,0.01,3.0,0.0013561419776228609,0.0015558549802597256,False,,10000,58.29265999794006,0.005829265999794006,0.0016249921714460022,0.0,17.51953125,nan,nan,2497,8250,750,0.075,4.361318588256836,0.0013108415741200474,0.0013322835934699595,0.0012818771124196572,0.0029240532603580505,-0.0015679112827351896,0.00162362826888001,0.0042508880534332955,-0.076279153319729,0.014244588186047622,0.033863381296396246,7.37746317188219,5.677740214353618,0.769606039646969,5489.541908214655,460800.0,4608000000.0,nan,nan,0.9999795991039546,0.999953764191516,23.830397895048925,0.021696677091739502,0.0,1.0,1.0,9980,0.03682583302008063,0.5765027322404371,0.0013561419776228609,0.026483561823276873,-0.0010418732802239816,1.6706644776748485
EvieDiagAbs,TSLA,46,0.01,3.0,0.0013545876969405211,0.0015609535452437728,False,,10000,58.50391459465027,0.005850391459465027,0.0016004011402887494,0.0003,17.51953125,nan,nan,2497,7000,1000,0.1,5.8212525844573975,0.0012562153345563461,0.001221564944883587,0.001235773902873528,0.0005321661737980321,0.000822421523142489,0.001642299064804388,0.0032754040242205643,-0.04270898553820291,0.014382226109408657,0.03310893829911947,7.301230860173851,7.005304835086371,0.9594690223121595,5469.719457529454,460800.0,4608000000.0,nan,nan,0.9999575554812878,0.9998604165791979,57.74236738706579,0.04847138637988735,0.0,1.0,1.0,9980,0.03680472384002523,0.5519125683060109,0.0013545876969405211,0.02645855783764782,0.00010542550672165696,0.6322951111162363
EvieDiagAbs,TSLA,47,0.01,3.0,0.0013561712913825864,0.0015640601719895454,False,,10000,58.91729545593262,0.005891729545593262,0.0016477385080578986,0.0001,17.51953125,nan,nan,2497,4750,1500,0.15,8.874491930007935,0.0013243210866439009,0.0012470103893180474,0.001291944737430807,0.0005464274145197123,0.0008097438768628741,0.001659700036844455,0.004696245946304853,-0.06859940161493196,0.013072740342005272,0.03210732843726872,7.396284746891401,6.151874027370574,0.8317519184150065,5431.342316779375,460800.0,4608000000.0,nan,nan,0.9999740998192823,0.9999236756040226,25.472852171819323,0.02161731249163241,0.0,1.0,1.0,9980,0.036826231023315247,0.505464480874317,0.0013561712913825864,0.026602302092672045,-0.0010635113545796049,0.22988694439376814
EvieDiagAbs,TSLA,48,0.01,3.0,0.0013517778102166015,0.0015619820111418424,False,,10000,59.518680572509766,0.0059518680572509764,0.0016149214054305857,0.0001,17.51953125,nan,nan,2497,6750,1000,0.1,5.923855781555176,0.001294744283660715,0.0013020174531962155,0.0012457926659316771,0.0015288750873878598,-0.00017709727717125836,0.0016417093096090947,0.0034111686832374124,-0.05945486916229026,0.013287680221503251,0.02903208788484334,7.398592567631463,8.504043420769708,1.1494136679420013,5376.463270387083,460800.0,4608000000.0,nan,nan,0.9999865439657947,0.9999586897964584,55.62178887607489,0.04968428483887237,0.0,1.0,1.0,9980,0.03676653111481421,0.546448087431694,0.0013517778102166015,0.02651796705735837,0.0021795551452336026,1.2764262720887822
EvieDiagAbs,TSLA,49,0.01,3.0,0.0013516831919143761,0.0015601811343676423,False,,10000,59.28423285484314,0.005928423285484314,0.0016473192509198645,0.0002,17.51953125,nan,nan,2497,8000,8000,0.8,47.37567400932312,0.001302099459002459,0.0012971836979844757,0.0012608910683384468,0.0013437998131848872,7.883378729488938e-06,0.0016613904974273853,0.004347879162730731,-0.06320182231327179,0.014922512522316538,0.034154201298952094,7.171096028095785,8.14226650036057,1.1354284573041298,5397.725239753323,460800.0,4608000000.0,nan,nan,0.9999894934934739,0.9999774703263092,25.369046810379746,0.03799824165658663,0.0,1.0,1.0,9980,0.036765244347268744,0.5245901639344263,0.0013516831919143761,0.026542538502177256,0.002249398040792605,0.7700748915443539
EvieDiagAbs,TSLA,50,0.01,3.0,0.0013576460992052255,0.0015576019679030327,False,,10000,58.76875162124634,0.005876875162124634,0.001602201795333034,0.0004,17.51953125,nan,nan,2497,7250,500,0.05,2.903280019760132,0.0013023412835949286,0.0013159217464057695,0.001268909876251418,0.001337084686383605,2.0561412821620524e-05,0.0017086819070743014,0.0032406143351382454,0.0469046055646868,0.01650733642647392,0.035988854058086855,7.324796526689985,8.042759738648307,1.0980181782991811,5445.070571897467,460800.0,4608000000.0,nan,nan,0.9999885673085733,0.9999645858803166,28.374401851415804,0.04001321963455666,0.0,1.0,1.0,9980,0.03684624945914069,0.5109289617486339,0.0013576460992052255,0.026445266327571347,-0.002152146917716369,-0.12447706818809316
EvieDiagAbs,TSLA,51,0.01,3.0,0.0013582702380060497,0.0015535488520583062,False,,10000,59.293355226516724,0.005929335522651673,0.0016128060338136284,0.0002,17.51953125,nan,nan,2497,4500,2750,0.275,16.310264348983765,0.0012846891275923214,0.0013227963887228365,0.0011845491834642304,0.0010072823206428438,0.0003509879173632059,0.0016578408032079976,0.003595878816725951,-0.019772216281070277,0.014241539721566368,0.03455242235213518,7.367164449969223,7.471317707800497,1.0141374959848644,5396.89479162569,460800.0,4608000000.0,nan,nan,0.999985100257966,0.9999575589077347,36.04244136049209,0.03233529798461632,0.0,1.0,1.0,9980,0.0368547179884211,0.5300546448087432,0.0013582702380060497,0.026509357931835405,-0.0026128575842052637,0.513634244853927
EvieDiagAbs,TXN,42,0.01,3.0,0.0002636490438981031,0.00034916697351622644,False,,10000,58.79473948478699,0.005879473948478699,0.0015895106662293162,0.0001,17.525390625,nan,nan,2497,3500,2750,0.275,16.114651203155518,0.00029879515687715106,0.0002797851580412809,0.00028429590760113905,0.00012460337165975943,0.00013904567223834368,0.0003634822620572358,0.0028956065524051258,-0.02439740731563366,0.0071853714841003235,0.017533217184245577,7.192625308173382,6.888187773962281,0.9576736558395234,5442.663796185359,460800.0,4608000000.0,nan,nan,0.9999965188650387,0.9999906316535526,24.80201031885777,0.0075398438634813655,0.0,1.0,1.0,9980,0.01623727329012181,0.4947089947089947,0.0002636490438981031,0.012479253546901482,0.00511091119852225,0.5001265050592093
EvieDiagAbs,TXN,43,0.01,3.0,0.0002621261688767287,0.000350475943689321,False,,10000,58.79328632354736,0.005879328632354736,0.0015877331143607498,0.0,17.525390625,nan,nan,2497,7500,500,0.05,2.9504036903381348,0.00029948032866107353,0.0002950445427641126,0.0002785528025130549,0.00027955214318353683,-1.7425974306808142e-05,0.0003681826034484409,0.00270043917023169,-0.023518387483910778,0.007231862737399933,0.017144739255309103,7.239556148304201,6.59034509678791,0.9103244676583712,5442.798319505342,460800.0,4608000000.0,nan,nan,0.9999964627885689,0.9999911471422595,38.28604070303594,0.006954529073510685,0.0,1.0,1.0,9980,0.0161903109567645,0.5343915343915344,0.0002621261688767287,0.012392321591654782,0.010857534512503597,1.1523407301987187
EvieDiagAbs,TXN,44,0.01,3.0,0.00026711031163811054,0.00035100052780434685,False,,10000,58.37073540687561,0.005837073540687561,0.0015872409084864358,0.0001,17.525390625,nan,nan,2497,5000,1500,0.15,8.825139045715332,0.0003033707267621028,0.00029578114995441386,0.00027964873445710637,6.420709541998804e-05,0.0002029032162181225,0.000382176671276723,0.0025758744834751884,-0.008422971641114971,0.008019195671054332,0.01820368506014346,7.383611064693213,6.986638606940442,0.9462360010197443,5482.199217971589,460800.0,4608000000.0,nan,nan,0.9999975939872586,0.9999908973020502,29.105539550466613,0.0095076240812773,0.0,1.0,1.0,9980,0.016343509771102122,0.4973544973544973,0.00026711031163811054,0.012542756146224087,-0.007950306308812438,-0.11327481326134271
EvieDiagAbs,TXN,45,0.01,3.0,0.0002773672578826783,0.0003488323890878288,False,,10000,58.769370555877686,0.005876937055587768,0.001586350220260206,0.0,17.525390625,nan,nan,2497,2000,1000,0.1,5.8150341510772705,0.0002944415356255102,0.00029955690647601554,0.0002721793818337665,0.0002341301296837628,4.323712819891552e-05,0.00036506728680695043,0.0025247271172718112,0.10227534669717726,0.007025504218551214,0.016947467904537914,7.37746317188219,7.004977108482505,0.9495102781645396,5445.013226672987,460800.0,4608000000.0,nan,nan,0.99999539474553,0.9999886499591146,61.23957034953685,0.010408584204782124,0.0,1.0,1.0,9980,0.01665434651623048,0.5158730158730159,0.0002773672578826783,0.012834985420186684,-0.046655259500630875,0.020408482807948193
EvieDiagAbs,TXN,46,0.01,3.0,0.00028607828749550716,0.0003480994258698481,False,,10000,58.396379709243774,0.005839637970924377,0.0015912865119413011,0.0,17.525390625,nan,nan,2497,1750,500,0.05,2.91782808303833,0.0002963455164943439,0.0002896381892967601,0.0002918972359579891,0.00029195229581091553,-5.874008315408371e-06,0.0003695296413605127,0.002852249561035204,-0.03851476774445676,0.007349092725671653,0.01801206264644861,7.301230860173851,7.017070254421399,0.9610804518862063,5479.791754099887,460800.0,4608000000.0,nan,nan,0.9999979229045595,0.9999933466665923,73.3574878442286,0.006478643558989461,0.0,1.0,1.0,9980,0.01691384898524009,0.5291005291005291,0.00028607828749550716,0.013081483740024465,-0.07952664103835216,0.3251653161634737
EvieDiagAbs,TXN,47,0.01,3.0,0.0002612114425689455,0.00035099424322973196,False,,10000,58.75335741043091,0.005875335741043091,0.001591958402342638,0.0,17.525390625,nan,nan,2497,2750,2750,0.275,16.113532066345215,0.0003031385025967735,0.0002905768632352469,0.00028525337511757574,0.00035511600435711443,-9.390456178816895e-05,0.00037610674665743317,0.0028686742251257816,-0.05854308085239776,0.007516714062811661,0.018554800841957323,7.396284746891401,7.021539059188869,0.9493332530416659,5446.497257417805,460800.0,4608000000.0,nan,nan,0.9999974199889781,0.9999896854895679,31.565898559728886,0.008273914461085496,0.0,1.0,1.0,9980,0.01616203707980357,0.5291005291005291,0.0002612114425689455,0.012384207791121548,0.014309286923200215,1.7042184818242017
EvieDiagAbs,TXN,48,0.01,3.0,0.00026256571371088583,0.0003498826640354227,False,,10000,58.42239284515381,0.005842239284515381,0.001600555625527929,0.0,17.525390625,nan,nan,2497,2250,1000,0.1,5.89863395690918,0.000292918321637292,0.0003004595869177806,0.00028906113893951014,0.0002177325077354908,4.4833205975395034e-05,0.0003647990664122,0.0033681785369499228,-0.03684268403293442,0.007336385714125209,0.016898431442677973,7.398592567631463,7.03981209916593,0.9515069298402534,5477.351823780088,460800.0,4608000000.0,nan,nan,0.9999969656870412,0.9999896713487008,51.99506928413349,0.007357387944038863,0.0,1.0,1.0,9980,0.016203879588261753,0.5185185185185185,0.00026256571371088583,0.012414373418010731,0.009198896373421195,0.6909656841726455
EvieDiagAbs,TXN,49,0.01,3.0,0.0002683451369641319,0.00034919452287790313,False,,10000,58.50187087059021,0.005850187087059021,0.0015867626300560679,0.0,17.525390625,nan,nan,2497,750,750,0.075,4.438587665557861,0.00031161901958843874,0.0002933611087247822,0.00028028079217861507,0.0002649463349371217,3.3988020270101773e-06,0.000366555790990208,0.0026516570173346623,-0.015895947408977467,0.007900633874323831,0.018541790172457683,7.171096028095785,6.887354903981514,0.9604326698453631,5469.910538551151,460800.0,4608000000.0,nan,nan,0.999997199761135,0.9999891013362068,53.737874144899635,0.00950917447891957,0.0,1.0,1.0,9980,0.01638124344987681,0.5079365079365079,0.0002683451369641319,0.012578821686840562,-0.012609963803755564,0.2107724706756497
EvieDiagAbs,TXN,50,0.01,3.0,0.00026277894223177874,0.0003500160234992637,False,,10000,59.48006534576416,0.005948006534576416,0.001589281229455999,0.0003,17.525390625,nan,nan,2497,4000,4000,0.4,23.50467801094055,0.0003100256050814227,0.00029299359693988795,0.0002816584065392013,0.0001367624499835074,0.00012601649224827134,0.00037899902930983243,0.002643158381805269,0.18305072030746566,0.008981614000107947,0.020235525816678996,7.324796526689985,6.966524405353527,0.9510877715126979,5379.953739791724,460800.0,4608000000.0,nan,nan,0.9999959861286648,0.9999847956208673,44.61621780223247,0.00965360252339451,0.0,1.0,1.0,9980,0.01621045780450937,0.5211640211640212,0.00026277894223177874,0.012450980130957547,0.008394270929986458,0.5835833937929806
EvieDiagAbs,TXN,51,0.01,3.0,0.00025977994556780214,0.0003509487097079937,False,,10000,59.07628607749939,0.005907628607749939,0.0015923068854045439,0.0002,17.525390625,nan,nan,2497,10000,4750,0.475,28.073230981826782,0.0002941280405313467,0.0002874233764851116,0.000283822824192605,0.0002971304493257776,-3.735050375797545e-05,0.00037978538455488343,0.002893398146244956,-0.02092066330961691,0.00822241692274547,0.017566942609846592,7.367164449969223,6.9177147114096424,0.938992845671925,5416.725072734042,460800.0,4608000000.0,nan,nan,0.9999967173727409,0.9999895842360534,45.90842478109693,0.010257696864516674,0.0,1.0,1.0,9980,0.01611769045390195,0.5740740740740741,0.00025977994556780214,0.012335992994762603,0.01971109201239296,2.3261194857833654
EvieDiagAbs,TYL,42,0.01,3.0,0.00023885077190777612,0.0005598260331849521,False,,10000,59.60873866081238,0.005960873866081238,0.001588372436123897,0.0001,17.525390625,nan,nan,2497,2500,2500,0.25,14.81279969215393,0.00033559590121784455,0.0002966277961123427,0.0003066833710958387,0.00016724855231586844,7.160221959190768e-05,0.000573373152323015,0.0026772822677970662,-0.02923728171090503,0.009749961651339253,0.020518238563090558,7.192625308173382,7.168878055019064,0.996698388677729,5368.340400907904,460800.0,4608000000.0,nan,nan,0.9999969647783857,0.9999776451461347,35.812337097989975,0.007968238534931515,0.0,1.0,1.0,9980,0.015454797698701077,0.4973544973544973,0.00023885077190777612,0.010399151100683464,-0.06455402051215908,-0.8818707872893474
EvieDiagAbs,TYL,43,0.01,3.0,0.0002656548072105993,0.0005615491133469802,False,,10000,59.722904205322266,0.005972290420532227,0.0015863962060300868,0.0002,17.525390625,nan,nan,2497,1000,1000,0.1,5.932490587234497,0.00032302989377149747,0.00031124138663103814,0.00029753092765158104,0.00020705208589788526,5.860272131271403e-05,0.0005735144174188964,0.0025313665562377427,-0.03874519581360231,0.00887646751043867,0.01632822435349226,7.239556148304201,7.434730629631843,1.026959454050696,5358.078349637305,460800.0,4608000000.0,nan,nan,0.9999963485280062,0.9999850406605613,48.101173969380795,0.00822000660472053,0.0,1.0,1.0,9980,0.0162989204308322,0.4894179894179894,0.0002656548072105993,0.011128450827623801,-0.18401917157555125,-0.9111216109985153
EvieDiagAbs,TYL,44,0.01,3.0,0.00022820966742026112,0.0005625911669642603,False,,10000,59.651143312454224,0.005965114331245422,0.0015892755687473632,0.0002,17.525390625,nan,nan,2497,9500,500,0.05,2.935816526412964,0.0003148631549259687,0.00034626620493381094,0.0003037962737306546,0.0003790334303630516,-0.00015082376294279048,0.0005951585364789288,0.002684222914664581,-0.09525483702404489,0.009304220386008092,0.021270885039120894,7.383611064693213,6.94779773456092,0.9409755841262746,5364.524168863483,460800.0,4608000000.0,nan,nan,0.9999972562614776,0.999988349278242,48.145840792068995,0.006905759744779516,0.0,1.0,1.0,9980,0.015106610057198839,0.4973544973544973,0.00022820966742026112,0.010221444740497247,-0.017126790219397225,-0.7278335454191421
EvieDiagAbs,TYL,45,0.01,3.0,0.00024077865891355686,0.0005582358381792468,False,,10000,59.48139262199402,0.005948139262199402,0.0015861574768516351,0.0001,17.525390625,nan,nan,2497,2250,750,0.075,4.500154733657837,0.00031325310032014406,0.0003170933085279685,0.0002970398405438432,0.00018685313989408314,5.392551901947372e-05,0.0005737841615772229,0.002475704896318366,-0.03401923761353003,0.00742420123123884,0.015609148843213915,7.37746317188219,7.378897136683993,1.0001943709874783,5379.833690741058,460800.0,4608000000.0,nan,nan,0.9999947592713212,0.9999903341854859,92.91557957597405,0.011180595234743152,0.0,1.0,1.0,9980,0.015517044142282926,0.4894179894179894,0.00024077865891355686,0.010492620644746002,-0.07314658166113253,-1.143579235152305
EvieDiagAbs,TYL,46,0.01,3.0,0.00025622763488658524,0.0005575003848467961,False,,10000,59.07170295715332,0.005907170295715332,0.0015877293782962916,0.0012,17.525390625,nan,nan,2497,4750,500,0.05,2.906137704849243,0.00031835983156136387,0.00031633928476836097,0.00030961583232890915,0.00026627510669641197,-1.004747180982673e-05,0.0006035481932608682,0.002218856793100469,-0.1622942846895008,0.01626167329870077,0.02315792581066488,7.301230860173851,10.95555787696666,1.500508350821521,5417.1453332250585,460800.0,4608000000.0,nan,nan,0.9999085146925217,0.9967090316974736,52.845827598138975,0.010139189369914448,0.0,1.0,1.0,9980,0.01600711200955954,0.4894179894179894,0.00025622763488658524,0.011090510736697565,-0.14200241726727914,-0.9111216109985153
EvieDiagAbs,TYL,47,0.01,3.0,0.00024382180716625598,0.0005575708195132349,False,,10000,59.09753704071045,0.005909753704071045,0.001621299278416138,0.0,17.525390625,nan,nan,2497,1250,750,0.075,4.428828001022339,0.00032704114454026574,0.00031005274151204643,0.00030979504246049397,0.00022906433150637895,1.4757475659877027e-05,0.0005838362175632008,0.0034003790005676902,-0.10346336613753525,0.006916058052690642,0.0169993278570473,7.396284746891401,7.264741221115843,0.982214918668343,5414.777265244777,460800.0,4608000000.0,nan,nan,0.9999684045110115,0.998878410050159,42.6845742475242,0.008271942538473454,0.0,1.0,1.0,9980,0.015614794496446502,0.5,0.00024382180716625598,0.01056984366563262,-0.08670984411806204,-0.4665649909746493
EvieDiagAbs,TYL,48,0.01,3.0,0.00029156522618399724,0.0005621613653016027,False,,10000,61.927855014801025,0.006192785501480102,0.0015944033705135607,0.0004,17.525390625,nan,nan,2497,7750,500,0.05,3.029458999633789,0.0003223814577202298,0.00031582588742632,0.0003498316233212489,0.0002837018546415493,7.863371542447947e-06,0.0005846120686196376,0.002714717999750038,-0.11919412014709563,0.010587475679827912,0.02177343424409624,7.398592567631463,8.16838102044097,1.1040452553337374,5167.30314530543,460800.0,4608000000.0,nan,nan,0.9999977867687532,0.9999945239658271,38.97395468699844,0.008956457635418502,0.0,1.0,1.0,9346,0.01707528114509384,0.5158730158730159,0.00029156522618399724,0.012036119188581194,-0.2995014891371439,-0.3574706230537959
EvieDiagAbs,TYL,49,0.01,3.0,0.0002811942545194475,0.0005553772658188716,False,,10000,59.9871940612793,0.0059987194061279295,0.0015904724801945494,0.0005,17.525390625,nan,nan,2497,4500,2250,0.225,13.423085927963257,0.00032173973778499085,0.0003172870328966754,0.0002988185071132621,0.00017831442528404295,0.00010287982923540452,0.0005824408230875282,0.0027461365352664875,0.0032731919967704725,0.009999734556992188,0.01842496385797855,7.171096028095785,8.055496089684384,1.1233284365630567,5334.47188200047,460800.0,4608000000.0,nan,nan,0.9999975327745847,0.9999918457502456,49.05802381960909,0.014418244204625808,0.0,1.0,1.0,9980,0.016768847739765766,0.4973544973544973,0.0002811942545194475,0.011809606400747148,-0.25327823645962244,-0.6487985178243443
EvieDiagAbs,TYL,50,0.01,3.0,0.00030477729345124865,0.0005559892806197351,False,,10000,60.17173457145691,0.006017173457145691,0.0015911851613260857,0.0012,17.525390625,nan,nan,2497,2500,750,0.075,4.520551681518555,0.0003101439739011206,0.00033482695115526613,0.00030538282576496995,0.00014576075045624748,0.00015901654299500117,0.0005926522418389407,0.0025567882161788755,-0.1442249628626076,0.013233633387871669,0.020703886076807967,7.324796526689985,8.402104565972136,1.1470768553579165,5318.111606371995,460800.0,4608000000.0,nan,nan,0.9999664646255969,0.9987550576265852,45.76989390166484,0.013007682518942687,0.0,1.0,1.0,9980,0.01745787196227675,0.4894179894179894,0.00030477729345124865,0.012027700111348794,-0.3583874588842304,-0.87065693639391
EvieDiagAbs,TYL,51,0.01,3.0,0.00022764454679514366,0.0005620297449653282,False,,10000,60.816235303878784,0.006081623530387878,0.0015858035318939787,0.0001,17.525390625,nan,nan,2497,6250,4750,0.475,28.644976139068604,0.00033831860838406735,0.00030090227911771226,0.00031953168734715,0.0002246793155791238,2.9652312160198644e-06,0.0005800188756277713,0.0024467261359550074,-0.10248419116631287,0.008593929708144423,0.020451243873685583,7.367164449969223,7.049911794629046,0.9569369385610088,5261.752859266361,460800.0,4608000000.0,nan,nan,0.9999955241240152,0.9999875884135413,63.04642622922044,0.009062161904460454,0.0,1.0,1.0,9980,0.015087894047717317,0.49206349206349204,0.00022764454679514366,0.01021388535777097,-0.014608056749381593,-0.8536742775279099
EvieDiagAbs,UBER,42,0.01,3.0,0.0006982641110957509,0.0008097299387757207,False,,10000,60.30539011955261,0.006030539011955261,0.0016173022705823826,0.0,17.419921875,nan,nan,2497,4000,2250,0.225,13.510302066802979,0.0012118947600439432,0.0012164067101637186,0.001143759515929387,0.0006029561045579612,9.530800653778963e-05,0.001362990570460127,0.0038483420871804758,0.038390056986760714,0.012572045414586319,0.02909948434680699,7.192625308173382,7.155111552809675,0.9947844140690774,5306.325012832434,460800.0,4608000000.0,nan,nan,0.9999774491353698,0.999946231183872,29.083725501202878,0.04125629304508038,0.0,1.0,1.0,9980,0.02642468753071171,0.524822695035461,0.0006982641110957509,0.017413920080158074,-0.0023096984211852245,1.56117821467874
EvieDiagAbs,UBER,43,0.01,3.0,0.0008151996093736567,0.000608474593347227,False,,10000,60.24280261993408,0.006024280261993408,0.00161560225363237,0.0,17.419921875,nan,nan,2497,10000,8000,0.8,48.13867926597595,0.001249122036058656,0.0011629654811052986,0.0011327079599377065,0.0009821944986470044,-0.00016699488927334762,0.0014555186952126934,0.003780349938358214,0.23204171767730253,0.012611479424819117,0.027276716381311412,7.239556148304201,8.115392308586205,1.1209792620348915,5311.83786416526,460800.0,4608000000.0,nan,nan,0.9999801494254605,0.9999480085409092,42.7850301449317,0.036078288657464694,0.0,1.0,1.0,9980,0.02855170063890515,0.5177304964539007,0.0008151996093736567,0.01899447911222216,-0.1701624953087899,-0.8185068226396137
EvieDiagAbs,UBER,44,0.01,3.0,0.0009922569906207876,0.0006161399290595256,False,,10000,60.2596538066864,0.00602596538066864,0.0016118138015156014,0.0,17.419921875,nan,nan,2497,8750,8750,0.875,52.790709257125854,0.0012431042108801112,0.0012534003909624024,0.001219605834983672,0.0013515300815925002,-0.0003592730909717126,0.0015667983505346147,0.0035904536714931315,0.067938299185593,0.012731748801242794,0.030381331965327264,7.383611064693213,8.276514302117556,1.1209304268062017,5310.35244620826,460800.0,4608000000.0,nan,nan,0.9999892963868303,0.9999679907458349,65.88240705047906,0.14310210378625926,0.0,1.0,1.0,9980,0.031500110962039286,0.5390070921985816,0.0009922569906207876,0.023292239283172176,-0.4243160850193761,0.5863408748457569
EvieDiagAbs,UBER,45,0.01,3.0,0.000698582649650708,0.0006792585194950372,False,,10000,60.166770219802856,0.0060166770219802854,0.001612882263431868,0.0001,17.419921875,nan,nan,2497,4000,2000,0.2,11.83354377746582,0.0011993738304312503,0.0011801034131231165,0.001125593293404255,0.0011818564962595701,-0.0004832738466088621,0.0011564349750936053,0.0036066411171929887,0.07662137331146006,0.013223316712660017,0.027417962253093717,7.37746317188219,7.499208985077197,1.0165023952486836,5318.550403004307,460800.0,4608000000.0,nan,nan,0.9999960796622096,0.9999885848255975,15.631509596937263,0.02000152422428574,0.0,1.0,1.0,9980,0.026430714134330686,0.475177304964539,0.000698582649650708,0.017326056117742832,-0.0027669384223270033,-0.729814821721155
EvieDiagAbs,UBER,46,0.01,3.0,0.0007515749041463287,0.0008901065923798252,False,,10000,60.28745079040527,0.006028745079040527,0.0016115126880876529,0.0,17.419921875,nan,nan,2497,4000,4000,0.4,24.200312614440918,0.0012430768131204333,0.00121319648023655,0.0011252220928431047,0.0013436910812743008,-0.0005921161771279721,0.0015873596308979587,0.003641899170449574,0.13241559778494108,0.01250999028562801,0.027834276761859653,7.301230860173851,6.995802932233033,0.9581676112165086,5307.90398009212,460800.0,4608000000.0,nan,nan,0.9999969111536986,0.9999932236639606,31.18594911271929,0.031225980691687028,0.0,1.0,1.0,9980,0.027414866480548993,0.5390070921985816,0.0007515749041463287,0.01831821152861689,-0.0788336440973676,0.5863408748457569
EvieDiagAbs,UBER,47,0.01,3.0,0.0007964846953539781,0.0005577818398744287,False,,10000,60.26036763191223,0.006026036763191223,0.0016256943852208823,0.0,17.419921875,nan,nan,2497,5500,5500,0.55,33.24812340736389,0.0012550059416782512,0.0012395529879604878,0.0011703523258782239,0.0007384525670204312,5.8032128333546985e-05,0.0013072377090292229,0.004118218212681256,0.022025226750789936,0.014008121585729533,0.039480724744498714,7.396284746891401,6.761563897899198,0.9141838273250674,5310.289541455383,460800.0,4608000000.0,nan,nan,0.9999871963693053,0.9999728702909492,35.65938046474624,0.06359312970689643,0.0,1.0,1.0,9980,0.0282220604377848,0.524822695035461,0.0007964846953539781,0.019541048667800258,-0.14329853433905537,0.16405813936040747
EvieDiagAbs,UBER,48,0.01,3.0,0.0007531381618808693,0.0005956567614011361,False,,10000,59.87049627304077,0.005987049627304077,0.0016182081945707067,0.0,17.419921875,nan,nan,2497,1250,500,0.05,2.9297146797180176,0.001238186602987528,0.001220176108918216,0.0011871051085468197,0.0008443810947937891,-9.124293291291983e-05,0.0019095782493266358,0.0038819573497055025,0.2284249395757613,0.014246420284203486,0.03055867329239845,7.398592567631463,7.205844078946114,0.973947952002572,5344.869675718615,460800.0,4608000000.0,nan,nan,0.9999960156649668,0.999987956362585,16.26515195095875,0.019021724113476246,0.0,1.0,1.0,9980,0.027443362801975804,0.524822695035461,0.0007531381618808693,0.0190136130426971,-0.08107759214447974,1.3386410626441256
EvieDiagAbs,UBER,49,0.01,3.0,0.0009464472532272339,0.0008160900586927441,False,,10000,59.93756937980652,0.005993756937980652,0.0016020884477669604,0.0001,17.419921875,nan,nan,2497,250,nan,nan,nan,0.0012723883307035565,0.001240598999687287,0.0012276379898749086,0.001454423792893067,-0.0005079765396658331,0.0013362919604328403,0.003323487724968451,0.1495861132666773,0.015027552702848335,0.0392773138359189,7.171096028095785,6.916193120927467,0.9644541216336208,5338.8885020054,460800.0,4608000000.0,nan,nan,0.9999883659086659,0.9999725495861864,24.429856477986352,0.03080887969418793,0.0,1.0,1.0,9980,0.030764382867648002,0.5177304964539007,0.0009464472532272339,0.023228114759418328,-0.3585593844499688,0.6222465332929
EvieDiagAbs,UBER,50,0.01,3.0,0.0006764629777048675,0.0004392526519130653,False,,10000,60.005210876464844,0.006000521087646485,0.0016045495492508248,0.0002,17.419921875,nan,nan,2497,5000,750,0.075,4.4999306201934814,0.0012448729288382417,0.0012597655345855377,0.0011987941219439298,0.0015341525431722403,-0.0008576895654673727,0.0008403829262925211,0.0034920084704061355,0.12208414857113685,0.012593422202434158,0.02950596315786241,7.324796526689985,6.674085150005674,0.9111632146622424,5332.870184537755,460800.0,4608000000.0,nan,nan,0.999971928703637,0.999921197745471,32.21481571750819,0.032201087667272074,0.0,1.0,1.0,9980,0.026008901893483847,0.574468085106383,0.0006764629777048675,0.01702993352648238,0.028984316389293774,3.0592385015033225
EvieDiagAbs,UBER,51,0.01,3.0,0.0007055791121133616,0.0005789625812584246,False,,10000,60.1231803894043,0.00601231803894043,0.001609425138338242,0.0001,17.419921875,nan,nan,2497,500,500,0.05,2.9735400676727295,0.0012729498355970484,0.0012288724521921316,0.0011909043846678586,0.001101817557355389,-0.0003962384452420274,0.0016658760838643787,0.0034913733894540444,0.1753678400230547,0.014783524296456017,0.038041433878242964,7.367164449969223,7.26577342531566,0.9862374424594273,5322.406398454507,460800.0,4608000000.0,nan,nan,0.999987121534951,0.9999608705900899,27.681146058104854,0.03135593881397654,0.0,1.0,1.0,9980,0.026562739168115957,0.49645390070921985,0.0007055791121133616,0.01786794796795912,-0.012809874998220616,1.09204538615563
EvieDiagAbs,WDAY,42,0.01,3.0,0.0004329952810491834,0.0006276957860598735,False,,10000,60.02381205558777,0.006002381205558777,0.0015951248137402096,0.0,17.490234375,nan,nan,2497,500,500,0.05,2.956437349319458,0.0006498354121109596,0.0006334805538752958,0.0005859345197774887,0.0012605662777787074,-0.000827570996729524,0.0006580801498199938,0.003117083622549004,-0.06731212656040644,0.010333208224465488,0.026803744584321967,7.192625308173382,7.036570581438563,0.9783035094908273,5331.217545857459,460800.0,4608000000.0,nan,nan,0.9999932358728838,0.9999741104052091,21.360167890923368,0.0098164546433555,0.0,1.0,1.0,9980,0.020808538657223947,0.512987012987013,0.0004329952810491834,0.013605123990541928,-0.04540592693566303,-0.29498877880373137
EvieDiagAbs,WDAY,43,0.01,3.0,0.0004947043278000572,0.0006338243375771986,False,,10000,59.74215817451477,0.005974215817451477,0.0015891045021659252,0.0001,17.490234375,nan,nan,2497,3250,500,0.05,3.0131988525390625,0.0006209611780173426,0.000621177185219676,0.0005984813943709825,0.00038627350295428187,0.0001084308248457753,0.0006633673762753426,0.0027174296604503645,0.07443260074514607,0.010071114313109138,0.023244765866547813,7.239556148304201,6.986335741405238,0.9650226613743057,5356.351524249217,460800.0,4608000000.0,nan,nan,0.9999922653441107,0.9999802642809101,87.26525382274932,0.015165097664453241,0.0,1.0,1.0,9980,0.022241949730184563,0.5097402597402597,0.0004947043278000572,0.013697653621822209,-0.1943937012656689,-0.149716290480454
EvieDiagAbs,WDAY,44,0.01,3.0,0.000454271962116291,0.0006331817917404423,False,,10000,60.543426513671875,0.0060543426513671875,0.001592184953961513,0.0001,17.490234375,nan,nan,2497,2000,2000,0.2,11.91589879989624,0.0006145719800614127,0.0006102472726471951,0.000618209669112467,0.0004741679586004466,-1.989599648415558e-05,0.0006571856072141565,0.002940988328483574,-0.012490108910826261,0.010330741326051066,0.023118056915700423,7.383611064693213,7.084659896647214,0.9595115228271547,5285.462327239405,460800.0,4608000000.0,nan,nan,0.9999940492902425,0.9999799799780824,45.7803663389182,0.016638546787839915,0.0,1.0,1.0,9980,0.021313656704476852,0.4805194805194805,0.000454271962116291,0.014080451680468275,-0.09677546712829033,-0.1915476064949398
EvieDiagAbs,WDAY,45,0.01,3.0,0.0004278475588018244,0.0006267471111558548,False,,10000,60.912028789520264,0.006091202878952026,0.0015926186240272922,0.0001,17.490234375,nan,nan,2497,3250,3250,0.325,19.64101481437683,0.0005953841910746934,0.0006156446585399151,0.00061039368871875,0.0003945452335756272,3.3302325226197184e-05,0.0006609725115054892,0.002970156014008803,-0.028560261445797146,0.009738664998181048,0.024316485971212384,7.37746317188219,7.05221912293507,0.9559138363188683,5253.477947775318,460800.0,4608000000.0,nan,nan,0.9999976893862099,0.9999928705602628,32.61478753337258,0.011632448953147901,0.0,1.0,1.0,9980,0.020684476275744195,0.5227272727272727,0.0004278475588018244,0.013133942306815805,-0.03297747890600311,-0.034814034957360976
EvieDiagAbs,WDAY,46,0.01,3.0,0.00042387722181035325,0.000635528117903669,False,,10000,61.513550996780396,0.00615135509967804,0.001589630248652889,0.0001,17.490234375,nan,nan,2497,2750,2750,0.275,16.682679176330566,0.000628874183116097,0.000609662580546181,0.0006060081860819193,0.0006963752821320668,-0.00027249806032171353,0.0006554097666493895,0.002789254186199749,0.06252110247917113,0.009240587717121525,0.021234487649053328,7.301230860173851,6.93040698851065,0.9492107729826843,5202.105793189353,460800.0,4608000000.0,nan,nan,0.9999916074390838,0.999977429712775,57.33628552262619,0.01603867800810903,0.0,1.0,1.0,9980,0.020588278748121545,0.5357142857142857,0.00042387722181035325,0.013057942514295703,-0.023391661220511173,0.6605256613445348
EvieDiagAbs,WDAY,47,0.01,3.0,0.0004406402540671361,0.0006296340533887136,False,,10000,61.02202486991882,0.006102202486991883,0.0015991815958646565,0.0001,17.490234375,nan,nan,2497,4750,4750,0.475,28.944640636444092,0.0006284952363561783,0.0006293130537181993,0.0005979128161051815,0.0006503901677206159,-0.00020974991365347976,0.000657093390022156,0.0032508864481496967,-0.08199028233128257,0.009319996616285062,0.022723666299134488,7.396284746891401,6.965702582586355,0.9417839930397467,5244.008219690297,460800.0,4608000000.0,nan,nan,0.999993850610041,0.9999785483903126,39.4645127704047,0.018326994152318133,0.0,1.0,1.0,9980,0.020991432873130315,0.4967532467532468,0.0004406402540671361,0.0135891360121888,-0.06386363410712548,-0.7966655850659873
EvieDiagAbs,WDAY,48,0.01,3.0,0.00041474290675931163,0.0006320390134370288,False,,10000,60.53292393684387,0.006053292393684387,0.0015996257838932987,0.0,17.490234375,nan,nan,2497,1500,1500,0.15,8.967326641082764,0.0006209972990420086,0.0006104811346683216,0.0006065604558267633,0.00044300482841208577,-2.826192165277414e-05,0.0006549100114729116,0.0031784721956344825,-0.03921490617666798,0.01033321133194986,0.024476329237222667,7.398592567631463,7.228179453835092,0.9769668200757641,5286.379364952984,460800.0,4608000000.0,nan,nan,0.9999935507212685,0.9999852498491636,36.76988234859188,0.011383495442518664,0.0,1.0,1.0,9980,0.020365237704463742,0.525974025974026,0.00041474290675931163,0.012776552856742562,-0.0013381481436056664,0.1873347956574442
EvieDiagAbs,WDAY,49,0.01,3.0,0.0004657787549031245,0.0006321884133528421,False,,10000,60.70863699913025,0.006070863699913025,0.0016003040298924165,0.0002,17.490234375,nan,nan,2497,2500,1500,0.15,9.08498477935791,0.0006336288325858245,0.0006079960789927933,0.0005877431890547822,0.0004466038226382807,1.917493226484383e-05,0.000648314485964715,0.0033034940044496816,-0.045481882531183036,0.009651310725270014,0.02106848452240227,7.171096028095785,7.048944098359058,0.9829660725141395,5271.078644124139,460800.0,4608000000.0,nan,nan,0.9999908286151651,0.9999691008460301,47.97081364616261,0.014452072063659217,0.0,1.0,1.0,9980,0.021581908045933393,0.525974025974026,0.0004657787549031245,0.01342324312631186,-0.1245569924840133,-0.10909564006439362
EvieDiagAbs,WDAY,50,0.01,3.0,0.00043051404418883386,0.0006305421990758044,False,,10000,61.04992961883545,0.006104992961883545,0.0015911608810851882,0.0002,17.490234375,nan,nan,2497,3750,2000,0.2,11.956774473190308,0.0006304620833613486,0.0006220836758164702,0.0006028075709741082,0.0003915822599083185,3.893178428051534e-05,0.0006637059094254101,0.0028908522185648517,-0.007505089099952175,0.011266445634876436,0.025302787404507393,7.324796526689985,6.984480687105003,0.953539209130937,5241.611284368654,460800.0,4608000000.0,nan,nan,0.99998931029755,0.9999742519779017,36.83576316609121,0.024777686206603276,0.0,1.0,1.0,9980,0.02074883235723962,0.4935064935064935,0.00043051404418883386,0.013222765612911868,-0.039415331117492736,-1.4272674677749086
EvieDiagAbs,WDAY,51,0.01,3.0,0.0004280621742273306,0.0006309105053010127,False,,10000,61.042579650878906,0.006104257965087891,0.0015987548418842543,0.0,17.490234375,nan,nan,2497,7000,1750,0.175,10.688528776168823,0.0006148318327272389,0.0005967224530880583,0.0006017961330487769,0.000705990067217499,-0.00027792789299016843,0.000655058669006477,0.0032685527982020167,-0.10819208763847889,0.009492913889449846,0.024390327651053666,7.367164449969223,6.2996122844707285,0.8550932081470023,5242.242412266608,460800.0,4608000000.0,nan,nan,0.9999933315910123,0.9999842238839006,31.24176099504866,0.012686990839639822,0.0,1.0,1.0,9980,0.020689663463365725,0.4967532467532468,0.0004280621742273306,0.013071222738786177,-0.0334956375272526,-0.8872178996946937
